review_id,source_url,lecture_id,course_name,professor,semester,rating,raw_review_text,workload_label,teamwork_load_label,grading_strictness_label
2980989-001,https://everytime.kr/lecture/view/2980989,2980989,컴퓨터공학세미나,이종욱,26년 1학기 수강자,5,그냥 전공 1학점 따기 개꿀인 과목. 매 주차마다 보고서 쓰긴하는데 부담엊ㅅ음,,,
2980989-002,https://everytime.kr/lecture/view/2980989,2980989,컴퓨터공학세미나,이종욱,26년 1학기 수강자,5,전공 1학점 채우기 goat - p/f라 과제도 주마다 래포트 한장 하나끝. 도전학기 2학점 듣고 1학점 메우기 좋습니다.,,,
2980989-003,https://everytime.kr/lecture/view/2980989,2980989,컴퓨터공학세미나,이종욱,26년 1학기 수강자,5,다양한 주제에 대한 강의를 매주 듣고 매주 과제가 하나 나왔습니다. 유익했습니다.,,,
2980989-004,https://everytime.kr/lecture/view/2980989,2980989,컴퓨터공학세미나,이종욱,26년 1학기 수강자,5,도전학기 하고 1학점 남았을때 쌀먹하게 아주 좋은 과목 일주일에 한번씩 리포트 작성 어렵지 않음,,,
2980989-005,https://everytime.kr/lecture/view/2980989,2980989,컴퓨터공학세미나,이종욱,26년 1학기 수강자,5,1학점 남으면 듣기 좋고 저학년 때 들으면 교수님들 연구분야 알 수 잇어서 좋아요,,,
2980989-006,https://everytime.kr/lecture/view/2980989,2980989,컴퓨터공학세미나,이종욱,26년 1학기 수강자,5,다양한 연구 분야를 알 수 있는 좋은 수업입니다.,,,
2980989-007,https://everytime.kr/lecture/view/2980989,2980989,컴퓨터공학세미나,이종욱,26년 1학기 수강자,5,"꿀강입니다. 매주 레포트 제출 있는데, 기간도 2주고 금방 쓸 수 있습니다.",,,
2980989-008,https://everytime.kr/lecture/view/2980989,2980989,컴퓨터공학세미나,이종욱,26년 1학기 수강자,5,매주 짧은 강의 듣고 보고서 작성하면 되는 패논패 과목입니다,,,
2980989-009,https://everytime.kr/lecture/view/2980989,2980989,컴퓨터공학세미나,이종욱,26년 1학기 수강자,5,그냥 영상 대충 보고 레포트 대충 작성하면 됩니다,,,
2980989-010,https://everytime.kr/lecture/view/2980989,2980989,컴퓨터공학세미나,이종욱,26년 1학기 수강자,5,매주 올리시는 영상 보고 양식에 맞게 과제하고 재출하면 하면 끝!!,,,
2980989-011,https://everytime.kr/lecture/view/2980989,2980989,컴퓨터공학세미나,이종욱,25년 1학기 수강자,5,다양한 분야를 알아갈수있어요 패논패라 부담없는 수업,,,
2980989-012,https://everytime.kr/lecture/view/2980989,2980989,컴퓨터공학세미나,이종욱,26년 1학기 수강자,5,다양한 교수의 전문분야를 접할 수 있는 촤고의수업,,,
2980989-013,https://everytime.kr/lecture/view/2980989,2980989,컴퓨터공학세미나,이종욱,26년 1학기 수강자,5,개꿀과목 진짜 꼭들으세요 제발 안들으면 후회한다 꼭들어라,,,
2980989-014,https://everytime.kr/lecture/view/2980989,2980989,컴퓨터공학세미나,이종욱,26년 1학기 수강자,5,개꿀 보고서도 그냥 날먹이고 부담 없어요. 강의도 30분 정도,,,
2980989-015,https://everytime.kr/lecture/view/2980989,2980989,컴퓨터공학세미나,이종욱,26년 1학기 수강자,5,꿀강 pf임 매주 강의 2배속으로 듣고 보고서쓰면 되는데 나는 녹음하고 ai돌려서 냄 ㅋㅋ,,,
2980989-016,https://everytime.kr/lecture/view/2980989,2980989,컴퓨터공학세미나,이종욱,26년 1학기 수강자,4,다양한 분야 찍먹해보기 좋은 강의. 매주 간단한 레포트 과제있습니다.,,,
2980989-017,https://everytime.kr/lecture/view/2980989,2980989,컴퓨터공학세미나,이종욱,25년 2학기 수강자,5,교수님의 설명이 명확하고 전달력이 뛰어나요 !!,,,
2980989-018,https://everytime.kr/lecture/view/2980989,2980989,컴퓨터공학세미나,이종욱,26년 1학기 수강자,5,전공 관련해서 다양한 분야 소개정도인데 가볍게 듣기 좋고 관심 가는 분야는 재밌게 강의 들을 수 있습니다 매주 레포트만 작성하면 돼요,,,
2980989-019,https://everytime.kr/lecture/view/2980989,2980989,컴퓨터공학세미나,이종욱,26년 1학기 수강자,5,매주 레포트 제출이 살짝 귀찮긴 하지만 전공 1학점을 pf 로 받을 수 있어서 좋은 과목이에요 부담 없습니다~~,,,
2980989-020,https://everytime.kr/lecture/view/2980989,2980989,컴퓨터공학세미나,이종욱,25년 2학기 수강자,5,여러 분야에 대해 간략히 배우고 논문 발표도 듣고 좋아요,,,
2980989-021,https://everytime.kr/lecture/view/2980989,2980989,컴퓨터공학세미나,이종욱,25년 2학기 수강자,5,"매주 연구실이나 학회 논문 발표한 내용들 10~30분정도 영상 시청한 다음에 반페이지 분량으로 매주 레포트를 제출합니다. 학교에서 다양한 연구실의 내용들을 넓게 보기 좋았고, 관심없는 내용들도 온라인이니까 빨리빨리 넘기면서 수강했습니다!",,,
2980989-022,https://everytime.kr/lecture/view/2980989,2980989,컴퓨터공학세미나,이종욱,25년 2학기 수강자,5,매주 연구에 대한 강의 가 올라오고 그 강의에 대한 요약과 느낀점을 작성해야 합니다. 다양한 분야에서 어떤 연구가 가능한지 알고 싶다면 유익한 수업이지만 매주 리포트 제출 때문에 귀찮아질 수 있긴 합니다. 하지만 저는 유익함 때문에 많은 걸 얻었다고 생각합니다.,,,
2980989-023,https://everytime.kr/lecture/view/2980989,2980989,컴퓨터공학세미나,이종욱,25년 2학기 수강자,5,매주 연구 강의 올라오고 그것에 대해 comment랑 summary형태로 보고서 작성하면됩니다 유익한 강의가 올라와서 좋았습니다,,,
2980989-024,https://everytime.kr/lecture/view/2980989,2980989,컴퓨터공학세미나,이종욱,25년 2학기 수강자,5,매주 올라오는 연구 소개 영상보고 요약및 느낀점 적으면 돼요. 마음 편하게 들을 수 있어서 좋았어요,,,
2980989-025,https://everytime.kr/lecture/view/2980989,2980989,컴퓨터공학세미나,이종욱,25년 2학기 수강자,5,매주 과제가 있는데 부담없이 하기 좋은 강의입니다~,,,
2980989-026,https://everytime.kr/lecture/view/2980989,2980989,컴퓨터공학세미나,이종욱,25년 2학기 수강자,5,다양한 분야를 알수있어서 좋아요. 매주 레포트가 있는데 그것도 1시간도 안걸려요ㅔ,,,
2980989-027,https://everytime.kr/lecture/view/2980989,2980989,컴퓨터공학세미나,이종욱,25년 2학기 수강자,5,다양한 연구실에서 진행하는 다양한 주제의 연구들에 대해 알 수 있습니다 과제는 주차마다 영상 올라오는 것 보고 리포트 짧게 (A4 용지 0.5 페이지 정도) 쓰면 됩니다. 그 외에는 별로 어려운 점이 없습니다!,,,
2980989-028,https://everytime.kr/lecture/view/2980989,2980989,컴퓨터공학세미나,이종욱,25년 2학기 수강자,5,"무난한 수업입니다. 여러 교수님들의 연구실 소개 영상을 보고 내용 및 감상을 요약해서 리포트 형식으로 제출하기만 하면 끝입니다. 매주 리포트를 써야하는건 귀찮지만, 그것만 하면 됩니다.",,,
2980989-029,https://everytime.kr/lecture/view/2980989,2980989,컴퓨터공학세미나,이종욱,25년 2학기 수강자,5,부담없이 듣기 좋은 강의입니다. 다양한 분야의 세미나를 들을 수 있습니다. 매주 리포트를 작성하면 되는데 분량이 적어서 부담 없습니다.,,,
2980989-030,https://everytime.kr/lecture/view/2980989,2980989,컴퓨터공학세미나,이종욱,25년 2학기 수강자,5,"교수님들 연구 분야를 알 수 있는 세미나입니다. 대학원 가고 싶거나 URP, 학부연구생 하고 싶으시면 꼭 들어보세요. 매주 세미나 듣고 강의 내용 정리, 소감문 반페이지만 쓰면 됩니다. 시험이 없어서 부담없이 학점 채우기 좋네요",,,
2980989-031,https://everytime.kr/lecture/view/2980989,2980989,컴퓨터공학세미나,이종욱,25년 2학기 수강자,5,컴퓨터공학세미나 추천합니다. 유익한 강의입니다. 과제도 어렵지 않습니다.,,,
2980989-032,https://everytime.kr/lecture/view/2980989,2980989,컴퓨터공학세미나,이종욱,25년 2학기 수강자,5,강의 내용이 유익하고 여러 교수님들 연구분야 알수있어서 좋아요,,,
2980989-033,https://everytime.kr/lecture/view/2980989,2980989,컴퓨터공학세미나,이종욱,25년 2학기 수강자,5,온라인으로 진행되고 매주 리포트 과제가 있어요.,,,
2980989-034,https://everytime.kr/lecture/view/2980989,2980989,컴퓨터공학세미나,이종욱,25년 1학기 수강자,5,"학점 부족할 때 듣기 딱 좋은 세미나 강의입니다. 매주 올라오는 교수님들의 연구 설명, 랩 설명 등을 포함한 세미나로 흥미롭게 들었습니다.",,,
1688927-001,https://everytime.kr/lecture/view/1688927,1688927,심화융합캡스톤디자인,조준동,26년 1학기 수강자,5,일반적인 캡스톤디자인 수업입니다. 실습비도 넉넉하게 지원해주시고 학생들이 하고싶은것들 해볼 수 있게 하시는 편이에요 편의도 많이 봐주시고 좋았습니다,,,
1688927-002,https://everytime.kr/lecture/view/1688927,1688927,심화융합캡스톤디자인,조준동,26년 1학기 수강자,5,너무 좋은 것 같습니다 편의도 잘버ㅏ주셔요 짱짱!!!,,,
1688927-003,https://everytime.kr/lecture/view/1688927,1688927,심화융합캡스톤디자인,조준동,20년 1학기 수강자,4,무난하게 들으시면 됩니다~ 아쉬운거는 초반에는 저희가 아이디어 짜서 하라고하지만 나중에가서는 교슈님이 연구하시는거 관련햐서 하라고 하세요,,,
1688927-004,https://everytime.kr/lecture/view/1688927,1688927,심화융합캡스톤디자인,조준동,20년 1학기 수강자,5,프로젝트형 수업 선호하시면 추천드리는 수업입니다.,,,
1688927-005,https://everytime.kr/lecture/view/1688927,1688927,심화융합캡스톤디자인,조준동,19년 2학기 수강자,5,교수님 연구실내 프로젝트랑 연관성이 있는 주제로 진행했습니다. 이번 학기 중 2/3는 주제 잡는 것에 토론식으로만 진행했고 1/3이 정해진 주제에 대한 결과물 내는 기간이었는데 운좋게도 같은조 6명(석사3명학사3명) 중 교수님 연구실의 석사연구생 분들이 실질적 연구 및 성과물 제작을 주도하였고 학부생인 저는 옆에서 거의 구경만하다 종강했어요. 아직 학점은 안나왔는데 에이플 주실 것 같아요. 조준동 교수님 캡스톤 수업이 학석수업이다보니 절대평가로 에플 아니면 에이만 주시고 보통 에플 주는것같아요. 결론. 남는 거는 없지만 돈주고 학점 사고싶으신 분들에겐 추천합니다.,,,
1688927-006,https://everytime.kr/lecture/view/1688927,1688927,심화융합캡스톤디자인,조준동,17년 2학기 수강자,4,그냥 일반 캡스톤 디자인 수업과 진행은 크게 다르지 않습니다. 프로젝트를 하고 있는게 있거나 하고 싶은거 있으면 들으세요. 대학원생이랑 같이 들을 수 있어서 학점 제한이 없습니다. 초반에 수업 진행 방식이 결정이 안되서 갈팡질팡하긴 했는데 어쨌든 프로젝트 성과물을 가져오기만 하면 점수는 주십니다.,,,
1688927-007,https://everytime.kr/lecture/view/1688927,1688927,심화융합캡스톤디자인,조준동,17년 2학기 수강자,4,"팀을 정해서 지도교수님을 정하고 매주 수업시간마다 회의를 하게 됨. 솔직히 그렇게 뭐 빡빡하고 그러진 않음. 근데 JD조 교수님은 거의 모든 결과물에 대해 항상 부정적이니 그 부분은 감안하고(스트레스 많이 받을 수도), 대신 학점은 학석 과목이라 절대 걱정 안 해도 될 듯. 그렇게 안 바쁜 학기면 수강 추천",,,
1688927-008,https://everytime.kr/lecture/view/1688927,1688927,심화융합캡스톤디자인,조준동,17년 2학기 수강자,5,개꿀 좀더성의있는내용을작성부탁드립니다.,,,
1688927-009,https://everytime.kr/lecture/view/1688927,1688927,심화융합캡스톤디자인,조준동,17년 2학기 수강자,5,시험 없음 대신 융캡과 마찬가지로 결과물을 만들어야됨 지원금 풍족하게 주니 스트레스 덜하나 뭔가 만든다는게 보통일이 아닌지라 팀원이 없다면 함부로 듣지말것 학점은 학석수업이라 걱정 ㄴ,,,
42277-001,https://everytime.kr/lecture/view/42277,42277,신호및시스템,신지태,26년 1학기 수강자,3,플립러닝이라 편하긴한데 과제가 매주 있고 조별 당 한명씩 돌아가며 발표해야한다. 교수님은 인자하시나 강의력이 좋으신지는 모르겟다,,,
42277-002,https://everytime.kr/lecture/view/42277,42277,신호및시스템,신지태,26년 1학기 수강자,3,그냥 교수님이 독학하라고 만든 강의 같음. 셤이 족보에서 나와서 편하긴 함,,,
42277-003,https://everytime.kr/lecture/view/42277,42277,신호및시스템,신지태,26년 1학기 수강자,1,강의력도 별로고 과제가 그냥 개화딱지남 Problem 3.100 풀어라 해서 교재 펴서 해당 문제 찾아보면 Problem 3.50를 matlab으로 반복해라 해서 또 problem 3.50 찾아보면 example 3.23 에서 ~조건일때로 풀어라 해서 또 example 3.23 찾아보면 figure 3.10을 보고 ~해라 해서 또 figure 찾고 야발 이게 보물찾기인가 아니 그냥 좀 한 번에 내면 문제가 생기나??? 시험은 쉬운 문제~좀 복잡한 문제까지 다양하게 많이 있어서 좋은 편인데 매주 과제 풀고 조별로 한명씩 발표해야되는게 살짝 부담됨,,,
42277-004,https://everytime.kr/lecture/view/42277,42277,신호및시스템,신지태,26년 1학기 수강자,2,과제도 과제인데 강의가 코로나때 찍은 듯한 강의임 좋은점은 플립러닝이다 정도?,,,
42277-005,https://everytime.kr/lecture/view/42277,42277,신호및시스템,신지태,26년 1학기 수강자,3,과제가 너무 많음 수업은 플립으로 진행되나 잘 모르겠음,,,
42277-006,https://everytime.kr/lecture/view/42277,42277,신호및시스템,신지태,26년 1학기 수강자,3,플립인데 교수님이 10-20분 교안 요약하시고 나머지는 학생들 발표임 매주 조별로 돌아가면서 나와서 발표해야함,,,
42277-007,https://everytime.kr/lecture/view/42277,42277,신호및시스템,신지태,26년 1학기 수강자,3,과제 너무 많음. 매주 조에서 1명씩 나와서 발표해야 됨. 교수님이 하는 건 하나도 없는듯.,,,
42277-008,https://everytime.kr/lecture/view/42277,42277,신호및시스템,신지태,26년 1학기 수강자,3,교수님 자체는 좋으시지만 녹강을 올려주시는데 중간에 갑자기 스킵하거나 녹강마다 연결이 안되면서 뒤죽박죽이고 강의력도 좋은 편은 아니셔서 그냥 독학해야합니다. 매주 과제 풀어서 조별로 발표도 해냐하고요.,,,
42277-009,https://everytime.kr/lecture/view/42277,42277,신호및시스템,신지태,26년 1학기 수강자,3,플립러닝인데 강의는 예전에 녹화한 거 올려주시고 수업시간은 미리 준 퀴즈 풀고 발표하는 형식 퀴즈 중에 매트랩 문제나 교재에 있는 문제 풀라고 나오면 찾아서 하기 매우 귀찮다 과제는 퀴즈 푼 거 올리는 형식인데 매주 있어 이것도 귀찮음,,,
42277-010,https://everytime.kr/lecture/view/42277,42277,신호및시스템,신지태,25년 1학기 수강자,4,강의는 그냥 무난했고 시험은 족보가 있어야 잘 푸실 수 있습니다,,,
42277-011,https://everytime.kr/lecture/view/42277,42277,신호및시스템,신지태,26년 1학기 수강자,3,온라인 강의가 뒤죽박죽이라 듣기가 힘들다..,,,
42277-012,https://everytime.kr/lecture/view/42277,42277,신호및시스템,신지태,26년 1학기 수강자,1,이게 뭐노.......수업 레전드 날먹인듯 교수님이,,,
42277-013,https://everytime.kr/lecture/view/42277,42277,신호및시스템,신지태,25년 1학기 수강자,4,족보만 있으면 수업 편해요. 수업은 교수님 개념설명 위주로하시고 개념문제가 많이나와요,,,
42277-014,https://everytime.kr/lecture/view/42277,42277,신호및시스템,신지태,25년 1학기 수강자,4,솔직히 듣기 쉽지 않은 것 같다. 정신 바짝 차리고 따라가야함. 안그러면 무조건 진도 놓침,,,
42277-015,https://everytime.kr/lecture/view/42277,42277,신호및시스템,신지태,25년 1학기 수강자,5,강의력은 애매하지만 겨수님 친절하시고좋아요,,,
42277-016,https://everytime.kr/lecture/view/42277,42277,신호및시스템,신지태,25년 1학기 수강자,3,시험은 중간은 조금 어려웠고 기말은 족보대로 나왔습니다. 강의력이 좋지는 않으나 교안에 다 나와있고 과제로 내주시는 문제들 풀어보면 시험에 지장은 없을껍니다.,,,
42277-017,https://everytime.kr/lecture/view/42277,42277,신호및시스템,신지태,25년 1학기 수강자,4,수업이 조금 지루하지만 시험 자체는 족보를 타서 그렇게 어렵지는 않았습니다,,,
42277-018,https://everytime.kr/lecture/view/42277,42277,신호및시스템,신지태,25년 1학기 수강자,3,사실상 족보싸움입니다 누가누가 족보를 잘 푸냐 교수님 강의력은 아쉬움이 많은거 맞습니다 근데 내용을 자세히 보면 딱 필요한것만 말씀하시긴 하는데 그게 전달력이 안 좋을뿐입니다 독학 잘 하셔야합니다,,,
42277-019,https://everytime.kr/lecture/view/42277,42277,신호및시스템,신지태,25년 1학기 수강자,1,장점이 없다. 출튀가 쉽다는 거 빼고는. 족보 구하고 독학 열심히 하면된다,,,
42277-020,https://everytime.kr/lecture/view/42277,42277,신호및시스템,신지태,25년 1학기 수강자,3,강의 전달력이 목소리 졸리셔서 그런지 듣기가 힘듦 강의력은 나쁘시지 않으신듯 신시 자체가 어려운데 족보랑 엄청 겹치게 내서 점수는 엄청 높다.,,,
42277-021,https://everytime.kr/lecture/view/42277,42277,신호및시스템,신지태,25년 1학기 수강자,3,"다들 하는 얘기지만 강의력은 안 좋지만, 교수님 자체는 좋으십니다. 족보 챙기세요",,,
42277-022,https://everytime.kr/lecture/view/42277,42277,신호및시스템,신지태,25년 1학기 수강자,1,"없어져야하는 과목, 수업은 뭐 워낙 개인차 심하니까 넘어간다 쳐도, 시험은 족보 도배ㅋㅋㅋ그냥 족보 사재기 많이 하면 100점ㅋㅋ시험 어려워도 다 족보있어서 평균 높고 족보 없어면 그냥 드랍ㄱㄱ",,,
42277-023,https://everytime.kr/lecture/view/42277,42277,신호및시스템,신지태,25년 1학기 수강자,5,"신호 및 시스템이라는 과목 특성상 뭘 배우는지 모를때가 한번씩 생기는데, 그럴땐 책에 있는 그래프에 집중해보면 됩니다 절대 식으로 푸는 과목이 아니에오",,,
42277-024,https://everytime.kr/lecture/view/42277,42277,신호및시스템,신지태,25년 1학기 수강자,3,별로다 배우는 것도 없고 교수님 강의력도 별로 반제면 그냥 들으시고 족보 구하시고,,,
42277-025,https://everytime.kr/lecture/view/42277,42277,신호및시스템,신지태,25년 1학기 수강자,4,느긋함을 인격화한 느낌. 수업 들을 때 최소 2배속은 해야함. 강의력이 좋으시진 않지만 착하시고 시험도 무난함,,,
42277-026,https://everytime.kr/lecture/view/42277,42277,신호및시스템,신지태,25년 1학기 수강자,4,졸려요... 하지만 포인트를 놓치지 않기 위해선 집중합시다,,,
42277-027,https://everytime.kr/lecture/view/42277,42277,신호및시스템,신지태,25년 1학기 수강자,4,교수님은 엄청 착하십니다!! 근데 강의력은 그저 그럽니다..,,,
42277-028,https://everytime.kr/lecture/view/42277,42277,신호및시스템,신지태,25년 1학기 수강자,5,교수님 친절하시고 잘 가르쳐 주십니다 좋아요!!!!!!,,,
42277-029,https://everytime.kr/lecture/view/42277,42277,신호및시스템,신지태,24년 1학기 수강자,5,교수님 정말 친절하시고 잘 가르쳐주셔서 좋았습니다.,,,
42277-030,https://everytime.kr/lecture/view/42277,42277,신호및시스템,신지태,24년 1학기 수강자,5,수업 듣다보면 꽤 졸리긴 한데 이거만 이겨내면 꽤 좋은 수업 같습니다! 저는 교수님 강의력 좋다고 느껴졌어요,,,
42277-031,https://everytime.kr/lecture/view/42277,42277,신호및시스템,신지태,24년 1학기 수강자,4,교수님 강의력이 좋진 않으시긴 하나 친절하시긴 합니다... 물론 독학이 동반되긴 하지만 시험은 족보 내용과 연관되어 출제되는 경우가 많으니 족보 구해서 공부하시면 어떻게든 될겁니다...,,,
42277-032,https://everytime.kr/lecture/view/42277,42277,신호및시스템,신지태,24년 1학기 수강자,3,강의녹화 잘 올려주시고 과목이 난이도가 있어서 그렇지 교수님 강의력은 좋으신것 같습니다 족보 그대로 나오지는 않고 살짝씩 변형되서 많이 나오니 족보 교안 잘 공부해가시면 됩니다 과제는 해가기만 하면 점수 후하게 주십니다,,,
42277-033,https://everytime.kr/lecture/view/42277,42277,신호및시스템,신지태,24년 1학기 수강자,5,"말씀이 느리셔서 졸림. 하지만 막상 들어보면 강의되게 친절하게 하시고, 신호처리 분야를 더 공부하고 싶게 만들어주심. 매트랩 과제는 적당한 수준. 시험이 많이 어렵다...",,,
42277-034,https://everytime.kr/lecture/view/42277,42277,신호및시스템,신지태,24년 1학기 수강자,4,"교수님이 정말 젠틀, 스윗하십니다. 강의도 착실하고 정직하게 진행하십니다. 하지만 신시 난이도가 꽤 있기 때문에 혼자 공부도 꼭 하셔야합니다.",,,
42277-035,https://everytime.kr/lecture/view/42277,42277,신호및시스템,신지태,24년 1학기 수강자,4,"출석-전자출결 과제-4번 정도? 과제 점수도 중요하니 안깎이도록 주의하세요. 시험-족보싸움. 개념문제 많이 나오는데, 족보 개념 문제 여러번 풀고 가세요. 그리고 나머지 문제들도 족보에서 어느정도 나오는 것 같습니다. 족보 많이 타기는 하지만, 기본 계산 문제 정도는 풀 수 있는 수준은 되어야 합니다. 성적-A+은 진짜 안주시는것 같습니다. 한 15%정도? 저는 중간 기말 모두 평균보다 10점 정도 높게 받아서 A0받았습니다. 수업- 수업시간에 시험문제 알려주실때가 있으니 수업은 열심히 들으세요.",,,
42277-036,https://everytime.kr/lecture/view/42277,42277,신호및시스템,신지태,24년 1학기 수강자,5,족보도 중요한데 기본 실력도 있어야 하니 공부 충분히 하고 시험 들어가세요. 과제는 matlab이 살짝 짜증날 수 있습니다.,,,
42277-037,https://everytime.kr/lecture/view/42277,42277,신호및시스템,신지태,24년 1학기 수강자,3,수업을 열심히 하시지만 강의력이 좋은 편은 아니십니다 하지만 전체 흐름 이해를 한 번 하고 들어보면 핵심만 콕 짚으시니 강조하시는 걸 잘 체크하면 공부가 쉬울 겁니다 과제는 챕터마다 나오는데 양은 꽤 많지만 기간이 넉넉해서 여유롭게 할 수 있을 겁니다 성적은 나열해놓고 갭 차이 나는 데서 끊으시는 것 같아요 에이쁠 비율은 매우 적으니 에이쁠이 목표라면 1등 하겠다는 마음으로 하셔야 할 듯,,,
42277-038,https://everytime.kr/lecture/view/42277,42277,신호및시스템,신지태,24년 1학기 수강자,4,과제 가끔 나오고 여유 있게 기간 주십니다. 시험은 족보 구하세요,,,
42277-039,https://everytime.kr/lecture/view/42277,42277,신호및시스템,신지태,24년 1학기 수강자,4,강의력은 그닥 좋진 않으십니다만 학생의 눈높이에서 열심히 알려주려고 하십니다. 8주차 이전 기준으로 과제 2개 나왔는데 그리 쉬운 난이도는 아닌 것 같습니다.,,,
42277-040,https://everytime.kr/lecture/view/42277,42277,신호및시스템,신지태,22년 1학기 수강자,2,족보 싸움임. 족보가 중요하더라도 강의력이 좋으면 문제 없는데 여탸까지 들어본 과목 중 강의력이 진짜 제일 안 좋음. 반제 아닌 이상 다른 분꺼 들으시길. 성적도 잘 안줍니다,,,
42277-041,https://everytime.kr/lecture/view/42277,42277,신호및시스템,신지태,22년 1학기 수강자,3,A+을 받았으나 사실 누가누가 족보 잘 외웠냐로 시험 점수가 거의 결정되서 이 과목에 대해 뭘 안다고 말할 수가 없네요 학점 따기는 비교적 수월하지만 남는게 없는 듯 합니다,,,
42277-042,https://everytime.kr/lecture/view/42277,42277,신호및시스템,신지태,22년 1학기 수강자,3,수업을 들어도 혼자 공부할 시간이 깁니다. 수업은 거의 교안을 보고 따라 읽으시는데 배우는 내용에 의미부여를 특별히 해주지 않으셔서 그걸 제가 결국 혼자 다 해야하는...,,,
42277-043,https://everytime.kr/lecture/view/42277,42277,신호및시스템,신지태,22년 1학기 수강자,3,학점은 잘 주시는 것 같지만... 좋은 학점을 받아도 지식으로 남는게 없는 강의 학점만 딸 생각이시면 괜찮은 강의인듯 족보에서 80퍼는 나와서 족보는 꼭 필요한 수업,,,
42277-044,https://everytime.kr/lecture/view/42277,42277,신호및시스템,신지태,22년 1학기 수강자,3,.... 비반제로 탈출 하고 싶어지는 강의.. 족보 무조건 필수..ㅎㅎ (교수님은 정말 착하시다),,,
42277-045,https://everytime.kr/lecture/view/42277,42277,신호및시스템,신지태,22년 1학기 수강자,2,"족보로 시작, 족보로 끝 학점만 딸거라면야 뭐 괜찮은 듯",,,
42277-046,https://everytime.kr/lecture/view/42277,42277,신호및시스템,신지태,22년 1학기 수강자,3,수업만으로 공부하기에는 무리가 있고 수업을듣고 따로 독학을 해야합니다,,,
42277-047,https://everytime.kr/lecture/view/42277,42277,신호및시스템,신지태,22년 1학기 수강자,3,"강의력과 교안이 그렇게 좋으시지는 않는데 수업다듣고, 과제로 내준 문제 직접풀고 해이킨2판역본읽고 유뷰트에 혁펜하임 영상도 참고하고 하면 어떻게 배워지긴 하더라.",,,
42277-048,https://everytime.kr/lecture/view/42277,42277,신호및시스템,신지태,22년 1학기 수강자,3,이번 학기에 듣고 있는데 강의력은 조금 아쉽네요 혼자 독학하는걸 추천드려요,,,
42277-049,https://everytime.kr/lecture/view/42277,42277,신호및시스템,신지태,21년 1학기 수강자,4,강의듣고 공부하기보다 독학이 편합니다.. 대신 시험은 족보에서 다 나와요,,,
42277-050,https://everytime.kr/lecture/view/42277,42277,신호및시스템,신지태,21년 1학기 수강자,5,공부+족보면 무난한 에이플가능함 과제문제가 많긴한데 한학기에 4번정도 있었음,,,
42277-051,https://everytime.kr/lecture/view/42277,42277,신호및시스템,신지태,21년 1학기 수강자,5,한국 힙합의 한 획을 그을만한 멈블랩 장인. 23년간 겪던 기면증을 치료해주신 민간 치료의 살아있는 거장. 수업듣기가 매우 힘들긴 한데 교수님이 착하시고 학점은 잘주심. 과제는 정성을 평가하시므로 열심히 풀었다 하는 티만 내주시고 답은 틀려도 괜찮아요. 시험칠때 족보는 꼭 보고 시험 들어가세요,,,
42277-052,https://everytime.kr/lecture/view/42277,42277,신호및시스템,신지태,21년 1학기 수강자,3,"족보를 봤어야 했는데... 외워야 할 공식들은 기말엔 한 페이지 분량으로 제공을 해줬으니 부담이 없었고, 다들 족보를 봐서 그런지는 모르지만 평균이 생각보다 높아서 족보 안 보고 B...",,,
42277-053,https://everytime.kr/lecture/view/42277,42277,신호및시스템,신지태,21년 1학기 수강자,5,"강의 ㅡ중간고사 전까지는 신호의 분류, 시스템의 특성, discrete-time 및 continuous-time signal의 연산, 블럭 다이어그램, 상태방정 등을 주로 배웁니다. 비교적 쉬운 내용들이고 이전까지의 전공지식으로 쉽게 이해할 수 있습니다. ㅡ중간고사 이후로는 신호의 종류에 따른 4가지 Fourier Representation과 다양한 property, sampling 개념 등을 배웁니다. ㅡ강의 도중 교수님께서 교재 몇페이지에 있는 내용들 읽어보라고 하실 때가 있는데, 시험에 나오니 읽어보는 것읕 추천드립니다. ㅡ강의 들으면 내용이 그럭저럭 이해됩니다. 과제 ㅡ한 달에 한 번 꼴로 총 4번의 과제가 나오는데, 각각의 과제는 교재 문제풀이+매트랩으로 구성됩니다. ㅡ한 달에 한 번이라 별 부담 없습니다. 매트랩도 대부분 교재에 있는 거 복붙하고 결과 보는거라 금방 할 수 있습니다. ㅡ문제풀이 과제의 경우, 잘못된 솔루션으로 채점하시기 때문에 직접 푸는것보단 베끼는게 점수가 더 잘 나옵니다. ㅡ과제점수는 마지막에 한 번에 공개해주십니다. 채점은 대충 하시는 거 같고 일단 제출만 하면 만점 가깝에 나옵니다. ㅡ그닥 비중이 크진 않지만 제출은 꼭 해야합니다 시험 ㅡ족보를 꼭 구하시는걸 추천 드립니다. ㅡ오래된 족보에서도 똑같이 나오는 문제가 많습니다 ㅡ2021-1학기의 경우 중간 기말 모두 대부분 족보랑 똑같이 나왔습니다. ㅡ짧은 문제를 여러 개 내십니다. 그래서 문제가 골고루 나오는 편입니다. ㅡ개념문제의 경우 족보에 나온 문제들을 외우고, 앞서 말했듯 교수님이 책에서 읽어보라 하신 부분을 읽어보고 정리하시면(양 얼마 안됨) 충분히 대비할 수 있습니다. ㅡ나머지 문제들은 족보를 2번정도 풀어보고 숙제 문제 중 중요문제만 몇 개 추려서 풀어보는 식으로 공부하면 될거 같습니다. ㅡ족보 계산 문제는 꼭 미리 직접 풀어봐야 시험 때 정확하고 빠르게 풀 수 있습니다.",,,
42277-054,https://everytime.kr/lecture/view/42277,42277,신호및시스템,신지태,21년 1학기 수강자,3,족보가 매우 중요! 독학 필요함. 강의 이해가 잘안됨,,,
42277-055,https://everytime.kr/lecture/view/42277,42277,신호및시스템,신지태,21년 1학기 수강자,5,독학+족보+과제. 좀만 노력하면 좋은 성적 받을 수 있음,,,
42277-056,https://everytime.kr/lecture/view/42277,42277,신호및시스템,신지태,21년 1학기 수강자,4,강의를 일단 듣고 시험기간에 족보랑 필기노트 위주로 공부하면 됩니다 책 예제 어려운거 말고 쉬운것만 풀어도 돼요 뒤쪽 연습문제에서 과제로 내준것 외에 좀 나와서 그것까지 솔루션보고 공부하면 좋은성적 나옵니다,,,
42277-057,https://everytime.kr/lecture/view/42277,42277,신호및시스템,신지태,21년 1학기 수강자,5,족보 있어야 합니다! 족보와 교재의 짜잘한 개념 그리고 예제와 과제 연습문제를 공부하면 좋은 성적 가능합니다.,,,
42277-058,https://everytime.kr/lecture/view/42277,42277,신호및시스템,신지태,21년 1학기 수강자,4,강의가 그냥 피피티 읽는 것뿐이라 혼자공부 하는 것이 시간 절약일수 있습니다,,,
42277-059,https://everytime.kr/lecture/view/42277,42277,신호및시스템,신지태,21년 1학기 수강자,5,족보 있으면 좋고 심화문제보다는 넓게 아는게 중요,,,
42277-060,https://everytime.kr/lecture/view/42277,42277,신호및시스템,신지태,21년 1학기 수강자,3,"족보가 있으면 A0는 먹고가는 수업 단점 1. A+을 82명중에 10~11정도 주신것으로 보임 2. 시험때문에 강의를 한번은 들어야하는데 기침+마우스소리로 고막이 좀 아픔 3. 과제 솔루션이 틀린 경우가 많은데 조교가 잘 확인안하고 보는듯(그냥 내면 만점같기도?) 4. 아캠에서 시험지 다운받아서 보는데, 중간때 학생들이 접근권한이 없는곳에 올려서 다시 올린다고 시험시간 잡아먹고 이걸 기말때 또 반복하심(빠르게 마이크켜고 공지사항탭에 올려달라고 하자) 5. 수업 못함 장점 1. 족보만 구하면 에이는 나온다 학점 잘받는법 1. 족보를 구한다(족보는 보통 4개 챕프터로 나뉘어서 하위문제로 여러개 들어있는데, 챕터 1이 개념을 물어보는 문제이다. 거기나온문제는 그대로 또 나오니까 다 외우자) 2. 교수님이 Study Yourself라고 하시거나 증명을 열심히 설명 혹은 필기하신 부분은 외우자. 족보를 보면 증명문제가 꽤 많이 있는걸 볼 수 있는데, 보통 특정 정리부분이나 특징부분에서 증명을 내신다. 예를들어 linearity 증명이 족보에 있었으면 causality 증명이 나온다. 그리고 이 문제들을 살펴보면 수업시간에 보통 체크하신 부분이다. 따라서 족보를 쓱 보고 증명나온 섹션을 가서 관련 증명들을 외우면 시험에 나온다. (4단원은 주로 증명위주로 내시는 것 같다) 수업듣다보면 진짜 듣기싫어져서 독학하게 되는데, 이 수업은 A+받으려면 그래도 교수가 뭘 강조하는지 알아야 시험을 잘 받는다. A0만 받아도 된다면 그냥 1번 2번중에 하나만 해도 된다. 다들 화이팅하세요",,,
42277-061,https://everytime.kr/lecture/view/42277,42277,신호및시스템,신지태,21년 1학기 수강자,4,아래 적어주신분들 말씀대로 족보가 정말 전부이긴 합니다. 근데 난이도가 꽤 있어서 (특히 3단원부터) 족보에 있는것만 공부하고 이해하는 시간만 따져도 꽤 오랜 시간이 걸릴거예요. 족보 완벽하게 공부하고 교수님이 수업시간에 공들여 설명하신 부분 잘 챙겨들으시면 좋은 결과 있으실 것 같습니다.,,,
42277-062,https://everytime.kr/lecture/view/42277,42277,신호및시스템,신지태,21년 1학기 수강자,3,강의가 상당해서 자연스레 독학의 길로… 족보 구해도 워낙 어려웠어서 족보를 외워도 못푸는 문제가 많다. 그런데 족보가 없다면 들을 이유가 없는 수업.,,,
42277-063,https://everytime.kr/lecture/view/42277,42277,신호및시스템,신지태,21년 1학기 수강자,4,족보 구해서 족보 공부하세요 정공법으로 돌파하기엔 과목이 좀 빡세고 수업만으로 시험대비하기엔 약간의 괴리감도 있습니다,,,
42277-064,https://everytime.kr/lecture/view/42277,42277,신호및시스템,신지태,21년 1학기 수강자,3,교수님이 좋으신분이시지만 강의력은 솔직히 잘모르겠고 학점도 채워주시는거 같지는 않습니다. 족보유무가 크지만 많이 뿌려져 있어서 구하기 어렵진 않습니다. 다른선택지가 있다면 다른수업들으라고 권하고싶네요,,,
42277-065,https://everytime.kr/lecture/view/42277,42277,신호및시스템,신지태,21년 1학기 수강자,4,진짜 족보가 다입니다. 4단원이 어려워서 그런지 기말 4단원 비중은 상대적으로 적어요.,,,
42277-066,https://everytime.kr/lecture/view/42277,42277,신호및시스템,신지태,21년 1학기 수강자,3,족보 있으면 최소 A 가능입니다. 족보 없으면 예측해서 공부하다가 낭패봅니다.,,,
42277-067,https://everytime.kr/lecture/view/42277,42277,신호및시스템,신지태,21년 1학기 수강자,3,"수업은 듣는다기보단 그냥 교수님이 필기하는 것 정도로만 했다. 내용이 매우 짜증나는데, 무엇보다 족보 망겜이다. 기출문제 어떻게든 풀고 외웠더니 반 이상이 똑같이 나오더라. 족보 무조건 구해라.",,,
42277-068,https://everytime.kr/lecture/view/42277,42277,신호및시스템,신지태,21년 1학기 수강자,3,잘 가르치는 것 같진 않습니다.. 기출보면서 혼자 공부하는게 점수는 더 잘 나올듯해요,,,
42277-069,https://everytime.kr/lecture/view/42277,42277,신호및시스템,신지태,21년 1학기 수강자,3,수업 하나도 안들엇음 교재로 독학하면됨 시험은 기출 똑같이나옴,,,
42277-070,https://everytime.kr/lecture/view/42277,42277,신호및시스템,신지태,19년 1학기 수강자,3,절대 좋은 평은 내리기 힘들 것 같습니다.. 수업을 잘 하시는 편이 아닌데 준비도 솔직히 미흡해보이시는 부분이 아쉽습니다.,,,
42277-071,https://everytime.kr/lecture/view/42277,42277,신호및시스템,신지태,20년 1학기 수강자,4,과목이어렵긴하지만 그래도 강의잘듣고 복습잘하시면 학점은잘받으실겁니다. 기말고사가살짝많이어려워요,,,
42277-072,https://everytime.kr/lecture/view/42277,42277,신호및시스템,신지태,20년 1학기 수강자,3,ASMR의 끝판왕 교수님.... 수업이 너무 졸리고 귀에 안들어옵니다. 독학 필수.,,,
42277-073,https://everytime.kr/lecture/view/42277,42277,신호및시스템,신지태,20년 1학기 수강자,4,코로나 학기라 그런지 널널했지만 교수님 강의략은 좀 ㅎㅌㅊ임 근데 열심히 독학하면 에플 쌉가능 기출 무조건 있어야하고,,,
42277-074,https://everytime.kr/lecture/view/42277,42277,신호및시스템,신지태,20년 1학기 수강자,4,설명은 잘 못하나 오픈북이라서 좋음 족보있으면 좋음,,,
42277-075,https://everytime.kr/lecture/view/42277,42277,신호및시스템,신지태,20년 1학기 수강자,3,족보없으면 듣지마시길 ㅋㅋㅋ 온라인이라지만 체그에 시험지 그대로 올리는 놈은 양심 어딨냐 ㅋㅋ,,,
42277-076,https://everytime.kr/lecture/view/42277,42277,신호및시스템,신지태,20년 1학기 수강자,3,족보망겜이다 에쁠 개쪼금준다 교수님 너무하다,,,
42277-077,https://everytime.kr/lecture/view/42277,42277,신호및시스템,신지태,20년 1학기 수강자,4,수업은.. 잘 모르겠네요 그냥 유튭 보면서 공부했습니다. 오픈북이었는데 공식이랑 그 증명관련 내용 정리해둔게 도움이 많이 됐습니다.,,,
42277-078,https://everytime.kr/lecture/view/42277,42277,신호및시스템,신지태,20년 1학기 수강자,3,흠...배우는것도 할만하고 시험도 할만한데 잘하는사람이많아서 학점따기 힘들었다,,,
42277-079,https://everytime.kr/lecture/view/42277,42277,신호및시스템,신지태,20년 1학기 수강자,4,족보 없으면 시험 볼 때 피 많이보니 꼭찾으십시오,,,
42277-080,https://everytime.kr/lecture/view/42277,42277,신호및시스템,신지태,20년 1학기 수강자,5,첫 강의듣고 어려운 과목이겠거니 해서 유투브로 예습 + 강의 + 교재 예제풀이+노트정리 하니까 나름 재미도 있고 시험도 잘봤습니다. 물론 족보 무조건 있으면 좋아요 강의도 나름 들을만하고 중요하게 생각하시는 포인트 알려주셔서 좋았습니다,,,
42277-081,https://everytime.kr/lecture/view/42277,42277,신호및시스템,신지태,20년 1학기 수강자,4,족보열심히 보시고 사실 족보고족보지만 개념적인 부분에서 열심히 공부하시면 (책이랑 ppt) 거기서 많ㅇ 나오는 것 같아요,,,
42277-082,https://everytime.kr/lecture/view/42277,42277,신호및시스템,신지태,20년 1학기 수강자,4,교수님은 좋으신데 강의에 집중하기 좀 어려웠어요... 독학 잘 하시는 분들은 들으면 좋지만 독학보단 수업이 효율적인 저로썬 살짝 힘들었습니다.,,,
42277-083,https://everytime.kr/lecture/view/42277,42277,신호및시스템,신지태,20년 1학기 수강자,4,시험 개꿀딱! 에이쁠 가져갑니다잇!!!!!!!,,,
42277-084,https://everytime.kr/lecture/view/42277,42277,신호및시스템,신지태,20년 1학기 수강자,4,중간고사는 족보에서 많이 나왓는데 기말고사는 족보에서 거의 않나오고 문제풀이보다는 각 단원의 공식들의과 개념을 묻는 문제가 많이 나와서 그 공식이 어떻게 나오는지 증명하는것을 연습해볼 필요가 있는듯 합니다. 교수님이 수업자체는 그렇게 잘하시는 편은 아니어서 독학하셔야 할듯...,,,
42277-085,https://everytime.kr/lecture/view/42277,42277,신호및시스템,신지태,20년 1학기 수강자,3,매우 달달~~하다 학점 잘줘서 장땡인과목 공부에뉴도움안됨,,,
42277-086,https://everytime.kr/lecture/view/42277,42277,신호및시스템,신지태,20년 1학기 수강자,5,앙 개꿀띠 공부할생각없이 편하게 과제내고 족보로 시험치고하면 그만~게다가 이번학기는 오픈북~ 아직 기말 안쳤지만 달달하다~,,,
42277-087,https://everytime.kr/lecture/view/42277,42277,신호및시스템,신지태,20년 1학기 수강자,3,수업하시는데 혼자 수업하시고 독강해야됩니다... 인터넷 강의라서 과제는 별로 없어요,,,
42277-088,https://everytime.kr/lecture/view/42277,42277,신호및시스템,신지태,20년 1학기 수강자,3,강의력이 좋지 않으시다. 전전 복전생은 독학을 해야한다는 법칙을 깨지않으시는 여러 교수님들 중 한분.,,,
42277-089,https://everytime.kr/lecture/view/42277,42277,신호및시스템,신지태,20년 1학기 수강자,1,학점을 떠나서... 강의력 완전 별로 수업을 하는건지 그냥 독학임 이 어려운 과목을 족보도 많이 탐 전체적으로 그냥 별로,,,
42277-090,https://everytime.kr/lecture/view/42277,42277,신호및시스템,신지태,20년 1학기 수강자,1,수업 진짜진짜진짜진짜 못함... 혼자공부해야됨. 과제가 막 많진 않은데 꽤 거슬리는 정도. 족보 있는사람이랑 없는사람 차이 많이남,,,
42277-091,https://everytime.kr/lecture/view/42277,42277,신호및시스템,신지태,20년 1학기 수강자,3,코로나 한정 꿀수업인듯 과제도 별로없고 하지만 독강준비해야함.,,,
42277-092,https://everytime.kr/lecture/view/42277,42277,신호및시스템,신지태,20년 1학기 수강자,1,매틀랩 외국동영상 아캠에 올려놓고 매틀랩과제냄. 그 외에도 이 교수님처럼 수업할거면 진심으로 나도 교수할수있음,,,
42277-093,https://everytime.kr/lecture/view/42277,42277,신호및시스템,신지태,20년 1학기 수강자,3,너무 어렵다 ㅜㅜ 온라인이라 혼자 강의하시는듯한 일방향적인 느낌,,,
42277-094,https://everytime.kr/lecture/view/42277,42277,신호및시스템,신지태,20년 1학기 수강자,1,그냥 거르자.. 강의력은 너무 별로고 과목 내용은 상당히 어렵다... 학점은 안나와서 모르지만 거르길 바라며 미리 쓴다,,,
42277-095,https://everytime.kr/lecture/view/42277,42277,신호및시스템,신지태,19년 1학기 수강자,4,일단 A+받았습니다. 솔직히 강의력이 좋으신 편은 아니여서 집중하려고 노력해도 쉽지 않고 조금만 정신놓으면 졸기 딱 좋습니다. 중간고사 같은 경우는 돌아다니는 족보가 있는데 도움 많이 됩니다. 기말고사는 일부 족보에 있는 문제가 나오긴 하지만 대부분 새로운 문제이므로 수업시간에 설명하신 개념이나 식 증명위주로 내용을 익힐 필요가 있습니다. 참고로 기말고사때 외워야 되는 식이 매우 많은데 대부분 한 장짜리 a4용지에 적어주셨습니다. 대신에 이 식들을 증명하라는 문제가 나오니 유념하시는 것이 좋겠습니다.,,,
42277-096,https://everytime.kr/lecture/view/42277,42277,신호및시스템,신지태,18년 1학기 수강자,5,학점을 잘주시는데 강의력이 너무하다... 족보는 힘들어도 꼭 구해서 보세요 중간때 없어서 포기했다가 기말에 구해서 봤는데 학점 잘나옴,,,
42277-097,https://everytime.kr/lecture/view/42277,42277,신호및시스템,신지태,19년 1학기 수강자,5,강의력이 조금 아쉽습니다. 신시의 꽃이 4단원인데 (교수님 피셜) 정작 그 부분에 대해 만족할 만한 이해를 얻지 못했습니다... 과제는 뭐 그냥 시험공부한다 생각하고 하면 되고 기말고사가 조금 어렵습니다,,,
42277-098,https://everytime.kr/lecture/view/42277,42277,신호및시스템,신지태,19년 1학기 수강자,4,"강의하시는 스타일은 매우 루즈하다는 생각이 든다. 중간고사 까지는 어느정도 따라갈 만 했는데 기말고사 범위부터는 개인적으로 수업 따라가기가 벅찼다. 시험은 중간, 기말로 나뉘며 중간고사는 대부분 강의평가에서 말하듯이 족보 내용 그대로 나온다. 그래서 족보 있는 사람과 없는 사람의 점수차가 눈에 띌 정도로 크다. 기말고사는 일부 족보의 내용을 따라가나 대부분 족보와 다른 내용이 나온다. 대신 수업시간에 교수님이 강조하셨던 내용을 중점적으로 보면 그와 유사한 내용이 출제된다. 3,4단원이 기말고사 범위일 텐데 3단원은 과제에서 나오는 문제 유형 그대로 나오며 4단원은 개념적인 부분이 많으므로 식만 외우기 보다는 교수님 설명 + 전공책 정독 하는 것을 추천한다. 개념, 계산, 응용 등 다양한 부분에서 굉장히 많은 문제가 출제되며 중간고사는 따로 공식을 외워야 하나 기말고사는 공식을 제공해 주므로 외우지 않아도 된다. 하지만 3단원 일부 공식과 4단원의 모든 공식은 제공하지 않으므로 적당히 외워갈 필요가 있다. 과제는 급하게 하려면 생각보다 벅차니 미리미리 해 두는 것을 추천한다. 학점은 대부분 쁠을 채워주시나 매번 채워주시는 비율이 다른 점을 감안할 필요가 있다.",,,
42277-099,https://everytime.kr/lecture/view/42277,42277,신호및시스템,신지태,19년 1학기 수강자,5,수업 괜찮게 하시고 개념을 아주 강조하심. 학점도 잘주시고 기말때 공식들 전부 주신다. 솔직히 공식이 너무 많아서 안주면 던져야되는 과목이라고 생각하는데 이 정도 해주시는 거면 감사해야한다고 생각한다,,,
42277-100,https://everytime.kr/lecture/view/42277,42277,신호및시스템,신지태,19년 1학기 수강자,4,"교수님 착하시고 학점 비율 채워 주심은 물론 플러스도 반 이상 달아 주시는 것 같습니다. 그러나 수업은 전반적으로 굉장히 지루합니다. 한국어로는 못 가르치시는 건 아닌데 많이 졸리고, 영어로 하실 땐 정말 듣기 힘듭니다. 심지어 초반엔 수업 준비를 안 하신 건지 문제 푸실 때 많이 버벅이셔서 진도가 안 나갔다는… 중간 끝나고 자연스레 거진 한국어 수업으로 바뀌면서 나아졌지만, 이미 앞부분을 이해 못했기 때문에… 유일하게 기억에 남는 건 “Simple Is Beautiful” 과제는 꽤 많은 편이고 매트랩도 귀찮지만 기간을 넉넉하게 주시니 미리미리 하는게 좋으며, 그리 비중도 크지 않아 솔루션 베껴도 무방합니다. 시험 스타일은 어렵지는 않지만 문제가 엄청 많으며, 개념문제, 증명문제, 계산문제가 나옵니다. 족보 돌았다는데 학점 잘 주셔서 족보 없이도 무난하게 학점 받을 수 있었습니다. 그리고 4단원이 워낙 신시발…이라 족보 있든 말든 기말 평균 많이 낮습니다.",,,
42278-001,https://everytime.kr/lecture/view/42278,42278,신호및시스템,이태진,26년 1학기 수강자,5,수업….은 잘 모르겠다만 열심히 공부하면 된다 아자스,,,
42278-002,https://everytime.kr/lecture/view/42278,42278,신호및시스템,이태진,26년 1학기 수강자,5,"수업을 천천히 나가셔서, 집중만 제대로 할 수 있다면 수업 내용 이해는 큰 무리가 없고, 필기도 충분히 할 수 있는 좋은 수업입니다. 수업 끝나고 질문 드리면, 수업 때보다 더 자세하고, 쉽게 알려주십니다! 다만 수업이 정말 졸릴 수 있다는 점만 주의하시길...",,,
42278-003,https://everytime.kr/lecture/view/42278,42278,신호및시스템,이태진,26년 1학기 수강자,4,강의를 아주 자세히 가르쳐주시나 다소 잠이 올 수 있음,,,
42278-004,https://everytime.kr/lecture/view/42278,42278,신호및시스템,이태진,26년 1학기 수강자,3,목소리가 나긋나긋하시고 되게 느리십니다 과제도 좀 있는데 출튀는 따로 안잡으시고.. 강의력은 또 나쁘지는 않으십니다…,,,
42278-005,https://everytime.kr/lecture/view/42278,42278,신호및시스템,이태진,26년 1학기 수강자,4,많이 졸리지만 듣다보면 강의력이 좋아요. 너그러우십니다,,,
42278-006,https://everytime.kr/lecture/view/42278,42278,신호및시스템,이태진,26년 1학기 수강자,4,많이 졸립니다 그래도 들어보면 강의력은 좋으셔요,,,
42278-007,https://everytime.kr/lecture/view/42278,42278,신호및시스템,이태진,25년 1학기 수강자,3,"아침에 진행되는 수업 + 영어 강의입니다. 수강에 참고하시고, 학기말에 진행하는 텀프는 레퍼런스를 구해보시는 것을 추천드립니다",,,
42278-008,https://everytime.kr/lecture/view/42278,42278,신호및시스템,이태진,25년 1학기 수강자,4,교수님 강의는 좀 졸린 편 독학해도 충분 족보 많이 보세요,,,
42278-009,https://everytime.kr/lecture/view/42278,42278,신호및시스템,이태진,24년 2학기 수강자,5,좋습니다 교수님이 착해요 학점도 잘 주시는 거 같아요,,,
42278-010,https://everytime.kr/lecture/view/42278,42278,신호및시스템,이태진,25년 1학기 수강자,5,교수님이 우선 매우 친절하시지만 나근하신 목소리와 영어가 합쳐저 아침 수업에 쥐약입니다,,,
42278-011,https://everytime.kr/lecture/view/42278,42278,신호및시스템,이태진,25년 1학기 수강자,3,"전반적으로는 무난한 강의. 과제는 적당히 많고 성적도 적당히 잘 주심. 다만, 강의는 조금 지루한편",,,
42278-012,https://everytime.kr/lecture/view/42278,42278,신호및시스템,이태진,25년 1학기 수강자,5,학점도 꽤 잘주시는것같고 수업도 좋은데 아침수업이라는게 좀 힘들긴함 ㅋㅋ,,,
42278-013,https://everytime.kr/lecture/view/42278,42278,신호및시스템,이태진,25년 1학기 수강자,5,교수님께서 강의를 열심히는 하시는데 아침에 집중하기는 힘든 강의긴 합니다 시험은 족보 꼭 구하세요,,,
42278-014,https://everytime.kr/lecture/view/42278,42278,신호및시스템,이태진,25년 1학기 수강자,4,"솔직히말하면 국제어강의라 머리속에 잘 안꽂혔음 그렇지만 수업 시작하기 전 앞내용 리마인드 할때와 마지막에 수업내용 정리할때 말씀해주시는거 매끄럽고 이해가 잘됐음 이 교수님... 한국어 수업에서는 어떨까? 과제 양 적지 않음, 단원당 10문제인데 풀이가 꽤 손이 감 텀프로젝트는 미리미리 하세요 매트랩인데 전전프때 했을테니 기억 새록새록 날거임 시험은 족보랑 겹치긴 하지만 핵심문제가 족보 벗어나서 공부 열심히 하시고",,,
42278-015,https://everytime.kr/lecture/view/42278,42278,신호및시스템,이태진,25년 1학기 수강자,3,강의하시는데 너무 말도 느리시고 듣기 힘들긴 합니다. 학점도 채워주시는거 같아요,,,
42278-016,https://everytime.kr/lecture/view/42278,42278,신호및시스템,이태진,25년 1학기 수강자,5,수업은 안들어봐서 모르겟지만 출튀안잡으시고 족보도 다 뿌리시니까 갠찮네요 과제평균에 중기합 평균+8인데 a0뜬거보니 비율은 다 채워주시는듯 감사합니다아리가또. 시험문제에 헛소리라도 적으면 노력점수쪼금 주시는듯요 화이팅,,,
42278-017,https://everytime.kr/lecture/view/42278,42278,신호및시스템,이태진,25년 1학기 수강자,4,꼼꼼하게 수업해주시지만 말이 너무 느리셔서 졸리긴 합니다. 그래도 잘 버티고 집중해서 듣는다면 확실히 얻어가는 건 많을 것 같아요. 학점을 잘주신다는 평이 많이 없는데 제 생각에는 잘 주시는 것 같습니다.,,,
42278-018,https://everytime.kr/lecture/view/42278,42278,신호및시스템,이태진,25년 1학기 수강자,3,교수님이 너무 자세히 설명해주셔서 진도 복습 부담이 적다. 근데 과제 너무 많아요...,,,
42278-019,https://everytime.kr/lecture/view/42278,42278,신호및시스템,이태진,25년 1학기 수강자,4,과목자체가 외울것이 많고 어려웠습니다. 영어로 설명하셔서 수업을 듣기에 어려웠지만 깔끔한 문제를 시험에 출제하셔서 좋았습니다.,,,
42278-020,https://everytime.kr/lecture/view/42278,42278,신호및시스템,이태진,25년 1학기 수강자,3,"강의가 너무 느리고 심히 친절하시다(?). 초반에 고등학교 수학내용 정도 같은데 한참 가르치셔서 한학기동안 수업을 안들었다. 기말공부할때 공부 어느정도 하고 ppt보니 내용은 엄청 좋은것 같다. 하지만 전달력이 좋지는 않으신듯하여 후회는 없다. 과제마다 솔루션 올려주시고, 시험도 현장에서 스캔떠서 올리고 나면 댓글로 문제마다 O 세모 X 로 채점해주시는 건 좋았다. 전자출결하셔서 출튀가 많다. 강의녹화 안하시고 아캠 공지가 늦으시다.",,,
42278-021,https://everytime.kr/lecture/view/42278,42278,신호및시스템,이태진,25년 1학기 수강자,4,과목 자체가 뒤로갈수록 좀 어렵긴하지만 잘 따라가면 도움 많이됩니다,,,
42278-022,https://everytime.kr/lecture/view/42278,42278,신호및시스템,이태진,25년 1학기 수강자,4,교수님 천천히 차근차근 진도나가셔서 따라갈만합니다. 잘 못 알아듣겠으면 youtube에 혁펜하임 강의 참고하세요. 문제 많이 풀어보세요.,,,
42278-023,https://everytime.kr/lecture/view/42278,42278,신호및시스템,이태진,23년 1학기 수강자,5,교수님 말이 조금 느리시지만 쉬운부분부터 어려운 부분까지 차근차근 잘 설명해주셔서 신시라는 과목에 대해 잘 배운 것 같습니다.,,,
42278-024,https://everytime.kr/lecture/view/42278,42278,신호및시스템,이태진,23년 1학기 수강자,4,신시 자체가 어려운 과목인데 교수님 말투와 어조가 강의에 집중하기 어렵습니다. 텀프와 시험은 족보 구해서 보시는 걸 추천 드립니다.,,,
42278-025,https://everytime.kr/lecture/view/42278,42278,신호및시스템,이태진,23년 1학기 수강자,5,생각보다 매우 만족스러웠던 수업. 과제량과 마지믹 텀프가 다소 부담스러울 수 있지만 차근차근 하다 보면 생각보다 할만하고 교수님이 스웟하십니가,,,
42278-026,https://everytime.kr/lecture/view/42278,42278,신호및시스템,이태진,23년 1학기 수강자,5,"계산 과정까지도 하나하나 꼼꼼하고 친절하게 강의해주시는 교수님. 다만 그 속도가 매우 느려서 자칫 집중하지 않으면 졸음이 쏟아지기 일수… 2학년 이후로 처음 접해보는 통신 과목의 기초가 되는 부분을 잘 이해할 수 있게 해주시는 점이 좋다. 과제는 각 챕터가 끝날 때마다 딸린 문제를 포함하면 15~20 문제 정도, 시간을 꽤 필요로 하는 편이지만, 강의를 이해하는 데에 도움이 많이 되는 편. 텀 프로젝트 역시 시간적 여유를 꽤 주는 편이고(미리 하는 대학생이 누가 있겠느냐만…) 매틀랩 튜토리얼이 가장 시간이 오래 걸렸다. 시험은 족보와 매우 유사(심지어 시험지 제출이 없으니 합법 족보?)하며 난이도는 조금 있는 편이지만, 족보 덕에 상위권에 매우 밀집한 편. 따라서 계산 실수와 기타 실수들을 하지 않는 것이 중요하다.",,,
42278-027,https://everytime.kr/lecture/view/42278,42278,신호및시스템,이태진,23년 1학기 수강자,4,수업은 지루하지만 만족스러운 수업이었습니다. 텀프가 좀 어려우니까 족보 참고해서 하시면 좋을 것 같습니다. 시험은 수리논술 형식이랑 비슷합니다.,,,
42278-028,https://everytime.kr/lecture/view/42278,42278,신호및시스템,이태진,23년 1학기 수강자,5,"통신에대한 폭넓은 내용을 알려주시며, 시험은 나올만한 부분에서 나오니 족보구해서 풀어보시길바랍니다",,,
42278-029,https://everytime.kr/lecture/view/42278,42278,신호및시스템,이태진,23년 1학기 수강자,3,설명은 꼼꼼하게 하시나 학점은 잘 안채워주시는 듯,,,
42278-030,https://everytime.kr/lecture/view/42278,42278,신호및시스템,이태진,23년 1학기 수강자,5,매우 만족스러운 강의였습니다 수업에 집중하시고 교수님께서 중요하게 생각하시는 파트를 학습하는데 중점을 두세요,,,
42278-031,https://everytime.kr/lecture/view/42278,42278,신호및시스템,이태진,23년 1학기 수강자,5,개인적으로 제일 어렵고 별로일 것 같았는데 제일 괜찮았던 수업. 교수님 설명이 정말 친절하고 자세하심. 중기말 합 평균보다 살짝 아래 비쁠,,,
42278-032,https://everytime.kr/lecture/view/42278,42278,신호및시스템,이태진,23년 1학기 수강자,4,"신시 자체가 다소 어지러울 수 있는 과목이고, 교수님 강의도 아침인데다 말투가 졸려서 쉽지 않다는 느낌이였습니다. 하지만 강의력 자체는 괜찮으시다고 느꼈습니다. 과제는 문제풀이 과제와 매틀랩 텀프로젝트가 있었습니다. 확실한건.. 텀프랑 시험은 족보를 꼭!꼭! 구하세요. 텀프는 거의 똑같고 시험도 매년 유사한 느낌으로 출제되어 족보는 없으면 손해입니다. 학점은 그냥 적당히 주시는 것 같습니다.",,,
42278-033,https://everytime.kr/lecture/view/42278,42278,신호및시스템,이태진,23년 1학기 수강자,4,수업만 들으면 쉬워보이지만 과제를 하다보면 좀 어려운거 같고 시험을 보면 이게 맞나 싶은 수업이였습니다. 시험지도 갖고가도 되는거보면 시험이 어려워서 교수님이 족보로 공부하라고 의도적으로 뿌리는 느낌이...,,,
42278-034,https://everytime.kr/lecture/view/42278,42278,신호및시스템,이태진,23년 1학기 수강자,5,"강의력 괜찮으시고 연습문제, 과제만 풀어도 시험 잘 볼 수 있을 정도입니다. 과제가 꽤 있긴 한데, 충분히 따라갈만합니다. 평점이 생각보다 낮은건 신호및시스템 과목이 어려워서인거같기도 합니다.",,,
42278-035,https://everytime.kr/lecture/view/42278,42278,신호및시스템,이태진,23년 1학기 수강자,4,먼저 과제는 생각보다 많은 편 입니다... 텀프도 있고 해서 시간이 꽤 걸립니다. 솔루션 보면서 푸는거 추천합니다. 강의력은 매우 좋으신 편입니다. 교수님도 매우 좋으신분 같습니다. 시험도 공부 조금만 하면 다 맞을 수 있습니다.,,,
42278-036,https://everytime.kr/lecture/view/42278,42278,신호및시스템,이태진,23년 1학기 수강자,3,수업 과제 시험 다 따로보는 느낌입니다.나쁘지는않은데 그리 좋지도않은? 애매합니다,,,
42278-037,https://everytime.kr/lecture/view/42278,42278,신호및시스템,이태진,23년 1학기 수강자,5,강의력도 생각보다 나쁘지 않고 친절하신거 같습니다. 학점만 잘받는다면 더 좋겠구요,,,
42278-038,https://everytime.kr/lecture/view/42278,42278,신호및시스템,이태진,22년 1학기 수강자,4,강의력이 좋으시긴한데 혼잣말하듯이 말씀하셔서 집중하기 힘들수도 있습니다. 셤은 무난한데 평소 과제가 생각보다 문제가 생각보다 많아서 미루다가 힘들수도 있습니다. 기말고사전에 큰 과제하나가 나오는데 이게 시간을 상당히 잡아먹습니다,,,
42278-039,https://everytime.kr/lecture/view/42278,42278,신호및시스템,이태진,22년 1학기 수강자,3,강의 따로 과제 따로 시험 따로…. 공부를 해도 시험을 못볼수있음,,,
42278-040,https://everytime.kr/lecture/view/42278,42278,신호및시스템,이태진,22년 1학기 수강자,3,성적도 잘 안주는 편은 아니고 수업도 졸림. 문제도 족보 있으면 편하고 없으면 좀 어렵게 느껴질 듯,,,
42278-041,https://everytime.kr/lecture/view/42278,42278,신호및시스템,이태진,22년 1학기 수강자,2,수업 너무 졸리고 텀프 있고 시험은 기출이랑 비슷하게 나옵니다,,,
42278-042,https://everytime.kr/lecture/view/42278,42278,신호및시스템,이태진,22년 1학기 수강자,4,예제 많이 풀면 시험에 도움 됩니다 매트랩 써본적 없으면 텀프 힘들어요,,,
42278-043,https://everytime.kr/lecture/view/42278,42278,신호및시스템,이태진,22년 1학기 수강자,5,신시 교수님 강의력은 다른 교수님들보다 나쁘지는 않은데다 시험 문제들도 적당히 변별력 있을 수 있도록 괜찮게 내셨다고 생각하는데 많이 피곤하기는 하다 일단 텀프는 미리 해두는게 좋고 과제도 양이 상당히 많아서 솔루션 참고해야 할듯.,,,
42278-044,https://everytime.kr/lecture/view/42278,42278,신호및시스템,이태진,22년 1학기 수강자,5,많은 사람들이 교수님의 강의력에 의문을 품어서 쫄았는데 막상듣고보니 생각보다 괜찮은 수업이었습니당 생각보다 학점도 널널하게 주시는듯??,,,
42278-045,https://everytime.kr/lecture/view/42278,42278,신호및시스템,이태진,22년 1학기 수강자,4,중기합 평균 +40 정도 해서 A쁠받음. 나름 열심히 들어볼려고 애쓰긴 했는데 아침시간과 강의 스타일 때문에 어느순간 멍때리고 있는 나 자신을 발견할 수 있었음. FS 와 FT 부분이 더더욱 그랬음. 그래도 강의력이 나쁜건 아니니깐 일단 빠지지 않고 들어보는게 쌩 박치기로 독학하는 것에 비해 접근하기엔 쉬울것임.,,,
42278-046,https://everytime.kr/lecture/view/42278,42278,신호및시스템,이태진,22년 1학기 수강자,4,"반제로 들었는데 목소리 나긋나긋하시게 수업하시고, 아침 수업이라 매우 졸리다는 단점이 있음. 그러나, 매우 친절하시고, 과제에 대한 피드백이 있오 좋음. 다만, 약간 교안을 그대로 읽는 듯한 수업 방식과 약간 난해한 텀프와 시험 문제로 조금 어렵게 느껴질 수 있음",,,
42278-047,https://everytime.kr/lecture/view/42278,42278,신호및시스템,이태진,20년 1학기 수강자,5,중간 1등 기말 1등 시험문제 논술 형으로 재밌게 나왔음 공부 제대로 했으면 나름대로 논리적으로 써낼 수 있었을 것임 그렇지 않았으면 아무 것도 못 썼을 것,,,
42278-048,https://everytime.kr/lecture/view/42278,42278,신호및시스템,이태진,22년 1학기 수강자,3,A 나왔는데 뭘 배웠는지 잘 모르겠어요 매트랩 텀프도 난감했고 목소리가 작으셔서 뭐가 중요한지 강조도 부족하다고 느꼈어요..,,,
42278-049,https://everytime.kr/lecture/view/42278,42278,신호및시스템,이태진,22년 1학기 수강자,5,"강의평을 보고 걱정했는데, 강의력 좋으심. 질문도 굉장히 잘 받아주시고, 과제 채점과 시험 채점, 솔루션 피드백이 되어 공부하기 좋음.",,,
42278-050,https://everytime.kr/lecture/view/42278,42278,신호및시스템,이태진,22년 1학기 수강자,4,"수업 자체는 꼼꼼하게 하나하나 다 설명해주시는 편. 하지만, 아침수업에다 매우 나긋하신 목소리로 인해 잠에 빠지지 않기 쉽지 않음. 그래도 과제나 시험 자체가 전형적인 유형으로 나오기 때문에 교재에 있는 문제들만 마스터해도 충분히 좋은 점수 가능.",,,
42278-051,https://everytime.kr/lecture/view/42278,42278,신호및시스템,이태진,22년 1학기 수강자,5,"점화식, 컨볼루션, 푸리에, 주파수축에서 그래프 그리기 등의 수학적 능력과 신시에서 배우는 시스템의 특성을 조합하여 문제를 내심. 개념도 솔직히 어려운거 없고, 미적분하듯이 공식 외우는 거임. 개념 잘 잡고 과제 솔루션 안배끼면 성적이 잘 나오는 수업",,,
42278-052,https://everytime.kr/lecture/view/42278,42278,신호및시스템,이태진,22년 1학기 수강자,4,"이 수업이 강의력이 좋다고 느끼는 순간부터 신시에 재능이 있는 사람이 아닐까 싶습니다. 신시에 큰 흥미가 없는 사람이 듣는다면 교수님의 나긋나긋하고 단조로운 어조의 말씀을 듣다가 강의력을 느낄 새도 없이 잠에 들기 때문입니다… 학점은 전부 제 불찰이지만, 강의력이 대단하다는 강평이 의아해서 강평을 남기고 갑니다… 정통대의 푸린 교수님…",,,
42278-053,https://everytime.kr/lecture/view/42278,42278,신호및시스템,이태진,22년 1학기 수강자,5,본인이 신시에 대해서 어려움을 느끼고 있다면 이거 듣는 거 추천. 개념설명 너무 잘 해 주신다.,,,
42278-054,https://everytime.kr/lecture/view/42278,42278,신호및시스템,이태진,22년 1학기 수강자,5,강의력 진짜 좋으십니다. 신호 및 시스템이란 과목이 자칫하면 문제풀이에 빠져 큰 기본 개념을 놓칠 수 있는 과목인데 교수님께서는 수업시간에 기본 개념을 반복하여 강조하셔서 저는 되게 듣기 좋았어요. 새로운 단원을 시작할 때 마다 이번 단원은 정확히 어떤 개념을 주로 사용하는 내용인지 짚어주시는 것 또한 매우 좋았습니다. 과제는 단원 끝날때 마다 문제 8개정도? + 기말 텀프가 있는데 생각보다 할만합니다.(matlab을 사용하는데 구글링 조금 하시면서 해야돼요) 시험 난이도는 중간 조금 어려웠고(평균 50점대 후반) 기말은 쉬웠어용,,,
42278-055,https://everytime.kr/lecture/view/42278,42278,신호및시스템,이태진,22년 1학기 수강자,4,"말씀하시는게 조금 느리긴 하지만 설명 꼼꼼하게 해주시려고 노력하시고, 시험도 과제에서 크게 변형되는거 없음",,,
42278-056,https://everytime.kr/lecture/view/42278,42278,신호및시스템,이태진,22년 1학기 수강자,4,수업 내용이 햇갈리는 부분이 많은데 그런 부분들은 잘 설명해주심. 하지만 계산 하나하나 설명을 길게 해주셔서 수업 들으면서 조금 졸렸음.,,,
42278-057,https://everytime.kr/lecture/view/42278,42278,신호및시스템,이태진,20년 1학기 수강자,2,강의는 뭔소린지 모르겠고 시험은 공부하면 풀 정도 연습문제보다 더 어려워요,,,
42278-058,https://everytime.kr/lecture/view/42278,42278,신호및시스템,이태진,22년 1학기 수강자,5,교수님의 말하시는 톤이 졸려서 그렇지 매우 자세하게 하나하나 설명해주십니다.,,,
42278-059,https://everytime.kr/lecture/view/42278,42278,신호및시스템,이태진,22년 1학기 수강자,4,수업은 다소 졸리긴하는데 다른 강평처럼 완전히 교안이나 교과서를 읽기만 한다 그 정도는 아니고 설명을 잘 들으면 이해는 잘 됩니다! 과제가 각 챕터 끝날 때마다 주어지는데 양이 조금 됩니다. 그치만 그게 시험 준비에 도움이 많이 됩니다!,,,
42278-060,https://everytime.kr/lecture/view/42278,42278,신호및시스템,이태진,22년 1학기 수강자,3,교수님은 좋으신데 목소리가 졸리긴합니다 독학합시다,,,
42278-061,https://everytime.kr/lecture/view/42278,42278,신호및시스템,이태진,22년 1학기 수강자,4,교수님 수업은 듣기 힘듬. 애초에 수업만 듣고 문제 푸는건 힘들겠지만 좀 더 공부해서 매챕터 끝날때마다 내주시는 과제 위주로 공부하면될듯,,,
42278-062,https://everytime.kr/lecture/view/42278,42278,신호및시스템,이태진,22년 1학기 수강자,3,너무 졸립고 그냥 교안 읽어주시고 설명해주시는데 이해하기 어렵습니다.. 혼자 공부하세요 ㅠ,,,
42278-063,https://everytime.kr/lecture/view/42278,42278,신호및시스템,이태진,22년 1학기 수강자,3,책읽으세요 수업이랑 책이랑 내용이 똑같은데 책이 더 눈에 잘들어와요,,,
42278-064,https://everytime.kr/lecture/view/42278,42278,신호및시스템,이태진,21년 1학기 수강자,3,수업에 열정적이신거 같긴 한데 문제가 너무 졸리고 했던말 또하시는 경향이 있으십니다..,,,
42278-065,https://everytime.kr/lecture/view/42278,42278,신호및시스템,이태진,21년 1학기 수강자,3,텀 프로젝트가 갑자기 쓰지 도 않았던 매트랩을 쓰라고 하니까 애 먹었음. 텀 프로젝트 관련 소스를 미리 얻는 것을 추천함.,,,
42278-066,https://everytime.kr/lecture/view/42278,42278,신호및시스템,이태진,21년 1학기 수강자,4,잘 가르쳐주시는건 모르겠지만 무난무난하게 가르쳐 주십니다. 성적도 괜찮게 주시는거같습니다,,,
42278-067,https://everytime.kr/lecture/view/42278,42278,신호및시스템,이태진,21년 1학기 수강자,2,강의 자체가 재미없긴 함 교수님 강의는 더 재미없음 이번학기하면서 강의듣다가 졸긴 처음... 기말쪽이 어렵긴 한데 아는거 최대한 쓰니까 부분점수 주셨어요,,,
42278-068,https://everytime.kr/lecture/view/42278,42278,신호및시스템,이태진,21년 1학기 수강자,3,수업을 듣기보다는 책을 통한 개념이해가 더 효율좋게 공부할 수 있음,,,
42278-069,https://everytime.kr/lecture/view/42278,42278,신호및시스템,이태진,21년 1학기 수강자,4,목소리가 나긋나긋하시고 설명이 잘 되는 것 같진 않아서 집중이 잘 안되긴 했지만 그래도 학점은 잘 채워주시는 편인 것 같습니다. 텀프는 매틀랩으로 진행되는데 다른 과목에서 매틀랩 써보시거나 하셨으면 할만하실거에요.,,,
42278-070,https://everytime.kr/lecture/view/42278,42278,신호및시스템,이태진,21년 1학기 수강자,3,책이 더 강의 잘함. 책이 더 문제 잘냄. 책이 더 학점 잘줌.,,,
42278-071,https://everytime.kr/lecture/view/42278,42278,신호및시스템,이태진,21년 1학기 수강자,2,알단 설명 못하신다.... 그냥 과제 풀면서 스스로 공부했다... 셤은 기출 보면 이전은 매우 어려웠는데 이번에는 그냥 그랬다,,,
42278-072,https://everytime.kr/lecture/view/42278,42278,신호및시스템,이태진,21년 1학기 수강자,2,교수님 강의력이 좋으신거 같지는 않음. 거의 책보고 독한한 수준으로 공부해서 딱히 교수님께 뭘 배운거 같은 느낌이 없음. 시험은 개인적으로 적당한 난이도였던거 같고 과제나 시험 치면 해설 올려주는건 꽤 괜찮았음,,,
42278-073,https://everytime.kr/lecture/view/42278,42278,신호및시스템,이태진,21년 1학기 수강자,1,원래 어려운과목인건 어느정도 감안하는데 강의력이 진짜 못봐줄정도 혼자서 걍 책보고 공부하세요 시험문제는 의미가 애매하게 내서 짜증났었네요 다른교수님수업 들을 수 있으면 도망가세요,,,
42278-074,https://everytime.kr/lecture/view/42278,42278,신호및시스템,이태진,21년 1학기 수강자,3,과제는 할만한데 시험은 할만하지 않군요.. 텀프로 매틀랩하는데 한번도 안배우고 또 혼자서는 불가능한거같아요..,,,
42278-075,https://everytime.kr/lecture/view/42278,42278,신호및시스템,이태진,21년 1학기 수강자,3,강의력은 별로여서 독학추천합니다. 기말전에 매틀랩 과제 있으니 참고하세요. 학점은 둘다 평균이상일때 에이 주셨습니다. 과제는 보통 연습문제를 내시는데 시험은 그거랑 약간 결이 다릅니다. 개념을 생각하면 쉽게 풀리는데 생각안나면 틀리는 문제요. 저도 그래서 많이 틀렸네요. H(n) 이거 많이 이용하세요.,,,
42278-076,https://everytime.kr/lecture/view/42278,42278,신호및시스템,이태진,21년 1학기 수강자,4,수업내용은 조용한 목소리로 말씀하셔서 좀 그런데 학점은 코로나라서 그런지 채워주시는거 같아요,,,
42278-077,https://everytime.kr/lecture/view/42278,42278,신호및시스템,이태진,21년 1학기 수강자,2,혼자 독학하는게 나을듯. 이해도 잘 안되고 설명도 부족하다. 거기에 매틀랩은 써보지도 않았는데 프로젝트? 최악...,,,
42278-078,https://everytime.kr/lecture/view/42278,42278,신호및시스템,이태진,21년 1학기 수강자,2,차라리 유튜브 보는게 나은... 매트랩 텀프로젝트 뜬금없이 튀어나옴,,,
42278-079,https://everytime.kr/lecture/view/42278,42278,신호및시스템,이태진,21년 1학기 수강자,5,ppt 읽어주시는 한시간 반짜리 강의. 매트랩은 한번도 언급없다가 갑자기 왜 텀프를 시키는 건지...,,,
42278-080,https://everytime.kr/lecture/view/42278,42278,신호및시스템,이태진,21년 1학기 수강자,3,신시라는 과목 자체가 어렵다보니까 강의를 들어도 이해가 되지않는 다는 단점이 있습니다. 배우는 이론에 비해 과제의 난이도가 조악하니 미리미리 공부해두시길 추천합니다. 나긋한 목소리로 교안을 봐주시며 필기하시는데 괜찮습니다. 근데 영어로 다 말하셔서 다소 한시간동안 듣기엔 힘들지도,,,
42278-081,https://everytime.kr/lecture/view/42278,42278,신호및시스템,이태진,21년 1학기 수강자,2,강의로 들으면 이해가 안되고 책으로 봐야 이해가 더 잘되는 신기한 수업.... 그런데 책 보고 공부해도 시험에 그냥 못푸는 문제 몇개 나와요 ㅎㅎ,,,
42278-082,https://everytime.kr/lecture/view/42278,42278,신호및시스템,이태진,21년 1학기 수강자,2,혼자 공부하는게 더 편한듯한 강의.. 듣다보면 책이 더 설명을 잘함,,,
42278-083,https://everytime.kr/lecture/view/42278,42278,신호및시스템,이태진,21년 1학기 수강자,1,그냥 혼자 하고 해외대학 강의 보세요 이런 수업에 돈 내는 게 너무 짜증난다,,,
42278-084,https://everytime.kr/lecture/view/42278,42278,신호및시스템,이태진,21년 1학기 수강자,5,책 보고 혼자 문제를 풀수 있을 정도만 되면 충분하다,,,
42278-085,https://everytime.kr/lecture/view/42278,42278,신호및시스템,이태진,21년 1학기 수강자,3,현재 학기중인데 책보고 공부하는게 더 나은거같기도합니다.,,,
42278-086,https://everytime.kr/lecture/view/42278,42278,신호및시스템,이태진,21년 1학기 수강자,3,강의가 너무 길지않고 과제도 적당하지만 강의력이 좀 많이 아쉽네요 강의보는거보다 교재 읽으면서 공부하는게 더 빠를때도 있어요,,,
42278-087,https://everytime.kr/lecture/view/42278,42278,신호및시스템,이태진,20년 1학기 수강자,3,코로나학기라 문제가 증명식이였음. 열심히 한만큼 학점은 주시는것같아요,,,
42278-088,https://everytime.kr/lecture/view/42278,42278,신호및시스템,이태진,20년 1학기 수강자,3,그냥 그래요 ... 배우지도 않은거 시험에 내시구 ... 학점은 그냥저냥 주시는듯 ?,,,
42278-089,https://everytime.kr/lecture/view/42278,42278,신호및시스템,이태진,20년 1학기 수강자,1,"중간에 교수님이 바뀌어 본의 아니게 듣게 된 수업. 원래 배워야 하는 범위보다 적게 진도를 나간 것 같다. 강의에서는 푸리에만 강조하고, 범위도 딱 거기까지 나간 것에 비해 프로젝트는 그 범위 이후의 내용을 적극적으로 활용하여야 했다. 심지어, 예습 복습은 충실히 했다고 생각하지만, 강의 범위만 공부한 것 때문인지 시험 문제는 굉장히 모호하고 난해해서 어떤 답을 원하는 것인지 조차 이해를 할 수 없었다. 그런데 문제 해설은 커녕 아무런 피드백도 받을 수 없었다. 그래서 뭘 배웠는지도 잘 모르겠고, 뭘 원했는지도 잘 모르겠다. 전액장학금이라 돈은 내지 않지만 이 강의를 듣느라 들인 시간과 그 기회비용이 너무 아까운 강의였다. 교수님 바뀔 때 수강철회가 가능했으면 좋았을 것이라고 생각한다.",,,
42278-090,https://everytime.kr/lecture/view/42278,42278,신호및시스템,이태진,20년 1학기 수강자,4,"중간,기말 대체과제 잘 했다고 생각했는데 A받음... 쁠을 잘 안채워주시는듯.. 강의력은 보통이다",,,
42278-091,https://everytime.kr/lecture/view/42278,42278,신호및시스템,이태진,20년 1학기 수강자,4,과목 자체가 어려운 내용이라 그런지 수업도 어려웠습니다. 시험은 중간 기말 모두 과제로 대체했습니다 과제는 문제 푸는 것만 나옵니다.,,,
42278-092,https://everytime.kr/lecture/view/42278,42278,신호및시스템,이태진,20년 1학기 수강자,3,수업은 별로였다. 계속 푸리에만 푸는 느낌 시험은 과제처럼 문제푸는게 아닌 서술형 논술 느낌으로 나왔다.,,,
42278-093,https://everytime.kr/lecture/view/42278,42278,신호및시스템,이태진,20년 1학기 수강자,4,교수님이 런해버려서 본인의 의지와는 관계없이 듣게 된 수업. 근데 다들 강의력 욕하는데 나는 되게 이해하기 쉽게 잘 가르쳐주신다고 생각했다. 그리고 기말 대체 과제도 그냥 적당히 해서 제출했는데 최고점수 받고 A+뜸. 일단 나 말고 우리 분반에서 A+ 받았다는 사람을 본 적이 없으니 쁠 달아주는 비율은 꽤나 짠듯하다. 1점 깐 이유는 수업 진도를 결국 안맞춰주셔서 깜.,,,
42278-094,https://everytime.kr/lecture/view/42278,42278,신호및시스템,이태진,20년 1학기 수강자,2,"우선 본 학기가 코로나로 인한 온라인 강의임을 감안하고 2점을 줬는데 사실 3점 정도에 해당하는 무난하고 평범한 수업이었다고 생각합니다. 시험에 대해 언급하자면, 다른 강의와 달리 시험을 대체 과제로 전부 진행하였는데 밑에서도 언급하셨듯이 시험 문제가 답이 정해져있지 않은 경우가 다수 존재하며, 평소 공부와 전혀 무관한 문제들이 많았습니다. 덕분에 문제에 대한 별다른 솔루션이 존재하지 않으므로 시험 공정성 측면에서는 긍정적인 부분도 있었지만, 난해한 문제들로 인해 본 수업 내용과의 괴리감이 많이 느껴지고 채점 기준이 모호해지는 부정적인 측면도 생겨났습니다. 강의력 또한 평범하여 영어 발음을 알아듣기 어렵다거나 강의 진도가 전혀 이해가지 않는 수준은 아니었다고 생각합니다. 예제 같은 경우 직접 풀어보라고 넘어가시긴하는데 본인이 스스로 학습을 했다면 충분히 이해할 수 있는 내용이었습니다. 이렇듯 평범한 수업임에도 불구하고 2점을 준 가장 큰 이유는 학점입니다. 과제나 공부양이 그다지 만만하지 않은 전공인데다가 코로나로 인해 학교에서는 비율을 늘리도록 권장하였는데 오히려 학점을 더 짜게 주신듯한 느낌이 강하게 들었습니다. 중간 기말 과제 합쳐서 적어도 평균보다 40~45점 가량 높았음에도 A학점을 받았는데 납득하기 어려워 등수와 성적 비율에 관한 문의를 하였지만 다른 학생과 비교하다보니 그렇게 되었다는 황당한 답변을 받게 되었습니다. 현강에서는 어떨지 모르겠으나 온라인 강의로는 그다지 추천하고 싶지는 않습니다.",,,
42278-095,https://everytime.kr/lecture/view/42278,42278,신호및시스템,이태진,20년 1학기 수강자,2,"중간 기말이 전부 과제로 대체, 문제는 교수님왈 답이 존재하지않고, 접근방식을 봤다고함. 그만큼 문제가 좀 많이 모호함. 나는 모호하지 않은 텀프는 거의 최고점 받았는데, 중간기말 과제가 기한이 3 일,2 일 이였는데, 둘다 낮은 점수받음. 물론 평균이 어느정도 되는거보면 대부분은 빡쳐도 잘푼거 같은데, 나는 매 수업 다든고 과제 직접하고, 복습도 하고, 중간기말과제도 각각 2 일 내내 고민했는데 B뜸, 차라리 시험봤으면 A+받았을듯. 강의력은 그냥 무난한데 나한텐 잘 안맞는 수업같았음.",,,
42278-096,https://everytime.kr/lecture/view/42278,42278,신호및시스템,이태진,20년 1학기 수강자,1,석호에게 버려져서 강제로 듣게됐는데 정말 끔찍했습니다. 무슨 푸리에를 밑줄만 벅벅 그어가면서 수업을 합니까? ㅅㅂ.. 밑줄만 몇번 긋고 에.. 유캔..솔브디스 유얼쉘프?! 하고 넘어가는데 다입니다 진짜 잣같아서 수업 듣지도 않았습니다 수업을 뭐 배울수있게해줘야지 텀프젝도 평균보다 꽤 높고 시험도 평균보다 꽤 높은데도 쁠도 안달아주네요 바림받은것도 빡치는데 쁠도 못받으니 매우 잣같습니다 이의신청으로 둘다 잘봤는데 왜 쁠이 없는지 등수가 궁금하다 했는데 그냥 아~ 다른학생들이랑 성적산출 하다보니 그렇게 됐네요 하고 답이 왔어요 아니 등수알려달라구요.. ㄹㅇ 소통도 뒤지게 안되고 강의력 개쓰레기인 등록금도둑 수업이었습니다,,,
42278-097,https://everytime.kr/lecture/view/42278,42278,신호및시스템,이태진,20년 1학기 수강자,5,프로젝트가 생각보다 난이도가 있다. 매틀랩을 배웠다면 나쁘지 않은 느낌 시험은 학기 특성상 대체 과제처럼 내셨는데 난이도가 생각보다 있었다. 그냥 단순 계산이 아니라 시스템에 대해서 이해가 필요했음. 필터를 좋아하시는 거 보니까 통신관련 교수님이신거 같기도 하고 중간 기말 둘다 거의 최고점이라 무난하게 A+가져갔음,,,
42278-098,https://everytime.kr/lecture/view/42278,42278,신호및시스템,이태진,20년 1학기 수강자,5,윤석호교수님께버려진 분반이었는데 기말시험한번이랑 프로젝트 한번으로 점수나온것같습니다 저는 프로젝트 평균보다조금 높았고 기말은 평균2배정도 점수 받아서 에이쁠받았습니다 다른분들얘기들어보면 비율다안채워주시는거같습니다 ㅠ,,,
42278-099,https://everytime.kr/lecture/view/42278,42278,신호및시스템,이태진,19년 1학기 수강자,4,교수님 수업이 좀 지루한 면은 없지 않아 있지만 그래도 집중해서 들으면 나름 들을만 해요,,,
42278-100,https://everytime.kr/lecture/view/42278,42278,신호및시스템,이태진,19년 1학기 수강자,3,학점 남는 수업. 너무 잠와요 교수니 목소리가 너무 ASMR,,,
42279-001,https://everytime.kr/lecture/view/42279,42279,신호및시스템,전병우,26년 1학기 수강자,2,스케쥴은 몇번을 바꾸시는건지.. 전날에 시험 준비해도 갑자기 안 본다 그러고 아캠이라도 공지했었는데 아니라 그러고 참... 다른 부분은 괜찮습니다 근데 저게 너무 스트레스받음,,,
42279-002,https://everytime.kr/lecture/view/42279,42279,신호및시스템,전병우,26년 1학기 수강자,3,퀴즈가 너무 많고 원리 위주의 강의 교안도 내용이 적고 원리 위주가 많음 시험시간에 답안지가 미리 준비 안돼있어서 시간 날린건 좀 아쉬움,,,
42279-003,https://everytime.kr/lecture/view/42279,42279,신호및시스템,전병우,26년 1학기 수강자,5,설명을 자세히 해주십니다. 퀴즈가 잦지만 부담은 크지 않았습니다.,,,
42279-004,https://everytime.kr/lecture/view/42279,42279,신호및시스템,전병우,26년 1학기 수강자,2,퀴즈 엄청 자주 봄 근데 퀴즈 보는 날에도 수업하고 진도 꽉꽉 채워서 나가심 좀 힘듦,,,
42279-005,https://everytime.kr/lecture/view/42279,42279,신호및시스템,전병우,26년 1학기 수강자,5,친절하게 비유를 들어가며 강의를 해주십니다. 퀴즈 공부 열심히 하시길,,,
42279-006,https://everytime.kr/lecture/view/42279,42279,신호및시스템,전병우,26년 1학기 수강자,4,"강의력도 좋으시고, 수업에 열정적이신게 느껴짐. 그러나 과제와 2주에 한번씩 보는 퀴즈로 힘들게 느껴지지만, 시험 기간엔 오히려 좋다",,,
42279-007,https://everytime.kr/lecture/view/42279,42279,신호및시스템,전병우,26년 1학기 수강자,2,"숨만 쉬어도 평가받는 기분. 한 학기에 퀴즈 5번, 시험 2번에 과제까지 쉴 틈이 전혀 없음. 제일 멘탈 털리는 건 수업 시간 '랜덤 지목 발표'. 갑자기 지목해서 문제 풀게 시키는데, 틀리면 가차 없이 점수 안 줌.",,,
42279-008,https://everytime.kr/lecture/view/42279,42279,신호및시스템,전병우,24년 1학기 수강자,5,다른 분반 친구들은 신시를 왜 배우는지 모르겠단 반응이 많았는데 교수님이 신호처리에서 이 개념이 왜 필요한지를 같이 설명해주셔서 너무 좋았어요,,,
42279-009,https://everytime.kr/lecture/view/42279,42279,신호및시스템,전병우,23년 1학기 수강자,5,B플인지 알고 한숨 쉬다가 이의 신청 받아져서 A플 받음 갓갓 강의력 준수하시고 푸리에 변환 재미는 없고 그렇지만 열심히 외우면 됩니다.,,,
42279-010,https://everytime.kr/lecture/view/42279,42279,신호및시스템,전병우,23년 1학기 수강자,5,설명을 엄청 잘 해주신다. 여러 분야에 적용 가능하게 설명해주시는 편이다.,,,
42279-011,https://everytime.kr/lecture/view/42279,42279,신호및시스템,전병우,24년 1학기 수강자,5,교수님이 학생들 배려도 많이 해주시고 따듯하세요 .. 퀴즈가 좀 귀찮을 수 있지만 미리 공부한다는 생각으로 공부 좀 하면 시험 때 다른과목보다 확실히 부담이 덜해요,,,
42279-012,https://everytime.kr/lecture/view/42279,42279,신호및시스템,전병우,24년 1학기 수강자,5,퀴즈 5번 보구 과제도 틈틈이 계속 나와서 좀 스트레스긴 했어도 퀴즈 준비하고 과제 풀다보면 자연스럽게 공부되어서 시험기간 때는 은근 편했습니다!! 퀴즈는 그렇게 어렵지는 않았고 족보가 있는거 같은데 그거 참고해서 공부하시면 좋을거 같아요 시험 공부는 교안 + 교재 예제 + 과제 문제 계속 풀어보며 했습니다 이번에 50퍼 A쁠 주셨는데 한학기 힘들었는데 학점미화도 많이 되었습니다. 강의력은 정말 너무 좋으세요,,,
42279-013,https://everytime.kr/lecture/view/42279,42279,신호및시스템,전병우,24년 1학기 수강자,5,과제랑 퀴즈 열심히하구 잘 따라와서 분반 성적 높아지면 다들 좋은 성적 받을거에요,,,
42279-014,https://everytime.kr/lecture/view/42279,42279,신호및시스템,전병우,24년 1학기 수강자,5,별점에 비해 평이 좋아 보이는데 알고보니 6-7년 전에는 별점이 안 좋았더라. 요즘 몇년 간만 보면 별점이 아주 높음. 강의 실력이 뛰어나시고 젠틀하시다. 과제가 버거운 적도 있었지만 과제를 함으로 인해서 공부가 된다. 대학교 와서 들은 수업 중 가장 마음에 드는 수업,,,
42279-015,https://everytime.kr/lecture/view/42279,42279,신호및시스템,전병우,24년 1학기 수강자,5,"수업: 교수님이 강의력이 좋으시고 단순히 신시 내용만 하시는게 아니라 연관해서 전공내용도 많이 설명해주셔서 더 재밌게 들었습니다. 그리고 수업에 대해 많이 고민하신 것 같아요. 다만 의도한 것인지 아닌지는 모르겠지만 어떤 부분은 상당히 루즈하게 수업 진행하다가 마지막에 임박해서 남은 범위를 급하게 나가는 경우가 종종 있습니다. 시험기간에 이 부분 급하게 공부하려다 보니 조금 부담이 있긴했네요. 그래도 강의력 정말 좋고 만족했습니다. 시험: 시험은 수업시간에 푸는 예제랑 과제, 퀴즈문제 복습하시고 과제를 제외한 다른 교재 연습문제들도 푸시면 좋겠네요. 교재 연습문제 까지는 못하더라도 앞서 언급한 다른 부분 열심히 풀고 공부하면 좋은 성적 받을 수 있습니다. 다만 반제 수업의 특성도 있고 교수님 강의력도 좋아서 학생들이 모두 열심히 합니다. 그래서 평균이 좀 높은 편입니다. 과제: 과제량이 정말 많다고 느꼈습니다. 뒤에서 얘기하겠지만 퀴즈도 5번 정도 봐서 매주 퀴즈 준비나 과제 하느라 바빴었네요. 하지만 그 만큼 따라가기만 하면 평소에 신시 공부를 해놓는 효과가 있습니다. 다만 이게 본인 뿐 아니라 반 전체가 그렇다는게 문제겠지만요. 퀴즈: 퀴즈는 5번 정도 보는데 퀴즈 난이도는 과제 문제랑 비슷합니다. 그렇게 어렵다고 느끼진 않았고 교재 예제랑 과제 문제 복습하면서 대비하면 충분합니다. 평균이 높은 걸보면 다들 열심히 하는 것 같아요. 결국 수업 구조 상 아예 놓는 거 아니면 대부분 학생들이 시험을 잘 봅니다. 평균도 높게 형성되어서 실수안하게 조심하시고 평소에 퀴즈랑 과제 잘 준비하세요. 근데 그 만큼 교수님도 학점을 진~~~~~짜 잘줍니다. A+ 넘쳐 흘러요. 포기하지말고 잘 따라가세요.",,,
42279-016,https://everytime.kr/lecture/view/42279,42279,신호및시스템,전병우,24년 1학기 수강자,5,퀴즈랑 과제가 많긴 하지만 하면서 평소에 공부가 돼서 괜찮고 시험 난이도도 적절합니다. 강의력도 매우 좋으시고 학점도 잘 주십니다.,,,
42279-017,https://everytime.kr/lecture/view/42279,42279,신호및시스템,전병우,24년 1학기 수강자,5,퀴즈가 많아서 힘들었지만 성적을 엄청 너그럽게주십니다,,,
42279-018,https://everytime.kr/lecture/view/42279,42279,신호및시스템,전병우,24년 1학기 수강자,5,"지금까지 수강한 전전 교수님들 중 GOAT.. 우선 강의력, 굉장히 뛰어나십니다. 신시 과목 내용이 어찌 보면 너무 추상적이고 복잡한 계산이 많아 지루할 수 있는데, 교수님 설명이 명쾌하고 배경지식도 흥미로워서 한 학기 내내 재밌게 들을 수 있었어요. 과제 양이 많고 퀴즈 빈도가 잦아 좀 부담이 될 수 있지만, 과제를 풀다보면 퀴즈 준비가 되고, 퀴즈 준비를 하다보면 시험 준비가 되는 형식이라 나름 괜찮다고 생각해요. 성적 비율은 A+ 50%.. 미쳤습니다.",,,
42279-019,https://everytime.kr/lecture/view/42279,42279,신호및시스템,전병우,24년 1학기 수강자,5,격주마다 퀴즈가 있긴하지만 퀴즈 덕분에 시험기간 공부 부담이 적어서 좋았습니다. +다 달아주시고 학점 매우 잘주십니다.,,,
42279-020,https://everytime.kr/lecture/view/42279,42279,신호및시스템,전병우,24년 1학기 수강자,5,"교수님이 젠틀하십니다. 무엇보다 강의력이 정말 좋은데, 수업 내용 자체가 어렵다는 것을 생각해도 저는 이해가 잘 되었습니다. 과제 5번 퀴즈 5번이고 양이 상당히 많지만 평소에 공부하면 괜찮습니다. 학점은 역대급으로 너무 잘 주십니다",,,
42279-021,https://everytime.kr/lecture/view/42279,42279,신호및시스템,전병우,24년 1학기 수강자,5,강의 진짜 잘하신다. 다시 만나고 싶은 교수 1위.. 퀴즈가 5번인게 조금 힘들었다.,,,
42279-022,https://everytime.kr/lecture/view/42279,42279,신호및시스템,전병우,24년 1학기 수강자,5,이번학기에 들었던 과목 중 가장 강의력이 좋으시다. 퀴즈 4번 시험 두번에 과제도 양이 많아서 힘들었지만 남는게 많은 수업이다. 시험도 수업한 부분에서만 내신다.,,,
42279-023,https://everytime.kr/lecture/view/42279,42279,신호및시스템,전병우,24년 1학기 수강자,5,강의 정말 잘하시고 유익합니다. 본인이 부지런한 사람이면 강추에요,,,
42279-024,https://everytime.kr/lecture/view/42279,42279,신호및시스템,전병우,24년 1학기 수강자,5,설명진짜 잘하신다 과제는 2주에 하나정도 퀴즈를 너무 자주쳐서 평소에 공부하게 됨 얻어가는건 많음,,,
42279-025,https://everytime.kr/lecture/view/42279,42279,신호및시스템,전병우,24년 1학기 수강자,5,강의력은 훌륭하십니다만 퀴즈랑 과제양이 너무 많습니다,,,
42279-026,https://everytime.kr/lecture/view/42279,42279,신호및시스템,전병우,24년 1학기 수강자,4,강의는 정말 잘하시지만 과제의 양이 많고 퀴즈를 너무 자주 친다…,,,
42279-027,https://everytime.kr/lecture/view/42279,42279,신호및시스템,전병우,23년 1학기 수강자,5,"강의력 원탑, 배울게 많은 강의이고 성적도 너그럽게 주십니다.",,,
42279-028,https://everytime.kr/lecture/view/42279,42279,신호및시스템,전병우,23년 1학기 수강자,5,수업 잘하십니다. 퀴즈가 많아요. 근데 퀴즈 난이도는 크게 높지 않습니다.,,,
42279-029,https://everytime.kr/lecture/view/42279,42279,신호및시스템,전병우,23년 1학기 수강자,5,강의력 정말 좋으십니다. 아마 제가 들었던 강의 중 탑5안에는 들 정도로.,,,
42279-030,https://everytime.kr/lecture/view/42279,42279,신호및시스템,전병우,23년 1학기 수강자,5,강의는 정말 완벽합니다 제가 공부를 많이 안했지만 많이 배우고 한 학기를 마친 것 같습니다 은근 과제 비중이 크기 때문에 과제를 다같이 모여서 꼼꼼히 푸는게 중요합니다 그리고 학점도 전부 쁠 달아주시고 반제 걸리시면 걱정 안하셔도 될 것 같네요,,,
42279-031,https://everytime.kr/lecture/view/42279,42279,신호및시스템,전병우,23년 1학기 수강자,3,솔직히 잘 가르치시는 거 인정. 시험 관련 이야기 말고 너무 깊이 있게 들어가서 수업 중간에 이해안되는 부분 많기도 하고 과제양 개많고 중간중간 퀴즈 계속 보는 것까지...솔직히 다들 학점 주기 전까진 욕 개많이 했었음. 학점 50퍼센트까지 에이쁠 주시는 거 보고 다들 미화된 듯,,,
42279-032,https://everytime.kr/lecture/view/42279,42279,신호및시스템,전병우,23년 1학기 수강자,5,재수강일 줄 알았는데 감사합니다 교수님..ㅜ,,,
42279-033,https://everytime.kr/lecture/view/42279,42279,신호및시스템,전병우,23년 1학기 수강자,5,"출결 전자출결 형식이며 1~2번 결석해도 만점처리 해주십니다. 강의력 신호및시스템을 선형대수 개념과 엮어서 설명하시는데 선형대수라고는 공학수학2 밖에 안들은 공대생들이 대부분임에도 불구하고 이해가 한번에 될 정도로 잘 설명하십니다. ㅎㅂㅇ 교수님은 교과서적인 내용을 잘 설명하신다면 이분은 교과외의 해석을 잘 융합해주시는 느낌. 오히려 이런 부분때문에 나중에 푸리에 해석쯤 가서 호불호가 갈릴 수도 있는데 개인적으론 교수님의 통찰을 엿볼수 있단 점에서 상당히 값진 강의였습니다. 제 머릿속 강의력 원탑 교수님이라고 봅니다. 다만 수업 시간을 2~3분 정도 오버하시는 경우가 잦습니다. 과제 숨 돌릴 때 쯤이면 과제가 들어옵니다. 그리고 과제량이 생각보다 많습니다. 초반에는 계산이 너무 많을거고 후반에는 증명이 꽤 어려울 것입니다. 그리고 교수님 특유의 수학적으로 강조하시는 부분이 있어서인지 어디까지를 공대스러운 naive함을 적용해도 되고 어디까지를 자연대스러운 엄밀함을 갖춰야할지 몰라 혼란스럽기도 했습니다. 한 문제 증명하는거 아무리봐도 엄밀함이 필요해보여서 구글링하다가 대학원 내용까지 공부하게 됐는데 알고보니 그렇게 엄밀할 필요가 없었던 과제란걸 알았을 땐 좀 허탈했네요 퀴즈 2주에 한번꼴로 보며 기본적인 계산 위주로 나옵니다. 시간이 다소 촉박하고 실수했을때 까이는 점수폭이 꽤 큽니다. 문제는 후술하겠지만 상향평준화된 분반 수준으로 인해 조금만 실수해도 평균 이하로 떨어지게 되고 점수 고지를 퀴즈당 100점으로 책정하셔서 점수가 많이 까이는 것 같은데 사실 드라마틱하게 영향을 주진 않습니다. 그래도 실수 안하게 조심하시는걸 추천합니다. 분반 수준 어마어마한 강의력으로 체감상 거의 모든 학생이 강의에 집중하는 분위기 + 주기적으로 자주 보는 퀴즈 + 만만찮은 과제로 다들 수준이 상향평준화 되었다는 아이러니한 단점이 있습니다. 갠적으로 공수때 푸리에변환을 선형대수 관점으로 분석해놔서 신시때 꿀빨줄 알았는데 교수님께서 모든 걸 알려주시기도 하고 분반 학생들도 열심히 해서 분위기가 꽤 치열했던 것 같습니다. 열정적으로 질문하는 학생들도 많았고요. 시험 계산 위주로 나오는 줄 알았는데 중간고사 때 T/F+설명과 공식유도 문제가 나오고 시간이 턱없이 모자른 시험이 나와버려서 다들 당황했습니다. 그래서인지 기말고사 때는 계산 4문제 + 교안 내 증명 1문제로 무난하게 나온 것 같습니다. 이렇게 나와버리니 어떻게 대비하면 좋을지는 잘 모르겠습니다. 다만 계산만 챙기셔도 문제는 없었을 것으로 보입니다. TF랑 공식유도는 다같이 틀린 분위기였어서.. 다만 백지로 비워두는건 비추천합니다. 뭐라도 쓰면 점수를 최대한 주려 하십니다. 학점 비율 짜거나 일반적인 수준이라 들었는데 A+, B+을 꽉 담아주셨습니다. 무슨 일인가 싶지만 전에 반제회식때 이번 분반 분위기가 좋은 편이라 하신걸로 보아 분위기 봐서 학점을 주시는게 아닌가 싶기도 하고.. 어떤 이유인진 잘 모르겠지만 모두가 만족하던 수업이 아니었나 싶습니다. 총평 과제 많고 퀴즈도 잦지만 강의력이 상당히 좋으시고 학점도 역대급으로 잘 주셨던 강의. 반제로 걸리시면 꼭 들으시길 바랍니다.",,,
42279-034,https://everytime.kr/lecture/view/42279,42279,신호및시스템,전병우,23년 1학기 수강자,5,수학적으로 증명하시는걸 굉장히 좋아하시는것 같으며 강의력이 정말 상당히 좋습니다. 사실상 신호라는 이름을 떼면 푸리에 변환만 하는 공학수학3 느낌이고 흥미를 못 느껴서인지 시험 성적도 형편없어서 재수강을 각오했지만 학점을 생각보다 너무 잘 주셔서 만족했습니다.,,,
42279-035,https://everytime.kr/lecture/view/42279,42279,신호및시스템,전병우,23년 1학기 수강자,5,"성균관대학교에는 신이 존재하며, 그 이름은 전병우다.",,,
42279-036,https://everytime.kr/lecture/view/42279,42279,신호및시스템,전병우,23년 1학기 수강자,4,과목에 열정 넘치시고 여러관점으로 설명해주셔서 강의자체만보면 최고이다. 다만 퀴즈를 거의 2주에 한번씩 치고 시험 난이도가 어렵다,,,
42279-037,https://everytime.kr/lecture/view/42279,42279,신호및시스템,전병우,23년 1학기 수강자,4,강의력은 정말 좋으시다. 손가락에 꼽힐정도로. 과제가 꽤 있긴한데 평소에 공부한다는 생각으로 하면 나쁘지 않다. 퀴즈나 과제점수를 항상 알려주시고 왜 틀렸는지 질문하는 시간을 따로 공지해주신다.,,,
42279-038,https://everytime.kr/lecture/view/42279,42279,신호및시스템,전병우,22년 1학기 수강자,4,한국어 강의라 이해는 어렵지 않습니다. 성적은 깐깐한 편.,,,
42279-039,https://everytime.kr/lecture/view/42279,42279,신호및시스템,전병우,22년 1학기 수강자,4,한글강의라서 그런지 훨씬 듣기 편하다. 다만 학점은 좀 짜게 줘서 별하나 깜,,,
42279-040,https://everytime.kr/lecture/view/42279,42279,신호및시스템,전병우,22년 1학기 수강자,4,교수님께서 젠틀하시지만 차가운 느낌이없지않네요 강의력은 좋으십니다.,,,
42279-041,https://everytime.kr/lecture/view/42279,42279,신호및시스템,전병우,22년 1학기 수강자,4,교수님 굉장히 열정적이심 다만 성적은 좀 깐깐하다.,,,
42279-042,https://everytime.kr/lecture/view/42279,42279,신호및시스템,전병우,22년 1학기 수강자,5,과제는 거의 없는 수준이지만 한 학기동안 4~5개 정도는 나온거같습니다. 문제를 그냥 푸는 과제도 있지만 증명하는 문제도 있어 내가 푼 답이 맞나 의심하면서 냈습니다. 아직도 제가 푼 답이 맞는지는 모르겠습니다. 시험은 중간 기말 두번쳤고 연습문제 풀 수 있는 정도면 풀만하다고 생각합니다. 그리고 증명 문제가 하나에서 두개 정도는 나오니 증명도 대비하는게 좋을 것 같습니다. 수업은 증명과 이해 위주로 진행하시나 시험은 빠른 계산을 요구하는 문제를 내십니다. 수업과 시험의 유형의 괴리가 있다고 생각되었습니다. 이것은 수업에서 요즘에는 시험문제를 증명같이 주르륵 쓰는 문제를 내면 학생들 반발이 심하다고 딱딱 풀 수 있는 문제를 내게 되었다고 말씀하셨습니다. 출결은 전자출결로 진행했지만 코로나 때문에 온라인 강의만 들어도 출석 인정해주셨습니다. 출결이 그렇게 큰 비중을 차지하는 교수님은 아닙니다. 결론적으로 교수님이 사람이 매우 좋으십니다. 강의력도 좋습니다 . 본인이 공부를 대충하고 성적 잘 받길 원한다면 원하는 성적을 못 받을 수 있으나 열심히 하면 한만큼 나오는 수업이라고 생각합니다.,,,
42279-043,https://everytime.kr/lecture/view/42279,42279,신호및시스템,전병우,22년 1학기 수강자,5,강의력이 굉장히 좋으십니다 본인 설명을 즐거워하시면서 해주셔서 즐겁게 수업을 들었습니다,,,
42279-044,https://everytime.kr/lecture/view/42279,42279,신호및시스템,전병우,22년 1학기 수강자,5,"실제로 강의 들었던 교수님 중 가장 본인 과목에 대한 애정이 넘치시고, 강의력도 정말 좋으십니다. 학점을 퍼주시는건 아니지만 적당히 잘 채워주시고 한학기동안 배워가는것도 많았습니다",,,
42279-045,https://everytime.kr/lecture/view/42279,42279,신호및시스템,전병우,22년 1학기 수강자,5,교수님이 강의를 정말 잘하십니다! 증명이 좀 있긴한데 수학적으로 식을 음미하는 것을 좋아하시는 분입니다. 중간중간 스몰 토크도 해주시는데 재밌어요! 얘전 강의평은 엄청 안좋은데 요즘은 보강도 없고 과제도 적어서 얻어가는거 많은 좋은 수업인 것 같아요! 추천합니다.,,,
42279-046,https://everytime.kr/lecture/view/42279,42279,신호및시스템,전병우,22년 1학기 수강자,5,강의력도 좋으시고 공부한만큼 성적을 받아갈 수있는과목이라 노력이 조금 필요한 과목,,,
42279-047,https://everytime.kr/lecture/view/42279,42279,신호및시스템,전병우,22년 1학기 수강자,5,한 마디로 갓입니다... 갓병우 교수님 설명도 정말 잘 해주시고 중간중간에 트래쉬토크도 재밌습니다ㅎㅎ 학생이랑 소통하는 걸 좋아하시고 퀴즈나 시험 난이도도 공부 조금만 하면 많이 쉬워요 가끔 계산 실수 하시는 모습도 귀엽습니다ㅎㅎ 저는 교재 연습문제 한 5-6문제만 2회독으로 풀고 A+ 받아갔습니다 반제면 행복해 하시고 아니면 꼭 주우세용,,,
42279-048,https://everytime.kr/lecture/view/42279,42279,신호및시스템,전병우,22년 1학기 수강자,4,"강의력은 거의 원탑, 교수님 자체가 수학적으로 접근을 엄청 잘하심. 예제풀이도 많아서 기본적인 문제풀이는 강의 듣고도 충분히 가능 과제는 증명하는걸 내주시는데 본인 개논리로 어떻게든 쌉소리를 써도 점수는 잘 주시는듯함 문제는 시험인데... 보통 5문제 나오는데 마지막 5번문제는 강의생 90퍼가 못푼다고 봐도 무방함 계산 실수 안하고 나머지 잘 풀어야될듯 근디 그 나머지도 강의에서 봤던 기본문제들보다는 확실히 어려움;;",,,
42279-049,https://everytime.kr/lecture/view/42279,42279,신호및시스템,전병우,22년 1학기 수강자,5,"강의력은 진짜 엄청 좋으십니다. 그 덕에 너무 재밋게 한 학기 들을 수 있어서 좋았지만, 시험은 가르쳐주시는 것과는 완전히 별개입니다. 따로 공부를 많이 해야할 거 같네요",,,
42279-050,https://everytime.kr/lecture/view/42279,42279,신호및시스템,전병우,22년 1학기 수강자,5,"발성과 딜리버리부터 심상치 않았는데 탁월한 개념설명과 적당한 예제 풀이, 중간중간 허를 찌르는 농담까지... 민교수님 유우종교수님 강의력 좋다하는 분들 많이 들어 봤으나 그중에서도 탑급 강의력인듯 과제도 오프로 해서 그런지 4갠가 3개 나옴 학점도 잘 주신거 같음",,,
42279-051,https://everytime.kr/lecture/view/42279,42279,신호및시스템,전병우,22년 1학기 수강자,5,반도체에도 이런 강의력을 가진 교수님이 있으면 좋겠다. 분명 던졌는데 학점이 이상하게 잘 나왔다. 병우형 사랑해요..,,,
42279-052,https://everytime.kr/lecture/view/42279,42279,신호및시스템,전병우,22년 1학기 수강자,5,제 뇌피셜 전전 교수님들 중에 강의력 세손가락 안에 듭니다.,,,
42279-053,https://everytime.kr/lecture/view/42279,42279,신호및시스템,전병우,22년 1학기 수강자,5,제 인생 최고의 수업입니다 교수님도 너무 친절하시고 강의력도 상당하십니다,,,
42279-054,https://everytime.kr/lecture/view/42279,42279,신호및시스템,전병우,20년 1학기 수강자,4,작은 과제들이 계속 있고 문제풀이 과제도 꽤 있음 강의 잘 하심,,,
42279-055,https://everytime.kr/lecture/view/42279,42279,신호및시스템,전병우,20년 1학기 수강자,5,강의력이 뛰어나십니다. 1학기때는 과제양도 많았지만 신호 및 시스템이라는 과목의 기본이 되는 원론적인 내용들을 고민하면서 많이 익힐 수 있었습니다. 강의 스타일은 원론적이고 기본적인 내용들을 중요하게 설명하시지만 시험에선 이것들을 잘 적용해서 계산도 잘 해낼 수 있는가도 보시는것 같습니다. 신호처리쪽 생각하시는 분들은 들어보길 권장합니다,,,
42279-056,https://everytime.kr/lecture/view/42279,42279,신호및시스템,전병우,20년 1학기 수강자,5,과제 조금 있다고 생각했으나 오히려 매주 나와서 따로 복습시간 안해도 과제를 위해 어쩔수 없이 복습하게 되어 좋았음 이전학기 강평들이 좀 무서웠으나 실제로 들어보니 좋았음 강의를 너무 이해하기 쉽게 잘해주심 학점도 잘 안준다는 소문이 있었으나 비율 다 채워주신 듯함,,,
42279-057,https://everytime.kr/lecture/view/42279,42279,신호및시스템,전병우,20년 1학기 수강자,4,"수강평중 가장 문제가 많기로 지적되는 것이 지나친 보강 문제인데, 이번에 온라인 수업이라서 그런지 보강이라는 개념이 없어서 좋았습니다. 과제는 솔직히 많긴 한데 이번에 온라인 강의 특성상 많을 수 밖에 없다는 것을 감안한다면 못할 정도까지는 아니긴 합니다. 학점은 꽤 무난하게 주셨습니다. 교수님의 가장 큰 장점으로 꼽히는 원리를 중심으로 설명을 잘하신다는 점인데, 확실히 신호및 시스템 과목 자체에 대한 이해도는 많이 얻어갔습니다. 근데 솔직히 시험은 좀 응용되서 나오는 편이라 쉽진 않았던 듯",,,
42279-058,https://everytime.kr/lecture/view/42279,42279,신호및시스템,전병우,20년 1학기 수강자,3,"1. 강의력 별 4.5개 국제어 강의지만, 정말 강의를 잘하십니다. 귀에 쏙쏙 들어오는 수업이고, 이러한 이론이 실제 engineering에 어디에 쓰이는지, 이것에 대한 의미는 무엇인지를 이해 시켜 주시려는 편입니다. ex) signal에서의 linear라는 의미는 무엇인지, function의 orthogonal에 대한 의미, function과 vector의 관계, 퓨리에변환에서의 X(jw)의 의미... 등등 이해가 잘 갔지만. 우선 제 느낌으로는 너~무 불필요하게 자세하게 설명한다는 느낌을 받을때가 많았습니다. convolution 설명할때는 저는 좀 지루했습니다. 나머지는 전부 만족스러웠습니다. 2. 학점비율 4.5점 반제수업이고, 코로나 학기였다보니, A비율은 다 채워주신것 같습니다. A+은 30퍼 A는 20퍼?? 정도로 예상합니다. Extra Homework를 내주시는데 무시할정도가 전혀 못되고, 과제에서 감점 잦으면 나중에 복구하기 힘들어집니다. 원래는 Quiz가 있다고는 하는데 코로나 학기여서 그거를 Homework형식으로 대신 내주셨습니다. 그것도 잘 챙겨야 종합 성적에서 고득점을 노릴 수 있습니다. 3. 시험에 대한 평가 2점 수업시간에 수식적으로 계산하는 예제도 해주시기도 했지만 수업시간의 구성은 거의 100% 이해에 초점을 맞춰서 수업하신거에 반해 시험문제는 100% 계산문제로 나와서 당황했습니다. 그리고, 시험문제는 총 5문제, 시험범위는 2, 3단원이었는데 정작 2단원 1문제 3단원 4문제가 출제되었고, 심지어 3단원 3문제는 시험 직전에 수업하신 맨 뒷부분에서만 출제하셨습니다. 그래서 앞부분 열심히 듣다가 뒷부분은 진도를 갑자기 팍팍 나가시는데 그때 안들으면 힘들었을것 같습니다. 저희는 persvals therom인가? 그거 증명하는 문제가 나오기도 했습니다. 계산의 난이도는 생각보다 난이도 높습니다. cos(x) * e^(x)와 같은것도 5분내로 실수없이 계산할 수 있게 하시는게 좋을듯 합니다. 4. 과제의 양 2점 진짜 너무많았습니다.... 매주 2개이상은 나온것같은데 코로나 학기여서 더더욱 그런것 같습니다. 정말 학생들의 자발적인 공부습관을 길러주시려고 애쓰시는 분 같았습니다. 왜 LTI system에서 e^(jwt)가 eigen function이 될수 밖에 없는지 Only English로 레포트 5장을 써내라는 과제는 좀 충격이었습니다. 중간대체 과제(?) 같은 성격으로 내신것 같지만 기타 다른 과제랑 배점이 동일했습니당 단순히 문제푸는 과제도 약하면 5~6문제고 심하면 30문제도 풀어오라고 했습니다. 조사해 오는것도 수업해주신 내용이 아니라 자신이 직접 조사해야하는 과제들도 있어서 쉽지않습니다.(wearable device의 심전도 측정의 원리 조사.... 등등) 근데 이런걸 다 챙겨야 A+을 받을 수 잇는듯 합니다. 총평 3점 강의력 ㅅㅌㅊ고 이해 잘가지만, 과제가 생각이상으로 너무많고 수업내용(이해, 생각)과 시험내용(빠른계산, 증명)과의 괴리가 조금 있습니다. 정말 통신쪽에 관심이 있으시면 괜찮은 선택이 될듯합니다.",,,
42279-059,https://everytime.kr/lecture/view/42279,42279,신호및시스템,전병우,20년 1학기 수강자,4,"이번학기 코로나여서 후하게 주신것같고 강의력은 정말 뛰어나십니다 솔직히 공수1,2 다른 교수님한테 들어서 퓨리에 관련 내용을 신시에서 처음 배워서 힘들었는데 이해 잘 시켜주셨습니다",,,
42279-060,https://everytime.kr/lecture/view/42279,42279,신호및시스템,전병우,20년 1학기 수강자,5,Good engineer 이 되기 위해 필요한 physical meaning 과 intuition 을 매우 강조하시고 그에 따라 강의하시는데 ㄹㅇ 전전 탑쓰리 안에 들만한 강의력!! 과제를 한 번씩 몰아서 내주실 때는 좀 힘들긴 했지만 수업 내용 이해하는데에 도움이 되는 과제들이었음... 열정 넘치셔서 한학기 동안 정규 시간넘겨서 강의하시고 과제9개 토론7개까지.. 엑스트라 과제까지 하라고 하시는건 무조건 다 하세요 엑스트라도 추가점수 들어갑니다! 시험은 교안 뿐만 아니라 책 예제+연습문제(예제 바로 아래 있는 문제들도) 보고 가면 좋을듯. 풀이를 빠르게 떠올리고 정확한 계산을 필요로 하는 문제들을 내심. 코로나 학점으로 14명 정도 에이쁠 주신 것 같은데 학점천사이기까지...✨ 갓병우 통신테크 탈사람들은 무조건 들어주세요!!!,,,
42279-061,https://everytime.kr/lecture/view/42279,42279,신호및시스템,전병우,20년 1학기 수강자,2,코로나학기입니다 과제는 정말 많고 그만큼 얻어가는 것은 어느정도 있지만 고생은 고생대로 하는 것 같습니다. 열정이 매우 넘치시지만 과제나 토론 채점에 대한 기준이 애매한 느낌이 있네요. 가장 열심히 참여할수밖에 없었던 과목이었고 다행히 시험을 적당히 쳐서 성적은 잘 나올 것 같지만 이렇게 고생해놓고 시험 미끄러지거나 과제나 토론에서 한개 미끄러져서 학점 잘 못받으면 너무너무 억울할 것 같습니다.... 교수님의 열정은 인정하지만 열심한 나머지 학생들은 어떻게 해야할지 모르겠는 강의.,,,
42279-062,https://everytime.kr/lecture/view/42279,42279,신호및시스템,전병우,20년 1학기 수강자,2,그냥 강의시간 넘기는 건 기본 은근슬쩍 금요일날 새로운 강의 하나 올리는 건 기본 과제 없는 주는 과제없다고 애글이랑 신났는데 담주에 과제 2배 이상 매주 과제 점수개깐깐 그냥 이번학기 이 과목때매 다른과목 제대로 못함,,,
42279-063,https://everytime.kr/lecture/view/42279,42279,신호및시스템,전병우,20년 1학기 수강자,3,잘가르치시는데 과제가 좀 있고 현강이었으면 보충수업 많이 하시는듯. 증명과정을 세세하게 적는 걸 요구하심.,,,
42279-064,https://everytime.kr/lecture/view/42279,42279,신호및시스템,전병우,20년 1학기 수강자,5,제대로 통신 테크탈 사람은 듣는거추천 관심없으면 안듣는거추천,,,
42279-065,https://everytime.kr/lecture/view/42279,42279,신호및시스템,전병우,19년 1학기 수강자,3,"영어를 엄청잘하시고 강의력 최강, 미친듯한 보강만 아니면 정말 좋은 과목",,,
42279-066,https://everytime.kr/lecture/view/42279,42279,신호및시스템,전병우,19년 1학기 수강자,4,시험이랑 퀴즈가 많긴 하지만 공부하긴 좋습니다,,,
42279-067,https://everytime.kr/lecture/view/42279,42279,신호및시스템,전병우,19년 1학기 수강자,4,국제어강의지만 영어구사능력이 매우 뛰어나셔서 쉽게 알아들을 수 있다. 계산보다는 원칙과 원리에 입각해서 설명하시는 스타일이나 시험이나 퀴즈스타일은 기본 문제(교재 예제)도 빠르고 정확하게 푸는 능력을 원하신다. make up클래스도 많으시고 시험직전에 진도를 다 못 끝내셔서 지난 학기 강의를 올려주시고 시험범위를 맞추셨다.,,,
42279-068,https://everytime.kr/lecture/view/42279,42279,신호및시스템,전병우,19년 1학기 수강자,5,이번학기 에쁠받은 사람으로써 그냥 강의력도 되게 좋으시고 좋은점은 끝나고 질문하면 되게 열정적으로 가르쳐주셔요. 퀴즈는 4번있도 어렵지않아요. 중간 기말도 절대 어렵지 않아요. 오히려 책 연습문제들보다 쉬워요. 한학기 감사했습니다!,,,
42279-069,https://everytime.kr/lecture/view/42279,42279,신호및시스템,전병우,19년 1학기 수강자,4,"강의력이 국제어인데도 다 알아들을 수 있을 정도로 좋으십니다. 덕분에 나름 많이 배워가는 수업이었던 것 같습니다. 퀴즈는 4번 있는데 크게 어렵지도 그렇다고 쉽지도 않은 무난한 정도입니다. 증명이나 계산 문제가 나옵니다. 과제는 19년도 1학기의 경우 총 2번 있었는데, extra homework이라고 해서 수업 내용을 깊게 공부하라는 의도로 과제를 내주시는데 제출은 자유지만 낼 경우 보너스 점수를 챙겨주십니다. 출석은 기본은 전자출결이지만, 교수님이 이따금씩 일일이 출석을 호명하시기도 합니다. 수업 시간에는 교수님의 실수에 대해서 말씀드리는 일이나 발표를 적극적으로 할 경우 추가 점수를 얻을 수 있습니다. 단점으로는, 이른바 make-up이라 불리는 보강이 너무 많습니다. 축제 때 잔나비 와서 노래부르는데 보강했었네요... 특히 이번 학기는 시험 직전에 진도를 다 못나가고 작년도 수업 때 촬영했던 아이캠 강의로 나머지 진도를 공부하라고 말씀하시기도 했습니다. 그리고 제 뇌피셜이긴 합니다만, 왠지 모르게 성격이 그다지 좋으신 것 같진 않습니다. 젠틀하고 유머러스하시지만 한 번 꼬이면 무서울 것 같은...",,,
42279-070,https://everytime.kr/lecture/view/42279,42279,신호및시스템,전병우,19년 1학기 수강자,3,강의력만 좋고 나머진 다 별로였다. 과제는 솔루션 베끼는게 답이다. 엑스트라포인트 생각보다 크니까 발표많이 하는게 이득이다. 엑스트라포인트 기준 없이 삘대로 주심 퀴즈4번보는데 이건 열심히 안해도 되는것같음 반제아니었으면 절대 안들었을 강의임,,,
42279-071,https://everytime.kr/lecture/view/42279,42279,신호및시스템,전병우,19년 1학기 수강자,3,비율 개깐깐함 시발ㅠ 비율 채워줬으면 비나 비쁠일텐데 씨플받음... 설명은 잘하시나 그걸 이해하는 학생은 몇없다 퀴즈 4번인건 장점이자 단점인거같아요,,,
42279-072,https://everytime.kr/lecture/view/42279,42279,신호및시스템,전병우,19년 1학기 수강자,2,강의력은 굉장히 좋으나 가장 불만스러웠던 점은 진도 다 못 끝내놓고 기말 전 주에 아캠 보충 강의까지 시험 범위에 집어넣어버림. 이게 또 양이 적은 것도 아니고 많아서 엄청 빡셌음. 학점도 비율 채워주시는 건지 모르겠다.,,,
42279-073,https://everytime.kr/lecture/view/42279,42279,신호및시스템,전병우,19년 1학기 수강자,3,"신호에 대한 기초적인 내용과 푸리에 변환에 대한 원론적인 내용을 배울 수 있어서 좋았습니다 그런데 추가점수에 대해서 좀 불만족스럽습니다 어떤날은 단순 오타 지적만 해도 추가 점수를 주시는데 어떤 날은 굉장히 중요한, 날카로운 질문이나 발표를 해도 그냥 넘어갑니다. 물론 추가점수라는게 교수님 주관대로 주는게 맞긴 하지만 수업 들어보시면 어떤느낌인지 이해하실겁니다 그리고 과재 채점 솔루션이 틀린 솔루션입니다",,,
42279-074,https://everytime.kr/lecture/view/42279,42279,신호및시스템,전병우,19년 1학기 수강자,3,영어로 수업하시는데 약간 원론적인 내용나오면 다들 멘탈 나감 엑스트라포인트는 사라져야한다,,,
42279-075,https://everytime.kr/lecture/view/42279,42279,신호및시스템,전병우,19년 1학기 수강자,1,진도를 다 못나가고 전년도 아캠강의로 보고 시험보라고 하는 레전드 이럴거면 시험을 보는 시간을 아껴서 진도를 나가던가 그렇게 보강이니 시험이니 원칙주의자인양 학생들 피폐하게 해놓고 이런 중요한 진도는 다 못나가는 레전드인 인간,,,
42279-076,https://everytime.kr/lecture/view/42279,42279,신호및시스템,전병우,19년 1학기 수강자,3,출결은 가끔 호명하시고 전출 씁니다 시험 중간기말 + 퀴즈4번 총 6번인데.. 기말고사 울고싶어요... 선배들이 투머치 메이크업 했을때 무슨소리인가 했는데 거의 뷰티유튜버 ㅎㅎ,,,
42279-077,https://everytime.kr/lecture/view/42279,42279,신호및시스템,전병우,18년 1학기 수강자,4,굉장히 명강의라는 느낌이 듭니다. 원리 위주로 하나하나 짚고 넘어가시는 스타일이라 저는 좋았어요! 근데 퀴즈랑 시험이 시간 엄청 부족하고 계산이 힘든 문제들이 나와서 진땀빼요ㅠㅠㅜ에이제로 나왔는데 계산 잘 못하는 저로서는 나름 만족! 교수님 진짜 잘가르치세용,,,
42279-078,https://everytime.kr/lecture/view/42279,42279,신호및시스템,전병우,18년 1학기 수강자,4,중간고사를 평균정도로 봤는데 기말을 잘봐서 에이쁠이나왔다. 개인적으로 ㄱㅊ은듯 열정이 매우넘치심 과목은 매우쉬운과목인데 투자는 많이한듯 문제질이좋아서 공부어중간히하면 다틀린다.,,,
42279-079,https://everytime.kr/lecture/view/42279,42279,신호및시스템,전병우,18년 1학기 수강자,3,쉬운편은 아님... 그래도 수업 열심히 듣고 나름 에이쁠받음..,,,
42279-080,https://everytime.kr/lecture/view/42279,42279,신호및시스템,전병우,18년 1학기 수강자,3,시험이 2번이라고했는데 퀴즈가 4번이다 시험이 6번같음 물론 그덕분에 중간기말할때는 편함 그래도 짜증나는건 마찬가지 보강수업은 이미 아래에서 수도없이 깠고 가르치시는건 잘 가르치시는데 학생들중에 제대로 잘 따라오는 사람들은 절반도 안되는듯,,,
42279-081,https://everytime.kr/lecture/view/42279,42279,신호및시스템,전병우,18년 1학기 수강자,1,한마디로 지친다 이렇게 해서 이 점수를 받는게 납득이 힘들다 참,,,
42279-082,https://everytime.kr/lecture/view/42279,42279,신호및시스템,전병우,18년 1학기 수강자,1,개 별로.. 조낸 깐깐하고 원칙주의자인것처럼 행동하시지만 막상 자기가 귀찮을만한 일들(과제 오답솔루션 같은 것들)에는 신경안쓰심 대답하거나 나가서 문제풀면 점수주는데 너무 형평성없음 그래서 추가과제 점수도 자기맘대로 비율적게하거나 함,,,
42279-083,https://everytime.kr/lecture/view/42279,42279,신호및시스템,전병우,18년 1학기 수강자,3,에쁠 받았는데 그 엄청난 수의 보강은 도저히 미화가 안된다. 교수님이 무척 잘가르치시긴 잘가르치신다. 지금까지 들은 전전 수업중 세손가락안에 들지 않을까?? 하지만 보강이 미쳤다. 과제는 이정도면 평타고 퀴즈도 비중 별로 안높아서 상관 없는데 보강이 7번인게 말이 되냐고............. 그 보강 참여 안하면 수업 따라가기도 힘들다. 성적은 깐깐하게 주는지 잘 모르겠지만 보강이 너무 힘들고 지치는 수업이었다. 보강이 반절만 되었어도 5점 드렸지 않을까? 배우는건 많았지만 너무 힘들고 지치는 수업이었다.,,,
42279-084,https://everytime.kr/lecture/view/42279,42279,신호및시스템,전병우,18년 1학기 수강자,3,이 수업 좀 많이 이상하다. 1. 숙제를 많이 내준다. 조교들이 채점을 하기 때문에 영어로 답을 작성해야 한다. 근데 문제는 솔루션이랑 실제 문제가 다른 경우도 있고 답이 틀릴 때도 많다. 그리고 조교들은 그 틀린 솔루션을 가지고 채점을 한다.. 조교들이 문제를 한번도 풀어보지 않는다는 것이다. 그리고 가장 납득이 안가는 점은 매 숙제 공지마다 솔루션을 배낀다는 식의 부정행위를 할 때마다 패널티를 크게 줄것이라 볼드체로 공지 되어 있는데 정작 조교들은 틀린 솔루션을 그대로 보고 채점한다. 당연히 솔루션을 그대로 배끼면 숙제는 만점이다. 2. make up 클래스가 너무 많은데 이걸 참가해야 한다. 출석의 문제가 아니라 저장해놓은 인강이 보기 힘든 수준이기 때문이다. 소리가 너무 작아서 이어폰 끼고 볼륨을 최대로 해도 간신히 들릴 때가 있었고 판서를 알아보는 것은 거의 식별만 가능한 수준이다. 수업을 공휴일에 하는 것도 납득이 안가고 여러모로 불만이 많을 수 밖에 없다. 3. 학점이 굉장히 이상하다. 납득하기가 힘들다 얼마나 채워주는지는 모르겟지만 국제어인데 일반 수업 만큼도 채워주는지 의문이 든다,,,
42279-085,https://everytime.kr/lecture/view/42279,42279,신호및시스템,전병우,18년 1학기 수강자,1,너무 make-up 클래스 많아서 부산스러움 그에 반해 시키는것도 많고 하는것도 많음 근데 국제어 비율 꽉 안채워줌 학점 짬,,,
42279-086,https://everytime.kr/lecture/view/42279,42279,신호및시스템,전병우,18년 1학기 수강자,1,강의를 잘하는지도 모르겠고 시험도 학점주는 것도 별로다,,,
42279-087,https://everytime.kr/lecture/view/42279,42279,신호및시스템,전병우,18년 1학기 수강자,3,Too Much MakeUp 과유불급이라고할수 있죠. 열정있고 강의력 있으시지만 학생들 시간을 좀더 배려해주셨으면. 혹은 아이캠 수업 영상이나 음질 올려주시면 좋겠음,,,
42279-088,https://everytime.kr/lecture/view/42279,42279,신호및시스템,전병우,18년 1학기 수강자,2,밑분에 공감.. 열정이 너무 과하세요.. 그 열정에 비례해서 과목에 애정도가 식어버림 이걸 이렇게까지 해야하나 싶음 채점도 깐깐하시면서 실수도 꽤 있으심 혼자공부하니 재밌게 느껴진 과목,,,
42279-089,https://everytime.kr/lecture/view/42279,42279,신호및시스템,전병우,18년 1학기 수강자,1,"좋다는 사람들도 있는데 개인적으로 투머치 하다고 생각함. 퀴즈보는날, 공휴일, 휴강안한날 까지도 만들어서 보강을 하고, 수업시간 풀이도 좀 과함. 무엇보다 맘에안드는건 추가점수에 대해 객관적이지 못한거같음. 수업시간에 대답한 사람 중 삘타면 뿌리는 추가점수가 각퀴즈 하나의 25점에 해당함... 마지막으로 학점 비율 채워주긴 무슨 국제어에 퀴즈4번에 과제에 Too much란 투머치는 다 하고도 나는 50퍼 비율 채워줄 생각 없다. 그건 내 곤조다 라는데, 이런 반제교수들 참 이해안감. 누가 플 비율을 채워달랬나 학교에서 지정한 등급 비율 선에선 달라는거지. 다른 반제 신시교수들은 50퍼 다 채워주는데 혼자 가오인가...;;",,,
42279-090,https://everytime.kr/lecture/view/42279,42279,신호및시스템,전병우,18년 1학기 수강자,5,"시험2번,퀴즈4번 퀴즈는 난이도 상당히 낮아서 부담없음. 시험은 수업잘들으면 크게 어렵지않지만 시간이부족할거임. 강의력 엄청뛰어나시고 열정적으로 설명해주심. 수업안하고 보충강의할때가 꽤 많음. 강의저장으로 올려주시긴하지만 가능하면 보강도 참여해서 듣는걸 추천함.",,,
42279-091,https://everytime.kr/lecture/view/42279,42279,신호및시스템,전병우,17년 1학기 수강자,5,강의력 탑급임; 수능강사급; 열심히 가르치는 교수님 첨봄;,,,
42279-092,https://everytime.kr/lecture/view/42279,42279,신호및시스템,전병우,17년 1학기 수강자,3,종이 돌려서 출첵 불러서 친구 있으면 꿀 빨기 가능. 대신 시험이 빡세니까 평소에 퀴즈와 과제 성실하게 해야됨,,,
42279-093,https://everytime.kr/lecture/view/42279,42279,신호및시스템,전병우,17년 1학기 수강자,1,열정적이고 강의력 좋고 다 좋은데 학점 깐깐하게 줍니다. 국제어강의 학점비율 다 안채워줘요 60명중에서 22등인가 했는데 B+받음 .. 학점이 중요하신 분들은 피하시길,,,
42279-094,https://everytime.kr/lecture/view/42279,42279,신호및시스템,전병우,17년 1학기 수강자,5,크.... 강의력 지리고 잘 설명해주시고 친절함 조교고 굿굿 학점 굿,,,
42279-095,https://everytime.kr/lecture/view/42279,42279,신호및시스템,전병우,17년 1학기 수강자,4,"교수님 개인사정으로 인한 정규수업시간 외 보충수업이 8번인가 있었는데, 잘 안듣게됨. 그래도 교수님이 참 열의를 갖고 끝까지 책임지는 모습을 보이신다. 퀴즈도 적절한 기간을 두고 보며, 학점은 꽉 채우진 않으시나, 짠 편은 아니다. 무난무난한듯. 수업의 질은 중상ㅡ상",,,
42279-096,https://everytime.kr/lecture/view/42279,42279,신호및시스템,전병우,17년 1학기 수강자,5,"킹갓황 교수님이다. 설명, 개념정리, 문제풀이 삼위일체시다. 체고조넘이시니 꼭 들어라.",,,
42279-097,https://everytime.kr/lecture/view/42279,42279,신호및시스템,전병우,17년 1학기 수강자,1,사람마다 다르겠지만 난 퀴즈 너무많이보고 메이크업강의 너무많이해해서 좀 그럼,,,
77948-001,https://everytime.kr/lecture/view/77948,77948,신호및시스템,정민영,26년 1학기 수강자,4,교수님의 이해됐나요 폭탄만 없으면 좋은 수업인듯. 수업 준비를 가장 열심히 하시는 교수님중 하나인 것 같다.,,,
77948-002,https://everytime.kr/lecture/view/77948,77948,신호및시스템,정민영,26년 1학기 수강자,4,과목 자체가 어렵긴 한데 한국말로 수업하시면 이해할 만함. 영어로 할땐 잘 들어야 이해됨. 교수님은 착하시고 문제도 교재랑 교안에서 대부분 내서 괜찮음,,,
77948-003,https://everytime.kr/lecture/view/77948,77948,신호및시스템,정민영,26년 1학기 수강자,4,매주 과제가 조금씩 있고 교수님이 영어를 잘 못하시지만 강의력이 괜찮습니다. 시험은 타임어택 느낌이 있습니다,,,
77948-004,https://everytime.kr/lecture/view/77948,77948,신호및시스템,정민영,26년 1학기 수강자,5,교수님께서 학생들이랑 소통하려 노력하십니다. 국제어 수업이지만 중요한 부분은 한국어로도 설명해주셔서 좋습니다. 과제는 매주 있지만 쉬워서 금방하고 시험도 적당한 난이도로 나오는 것 같아요.,,,
77948-005,https://everytime.kr/lecture/view/77948,77948,신호및시스템,정민영,26년 1학기 수강자,5,"일단 학교규정상 영어로 수업하시는데 그런 상황에서 친절하게 설명해주시고, 중요한부분은 한국어로 짚어주시면서 최대한 좋은 강의하려고 노력하셔서 좋은 수업입니다",,,
77948-006,https://everytime.kr/lecture/view/77948,77948,신호및시스템,정민영,26년 1학기 수강자,5,"매주 나오는 과제는 그냥 교재 연습문제 4개 정도 풀어서 내는거라 전혀 부담 없다. 중간고사 기준, 난이도가 높지도 않았으며 교재 연습문제와 강의 중에 중요하다고 말씀하신 부분에서 다 나왔다. 교수님께서 채점하실때도 부분점수 최대한 챙겨 주시고 좋게 주려고 하신 것 같다. 학생들 편의도 너무 잘 봐주신다. 한번은 수업 시간을 착각하셔서 15분 정도 늦게 마쳐주신 적이 있는데, 그 이후로는 오히려 10분 20분 정도 일찍 마쳐주시는 경우도 있다 GOAT 출석은 기본적으로 전자출결인데, 출튀는 절대 하면 안된다. 수업 중에 학생들이 나가면 그 재밌고 유머러스하고 착하신 교수님이 갑자기 무서워지신다.. 학점 또한 교수님께서 직접 말씀하시기를 잘 준다고 하셨으니 믿어봐도 되지 않을까 싶다.",,,
77948-007,https://everytime.kr/lecture/view/77948,77948,신호및시스템,정민영,26년 1학기 수강자,5,교수님이 개념 잘 설명해주시고 매 시간마다 매트랩으로 그래프도 같이 보여주셔서 이해하기 수월합니다. 시험은 교재 예제랑 연습문제 위주로 대비하시면 잘 볼 수 있어요.,,,
77948-008,https://everytime.kr/lecture/view/77948,77948,신호및시스템,정민영,26년 1학기 수강자,4,강의력은 잘 모르겟지만.... 인품이 좋으십니당,,,
77948-009,https://everytime.kr/lecture/view/77948,77948,신호및시스템,정민영,26년 1학기 수강자,5,"개념 위주로 설명해주시고. 올해부터 무슨 이상한 정책인지 뭔지는 모르겠으나 대부분의 전공 강의들이 국제어로 바뀌면서 좀 그렇긴 했으나, 국제어로 강의 녹화를 하신 후에도 한국어로 다시 설명을 해주시기 때문에 그런 부분은 그다지 걱정하지 않으셔도 될듯 합니다.",,,
77948-010,https://everytime.kr/lecture/view/77948,77948,신호및시스템,정민영,26년 1학기 수강자,5,"교수님이 너무 좋습니다. 다들 대답 잘 안해서 덩달아 대답을 안하게 되는데, 마음속으론 항상 대답하고 있습니다. 개념을 쉽게 설명해주시고, 눈으로도 볼 수 있게 해주십니다.",,,
77948-011,https://everytime.kr/lecture/view/77948,77948,신호및시스템,정민영,26년 1학기 수강자,4,교수님 인품이 좋으십니다. 수업시간은 개념 설명 위주로 해주십니다.,,,
77948-012,https://everytime.kr/lecture/view/77948,77948,신호및시스템,정민영,24년 2학기 수강자,4,교수님이 조금 깐깐하고 작은거에도 성질을 내시긴하지만 잘가르쳐주시고 수업준비를 열심히 하신다는것이 느껴집니다. 과제양은 매우 적습니다. 개념이해와 수식유도를 중점으로 예제 잘푸시면 시험 잘풀수있습니다. 그리고 출튀는 하지마세요! 계속잡으십니다,,,
77948-013,https://everytime.kr/lecture/view/77948,77948,신호및시스템,정민영,24년 2학기 수강자,5,"교수님이 열정적으로 가르쳐주셔서 좋았습니다. 출튀를 자주 잡으셨고, 시험은 과제나 예제와 같은 계산 문제 위주로 나왔던 것으로 기억핮니다.",,,
77948-014,https://everytime.kr/lecture/view/77948,77948,신호및시스템,정민영,24년 2학기 수강자,5,교수님께서 학생들 이해시키려고 노력하셔서 과목 자체는 어렵지만 그래도 괜찮았습니다 원서에 있는 문제 위주로 나오는 것 같아요 족보는 필수입니다,,,
77948-015,https://everytime.kr/lecture/view/77948,77948,신호및시스템,정민영,24년 2학기 수강자,4,출튀 아주 빡세게 잡음 시험 난이도 적당한 듯 본인은 족보 없이 공부했는데 족보 많아 탄다네요 강의력은 흠... 아쉬웠움,,,
77948-016,https://everytime.kr/lecture/view/77948,77948,신호및시스템,정민영,24년 2학기 수강자,5,항상 복습동영상 올려주시고 친절히 설명해주셔서 이해하는데는 무리가 없었습니다. 시험 역시 쉽게 내시는 편이라 열심히 공부한다면 좋은 성적 받을 수 있을 것 같습니다,,,
77948-017,https://everytime.kr/lecture/view/77948,77948,신호및시스템,정민영,24년 2학기 수강자,4,일단 교수님께서 강의를 잘하십니다. 강의도 다 올려주셔서 복습도 하기 좋고 과제는 매주 있으나 두세문제라 금방 풉니다. 미리미리 풀면 복습도 되고 정말 좋습니다.,,,
77948-018,https://everytime.kr/lecture/view/77948,77948,신호및시스템,정민영,24년 2학기 수강자,4,교수님이 잘 가르치시는 거 같다. 학점은 쁠이 짜신 듯. 족보 그대로 냄. 무조건 구할 것. 학기말에 출결 많이 잡았음. 호명도 많이 하고,,,
77948-019,https://everytime.kr/lecture/view/77948,77948,신호및시스템,정민영,24년 2학기 수강자,5,"교수님 친절하시고 강의 준비도 많이 하시고 매우 열정적으로 설명해주십니다 사람들 출튀하시는 것을 굉장히 싫어하시는데 출튀만 안하면 천사십니다 저는 좋았습니다 신시 기본 난이도가 좀 있어서 시험 얼마 전까지도 무슨 내용인지 잘 이해가 가지 않기는 하지만.. 예제 교안 연습문제 족보 증명에서 어디선가 봤던 문제가 출제되고, 또 교수님이 알아서 변별력있게 시험 출제 하시니까(나오지 않는 부분도 말해주십니다) 성실히 공부하시면 좋은 결과 있으실 겁니다 기말 성적을 알려주지 않으셔서 성적을 얼마나 잘 주시는지는 잘은 모르겠지만.. 저는 잘 받았고 결론적으로는 추천드리는 수업입니다",,,
77948-020,https://everytime.kr/lecture/view/77948,77948,신호및시스템,정민영,24년 2학기 수강자,5,"교수님이 칼같으셔거 좋았음 강의력은 좋으심 내용이 어려워서 그렇지,. 시험은 교재 예제문제 과제문제 정도로 나와서 성실하게만 하면 좋은 성적 받을 수 있음 출튀를 싫어하시니까 출튀는 하지마삼 자주 잡음",,,
77948-021,https://everytime.kr/lecture/view/77948,77948,신호및시스템,정민영,24년 2학기 수강자,5,과목 자체가 어렵다고들 하는데 솔직히 외울 식이 많은거지 어렵지는 않습니다. 시험도 교재 문제랑 교안 많이 보면 다 풀만합니다. 양이 많아서 많이 보는게 힘들 뿐....,,,
77948-022,https://everytime.kr/lecture/view/77948,77948,신호및시스템,정민영,24년 2학기 수강자,5,중간고사 이후로 수시로 출석 체크하십니다. 시험은 족보와 비슷하게 나옵니다.,,,
77948-023,https://everytime.kr/lecture/view/77948,77948,신호및시스템,정민영,24년 2학기 수강자,5,출튀하지 마세요 랜덤 부르십미다ㅠ 밀리지 말고 들으세요,,,
77948-024,https://everytime.kr/lecture/view/77948,77948,신호및시스템,정민영,24년 2학기 수강자,5,시험 전날 즈음 되서야 과목에 전반적인 이해가 이루어짐 과목 자체가 헬,,,
77948-025,https://everytime.kr/lecture/view/77948,77948,신호및시스템,정민영,24년 2학기 수강자,4,전반적으로 강의력이 좋으시지만 출결에 대해서 매우 엄격하시다,,,
77948-026,https://everytime.kr/lecture/view/77948,77948,신호및시스템,정민영,24년 2학기 수강자,5,어려워요 출튀하면 걸릴수 있어요 큰일날수도 있어요 근데 시험은 예제랑 연습문제에서 나와요 근데 어려워요,,,
77948-027,https://everytime.kr/lecture/view/77948,77948,신호및시스템,정민영,24년 2학기 수강자,5,신시에 전반적인 이해에 도움이 됨. 다만 수업 중 배우는 내용에 대한 이유를 설명해주시지 않는데 나름 찾아가는 재미가 있음,,,
77948-028,https://everytime.kr/lecture/view/77948,77948,신호및시스템,정민영,24년 2학기 수강자,5,신시 과목자체가 어렵긴한데 교수님은 좋으시고 강의에 대한 열정도 넘치십니다! 전자출결하고 출튀는 쫄려서 못해요 매번 눈으로 인원수 확인하시는듯,,,
77948-029,https://everytime.kr/lecture/view/77948,77948,신호및시스템,정민영,24년 1학기 수강자,4,"교수님께서 설명을 잘해주시는지는 솔직히 잘 모르겠지만, 그래도 열심히 설명해주십니다",,,
77948-030,https://everytime.kr/lecture/view/77948,77948,신호및시스템,정민영,24년 1학기 수강자,5,교수님 수업 잘하시고 상세함. 못했는데 성적도 잘 주셨네,,,
77948-031,https://everytime.kr/lecture/view/77948,77948,신호및시스템,정민영,24년 2학기 수강자,3,진짜 다좋은데 이해했냐고 계속 물어보시는거때문에 너무 힘들어요..,,,
77948-032,https://everytime.kr/lecture/view/77948,77948,신호및시스템,정민영,24년 2학기 수강자,4,교수님이 설명을 잘하시지만 개인적으로 공부할 시간이 더 필요하고 한국어 교재가 있으면 더 공부하기 편해요,,,
77948-033,https://everytime.kr/lecture/view/77948,77948,신호및시스템,정민영,24년 1학기 수강자,5,"신호및시스템이라는 과목 특성상 교수님의 강의가 어렵게 들리는 건 어쩔 수 없다고 봄 그래도 이 정도면 나쁘지 않다. 수업에서 했던 내용만 딱 시험에 내시고, 중간은 문풀 위주, 기말은 증명 위주로 내셨다 매주 과제가 있지만 3~5문제로 일주일을 주셔서 부담은 없다 교재에 있는 문제를 한 번씩 보고 가면 좋다. 시험 문제가 교재에서 다 나왔다. 근데 쁠을 쫌 짜게 주시는 거 같다 ㅠㅠ 아 그리고 “이해됐어요?” 이걸 디폴트로 10초마다 하신다",,,
77948-034,https://everytime.kr/lecture/view/77948,77948,신호및시스템,정민영,24년 1학기 수강자,4,시험은 수업하신 내용에서 주로 내시고 강의력은 나쁘지 않습니다,,,
77948-035,https://everytime.kr/lecture/view/77948,77948,신호및시스템,정민영,24년 1학기 수강자,5,교수님께서 수업에 대한 열정은 넘치심. 다만 그 열정을 따라가기에는 수업내용이 많고 어렵다. 수업에서 배운 개념에 대한 증명을 평소에 많이 연습해보시길 바람. 그러면 좋은 성적 받을 수 있음,,,
77948-036,https://everytime.kr/lecture/view/77948,77948,신호및시스템,정민영,24년 1학기 수강자,5,"생각보다 쉬운 시험, 기초에 기반한 준비 필요.. 다만 쁠이 짬",,,
77948-037,https://everytime.kr/lecture/view/77948,77948,신호및시스템,정민영,24년 1학기 수강자,5,교수님 엄청 친절하시고 하나라도 더 알려주시려고 한다 거기에 성적까지 잘 주심.. 갓갓,,,
77948-038,https://everytime.kr/lecture/view/77948,77948,신호및시스템,정민영,24년 1학기 수강자,5,"전전에서 제일 열심히 수업을 준비하는 교수 탑 5에 들지 않을까 싶음. 다만 수업 자체는 요즘 학생들 기준으로는 좀 거북할 수도 있음. 자꾸 이해했는지 계속 물어본다든지, 나때는~, 교육과정에 대한 소신발언 등등. 하지만 수강 태도 자체를 지적하는 일은 거의 없어서 대부분 졸거나 딴짓함. 시험은 본인이 책에 있는 문제(adv 제외)를 빠짐없이 교과서적으로 풀고 성질들을 교과서적으로 증명할 수만 있으면 딱히 어려운 건 아님. 근데 답안 서술에 좀 더 공들여서 공부할 필요는 있음. 답만 맞추는 식으로 공부했던 사람한테는 채점 기준이 조금 까다로울 수 있다고 생각함. 수업 난이도는 예습을 해오면 그렇게 문제될 건 없음. 오히려 수업 안 듣고 독학하면 더 힘든 길을 걷는 느낌임. 괜히 경계조건이나 수렴조건, pair의 존재성 같은 거에 목 매는 사람 수두룩함. 물론 본인도 이런거 잘 언급 안 해주셔서 아쉽긴 함.",,,
77948-039,https://everytime.kr/lecture/view/77948,77948,신호및시스템,정민영,24년 1학기 수강자,5,"수업에 굉장히 열정적이시지만, 열정적인 교수님의 설명에 나의 뇌가 따라가지 못한다는게 단점. 하지만 과목 자체가 좀 어려운 면이 있어서 그렇지 개인적으로는 좋은 교수님이었다고 생각함.",,,
77948-040,https://everytime.kr/lecture/view/77948,77948,신호및시스템,정민영,24년 1학기 수강자,5,과목 자체가 어려서워서 그렇지 강의 계속 들으면서 보면 충분히 이해 가능합니다. 생각보다 만족한 수업이에요!,,,
77948-041,https://everytime.kr/lecture/view/77948,77948,신호및시스템,정민영,24년 1학기 수강자,5,과목은 어렵지만 교수님은 상당히 열정적이십니다.,,,
77948-042,https://everytime.kr/lecture/view/77948,77948,신호및시스템,정민영,24년 1학기 수강자,4,수업 열정적이시고 중간중간 자료로 이해도 도와주십니다.,,,
77948-043,https://everytime.kr/lecture/view/77948,77948,신호및시스템,정민영,24년 1학기 수강자,5,교수님께서 열심히 설명해주려고 많이 노력하십니다. 강의평도 약간은 신경쓰시고 서운해하세요 ㅋㅋㅋ 과목이 정말로 어렵다보니 이해안되는 부분은 추가로 공부하셔야 합니다.,,,
77948-044,https://everytime.kr/lecture/view/77948,77948,신호및시스템,정민영,24년 1학기 수강자,5,정민영 교수님은 모든 시스템을 LTI system으로 치환할수있다.,,,
77948-045,https://everytime.kr/lecture/view/77948,77948,신호및시스템,정민영,24년 1학기 수강자,4,"신시라는 과목이 워낙 괴랄해서 그렇지, 교수님은 매트랩으로 개념 시각화해서 보여주시고, 나름 열심히 알려주려고 하십니다. 수업 전에 내용 한번 슥 보고 가면 훨 도움 되실거에요",,,
77948-046,https://everytime.kr/lecture/view/77948,77948,신호및시스템,정민영,24년 1학기 수강자,4,교수님이 최대한 잘 설명해주려고 노력하심 질문도 잘 받아주시고 강의 저장도 해주셔서 좋다,,,
77948-047,https://everytime.kr/lecture/view/77948,77948,신호및시스템,정민영,24년 1학기 수강자,4,과목은 어렵지만 교수님이 설명을 잘해서 좋아요,,,
77948-048,https://everytime.kr/lecture/view/77948,77948,신호및시스템,정민영,24년 1학기 수강자,5,"이해가ㅜ안되는데 이해가 갔냐는 질문을 항상 하셔서 일단 이해했다고 대답합니다,,,",,,
77948-049,https://everytime.kr/lecture/view/77948,77948,신호및시스템,정민영,23년 2학기 수강자,4,설명은 열정적으로 해주시나 과목 자체가 어려워 따라가는데 어려움이 있었어요ㅠ,,,
77948-050,https://everytime.kr/lecture/view/77948,77948,신호및시스템,정민영,23년 2학기 수강자,5,수업 열심히 해주시고 시험난이도도 적당한듯. 열심히 만 하면a+ 그냥 주심,,,
77948-051,https://everytime.kr/lecture/view/77948,77948,신호및시스템,정민영,23년 1학기 수강자,4,"과제는 부담안되고, 시험도 크게 어렵진 않습니다. 다만 과목 자체가 어려워서 저는 강의를 못따라갔습니다.",,,
77948-052,https://everytime.kr/lecture/view/77948,77948,신호및시스템,정민영,23년 1학기 수강자,3,교수님이 열정으 많으시나 성격이 조금 독특하심... 학점도 완전 잘 채워주시는건 아닌듯,,,
77948-053,https://everytime.kr/lecture/view/77948,77948,신호및시스템,정민영,23년 2학기 수강자,3,교수님 굉장히 시니컬하시고 예민하신부분 많은듯 인성쪽으로 좋은 이미지는 아니셨음 .. 그러나 성적은 나쁘지않은듯,,,
77948-054,https://everytime.kr/lecture/view/77948,77948,신호및시스템,정민영,23년 2학기 수강자,4,"수업: 현장에서 듣기에 아침이고 말씀하시는 속도가 좀 빨라서 힘들었습니다. 강의저장이라 다행이었습니다ㅎㅎ 시험: 중간고사는 챕터 뒤 연습문제와 예제에서 나왔다하고 기말고사는 교안안 증명, 예제에서 나왔습니다. 솔직히 내용 은 관심을 가지려고한다면 나름 괜찮긴한데 공식이나 수학증명 유도가 너무 길고 복잡해서 외우기 버거운면이 있긴합니다. 벼락치기보다는 미리 공부해서 익숙해지게 하는게 방법이 좋을 것 같네요. 과제: 주차마다 있고 솔루션도 다 있습니다. 한 과제당 4-5문제밖에 안되어서 편안했습니다. 출결: 4번까지 봐주십니다. 이건 진짜 좋아요. 전자출결이라 딱히 직접호명은 안하시는것같습니다. 학점: 이번에 잘주시고 비율채워주신다고 그러셨는데 저는 이정도면 괜찮게 주신거라고 생각합니다. 진짜 못해도 왠만큼은 주시는것같아요 ㅎㅎ 교수님 깐깐하시다고 해서 겁먹었는데 그정도는 아닌것같습니다",,,
77948-055,https://everytime.kr/lecture/view/77948,77948,신호및시스템,정민영,23년 2학기 수강자,5,"되게 정직하신 분인것 같습니다. 출튀 같은거 매우 싫어하십니다. 강의 처음들으면 무슨소리인지 모르겠는데, 녹화강의 다시 들으면 잘 이해되는 것보면 강의력보다는 과목자체가 어려운 과목인것 같습니다. 성적도 채워주시고 적당히 쁠 달아주셔서 잘 받았습니다.",,,
77948-056,https://everytime.kr/lecture/view/77948,77948,신호및시스템,정민영,23년 2학기 수강자,5,난 교수님 좋았는데 점수 넘 낮은거 보고 놀람 귀여우신데... 호불호 갈릴만한건 ㅇㅈ함 꼼꼼하신 성격이라 설명을 꼼꼼히 하시는 대신 큰그림이나 직관적인 부분은 부족하게 설명하시는것 같음 그래서 호불호 갈리나봄... 난 딴 신호처리 관련강의 병행으로 들어서 낫배드였음. 질문 없냐고 계속 물어보는게 싫다는 사람들 많은데 반대로 말하면 소통 잘되는 교수님이란 뜻임 ㅇㅇ 시험 전에 오피스아워도 공지해주심 글고 신시가 원래 어려워서 교수님 너무 내려치기 당하시는듯 근데 강평 꼴지라고 슬퍼하시는건 쫌 학생들이 너무하긴 한듯 전전에 이 교수님보다 악랄하신분 많은데... 그런 의미에서 현 강평이 너무 낮은것 같아서 4점 드리려다 5점 드립니다 교수님 화이팅,,,
77948-057,https://everytime.kr/lecture/view/77948,77948,신호및시스템,정민영,23년 2학기 수강자,1,이해됐는지를 너무 자주 강박적으로 물어보셔서 수업은 듣기 좀 힘들었습니다. 교수님 강의력도 성격도 별로였지만 그래도 과제 부담 적다는 것은 좋았습니다,,,
77948-058,https://everytime.kr/lecture/view/77948,77948,신호및시스템,정민영,23년 2학기 수강자,3,강의 잘하심 내가 수업을 안들음 학점은 나와봐야 알듯,,,
77948-059,https://everytime.kr/lecture/view/77948,77948,신호및시스템,정민영,23년 2학기 수강자,5,"솔직히 교수님 성격, 강의력 문제 있다고 생각들지 않았습니다. 수업 시간에 직관적으로 쉽게 이해할 수 있도록 자세히 설명해주십니다. 수업 전에 한 번 읽고 가면 수업 시간에 이해하는데 도움도 많이 됩니다. 이해 안 되는 부분은 다시 설명도 해주시고, 학생들에게 도움이 되는 말씀도 많이 해주십니다. 강의력도 좋으시고 저는 추천합니다!",,,
77948-060,https://everytime.kr/lecture/view/77948,77948,신호및시스템,정민영,23년 2학기 수강자,4,"중간은 문풀, 기말은 증명 위주로 나왔습니다 개인적으로는 강의교안에 필기하며 수업들을때보다 번역본 읽어보는게 더 이해가 잘갔습니다 이해됐냐고 계속 물어보시는데 매 수업마다 몇십 번씩 들으면 좀 힘듭니다 학점은 적당히 채워주신다고 하네요",,,
77948-061,https://everytime.kr/lecture/view/77948,77948,신호및시스템,정민영,23년 2학기 수강자,5,난 개인적으로 교수님 수업을 처음 들으면 잘 이해가 안됐다. 교재를 먼저 다 읽고 나서 교수님 수업을 아캠으로 들으니까 이해가 더 잘됐다. 개념을 잘 이해하면 시험은 어렵지 않음. 여기서 배운 내용이 물리학이나 다른 분야에도 많이 응용되는거 보고 되게 신기했다. 아무쪼록 신시 정말 중요하니 열심히 공부하시길.,,,
77948-062,https://everytime.kr/lecture/view/77948,77948,신호및시스템,정민영,23년 2학기 수강자,3,교수님이 말은 잘하시는데 수업은 못하십니다. 수업을. 여러번 반복해서 듣거나 따로 자습을 해야합니다.,,,
77948-063,https://everytime.kr/lecture/view/77948,77948,신호및시스템,정민영,23년 2학기 수강자,4,신호와 시스템은 어렵다는것을 다시 느낄 수 있었다,,,
77948-064,https://everytime.kr/lecture/view/77948,77948,신호및시스템,정민영,23년 2학기 수강자,5,교수님은 열심히 가르쳐주시고 친절하심. 과제도 그냥 책에있는문제 4문제 정도라 부담 없음. 그냥 신호및 시스템이 어려움,,,
77948-065,https://everytime.kr/lecture/view/77948,77948,신호및시스템,정민영,23년 1학기 수강자,5,"옛날 스타일 교수님. 한 묶음의 개념이 끝나면 예제 과제로 나옴. 시험 2번. 강의는 따라가기 힘드나, 그냥 자습하면 됨. 시험 난이도는 중간 따라 기말이 바뀌는데, 중간은 그냥 교안 + 예제 + 책 연습문제만 다 풀면 됨. 기말은 중간따라 설렁설렁할지 말지 결정. 수업은 견디기 좀 힘듬.",,,
77948-066,https://everytime.kr/lecture/view/77948,77948,신호및시스템,정민영,23년 1학기 수강자,1,반제 걸리면 드랍하는것을 추천합니다 수업도 별로고 무엇보다 교수님 성격이 좀 별롭니다,,,
77948-067,https://everytime.kr/lecture/view/77948,77948,신호및시스템,정민영,23년 1학기 수강자,5,신호 및 시스템에 대해 깊이 생각해볼 수 있었다.,,,
77948-068,https://everytime.kr/lecture/view/77948,77948,신호및시스템,정민영,23년 1학기 수강자,4,강의력은 제가 이해력이 모자란지 따라가기 힘들었어요 그래도 열심히 가르쳐주십니다 과제에서 시험 문제 비슷하게 나오고 한두 문제정도 변별력있게 나와요,,,
77948-069,https://everytime.kr/lecture/view/77948,77948,신호및시스템,정민영,23년 1학기 수강자,3,출석 4번까지 봐주시는거 너무 좋음 근디 시험은 개념을 확실히 알아야 풀수 있음,,,
77948-070,https://everytime.kr/lecture/view/77948,77948,신호및시스템,정민영,23년 1학기 수강자,4,"이해가 안돼요 교수님 흑흑 ""이해 돼 안돼""라고 물으실때마다 외치고 싶었어요 매 수업마다 예습복습 해가야 수업 겨우 따라갈 만 합니다 저는 그렇게 못해서 허덕댔지만... 솔직히 강의력? 우리학교 교수님 중 나쁜 편은 아니라고 생각 단지 신시라는 과목이 미친 난이도일뿐 시험 채점도 직접하실정도로 매우 꼼꼼하신 성격 이의제기 하러 들어간사람 중에 점수 바뀐사람 못봤음(꼼꼼?ㄲㄲ?) 넉살좋은 사람과 잘 맞으실거같아요",,,
77948-071,https://everytime.kr/lecture/view/77948,77948,신호및시스템,정민영,23년 1학기 수강자,3,과목도 어려운데 교수님 설명이 친절하진 않아 공부하기 힘들었음. 이쪽 길이 아니란걸 알게해 준 강의,,,
77948-072,https://everytime.kr/lecture/view/77948,77948,신호및시스템,정민영,23년 1학기 수강자,4,신호및 시스템이란 과목 자체가 어려워서 설명 잘하는 교수님 자체를 찾는게 어렵다 학생들과 소통을 하려고하시는게 보이고 열정적으로 수업해주신다 출석은 전자 출결과 종이로 체크를 복합적으로 하신다 시험은 예제만 진짜 열심히 풀어라 그리고 교안을 달달 외우는 것도 나쁘지않다 왜냐하면 시험이 누가 어려운 문제를 잘 푸느냐가 아니라 개념을 얼마나 정확하게 이해하고 있느냐이기 때문ㄱ이다 과제는 나름 한주에 3~4문제 정도이고 연습문제도 아니고 예제라 평이하다,,,
77948-073,https://everytime.kr/lecture/view/77948,77948,신호및시스템,정민영,23년 1학기 수강자,4,개인적으론 학생들에게 하나라도 더 알려주시려고 하시는거 같아서 좋습니다. 다만 과목자체가 익숙치 않아서 이해하기가 어려운것이 단점입니다.,,,
77948-074,https://everytime.kr/lecture/view/77948,77948,신호및시스템,정민영,23년 1학기 수강자,3,결석 4번까지 점수까이는거 없이 봐주신다. 수업을 열정적으로 하시지만 워낙 어려운 내용+ 열정과 다르게 가르치는 능력이 엄청 뛰어나시진 않은 교수님이라 과목 자체가 굉장히 어렵게 느껴진다. 본인 말씀으로는 학점 잘 주신다고 하지만 그냥 적당히 비율 채워주시는거 같다,,,
77948-075,https://everytime.kr/lecture/view/77948,77948,신호및시스템,정민영,23년 1학기 수강자,3,"보통의 공대 교수들은 수업 내용이 좋아도 말을 못해서 학생들을 못 이해시키는데, 이 교수님은 말은 잘하는데 내용이 별로라 이해하기 어려웠어요. 과제가 없다시피한데 이게 장점은 아닌거같네요. 반제라 눈물을 머금고 들었는데 이 분은 출결 반영 안하니 결석 좋아하는 분들께 추천합니다.",,,
77948-076,https://everytime.kr/lecture/view/77948,77948,신호및시스템,정민영,22년 2학기 수강자,5,"- 수업 매우 친절하게 잘 알려주셨다. 내용 하나하나 넘어갈 때마다, 학생들에게 모르는 것 있는지 질문은 없는지 계속 물어봐 주신다. - 과제 평균적으로 1.5주당 교재 4-5문제가량 풀어 온다. 부담X 이제 더이상 매트랩 프로젝트 과제는 없는 듯하다. - 시험 수업 교안 내용 (증명 내용 포함)과, 과제로 푼 문제, 교재 연습문제만 완벽히 풀 수 있으면 좋은 성적 받을 수 있다. 예전 강평에 족보 얘기가 좀 있는데, 지금은 아무 상관 없는 듯하다. (구할 수 있는 사람도 얼마 안될 듯하다.) 열공하자! - 성적 인원이 적어서였는지 자체 절대평가였고, 성적 차이가 많이 나는 구간에서 끊어서 주신다고 하셨다. 과목 자체가 어려워서인지 평균이 많이 낮았다.",,,
77948-077,https://everytime.kr/lecture/view/77948,77948,신호및시스템,정민영,22년 2학기 수강자,4,항상 모르는 거 있으면 질문하라하시고 모르는 눈치면 자신감있개 질문해도 됨. 시험은 어려운 거 2문제 정도? 과제는 단원 끝날 때마다 있고 연습문제라 쉬움!,,,
77948-078,https://everytime.kr/lecture/view/77948,77948,신호및시스템,정민영,22년 2학기 수강자,4,강의는 열심히해주시는편이다. 과제는 교재 예제와 연습문제로 한 ppt가 끝날때마다 내주신다.,,,
77948-079,https://everytime.kr/lecture/view/77948,77948,신호및시스템,정민영,22년 1학기 수강자,4,질문 다 받아주시고 설명도 열심히 해주신다. 기말 프로젝트전까지는 과제가 적고 시험도 무난하게 나옴.,,,
77948-080,https://everytime.kr/lecture/view/77948,77948,신호및시스템,정민영,22년 2학기 수강자,5,나름 만족하면서 듣는 중. 잘 가르쳐주시고 친절하심. 과제는 PPT 하나 끝날 때마다 3~5문제씩 교재 문제 풀어오기 있음.,,,
77948-081,https://everytime.kr/lecture/view/77948,77948,신호및시스템,정민영,18년 1학기 수강자,3,족보 없으면 안듣는걸 추천합니다... 시험문제가 어렵거나 한건 아닌데 족보가 있어서 평균이 매우 높음,,,
77948-082,https://everytime.kr/lecture/view/77948,77948,신호및시스템,정민영,18년 1학기 수강자,2,이 수업은 족보를 가지고 있는 LC 가 존재한다. 비공개로 지네들끼리만 돌리는 그 족보를 입수할수만 있으면 들어도되나 그렇지 않다면 많이 힘들것. 뭐 자기노력으로 에이쁠 받을수야 있겠지만 족보없을땐 다른 과목이랑 시간안배하기 쉽지않다는 말. 난 교수님 수업은 그런대로 괜찮게하신다고 생각하나 생각보다 족보 있고없고 문제가 큰 수업이었단 사실을 지울수가없다.,,,
77948-083,https://everytime.kr/lecture/view/77948,77948,신호및시스템,정민영,18년 1학기 수강자,4,프로젝트 프로그래밍 과제 부담이 많은데 점수 반영이 너무 적어서 참 난감함. 시험 1문제 더 맞추는게 훨씬 큼. + 잘 달아준다고 했으나 과연 그랬는지 의문이 듬. 교수님 성격이 약간 깐깐한편. 강의력은 영어로 들을만함. 본인이 열심히 공부한다면 얻는게 있을수도...,,,
77948-084,https://everytime.kr/lecture/view/77948,77948,신호및시스템,정민영,18년 1학기 수강자,3,"프로젝트때문에 힘들어요. 프로젝트로 프로그래밍하는거 하고, 비율은 작으니까 대충하세요. 기말볼때 4단원 열심히 했는데 별로 안나왔던거 같아요.. 그냥 푸리에만 열심히 연습하시면 될거예요.",,,
77948-085,https://everytime.kr/lecture/view/77948,77948,신호및시스템,정민영,18년 1학기 수강자,1,수업시간 5분전부터 출첵함. 정각에 들어왔는데도 왤케 늦냐함 아파서 결석해도 왜 아프냐고 뭐라하심 플젝 귀찮은데 비중 존나 낮음.. 버리고 시험공부하는게 이득임 학점 잘 주지도 않는거같음 여러모로 혼모노 겨수임,,,
77948-086,https://everytime.kr/lecture/view/77948,77948,신호및시스템,정민영,18년 1학기 수강자,2,플 왜 안달아주는거야....... 인성 ㅎㅌㅊ에 과제 졸라 많고 반제면 거르삼...,,,
77948-087,https://everytime.kr/lecture/view/77948,77948,신호및시스템,정민영,18년 1학기 수강자,3,아니 왜 +안달아줘? 아니 왜? 아니 대체 왜? 존나어이없네? 프로젝트 퀴즈 존재자체로 스트레스받지만 그만큼 반영비율도 적어서 더 스트레스받음 차라리 프로젝트 거르고 그시간에 공부하면 +달릴듯,,,
77948-088,https://everytime.kr/lecture/view/77948,77948,신호및시스템,정민영,18년 1학기 수강자,1,맨날 자기입으로 학점은 잘준다는데 잘안주던데??? 듣지마 그냥,,,
77948-089,https://everytime.kr/lecture/view/77948,77948,신호및시스템,정민영,18년 1학기 수강자,4,반제: 퀴즈2번 중간기말2번 과제 10번 (거의매주1개) 출석은 09시수업이면 08시 55분부터 오셔서 학생들을 찾기시작함 수업은 무난무난 학생들에게 관심도 많으셔서 중간끝날때즘이면 학생들얼굴이름거의다외움 시험은 생각보다 어렵게 나오는데 소스잇어서 사람들 다 잘봄,,,
77948-090,https://everytime.kr/lecture/view/77948,77948,신호및시스템,정민영,18년 1학기 수강자,2,"반제라서 그냥 들었는데 교수님이 성격이 이상해서; 살짝당황함. 평소에는 착하고 강의에 열정적이어서 배우는 것도 많고 좋은데, 가끔 교수님이 이상한 핀트에서 화나실때가 있음. 과제가 자주있지만 한 4문제씩?? 정도이고 프로젝트가 자필이라 좀 많이 빡침;; 근데 반제니까 그냥들어야함~~~",,,
77948-091,https://everytime.kr/lecture/view/77948,77948,신호및시스템,정민영,17년 1학기 수강자,3,강의력 별로고 학점도 잘주지는 않습니다. 성격도 좀..,,,
77948-092,https://everytime.kr/lecture/view/77948,77948,신호및시스템,정민영,17년 1학기 수강자,4,"열정있으신 좋은 교수님이라 생각하는데 몇몇 학생들이 '굳이 이런걸로 컴플레인을 걸어야 하나' 할 생각이 들 정도로 사소한 내용을 교수님께 몇가지 불만사항을 강의평가 때 제출해서 교수님이 좀 힘들어 하시는게 보였어요. 학생들 배려해서 영어로 설명해주시고 한국어로도 설명해 주시고 학생들이 따라가게 노력하셨는데 몇몇 학생들이 그게 좀 불편했나봐요. 수업 때 중요하다고 말하시는건 시험에 나오니까 잘 듣는게 중요해요. 라플라스, 특히 푸리에에 대한 내용이라 공학수학 들으셨으면 도움이 될 거에요. c언어 프로젝트는 첫번째건 쉬워서 괜찮았는데 두번째 프로젝트는 매틀랩도 같이 해야 해서 시간 투자를 좀 해야 해요.",,,
77948-093,https://everytime.kr/lecture/view/77948,77948,신호및시스템,정민영,17년 1학기 수강자,4,과제는 한주에 3문제정도 나가고 c언어 프로젝트 두번정도있음. 시험은 예제수준 문제에 어려운문제 두세문제가 섞여있음. 학점은 배율채워주시는 정도,,,
77947-001,https://everytime.kr/lecture/view/77947,77947,신호및시스템,김중규,26년 1학기 수강자,5,과제양이 쓸게 너무 많기는 함 시험은 강의에 비해 꽤나 쉬움,,,
77947-002,https://everytime.kr/lecture/view/77947,77947,신호및시스템,김중규,26년 1학기 수강자,3,후기보면 강의력 좋다고들 하는데 잘 모르겠음.. 근데 셤 자체는 쉬워서 고득점 가능함,,,
77947-003,https://everytime.kr/lecture/view/77947,77947,신호및시스템,김중규,26년 1학기 수강자,5,교수님 영어 발음을 좋으셔서 강의 듣기가 편했습니다. 과제는 많지만 공부에 도움이 많이됩니다.,,,
77947-004,https://everytime.kr/lecture/view/77947,77947,신호및시스템,김중규,26년 1학기 수강자,5,강의력이 굉장히 뛰어나시고 영어발음이 깔끔하십니다,,,
77947-005,https://everytime.kr/lecture/view/77947,77947,신호및시스템,김중규,26년 1학기 수강자,5,강의 잘하시고 족보를 많이 풀어보면 좋을거 같아요,,,
77947-006,https://everytime.kr/lecture/view/77947,77947,신호및시스템,김중규,26년 1학기 수강자,5,목소리가 너무좋으시고 온라인이지만 공부하게만드는 마법같은 교수님이십니다,,,
77947-007,https://everytime.kr/lecture/view/77947,77947,신호및시스템,김중규,25년 2학기 수강자,4,강의와 시험의 괴리가 너무 커서 들을 필요가 있나 싶음. 강의는 증명 위주인데 시험에 증명은 나오지 않아서 독학으로 문제 풀이만 익히는게 낫다고 생각함,,,
77947-008,https://everytime.kr/lecture/view/77947,77947,신호및시스템,김중규,26년 1학기 수강자,5,강의 참 잘하시는데 과제가 참.. 너무 많습니다,,,
77947-009,https://everytime.kr/lecture/view/77947,77947,신호및시스템,김중규,26년 1학기 수강자,4,수업 내용은 이론적인 증명 위주라 어려워요. 과제는 2주에 한번 정도 나오는거같은데 문제 양이 꽤 많아요.,,,
77947-010,https://everytime.kr/lecture/view/77947,77947,신호및시스템,김중규,25년 2학기 수강자,5,강의력 좋으시고 성적 무난하게 잘 주십니다 족보 공부하시면 좋습니다,,,
77947-011,https://everytime.kr/lecture/view/77947,77947,신호및시스템,김중규,26년 1학기 수강자,5,영어발음 좋아요 귀르가즘~... 그치만 저는 강의 안듣고 과제 위주로만 공부했어요!,,,
77947-012,https://everytime.kr/lecture/view/77947,77947,신호및시스템,김중규,25년 2학기 수강자,4,영어로 수업하시고 과제도 적당히 있습니다. 영어 잘하시면 듣기 좋을거에요,,,
77947-013,https://everytime.kr/lecture/view/77947,77947,신호및시스템,김중규,25년 2학기 수강자,5,"강의력만큼은 정말 최고이신데, 과목 내용이 워낙 어렵고 과제도 꽤 있는 편이라 각오는 하셔야 합니다. 대신 학점은 정말 잘 주십니다.",,,
77947-014,https://everytime.kr/lecture/view/77947,77947,신호및시스템,김중규,25년 2학기 수강자,5,온라인이라 편했고 족보 꼭 구해서 풀어보세요 간단한 한 페이지 분량 치팅시트 만들 수 있는데 문제풀이같은건 허용 안되고 개념만 적어갈 수 있어요,,,
77947-015,https://everytime.kr/lecture/view/77947,77947,신호및시스템,김중규,25년 2학기 수강자,4,교안이 잘 정리되어 있어서 공부하기 편합니다~~~,,,
77947-016,https://everytime.kr/lecture/view/77947,77947,신호및시스템,김중규,25년 2학기 수강자,5,수업 이해하기 어려움(수업내용 다 의론임) 근데 학점은 잘 나옴.,,,
77947-017,https://everytime.kr/lecture/view/77947,77947,신호및시스템,김중규,25년 2학기 수강자,5,수업도 잘하시고 이해가 잘 되네요. 시험도 무난하게 내시는 편인것 같아요. 중간 기말 평균보다 진짜 약간 잘본 점수였는데 A+나왔습니다.,,,
77947-018,https://everytime.kr/lecture/view/77947,77947,신호및시스템,김중규,25년 2학기 수강자,5,평균점수가 낮아서 중간 좀 잘보면 기말에 푸근함 성적은 보통으로 주시는듯 전면온라인이라 느슨해져서 나와의 싸움이 젤 힘들다,,,
77947-019,https://everytime.kr/lecture/view/77947,77947,신호및시스템,김중규,25년 2학기 수강자,5,교수님 영어가 아주 듣기편하고 수업은 증명위주로 원리를 알려주시는데 시험때는 그냥 결과 위주로 공부하면 쉬워요 학점도 잘 주시니 포기만 하지 마세요 족보는 매학기 교수님이 그냥 올려주시는 거 애들이 가져다 파는거니깐 친구들 잘 수소문 해서 구하세요 괜히 에타에서 비싸게 주고 사지말고 과제가 좀 많긴하지만 과제가 시험때 도움되긴하니깐 답지 무지성으로 베끼지말고 걍 공부하는 식으로 이해하면서 ㄱㄱ,,,
77947-020,https://everytime.kr/lecture/view/77947,77947,신호및시스템,김중규,25년 2학기 수강자,4,"교수님 강의가 너무 깔끔하고 영어도 유창하시고 과제도 딱 적당하고 시험도 과제처럼 나오는데, 한 가지 흠이 있다면 제가 너무 공부를 안했다는거~~ 거의 꼴지했는데 저 보다 안하는 사람들도 있더라구요..",,,
77947-021,https://everytime.kr/lecture/view/77947,77947,신호및시스템,김중규,25년 2학기 수강자,5,영어 강의이지만 이해가 잘되게 설명하심 수업은 증명위주이지만 시험은 문풀위주로 나옴 과제 충분히 혼자 풀줄 알고 족보 문제 위주로만 보면 시험 대비 충분함 생각보다 평균 낮아서 과제 열심히 풀면 좋은 성적 받을수 있다,,,
77947-022,https://everytime.kr/lecture/view/77947,77947,신호및시스템,김중규,25년 2학기 수강자,5,교수님 계신 방향으로 절하고 싶습니다 ... 제가 타과+영알못이라 1도 못알아듣겠어서 항상 시험 직전에 벼락치기로 독학해서 시험만 겨우 치고 나와서 c 받으면 어떡하지 걱정했는데 b+ 주셨어요 .. ㅠㅠ 정말 감사합니다. 듣고 나니 컨볼루션 합 관련 내용이 많이 나오네요 .. 한국어 수업이었다면 더 좋았을 거 같습니다.,,,
77947-023,https://everytime.kr/lecture/view/77947,77947,신호및시스템,김중규,25년 2학기 수강자,5,과목이 어렵지 과제는 할만하고 매트랩은 안해도 됩니다 학점 잘 주세요,,,
77947-024,https://everytime.kr/lecture/view/77947,77947,신호및시스템,김중규,25년 2학기 수강자,5,강의력 너무 좋으십니다. 강의가 좀 많이 길긴 한데 그래도 이 과목에 대해 흥미를 가질 수 있게 설명해주십니다. 영어도 아주 잘하세요.,,,
77947-025,https://everytime.kr/lecture/view/77947,77947,신호및시스템,김중규,25년 2학기 수강자,5,"전공이 전자전기공학부 학생이 아닌 수강생인데, 공업 수학을 몰라도 교수님께서 따로 수업 이해에 필요한 내용을 자세하게 설명해주셔서 별로 큰 문제가 안되었던 거 같습니다. 시험이 어렵긴 합니다만, 개념 자체가 어려운 편이어서 따로 시험을 꼬아서 내시지는 않는 거 같습니다. 평소에는 내주시는 과제로 문제 풀이 감각을 익혔고, 시험기간에는 족보를 구비해서 대비했던 거로 충분히 좋은 성적 받은 거 같습니다. 그리고 치트 시트에는 헷갈리기 쉬운 공식들 (주로 Fourier Series/Transform 관련) 적어서 가시면 충분할 거 같아요",,,
77947-026,https://everytime.kr/lecture/view/77947,77947,신호및시스템,김중규,25년 2학기 수강자,5,학점 잘주신다. 족보 은근 타는데 공부 안하면 쉽지 읺으실겁니다..,,,
77947-027,https://everytime.kr/lecture/view/77947,77947,신호및시스템,김중규,25년 2학기 수강자,5,설명을 되게 잘해주시고 시험도 족보 보고 치면 좋아요. 과제도 그렇게 많지 않고 학점도 잘 주시는거 같아요,,,
77947-028,https://everytime.kr/lecture/view/77947,77947,신호및시스템,김중규,25년 2학기 수강자,5,잘 가르쳐 주시는 교수님이십니다. 과목자체가 호락호락하지는 않아서 공부를 많이 하는게 좋습니다.,,,
77947-029,https://everytime.kr/lecture/view/77947,77947,신호및시스템,김중규,25년 2학기 수강자,5,영어 실력이 엄청 좋으십니다. 강의도 손에 꼽는 강의라고 생각합니다. 다만 강의와 시험이 괴리감이 있습니다. 그래도 시험이 강의 내옹만큼 어렵지는 않습니다. +기말고사는 전범위입니다.,,,
77947-030,https://everytime.kr/lecture/view/77947,77947,신호및시스템,김중규,25년 2학기 수강자,5,내용이랑 시험이 좀 괴리가 있음 하지만 점수를 참 잘주심,,,
77947-031,https://everytime.kr/lecture/view/77947,77947,신호및시스템,김중규,25년 2학기 수강자,5,과제는 많지만 푸는 과정에서 공부가 된다 거기에 치팅 페이퍼가 허용되어 생각보다 시험 기간의 공부량은 많지 않다. 개념만 정확히 이해하고 있다면 고득점을 받을 수 있도록 내신다,,,
77947-032,https://everytime.kr/lecture/view/77947,77947,신호및시스템,김중규,25년 2학기 수강자,5,과제 많고 어려운 과목 본인이 공부하는 만큼 성적받는 과목,,,
77947-033,https://everytime.kr/lecture/view/77947,77947,신호및시스템,김중규,25년 2학기 수강자,4,"과제가 좀 많다 , 근데 강의력이 좋아요! 과제의 스타일은 시험문제과 좀 다르다. 중간 시험에서 rect 함수 많이 나왔어요.",,,
77947-034,https://everytime.kr/lecture/view/77947,77947,신호및시스템,김중규,25년 2학기 수강자,5,온라인 강의라 듣기도 편하고 과제도 적당하게 내주십니다. 설명도 잘 해주시고 시험도 cheat sheet 한 페이지 분량 적어갈 수 있어 시험 준비도 수월하게 했습니다.,,,
77947-035,https://everytime.kr/lecture/view/77947,77947,신호및시스템,김중규,25년 2학기 수강자,5,가으이력 좋으십니더 온라인인데도 과제 적진 않음,,,
77947-036,https://everytime.kr/lecture/view/77947,77947,신호및시스템,김중규,25년 2학기 수강자,4,내 문제겠지만 양이랑 난이도가 너무 높음 영어 못하는 사람들은 진짜 아예 못들을 수준,,,
77947-037,https://everytime.kr/lecture/view/77947,77947,신호및시스템,김중규,25년 2학기 수강자,5,한번 밀리면 따라가기 벅찰 정도로 온라인 강의가 참 길지만 강의력은 좋으심,,,
77947-038,https://everytime.kr/lecture/view/77947,77947,신호및시스템,김중규,25년 2학기 수강자,5,강의가 길긴 하지만 강의력은 좋으십니다. 안밀리고 듣는게 좋아요..,,,
77947-039,https://everytime.kr/lecture/view/77947,77947,신호및시스템,김중규,25년 2학기 수강자,5,온라인이라 편하게 들었습니다. 매트랩도 필수제출이 아니라 안하고 과제도 적당히 솔루션 참고해 풀면됩니다,,,
77947-040,https://everytime.kr/lecture/view/77947,77947,신호및시스템,김중규,25년 2학기 수강자,5,무난하고 좋습니다 특히 온라인인게 아주 좋아요,,,
77947-041,https://everytime.kr/lecture/view/77947,77947,신호및시스템,김중규,22년 2학기 수강자,5,괜찮은 강의입니다. 무난합니다. 학점은 잘주시는편 같습니다,,,
77947-042,https://everytime.kr/lecture/view/77947,77947,신호및시스템,김중규,23년 1학기 수강자,4,정말 손에 꼽을 정도로 잘가르쳐주시나 메틀랩 지옥...,,,
77947-043,https://everytime.kr/lecture/view/77947,77947,신호및시스템,김중규,23년 1학기 수강자,4,매틀랩 과제 꼭 하시고 족보 꼭 구하시길 바랍니다.,,,
77947-044,https://everytime.kr/lecture/view/77947,77947,신호및시스템,김중규,23년 1학기 수강자,5,신시 과목 자체가 무척 어려운 건 차치하고 교수님 강의력과 수업 스타일이 매우 깔끔함. 현장은 선택적으로 출석했지만 온라인의 영어보다는 한국어로 듣는 게 좋을 것이기 때문에 귀찮아도 출석하기를 권장! 과제도 솔루션 보면 금방 하고 시험 족보는 무조건!! 구해볼 것을 당부함.,,,
77947-045,https://everytime.kr/lecture/view/77947,77947,신호및시스템,김중규,23년 1학기 수강자,5,"일단 이론적으로 설명을 잘해주셔서 이해하기가 매우 수월하고, 시험은 증명이 아니라 문풀로 나오기때문에 시험준비도 할만 했습니다. 다만 과제가 많고 어려워요",,,
77947-046,https://everytime.kr/lecture/view/77947,77947,신호및시스템,김중규,23년 1학기 수강자,5,"시험 문제는 사고력을 요하는 문제가 나오고, 문제 접근 방법들을 숙지하고 있으면 충분히 푸실 수 있어요 오프라인 수업은 가는 것을 추천드립니다. 교수님 강의력이 아주 좋으셔서 영어로 된 온라인 강의 듣는 것보다 훨씬 낫습니다.",,,
77947-047,https://everytime.kr/lecture/view/77947,77947,신호및시스템,김중규,23년 1학기 수강자,5,"강의력 좋으시고 증명위주의 수업을 진행하십니다. 문제풀이는 거의 안 하는 정도에요. 플립드 클래스라 영상으로 출석하고 현강시간엔 한국어로 강의 요약, 질의응답 합니다. 중간까진 강의 착실히 듣다가 기말부터는 그냥 출석만 했는데 솔직히 시험이 어렵게 나오지는 않아서 교안이랑 교재 적절히 보면서 과제 다 풀 수 있을 정도만 되면 충분할 것 같습니다. 매트랩 노베여서 매트랩 과제가 좀 어렵긴 했는데 다른 언어 경험 있으면 적당히 할 수 있습니다. 매트랩 과제진도가 영상강의 진도보다 빠른데 잘 모르겠으면 미리 다 올려주신 교안 찾아보면 방법이 나와있습니다.",,,
77947-048,https://everytime.kr/lecture/view/77947,77947,신호및시스템,김중규,23년 1학기 수강자,5,강의력: 매우 좋음. 노베이스여도 식의 의미와 유도 과정을 체득화할 수 있음 과제: 너무 복잡한 문제 몇개 제외하고는 풀만하고 그리 오래 걸리는 거 같지도 않음. 복습하는데 매우 도움이 됨 시험: 깔끔. 이번 학기는 중기말 둘 다 무난하게 내심 매트랍 과제: 맽랩 노베에 군 복학하고 오랜만에 코딩해서 좀 어려웠는데 신시 기본 개념과 코당 실력 좀 있으면 금방 할 듯? 대충 구현하면 만점 주는 듯,,,
77947-049,https://everytime.kr/lecture/view/77947,77947,신호및시스템,김중규,23년 1학기 수강자,5,교수님 영어 너무 잘하시고 강의력이 매우 좋음 과제가 좀 많고 매트랩이 빡세긴 한데 그래도 잘가르쳐주셔서 좋아요,,,
77947-050,https://everytime.kr/lecture/view/77947,77947,신호및시스템,김중규,23년 1학기 수강자,5,받은학점 : A+ 강의력 goat 수업 열심히 듣고 기출 4개년치 사서 공부하세요 과제문제는 수식 어려운거 빼고 공부하세요 전 매트랩 하나도 안하고 던졌습니다,,,
77947-051,https://everytime.kr/lecture/view/77947,77947,신호및시스템,김중규,23년 1학기 수강자,5,강의력 너무 좋으시고 학생들이 많이 얻어가기를 진심으로 바라시는 참 교수님. 온오프 혼합인데 온라인 영어 강의 후 오프로 한국어 강의하십니다. 오프 출석 점수는 없지만 매주가시면 시험기간에 편하실거에요 이해가 아주 잘 됩니다. 과제는 많지만 시험 공부 한다 생각하시면 됩니다.,,,
77947-052,https://everytime.kr/lecture/view/77947,77947,신호및시스템,김중규,23년 1학기 수강자,5,교수님은 너무 좋으십니다. 강의는 영어 강의이지만 오프라인 수업 때 한국어로 요약수업을 해주셔서 잘 못알아듣겠는 분은 그 때 가시면 좋을 것 같아요. 시험은 깔끔하다는 것 같고 과제도 시간이 오래 걸리고 매트랩 과제가 좀 많이 있었지만 교수님이 너무 좋으셔서 어떻게 버틸 수는 있던 수업이었습니다.,,,
77947-053,https://everytime.kr/lecture/view/77947,77947,신호및시스템,김중규,23년 1학기 수강자,5,교안이 매우 깔끔하다. 하지만 기출을 많이 탄다,,,
77947-054,https://everytime.kr/lecture/view/77947,77947,신호및시스템,김중규,23년 1학기 수강자,5,교수님이 젠틀하시고 수업도 잘하십니다. 중간고사 난이도가 그렇게 어렵지않았고 예제 열심히풀면 될거같아요. 매트랩 과제가 조금 어려웟습니다,,,
77947-055,https://everytime.kr/lecture/view/77947,77947,신호및시스템,김중규,23년 1학기 수강자,4,강의력 좋으시고 교안도 깔끔하고 얻어가는 것도 많아요 하지만 강의량이랑 필기량이 엄청 많습니다,,,
77947-056,https://everytime.kr/lecture/view/77947,77947,신호및시스템,김중규,23년 1학기 수강자,5,수업 내용과 교안 매우 좋지만 교안에 그래프는 따로 정리되어 있어서 같이 보기가 귀찮다. 과제 많지만 풀 수 있을만큼 풀어서 내도 점수를 주신다.,,,
77947-057,https://everytime.kr/lecture/view/77947,77947,신호및시스템,김중규,23년 1학기 수강자,5,학점은 아직 모르지만 강의력 짱 조으세요 근데 매트랩 과제가 선넘음,,,
77947-058,https://everytime.kr/lecture/view/77947,77947,신호및시스템,김중규,22년 1학기 수강자,5,+은 꽉 채워주시진 않지만 적당히 주시는듯 강의력은 엄청 뛰어나심,,,
77947-059,https://everytime.kr/lecture/view/77947,77947,신호및시스템,김중규,22년 1학기 수강자,5,"개념 위주의 수업이고 교수님이 영어, 설명 모두 잘하셔서 이해도 쉽습니다.",,,
77947-060,https://everytime.kr/lecture/view/77947,77947,신호및시스템,김중규,22년 1학기 수강자,5,교수님이 강의를 잘 하십니다. FT 와 FS를 원리부터 유도해주시는데 이해에 도움이 많이 됩니다.,,,
77947-061,https://everytime.kr/lecture/view/77947,77947,신호및시스템,김중규,22년 1학기 수강자,5,무지막지한 길이로 올라오는 강의영상에 처음에는 좀 벅차긴 하지만 시험문제도 예제만 풀 수 있으면 잘 풀리고 학점도 잘 따갈 수 있습니다.,,,
77947-062,https://everytime.kr/lecture/view/77947,77947,신호및시스템,김중규,22년 1학기 수강자,4,강의력도 좋으시고 학점도 잘 주시는 편입니다. 과목자체가 좀 어려웠는데 과제 꾸준히 해서 수업을 따라가는데 도움이 되었던것 같습니다,,,
77947-063,https://everytime.kr/lecture/view/77947,77947,신호및시스템,김중규,22년 1학기 수강자,5,강의 잘 하시고 중간에 왜 강의하는지 모르는 부분이 있긴한데 과제 풀 정도만 되면 시험 잘 볼 수 있어요,,,
77947-064,https://everytime.kr/lecture/view/77947,77947,신호및시스템,김중규,22년 1학기 수강자,5,"강의력은 좋습니다, 하지만 증명위주의 영어수업이라 저는 따라가기 힘들었어요 그리고 과목 자체가 너무 어이없습니다 전전과목 중 전자기학과 1,2등을 다투는 머리아픈 과목",,,
77947-065,https://everytime.kr/lecture/view/77947,77947,신호및시스템,김중규,22년 1학기 수강자,5,강의력 최강 그 유명한 유투버보다 나음 백배나음 진짜 교안이 그림이 따로라 조금 보기 불편했는데 그거빼면 나머진 다좋았음 평균이 낮아서 좀만 공부해도 평균은 넘음 과제하면서 문풀 연습도 다되고 학점 잘주심. 진심 잘주심.,,,
77947-066,https://everytime.kr/lecture/view/77947,77947,신호및시스템,김중규,22년 1학기 수강자,5,교수님 수업 엄청 잘하시고 시험 문제도 매우 합리적이고 좋습니다. 수업 할때 딱 집중해서 잘 듣고 과제 열심히 풀다보면 이 과목에 대한 감이 잘 옵니다. 은근 학생들 포기도 많이 하고 평균 높지 않아서 좀만 하면 학점 잘 받아가실수 있어요.,,,
77947-067,https://everytime.kr/lecture/view/77947,77947,신호및시스템,김중규,22년 1학기 수강자,4,수업을 굉장히 잘가르치십니다 영어도 거의 원어민수준 수업이 증명위주라 호불호가 갈릴듯 하다만 이해하기 쉽게 설명해주셔서 좋았습니다,,,
77947-068,https://everytime.kr/lecture/view/77947,77947,신호및시스템,김중규,22년 1학기 수강자,5,수업을 정말 잘하십니다. 기본적으로 이전에 들었던 공학수학을 많이 까먹어서 따라가는데 힘들까 했었는데 설명을 정말 친절하게 잘해주셔서 이해가 잘되었습니다.,,,
77947-069,https://everytime.kr/lecture/view/77947,77947,신호및시스템,김중규,22년 1학기 수강자,4,영어 잘하셔요 근데 과제 많음. 매틀랩은 자율적으로 하면 됨.,,,
77947-070,https://everytime.kr/lecture/view/77947,77947,신호및시스템,김중규,22년 1학기 수강자,3,국제어치고 교수님이 영어를 잘하셔서 알아듣기 좋았다. 증명과정 등 수업을 꼼꼼히 하신다. 문제푸는 방법만 터득하면 시험 잘 볼수 있다,,,
77947-071,https://everytime.kr/lecture/view/77947,77947,신호및시스템,김중규,22년 1학기 수강자,4,국제어 수업으로 발음은 좋음. 하지만 한번에 2시간씩 강의를 올리셔서 듣기 힘듬.,,,
77947-072,https://everytime.kr/lecture/view/77947,77947,신호및시스템,김중규,22년 1학기 수강자,5,강의력이 굉장히 뛰어나시고 영어발음이 깔끔하십니다,,,
77947-073,https://everytime.kr/lecture/view/77947,77947,신호및시스템,김중규,20년 1학기 수강자,5,강의력이 굉장히 좋으십니다. 국제어 수업인데 영어 발음이 굉장히 좋으셔서 집중하기 좋습니다. 시험은 중간은 쉽게 나왔었는데 기말이 전범위인데다가 난이도 있는 내용들이 추가돼서 어려웠습니다.,,,
77947-074,https://everytime.kr/lecture/view/77947,77947,신호및시스템,김중규,21년 1학기 수강자,5,"성적: A+ <수업> 강의력 세계관 최강자라고 봐도 무방할 정도로 매우 좋으십니다. 준비된 교안이며 추가로 공부해보라고 주시는 자료들이며 교수님의 짬바로 이미 그 무결성에 의심에 여지가 없습니다. 국제어 수업으로 영어도 매우 유창하신 편입니다. 학점 채워주시는 지는 잘 모르겠습니다. <과제> 와 이거 좀 많습니다. 이게 단순히 많으면 그냥 하겠는데 어렵습니다. 신호및시스템에서 배우는 내용 자체가 FS, FT인데 이거 가지고 제대로 문제 푸는 트레이닝을 경험하게 됩니다. 솔직히 전 좀 힘들었네요 다만 과제점수가 매우매우매우 미약하여 시험으로 성적이 갈린다고 생각하면 됩니다. <시험> 뭐 당연한 얘기지만 기본 개념 바탕으로 과제를 혼자 힘으로 해내셨다면 당황하지 않는 이상 시험은 아마 문제 없을 겁니다. 다만 이제 난이도 조절이 들어가게 되면 허허....이번학기 기말이 그러했던 것 같은데 시험 끝나고 나면 아 이걸 왜 못 풀었지? 시간 많았음 풀 수 있을 거 같은데 하는 문제들이 많았네요 한 문제를 완벽하게 풀 생각을 하셔야 합니다. 시험 성적이 곧 학점이기 때문에 실수 용납이 안되는 과목이에요",,,
77947-075,https://everytime.kr/lecture/view/77947,77947,신호및시스템,김중규,21년 1학기 수강자,5,과제가 좀 많습니다. 거의 매주 있는듯. 수업은 굉장히 잘하시고 영어 발음도 좋으십니다. 시험문제도 잘내시는데 부분점수는 짜게 주시는것 같습니다.,,,
77947-076,https://everytime.kr/lecture/view/77947,77947,신호및시스템,김중규,21년 1학기 수강자,5,"개인적으로 굉장히 만족스러웠던 수업. 내가 좋아하는 스타일의 수업임. 신호시스템 내용에는 개념들 뿐만 아니라 다양한 수식이 많이 나오는데 이 수업에서는 그 수식이 나오게 된 배경, 증명들을 해주신다. 다만 그게 시험에 직접적으로는 나오지않음. 증명 외울필요없이 정리들의 결과만 알고 있어도 된다는 뜻. 시험때 치팅페이퍼가 있어서 그 정리들마저도 억지로 안외워도됨. 시험문제는 푸리에 위주의 계산문제가 다수있고 개념문제도 소수 있었음. 무엇보다 영어발음이 굉장히 좋으심.",,,
77947-077,https://everytime.kr/lecture/view/77947,77947,신호및시스템,김중규,21년 1학기 수강자,5,"강의가 빈 곳 없이 채워서 하는듯한 느낌이지만, 그렇다고 나쁜것은 아님 강의력 괜찮으시고 영어발음이 좋음 학점은 꽤 맞춰서 후하게 주시는듯하며 치팅페이퍼1장 허용을 하심. 그러나 고득점을 바라면 치팅페이퍼 안 보고 풀수있어야할듯",,,
77947-078,https://everytime.kr/lecture/view/77947,77947,신호및시스템,김중규,21년 1학기 수강자,4,반제로 수강했는데 강의는 워낙 영어를 잘하셔서 이해하기가 쉬웠고 수업만 잘 들으면 시험은 난이도가 그렇게 높지 않아 할만하다고 생각함. 하지만 실수한번이면 학점이 많이내려가니 주의해야함. 중간은 평균 50정도 됬고 기말은 36정도 됐다.,,,
77947-079,https://everytime.kr/lecture/view/77947,77947,신호및시스템,김중규,21년 1학기 수강자,5,강의다운 강의다 Pdf파일로 수업을 하시고 과제는 책에서 낸다 과제를 많이 풀어보면 시험을 잘 볼 수 있을 것이다 시험이 과제와 똑같진않지만 과제를 풀어보며 접근법을 익히면 잘 풀수있다 a4치팅시트를 잘 활용하연 복잡한 수식들은 치팅시트에 빼곡히 적는다면 시험을 준비할 때 실제로 과정들만 외우는거라 신호와 시스템이 어떤 의미를 가지는지 알수있다 a는 50프로 채워주며 전체적으로 만족스러웠다,,,
77947-080,https://everytime.kr/lecture/view/77947,77947,신호및시스템,김중규,21년 1학기 수강자,5,"한학기 온라인으로 수강했지만 교수님의 강의력 덕분에 깔끔하게 잘 들었습니다. 21년에도 correlation은 시험에 안나옵니다. 과제의 due date를 한 학기 시작 전에 미리 공지해주시는데, 양도 많을 뿐더러 due date가 포함된 주차의 강의를 들어야 풀 수 있는 문제가 대부분인 과제가 두개 있어서 미리 공지해준게 큰 의미가 없었습니다. 안 밀리려면 과제는 미리 해놓는걸 추천합니다. 다른 분반처럼 매트랩에 고통받지 않아서 다행이었다고 생각합니다. 시험은 거의 계산문제만 나왔고 계산문제 관련된 수업과 연습문제를 풀어보면 충분히 풀 수 있을만한 문제가 나왔습니다. 개인적으로 수능문제 푸는 느낌이라서 시험시간이 조금 부족했습니다. 반제수업으로 듣는다면 진짜 운 좋다고 생각하시고 열심히 들으시면 좋은 점수 나옵니다. 비율은 코로나학기 다 채워주시고 에쁠 25프로, 에이 50프로 채워주십니다.",,,
77947-081,https://everytime.kr/lecture/view/77947,77947,신호및시스템,김중규,21년 1학기 수강자,5,수업: 국제어 강의지만 영어 발음이 워낙 좋으셔서 귀에 쏙쏙 박힘. 차근차근 이해하기 쉽게 정말 잘가르쳐주심. 강의력 5점 과제: 이번학기는 매틀랩 과제 없이 연습문제 풀이 과제 6개가 나옴. 과제마다 문제 수가 많고 계산이 더러워서 오래걸림. 계산 연습하는 느낌이 강함. 과제 3점 시험: 중간고사는 계산 실수만 안하면 충분히 잘 볼 수 있을 정도로 쉬웠으나 평균은 생각보다 다소 낮게 나옴(50점). 기말고사는 중간 보단 어려웠지만 수업에서 핵심이 되는 부분만 나와서 수업 잘 들었으면 푸는데 큰 어려움은 없었다고 생각함. 결과가 아직 안나와서 모르겠지만 평균은 30후반~40초반으로 예상. 시험문제는 연습문제 처럼 더러운 문제는 안나오고 깔끔한 문제만 나옴. 시험 5점,,,
77947-082,https://everytime.kr/lecture/view/77947,77947,신호및시스템,김중규,21년 1학기 수강자,4,영어 발음 원어민 뺨 후려치시고 수업 잘하심 과제가 엄청 남,,,
77947-083,https://everytime.kr/lecture/view/77947,77947,신호및시스템,김중규,21년 1학기 수강자,5,영어 발음이 좋아서 강의 듣기 가 좋다 교수님도 좋으시고 하지만 과제가 좀 많으시다 그래도 이 수업을 듣게 되었다면 운이 좋으신 거다,,,
77947-084,https://everytime.kr/lecture/view/77947,77947,신호및시스템,김중규,20년 1학기 수강자,5,교수님 정말 젠틀하시고 영어 발음이 너무 좋아 수업에 집중하기가 쉽다. 내용도 정말 깔끔하고 이해하기 쉽게 설명해주신다. 이메일 답장도 빠르신 편. 시험도 공부한 만큼 볼 수 있다,,,
77947-085,https://everytime.kr/lecture/view/77947,77947,신호및시스템,김중규,20년 1학기 수강자,5,"여태 들었던 한국인교수님 영어발음 중에는 가장 부드럽게 들렸습니다. (제 귀에만 그럴 수도 있습니다.) 한 학기동안 커버하는 내용이 많아 강의영상 길이가 꽤 길었습니다. 매트랩 과제는 없었지만, 과제를 직접 푸는 입장에서는 양도 많고 계산도 쉽지않아 전반적으로 힘들었습니다. 중간고사까지는 continuous 푸리에 급수 및 변환에 대해 다루고, 기말에는 중간범위 + discrete 푸리에 급수 및 변환에 대해 다룹니다. 활용으로 파워나 에너지 등등 까지 다뤄서 시험공부하는데 꽤 양이 많아 버거웠지만 실제 시험에서는 출제되지는 않았습니다. 시험문제는 어려운 편은 아니지만, 계산실수 하기 쉬우니 평소 과제 직접 풀면서 계산 많이 해보시길 권장합니다.",,,
77947-086,https://everytime.kr/lecture/view/77947,77947,신호및시스템,김중규,20년 1학기 수강자,5,이번학기는 맽랩과제가 없어서 편하게 들었습니다. 강의력 온라인으로 듣기엔 좋았는데 현강이면 더 힘들거같다는 느낌입니다. 배운내용에 비해 시험에 나온 내용은 훨씬 적어서 쉬웠습니다.,,,
77947-087,https://everytime.kr/lecture/view/77947,77947,신호및시스템,김중규,20년 1학기 수강자,5,"(온라인 학기이고, 윤석호 교수님 분반을 김중규 교수님이 이어받아 진행하였습니다.) 강의는 이론에 대한 꼼꼼한 설명과 증명, 중요한 예제풀이입니다. 온라인이지만 학습에 불편함이나 부족함이 없었습니다. 숙제는 책의 예제 풀이인데 어렵지는 않지만 시간이 오래걸리는 복잡한 문제들이 많습니다. 시험은 계산위주의 문제가 많고, 개념확인 문제도 조금 섞여있습니다. 다만 계산문제도 개념이 튼튼하게 잡혀있어야 빠르게 풀 수 있습니다. 숙제만큼 복잡하고 오래걸리는 계산은 출제하시지 않습니다. 시간 안에 충분히 풀 수 있게 출제하십니다. 시험에 참조메모 A4용지 1면을 사용할 수 있습니다. 복잡한 공식 등을 적어놓으시면 큰 도움이 됩니다. 학점은 매우 잘 주십니다.",,,
77947-088,https://everytime.kr/lecture/view/77947,77947,신호및시스템,김중규,20년 1학기 수강자,4,"윤석호교수님 분반이었다가 사라져서 여기로 오게됨. 때문에 과제와 기말고사로만 평가가 됨. 과제는 책문제 풀기, 시험도 연습문제 수준으로 나옴. 강의에서는 매우 많은 것을 가르치시지만 시험은 연습문제 수준이니 참고할것. 학점은 잘주시나 강의가 너무 일방적으로 가르치시는(?) 방식임.",,,
77947-089,https://everytime.kr/lecture/view/77947,77947,신호및시스템,김중규,20년 1학기 수강자,3,올해는 과제가 문제풀이밖에없어서 좀 편했음 시험은 가르치는 내용에 비해 나온 부분이 엄청 적어서 공부한 보람은 없었음,,,
77947-090,https://everytime.kr/lecture/view/77947,77947,신호및시스템,김중규,20년 1학기 수강자,4,"강의는 괜찮음 가르쳐주는 내용에 비해 시험에 나오는 것은 한정되어서 시험공부 하기도 쉬움 근데 과제가 많음(문제 더러움,오래걸림) , 올해는 매트랩 안했음",,,
77947-091,https://everytime.kr/lecture/view/77947,77947,신호및시스템,김중규,19년 1학기 수강자,4,과제가 헬인데 학점은 행복 과제 포기하고 시험공부나 하세요,,,
77947-092,https://everytime.kr/lecture/view/77947,77947,신호및시스템,김중규,19년 1학기 수강자,4,시험은 중간 때 너무 어려워서 기말 때 좀 쉽게 내주신 것 같구요 거의 매주 매트랩과제와 문제 풀이 과제가 있는데 이게 너무 힘듭니다 매트랩은 대충하시고 문제풀이는 시험대비용으로 생각하고 푸시면 될 듯합니다 국제어라 학점은 잘 주심,,,
77947-093,https://everytime.kr/lecture/view/77947,77947,신호및시스템,김중규,19년 1학기 수강자,4,영어를 굉장히 잘하셔서 국제어임에도 강의력이 굉장하십니다. 다만 matlab과제가 거의 매주 있다는점. 근데 과제는 비율이 적어서 대충해도 상관없습니다.,,,
77947-094,https://everytime.kr/lecture/view/77947,77947,신호및시스템,김중규,19년 1학기 수강자,4,이제까지 한 수업중에 과제 가장 많았습니다. 그래도 수업은 이해하기 쉽게 잘 가르쳐 주시고 학점도 잘 주시기 때문에 수업에 좀만 집중하시면 에이쁠 가능!,,,
77947-095,https://everytime.kr/lecture/view/77947,77947,신호및시스템,김중규,19년 1학기 수강자,4,학점 진짜 잘 주십니다. 거의 꼴찌 가까워서 에프만 면하자...했는데 비 실화냐? 하지만 과제랑 플젝때문에 학기 중에 머리빠짐,,,
77947-096,https://everytime.kr/lecture/view/77947,77947,신호및시스템,김중규,19년 1학기 수강자,3,과제 플젝 개많음 ㄹㅇ 학기중에는 신시때문에스트레스오지게받아서 머리많이빠짐 시험은중간개어려워서 조졌는데 기말좀쉽게내주셨더라 그냥과제솔루션베끼고 플젝 엘씨애들거참고해서내고 셤공부만열심히 ㄱㄱ,,,
77947-097,https://everytime.kr/lecture/view/77947,77947,신호및시스템,김중규,19년 1학기 수강자,4,MATLAB 과제 포기하고 시험 올인ㄱㄱ ㄹㅇ 이게 가성비 공부법,,,
77947-098,https://everytime.kr/lecture/view/77947,77947,신호및시스템,김중규,19년 1학기 수강자,4,교수님 스타일 좋고 목소리 좋고 강의력 최고 지만 과제와 플젝이 파도처럼 쏟아짐 성적 잘 주시지만 솔직히 수강생 전부 A받아 마땅할만큼 고생합니다,,,
77947-099,https://everytime.kr/lecture/view/77947,77947,신호및시스템,김중규,19년 1학기 수강자,4,교수님의 강의력은 매우 좋습니다. 영어로 강의하심에도 불구하고 구체적으로 잘 설명해주십니다. 다만 과제가 매우 많습니다. 문제풀이 과제의 경우 교재가 옛날 교재다보니 문제와 답이 매우 지저분합니다. 시험때 문제풀이 과제 내용이 도움이 되니 열심히 풀어보시기 바랍니다. 추가로 매트랩 과제가 있는데.... 하다보면 익숙해집니다. 신호및시스템 과목 특성상 어쩔 수 없는것 같습니다. 3학년 1학기 여러분 화이팅하시기 바랍니다.,,,
77947-100,https://everytime.kr/lecture/view/77947,77947,신호및시스템,김중규,19년 1학기 수강자,4,과제가 많습니다. 거의 매주 매틀랩 과제가 있는데 보고서 내용은 많이 안보는거 같습니다. 강의력은 좋으십니다. 시험은 문제풀이 과제로 나오는 문제들이랑 책에 나오는 문제 위주로 준비하세요.,,,
2893300-001,https://everytime.kr/lecture/view/2893300,2893300,디지털통신,서효운,26년 1학기 수강자,5,스탠딩 코미디를 보는 듯한 유쾌한 수업과 함께 강의력이 정말 좋으십니다. 부담없이 통신을 배울 수 있는 좋은 강의 감사합니다.,,,
2893300-002,https://everytime.kr/lecture/view/2893300,2893300,디지털통신,서효운,26년 1학기 수강자,5,"교수님이 학생들과 소통을 잘하시는 편이고, 설명을 정말 잘하십니다.",,,
2893300-003,https://everytime.kr/lecture/view/2893300,2893300,디지털통신,서효운,25년 1학기 수강자,5,교수님 스윗하시고 좋으시네요. 절평이라 널널합니다,,,
2893300-004,https://everytime.kr/lecture/view/2893300,2893300,디지털통신,서효운,25년 1학기 수강자,5,교수님이 엄청 너그러우심 교안이 양 많은거 교수님도 이해해주시고 필요한 부분에 대해서 딱딱 수업땨 집어주심,,,
2893300-005,https://everytime.kr/lecture/view/2893300,2893300,디지털통신,서효운,25년 1학기 수강자,5,꿀 그 자체 스윗 그 자체 절대평가인데 점수가 널럴함,,,
2893300-006,https://everytime.kr/lecture/view/2893300,2893300,디지털통신,서효운,25년 1학기 수강자,5,교수님이 너무 좋아요 학생 편의도 많이 봐주시고 쿨하세요 어려운 내용이지만 집중해서 들으면 이해는 되는 거 같아요 시험도 합리적으로 내주시고 너무 좋아용 👍,,,
2893300-007,https://everytime.kr/lecture/view/2893300,2893300,디지털통신,서효운,25년 1학기 수강자,5,처음에는 뭘 배우는지 감이 잘 안잡혔는데 듣다보니 꽤 유익했다 강의력도 괜찮으시다 선이수 과목 안들어도 따라갈만 하다 학점 매우 잘주신다,,,
2893300-008,https://everytime.kr/lecture/view/2893300,2893300,디지털통신,서효운,25년 1학기 수강자,4,"어려운 내용을 최대한 핵심만 쉽게 가르치시려고 노력하신다. 그래서 처음엔 강의가 이상하게 느껴졌지만, 다시 복습하며 듣다보면 이해가 되는 수업이었다. 변조 복조 관련하여 Matlab과제가 있었고 시험은 내신다고 한 부분에서 다 나와서 편하게 공부할 수 있었다. 학점은 학기 내내 잘줄거라고 하셔서 얼마나 잘 주실지 궁금하다.",,,
2893300-009,https://everytime.kr/lecture/view/2893300,2893300,디지털통신,서효운,25년 1학기 수강자,5,일단 과목 자체는 너무 어려웠다... 기본적인 베이스가 없었기 때문에....그래도 교수님 아주 나이스 하심. 전체적으로 학생들 배려 많이 해주십니다.,,,
2893300-010,https://everytime.kr/lecture/view/2893300,2893300,디지털통신,서효운,25년 1학기 수강자,5,교수님 재밌으시고 학생들 편의를 위해 최대한 배려해주십니다. 학기 중에 과제도 따로 없고 성적도 최대한 잘 주시려 노력하시는 것 같습니다.,,,
2893300-011,https://everytime.kr/lecture/view/2893300,2893300,디지털통신,서효운,25년 1학기 수강자,5,학점은 아직 안 나왔지만 교수님 유쾌하시고 최대한 학생들 배려해주십니다 이번이 성대에서 첫 강의셔서 시험 정보 없고 통신 과목이다 보니 학기 초에 걱정 많이 했는데 중간고사 때는 이전 학교 기출 올려주시고 기말 때도 문제 올려주셔서 시험 공부 하는 데 도움 많이 됐습니다 동영상 강의 늦게 들어서 결석 처리 돼도 일주일 내로 들었으면 출석으로 바꿔주셨습니다 과제도 매트랩 프로젝트인데 쉽지는 않지만 마감 기한을 성적 입력 기간쯤으로 잡아주셔서 공부하는 데 부담되지 않습니다 절대평가로 학점도 잘 주시고 싶어 하시는 것 같습니다 교수님 미담만 쓰게 되네요… 이번 학기 과목 중에 제일 만족스러웠던 강의였습니다 저는 통신쪽 진로는 아니지만 관심 있으시면 꼭 들어보시는 걸 추천드립니다,,,
2893300-012,https://everytime.kr/lecture/view/2893300,2893300,디지털통신,서효운,25년 1학기 수강자,4,일단 오프라인 강의를 한 적이 별로 없어서 강의력은 잘 모르겠음 시험은 난이도가 있지만 점수를 잘 주려고 하시는 듯 하다,,,
2893300-013,https://everytime.kr/lecture/view/2893300,2893300,디지털통신,서효운,25년 1학기 수강자,4,강의력은 잘 모르겠으나 학생들을 많이 배려하는게 보임 시험은 난이도가 있는편,,,
42358-001,https://everytime.kr/lecture/view/42358,42358,제어공학기초,국태용,26년 1학기 수강자,3,퀴즈 중간중간 보시고 강의력은 그렇게 좋은 것 같지 않음,,,
42358-002,https://everytime.kr/lecture/view/42358,42358,제어공학기초,국태용,26년 1학기 수강자,5,솔직히 나쁘지아늠. 강의 잘 못하시긴하는데 뭔가 잘 못가르치시는데 이해가 잘됨. 신기함ㅇㅇ 그리고 교수님 성격 좋으심,,,
42358-003,https://everytime.kr/lecture/view/42358,42358,제어공학기초,국태용,25년 1학기 수강자,4,강의력은 ㅈㅈ라 수업만으로 이해하기 어렵고 독학이 하셔야합니다. 퀴즈 비중이 높아서 준비하셔야 하고 시험은 주로 연습문제 기반이라 문제 많이푸시면 됩니다. 배움은 모르겠고 성적 잘주셔서 좋습니다,,,
42358-004,https://everytime.kr/lecture/view/42358,42358,제어공학기초,국태용,25년 1학기 수강자,1,"퀴즈 반영 비율 높음 강의 실력도.. 듣기 힘듬 출석은 랜덤 날짜로 부르시는데, 전자 출결도 반영하시니 이 점 유의해야함 시험 3번으로 체크한 이유는 퀴즈 2번의 비율이 중간고사랑 비율이 똑같기에",,,
42358-005,https://everytime.kr/lecture/view/42358,42358,제어공학기초,국태용,25년 1학기 수강자,3,시험 거의 연습문제에서 나오는데 다 잘봐서 고득점해야 성적 잘 나옵니다,,,
42358-006,https://everytime.kr/lecture/view/42358,42358,제어공학기초,국태용,25년 1학기 수강자,3,학점을 잘 주시는 편은 아닌 것 같은데 제가 열심히 안해서 할말이 없습니다 ㅠ 노력한 만큼 학점 받는 정직한 쉅,,,
42358-007,https://everytime.kr/lecture/view/42358,42358,제어공학기초,국태용,25년 1학기 수강자,4,교안 열심히 보고 공부하면 공부한 만큼 성적 나오는 것 같아 만족합니다.,,,
42358-008,https://everytime.kr/lecture/view/42358,42358,제어공학기초,국태용,25년 1학기 수강자,1,학점 너그럽지 않습니다. 퀴즈 반영비율 높으니까 하나라도 못보면 A어려울수도 있어요 공부 잘하시길,,,
42358-009,https://everytime.kr/lecture/view/42358,42358,제어공학기초,국태용,25년 1학기 수강자,2,제어공학 수업을 들었다는 흔적을 남기고 싶으시면 추천드립니다. 그리고 수업시간엔 다른 과제 하시고 유튜브에 같은 교재 사용하는 제어공학 강의 좋은거 많으니깐 그걸로 복습하시면 됩니다.,,,
42358-010,https://everytime.kr/lecture/view/42358,42358,제어공학기초,국태용,25년 1학기 수강자,1,강의력이 매우 좋지 않고 수업 내용이 영양가 없습니다. 과제는 따로 없는데 퀴즈가 두번있고 꽤 비중있습니다. 그냥 시험 네번이라 생각하면 되겠습니다.,,,
42358-011,https://everytime.kr/lecture/view/42358,42358,제어공학기초,국태용,25년 1학기 수강자,1,수강신청 망해서 이거 듣느니 그냥 잔디밭에서 주무세요.,,,
42358-012,https://everytime.kr/lecture/view/42358,42358,제어공학기초,국태용,25년 1학기 수강자,1,"본인이 정치에 입문할 생각이 있다거나 나라의 안정을 도모할 생각이 있으면 이 수업을 들으시길 추천합니다. 국내 정치의 어지러운 상황을 개탄하시며 수업을 시작하십니다. 강의력은 처참하며, 시험문제는 도통 제대로 배우지 못한 아니 듣도보도 못한 곳에서 나올 수도 있습니다.",,,
42358-013,https://everytime.kr/lecture/view/42358,42358,제어공학기초,국태용,25년 1학기 수강자,1,여기서 강의평 보고 계시다면 도망치세요. 본인이 수강 신청 경쟁률 때문에 한 과목쯤은 포기해도 괜찮은 사람이라고 할지라도 이 과목은 피하세요.,,,
42358-014,https://everytime.kr/lecture/view/42358,42358,제어공학기초,국태용,25년 1학기 수강자,1,독학할거 아니면 다른 과목 들으세요 수업을 전혀 들을수 없다,,,
42358-015,https://everytime.kr/lecture/view/42358,42358,제어공학기초,국태용,23년 1학기 수강자,3,"시험은 그냥 교안에서 나오는 데로 나왔고, 강의력은 정말 힘듭니다... 독학하세요 그래도 성적으로 치료되는 그나마 위안이 되는 과목",,,
42358-016,https://everytime.kr/lecture/view/42358,42358,제어공학기초,국태용,23년 1학기 수강자,4,강의가 잘 안들림 -> 잘 듣고 싶다면 앞자리로 가야함 독학하는게 나을 수준의 강의력이라고 생각됨 학점은 잘 주시니 낫배드,,,
42358-017,https://everytime.kr/lecture/view/42358,42358,제어공학기초,국태용,24년 1학기 수강자,4,오픈북이라서 그냥 보고 해도 되지만 기말때는 책에 없는 문제인것 같았어요 오픈북이라서 조금만 공부해도 좋은 성적 받을수 있을겁니다 퀴즈 두번 시험 두번 이었습니다!,,,
42358-018,https://everytime.kr/lecture/view/42358,42358,제어공학기초,국태용,24년 1학기 수강자,3,생각보다 성적짬 그리고 다들 솔루션 빼겨서 확실히 성적 안 나옴,,,
42358-019,https://everytime.kr/lecture/view/42358,42358,제어공학기초,국태용,24년 1학기 수강자,2,공부 안 하고 적당히 학점 얻어가기 좋음 다들 솔루션 베껴서 생각보다 성적이 잘 나오진 않았습니다,,,
42358-020,https://everytime.kr/lecture/view/42358,42358,제어공학기초,국태용,24년 1학기 수강자,3,강의력은 기대하시면 안됩니다. 학점은 그럭저럭 잘 주시는듯 해요,,,
42358-021,https://everytime.kr/lecture/view/42358,42358,제어공학기초,국태용,24년 1학기 수강자,2,어디 배우고 있는지만 확인하고 교재 연습문제 열심히 하세요. 기말고사만 연습문제에서 못봤던 문제가 나왔습니다. 참고하세요. 학점 잘 주십니다. 수업은 안들었습니다. 아니 못들었어요.,,,
42358-022,https://everytime.kr/lecture/view/42358,42358,제어공학기초,국태용,24년 1학기 수강자,1,강의 알아듣기 힘듬(내용만 어려운게 아니라 그냥 말에 두서가 없으심). 강의 영상 안올려줌. 교안만 봐서는 이해불가. 모든 시험 오픈북. 대놓고 솔루션 베껴도 못잡음. 절대 듣지 마라.,,,
42358-023,https://everytime.kr/lecture/view/42358,42358,제어공학기초,국태용,24년 1학기 수강자,3,강의력은 많이 떨어지신다. 독학에 자신있으면 할 만한 과목. 지식을 포기하고 학점을 얻어가고 싶으면 들으세요,,,
42358-024,https://everytime.kr/lecture/view/42358,42358,제어공학기초,국태용,24년 1학기 수강자,4,역대급 수업 출튀 30명이상 하는듯 시험도 다 오픈북이고 다들 솔루션 베끼느라 정신없음 학점도 안 후하신듯,,,
42358-025,https://everytime.kr/lecture/view/42358,42358,제어공학기초,국태용,24년 1학기 수강자,1,교수님 수업 알아듣기 많이 힘듭니다 이번학기는 성적도 좋게 주신 것 같지 않아요 남는 건 없습니다 퀴즈 2번 시험 2번입니다,,,
42358-026,https://everytime.kr/lecture/view/42358,42358,제어공학기초,국태용,24년 1학기 수강자,1,배우는 것도 없고 수업을 들으려고해도 쉽지않습니다,,,
42358-027,https://everytime.kr/lecture/view/42358,42358,제어공학기초,국태용,24년 1학기 수강자,1,배워가는 거 하나도 없음 오로지 학점이 목표인 분들만 들으세요,,,
42358-028,https://everytime.kr/lecture/view/42358,42358,제어공학기초,국태용,24년 1학기 수강자,1,시험 베끼는거 신경안씀 수업은 아무도 안듣고 다들 출튀함 교안 오류 많음 수강신청 망해서 들었는데 이게 태용이 형?,,,
42358-029,https://everytime.kr/lecture/view/42358,42358,제어공학기초,국태용,24년 1학기 수강자,1,배우는거 없음. 다들 수업시간에 다른 공부함. 독학에 자신 있으면 들으셈,,,
42358-030,https://everytime.kr/lecture/view/42358,42358,제어공학기초,국태용,24년 1학기 수강자,3,그냥 레전드 교수 문제는 다 책 뒤에서 내고 멈블랩 장인임 제어 공부할려고 하면 들으면 안되고 걍 학점따기 용이면 할만할듯,,,
42358-031,https://everytime.kr/lecture/view/42358,42358,제어공학기초,국태용,24년 1학기 수강자,4,수업을 듣는 사람은 없으나 굳건히 강의를 이어가시는 교수님께 존경을 표합니다,,,
42358-032,https://everytime.kr/lecture/view/42358,42358,제어공학기초,국태용,24년 1학기 수강자,5,수업은 뭔 말인지 모르겠으나 학생들 편의 봐주시고 귀찮은 거 안 시키심 개꿀용으로 추천함,,,
42358-033,https://everytime.kr/lecture/view/42358,42358,제어공학기초,국태용,23년 1학기 수강자,3,수업은 하나도 머리에 안들어온다. 그래도 학점은 잘 주신다.,,,
42358-034,https://everytime.kr/lecture/view/42358,42358,제어공학기초,국태용,24년 1학기 수강자,3,강의력은… 최하 그러나 퀴즈 두번 시험 두번으로 끝남 모두 오픈북 시험임 뭘 배우는지는 잘 모르겠다..,,,
42358-035,https://everytime.kr/lecture/view/42358,42358,제어공학기초,국태용,23년 1학기 수강자,2,독학에 자신있고 그냥 학점을 채우려면 이거 들으시면 됩니다 성적은 잘 줌,,,
42358-036,https://everytime.kr/lecture/view/42358,42358,제어공학기초,국태용,24년 1학기 수강자,2,너무너무 졸려용....... 수업을 잘 못하시는듯... 뭘 배우는지 잘 모르겠네요,,,
42358-037,https://everytime.kr/lecture/view/42358,42358,제어공학기초,국태용,24년 1학기 수강자,1,강의력 많이 안 좋으십니다. 독학이나 유튜브로 강의 듣는거 추천드려요,,,
42358-038,https://everytime.kr/lecture/view/42358,42358,제어공학기초,국태용,24년 1학기 수강자,1,당신 수업 들은게 ㅈ나 후회된다 내가 수업해도 이것보단 잘하겠다,,,
42358-039,https://everytime.kr/lecture/view/42358,42358,제어공학기초,국태용,22년 2학기 수강자,3,강의력이 많이 안좋습니다. 독학하는 과목이네요,,,
42358-040,https://everytime.kr/lecture/view/42358,42358,제어공학기초,국태용,23년 1학기 수강자,1,"정말 남은 것 하나 없는 수업. 다들 퀴즈, 시험 전부 솔루션 찾아오기 바쁘고, 누가 누가 잘 베끼나 시험하는 듯. 처음에 솔루션을 챙기지 않은 소수의 선량한 시민들이 소외 받고 차별 받는 수업. 제공기가 전공에서 꽤나 중요한 위치에 생각하고, 배우는 것이 많다고 느끼는데, 수업을 통해서 얻는 것은 없으며, 관심이 있다면 혼자 독학하는 것을 추천함. 필자는 한번의 퀴즈와 중간고사를 겪고, 개같이 포기하고 솔루션 챙기기로 결정. 결과적으로 에이제로 받음. 진짜 남는 것은 학점 뿐인 것일까.",,,
42358-041,https://everytime.kr/lecture/view/42358,42358,제어공학기초,국태용,23년 1학기 수강자,1,학점은 채워주시나 공부한거에 비해 합리적인 학점은 아님. 기말고사에 중간고사 범위 99프로로 냄. 기말 공부를 한 의미가 없어져 힘이 풀렸음. 조교님 불친절하심,,,
42358-042,https://everytime.kr/lecture/view/42358,42358,제어공학기초,국태용,23년 1학기 수강자,3,과제없고 퀴즈2번 중간기말 합쳐서 총 4번의 시험이 있습니다. 조금의 노력을 들이고 좋은 학점을 받아가고 싶은 사람에게 추천합니다. 다만 얻어가는 건 거의 없을 수도 있습니다..,,,
42358-043,https://everytime.kr/lecture/view/42358,42358,제어공학기초,국태용,23년 1학기 수강자,3,"배우는거 없음 학점은 잘 주시지만, 학점만 딴다고 생각하고 덤볐다가는 퀴즈2번 중간,기말 총 4번의 시험 때문에 스트레스 받음 그나마 시험은 다 오픈북이긴 함",,,
42358-044,https://everytime.kr/lecture/view/42358,42358,제어공학기초,국태용,23년 1학기 수강자,3,재수강러한텐 꿀인듯? 퀴즈랑 시험 오픈북임에도 연습문제 복붙으로 내시다가 기말은 본인이 내심 근데 그러면 평균도 다들 수직떡락해서 공부한적도 없는데 평균 언저리에서 맴돔 진도는 중간 전까지 미친듯이 나가다가 갑자기 첫 퀴즈후 느려져서 학기초 독학도 해보려다 때려쳤음 의미가 없어서. 호명출석하시다가 중간이후에 전자출결 하신다고 하셨다가 이의가 너무 많아서 직접호명만 출결반영하셨던데 다음학기분들은 호명하신다고 안심하지 마시길 재수강러라 잘해봐야 비플이라 화가 덜난편인데 초수강생이면 어땠을지... 다른 과목위한 희생양 필요하면 들으세요 가성비 하난 개쩔음 가성비 때문에 1점줄거 3점드림,,,
42358-045,https://everytime.kr/lecture/view/42358,42358,제어공학기초,국태용,23년 1학기 수강자,3,정말 자기가 제어쪽에 뜻이 있고 많은걸 얻어가고 싶다 하면 비추고 학점을 따고 싶다 하면 듣는 걸 추천합니다.,,,
42358-046,https://everytime.kr/lecture/view/42358,42358,제어공학기초,국태용,23년 1학기 수강자,5,학점느님이시고 가르치는것도 잘 가르치는 편이라고 생각함 근데 시험은 수업과 큰 관련이 없을 수 있음,,,
42358-047,https://everytime.kr/lecture/view/42358,42358,제어공학기초,국태용,23년 1학기 수강자,1,시험2번 퀴즈2번 오픈북시험 퀴즈 강의력0 제어공학에대해 배우고싶다면 다른곳으로..,,,
42358-048,https://everytime.kr/lecture/view/42358,42358,제어공학기초,국태용,23년 1학기 수강자,1,최악임;;그냥 독학에 문제도 그지같이 냄 그냥 듣지마셈,,,
42358-049,https://everytime.kr/lecture/view/42358,42358,제어공학기초,국태용,23년 1학기 수강자,1,도저히 못 듣겠음 교수님 발음이...알아들을 수 없는 발음임 매우 후회한다 철회하고 싶음,,,
42358-050,https://everytime.kr/lecture/view/42358,42358,제어공학기초,국태용,19년 1학기 수강자,5,학점갓. 국태용 독학에 자신있다면 무조건 들어야하는과목,,,
42358-051,https://everytime.kr/lecture/view/42358,42358,제어공학기초,국태용,21년 1학기 수강자,4,강의보다 책에서 더 많은 것을 배웠습니다. 실제로 시험문제도 연습문제에서 나오므로 연습문제 많이 풀어보세요,,,
42358-052,https://everytime.kr/lecture/view/42358,42358,제어공학기초,국태용,21년 1학기 수강자,1,진짜 수업은 들을 수가 없습니다. 들으려는 노력을 해도 힘드실거에요. 너무 이해안되는게 퀴즈를 제출하러 학교까지 직접가야합니다. 부정행위 방지용이라면서 제출까지 거의 1주일이란 시간을 줍니다. 코로나라 자취방도 없는데 왕복 5시간으로 3번갔다왔습니다.,,,
42358-053,https://everytime.kr/lecture/view/42358,42358,제어공학기초,국태용,21년 1학기 수강자,4,생각보다 좋았던 과목 과제? 퀴즈로 몇번 문제 내주신 것도 검색이나 책 내용으로 쉽게 풀 수 있는 수준 중간고사는 시험 기말은 대체과제 였는데 대체과제가 문제풀이라 대충 검색만 해도 나와서 중간에서 갈렸던 거 같음,,,
42358-054,https://everytime.kr/lecture/view/42358,42358,제어공학기초,국태용,21년 1학기 수강자,2,"정말 배우는 건 거의 0에 수렴하는 것 같습니다.... 모든 퀴즈와 시험문제가 교제에 있는 문제에서 그대로 나오기 때문에 사실 오픈북 시험은 그냥 모든 사람이 만점 받는다고 봐도 될 정도,,, 그래서 저번학기에서는 대면시험으로 본 클로즈북 시험 중간고사 하나가 모든 학점을 정했죠... 심지어 문제도 그때는 어렵게 나와서 평균이 20점이었던거 같아요.... 학점만 챙기고 싶은 분들이 선택하면 될 거 같아요,,,",,,
42358-055,https://everytime.kr/lecture/view/42358,42358,제어공학기초,국태용,21년 1학기 수강자,2,배운게 하나도 없는데 학점은 잘 받음.. 일단 강의력이 너무 떨어져서 배운다는 생각으로 듣지 말자,,,
42358-056,https://everytime.kr/lecture/view/42358,42358,제어공학기초,국태용,21년 1학기 수강자,1,중간: 한 문제만 완벽히 풀었는데 상위 15퍼 정도 안에 든 듯 퀴즈(2번)랑 기말(퀴즈 식의 문제풀이 과제)은 책이나 인터넷 잘 뒤지면 어떻게 푸는 지 나오기에 큰 부담감은 없었음 근데 강의력이 진짜...대단하심. 감히 궁금해 하지도 마세요. 학점을 그나마 잘 받아서 다행이지 아니었으면 역대급 돈 아까운 수업이었을 듯. 무언가를 배우기 위해 이 강의를 듣는 것은 정말정말 지양하고 유튜브에 많은 강의들 있으니 그거 들으세요 근데 중간 15퍼 안에 들었는데 왜 쁠이 안달렸는지는 의문,,,
42358-057,https://everytime.kr/lecture/view/42358,42358,제어공학기초,국태용,21년 1학기 수강자,3,"수업은 첫 주만 듣고 그 후로는 진도체크만 했습니다. 중간 전에 과제형식으로 퀴즈 한 번, 기말 전에 마찬가지로 과제형식으로 퀴즈 한 번 있었고, 중간고사는 오프라인 시험, 기말고사는 문제풀이 대체과제로 진행됐습니다. 모든 퀴즈와 시험, 대체과제는 예제와 연습문제 내에서 약간의 변형을 거쳐서 출제됐는데, 그럼에도 중간고사는 100점 만점에 평균 19점이었습니다. 여기서 변별력이 생겨서 학점 챙겨갔네요. 수업들은 것도 없고, 머리에 남은 것도 없는데 시간투자대비 학점 따내기 괜찮았던, 전형적인 국태용 교수님 수업이었습니다.",,,
42358-058,https://everytime.kr/lecture/view/42358,42358,제어공학기초,국태용,21년 1학기 수강자,2,이번학기 뭘 배웠는지 모르겠다. 학점은 중간을 잘봐서 날먹했는데 제어공학에 대해 배우고 싶은 마음이 있다면 절대 추천하지 않는다.,,,
42358-059,https://everytime.kr/lecture/view/42358,42358,제어공학기초,국태용,21년 1학기 수강자,2,진짜 열심히 들어보려 했으나 도저히 못 알아 먹어서 포기한 수업.강의 때 마다 나오는 그 이상한 음악과 영어로 솰라솰라 거리는 음성은 도대체 뭔지 아직도 의문.. 중간 빼고 다 오픈북 테스트라 학점은 중간에서 갈린듯,,,
42358-060,https://everytime.kr/lecture/view/42358,42358,제어공학기초,국태용,21년 1학기 수강자,1,"중간고사때 클로즈북 오프라인인 것 덕분에 학점은 날로 먹었지만, 제가 날로 먹은것보다 교수님이 이 수업을 더 날로 먹으신 것 같습니다.",,,
42358-061,https://everytime.kr/lecture/view/42358,42358,제어공학기초,국태용,21년 1학기 수강자,2,중간고사 시험범위가 7단원이었고 기말레포트 문제중 하나가 10단원이었습니다. 범위가 미친듯이 넓지만 그만큼 자세하게 배우지 않고 띄엄띄엄 배웁니다.,,,
42358-062,https://everytime.kr/lecture/view/42358,42358,제어공학기초,국태용,21년 1학기 수강자,3,교수님 목소리는 안들리고 헛기침은 거의 2분마다 하시고 이번학기는 오픈북도 아니었고 왜 대체 과제를 온 오프 둘다 내러 학교에 가야하는지 이해안되는 수업.,,,
42358-063,https://everytime.kr/lecture/view/42358,42358,제어공학기초,국태용,21년 1학기 수강자,3,"강의력은 이 과목을 들었던 분들 말이 정확하다. 진짜 안들린다. 그냥 독학이 훨씬 편하다. 퀴즈나 과제는 직접 푸는거고 그렇게까지 큰 부담은 없었는데, 본인이 자취, 기숙사 또는 통학러가 아니라면 비추한다. 과제 하나 내러 수원 무조건 와야 된다.",,,
42358-064,https://everytime.kr/lecture/view/42358,42358,제어공학기초,국태용,21년 1학기 수강자,3,강의는 솔직히 무슨 말씀하시는지 잘 안들립니다. 중간은 오프시험 기말은 레포트로 대체 하시고 퀴즈는 2번 보셨는데 퀴즈와 레포트는 온라인과 오프라인 둘다 제출입니다. 진도는...빠릅니다. 혼자 공부하려고 했는데 범위가 많아서 벅찬 부분이 있습니다. 시험은 이전에 오픈북이라고 들었는데 이번엔 중간 클로즈북이였습니다. 문제는 책에 있는 문제를 바탕으로 내셨는데 평균은 매우 낮았습니다. 학점은 잘 주신다고 합니다.,,,
42358-065,https://everytime.kr/lecture/view/42358,42358,제어공학기초,국태용,21년 1학기 수강자,1,뭘 배우는지 모르겠습니다 강의력 진짜 별루고요 뭐 관련해서 공지도 진짜 없는 편입니다 코로나학긴데 퀴즈겸과제? 푼거를 직접제출하고 아캠에도 제출하라는데 저는 집이랑 학교랑 40분? 거리라 망정이지 많이 먼 친구들은 어땠을까 싶네요 심지어 다른시험들 다 온라인으로 봤는데 이거 띡하나 오프라인이라 .. 아직 기말을 보진 않았는데 강의 듣다가 화나서 적게되었네요 국교수님 논회실은 요새 더 논란 쩔든데 ㅋㅋㅋ 학점 덜주시더라도 그래도 최소한의 성의를 보이는 교수님 강의를 듣는게 나을거같아요 잘 생각해보세요,,,
42358-066,https://everytime.kr/lecture/view/42358,42358,제어공학기초,국태용,21년 1학기 수강자,3,진도는 저세상 진도... 학점느님이라셔서 3점,,,
42358-067,https://everytime.kr/lecture/view/42358,42358,제어공학기초,국태용,21년 1학기 수강자,5,진도가 이 세상 진도인가? 클래식 음악 좋아해서 5점 드립니다.,,,
42358-068,https://everytime.kr/lecture/view/42358,42358,제어공학기초,국태용,21년 1학기 수강자,3,강의력 하나만큼음 기똥차시다 이 교수님 수업을 듣고 다른 교수님 수업이 더 잘 들리게 되었다 과제가 없는 것은 전공들의 향연인 3학년 입장에서는 가뭄의 단비 같을 수 있으나 공부 할 때 막막함은 단비가 산성비였다는 것을 깨닫게 해주었다 그래도 과제 없어서 3점,,,
42358-069,https://everytime.kr/lecture/view/42358,42358,제어공학기초,국태용,19년 1학기 수강자,3,배우는것을 포기하면 학점을 얻는다 노과제 퀴즈2번 시험2번 오픈북 하루전공부= A+,,,
42358-070,https://everytime.kr/lecture/view/42358,42358,제어공학기초,국태용,19년 1학기 수강자,4,강의 잘하고 학점 짠 교수보단 학점 잘 주고 강의 못하는 교수가 낫다고 생각함 그런면에서 이 교수님 수업은 한결같음,,,
42358-071,https://everytime.kr/lecture/view/42358,42358,제어공학기초,국태용,19년 1학기 수강자,5,갓갓태용 교수님. 시험 적당히만 봐도 A쁠 쉽게 달 수 있습니다. 다만 공부는 스스로..,,,
42358-072,https://everytime.kr/lecture/view/42358,42358,제어공학기초,국태용,19년 1학기 수강자,3,시험은 오픈북이어서 결국 공부를 많이 안해도 책보고 프린터물보고 시험치면 풀수 있었음 하지만 퀴즈 2번에 중간 기말이 있는데 퀴즈가 점수 반영이 꽤 높다 퀴즈는 오픈북이 아니어서 공부를 해야하는데 여기서 많이 갈리는거같다,,,
42358-073,https://everytime.kr/lecture/view/42358,42358,제어공학기초,국태용,19년 1학기 수강자,3,강의가 좀 아쉽지만 시험문제들이 연습문제에서 나와서 시험은 보기 쉽습니다,,,
42358-074,https://everytime.kr/lecture/view/42358,42358,제어공학기초,국태용,19년 1학기 수강자,1,제공기는 다른 교수님꺼 들어오 제발... 일단 수업력 0에 수렴하십니다. 영어로 진행되는 수업에 제대로된 설명도 없거니와 시험때는 이번학기부터 오픈북으로 진행되었는데 연습문제와 거의 똑같이 냄에도 불구하고 학생들이 솔루션을 들고와서 대놓고 베끼는데도 감독이 없었어요 그리고 무엇보다 교수님수업중 하나도 머리에 남는게 없습니다.... 제발 다른거 들어오....,,,
42358-075,https://everytime.kr/lecture/view/42358,42358,제어공학기초,국태용,19년 1학기 수강자,5,수업 못 들음 목소리 너무 작으심 혼자 공부해도 충분히 커버 가능함 학점 잘 주셨으므로 5점 드림,,,
42358-076,https://everytime.kr/lecture/view/42358,42358,제어공학기초,국태용,19년 1학기 수강자,2,수업은 못들을 정도여서 독학해야함 시험은 오픈북인데 책 problem에서 시험문제를 다 내기 때문에 책문제 솔루션 프린트해오지 말라고했음. 근데 뻔뻔하게 그냥 본사람들 많음 이번에 학점 잘나왔다고하는사람 대부분 보지말라는 솔루션 그대로 베낀거ㅋㅋㅋ 양심x,,,
42358-077,https://everytime.kr/lecture/view/42358,42358,제어공학기초,국태용,19년 1학기 수강자,4,수업은 들을 수준이 아님 ㄹㅇ 국제어 수업인데 교수님 한국어로도 말을 잘 못하세요 출석은 진짜 가뭄에 콩나듯이 부르시는데 이마저도 후반부가면 안부르심 한 10분 지나면 교실 뒷부분에 앉아있던 사람들 거의 다 출튀함 근데 너무 시끄럽게 나가진 맙시다 우리 ㅎㅎ 과제는 아예 없습니다 이런 과목 처음임 중간기말은 오픈북이고 퀴즈 2번 보는데 퀴즈는 오픈북 아니여서 망했습니다 ㅎㅎ 미천해서 비플받았지만 교실에 끝까지 앉아있던적 2번 될까 싶고 총 공부시간 10시간 될까 싶습니다 솔직히 10시간도 할 필요 없었고 그냥 시험장가서 공부했어도 됐지 싶습니다 적당히 3학점 비플이 필요하다 이거 들으십쇼 개꿀,,,
42358-078,https://everytime.kr/lecture/view/42358,42358,제어공학기초,국태용,19년 1학기 수강자,5,수업 들으며 공부하긴 쉽지 않고 독학이 필수 과제 없고 중간기말+퀴즈두번인데 중간기말은 오픈북이어서 부담없었음 중간기말보단 퀴즈가 난이도 더 높은듯 학점 잘 주시는 거 같음 교수님 조교님 다 친절하셔서 좋았음,,,
42358-079,https://everytime.kr/lecture/view/42358,42358,제어공학기초,국태용,19년 1학기 수강자,5,제공기 과목 자체가 전전이랑 괴리감이 좀 있는 과목이라 열심히 안하고 싶은데 학점 잘 받고 싶으면 무조건 국제공기 ㄱㄱ,,,
42358-080,https://everytime.kr/lecture/view/42358,42358,제어공학기초,국태용,19년 1학기 수강자,5,과제 없음 시험 오픈북에 연습문제 그대로나옴 공부제일안하고 학점쟁취가능 수업시간에다른과목공부가능,,,
42358-081,https://everytime.kr/lecture/view/42358,42358,제어공학기초,국태용,19년 1학기 수강자,5,아직 학점 안나왔지만 수업 개꿀임 학점 따기에 좋은 수업,,,
42358-082,https://everytime.kr/lecture/view/42358,42358,제어공학기초,국태용,19년 1학기 수강자,2,학점은 모르겠지만 강의력은 심각하시다. 다만 조교분들도 친절하시고 교수님도 착하신거같다 목소리만 조금 더 크셨다면 정말 좋은 교수님이셨을듯,,,
42358-083,https://everytime.kr/lecture/view/42358,42358,제어공학기초,국태용,19년 1학기 수강자,3,"다른제공기는 매트랩쓰는데 이 수업은 일단 매트랩 과제가 없습니다. 그렇다고 범위가 적은것도 아니고, 다른제공기만큼 진도 다 나가시고, 더 자세히 교안에 있는것 같아요. 수업시간에 그냥 다른거 하고, 내용이 그렇게 어려운것도 아니라서 시험 이틀전에 독학하시면될꺼같아요. 퀴즈문제는 어렵게 시험문제는 쉽게 내시는 편인것같습니다! 오픈북이라서 마지막 시험때 공식 안외워도 되는게 편했던것같습니다.",,,
42358-084,https://everytime.kr/lecture/view/42358,42358,제어공학기초,국태용,19년 1학기 수강자,1,"시간을 되돌린다면 다시는 죽어도 안들을 수업. 신청하고 후회하지 말고, 진짜 듣지마세요. 교수님 등록금아깝습니다.",,,
42358-085,https://everytime.kr/lecture/view/42358,42358,제어공학기초,국태용,19년 1학기 수강자,5,아직 학점안받았지만 학점느님이길 바라면서 학점느님이라고 적는다. 이분은 일단 영어를 왜 하는지 모르겠다. 들어보면 안다 그냥 뭘까 싶다. 정말 시간 아깝고 시간낭비한 느낌이라 차라리 학점이라도 잘 받으면좋겠다 그렇다고 다시 수강신청기간으로 간다면 절대로 수강신청안할거같다,,,
42358-086,https://everytime.kr/lecture/view/42358,42358,제어공학기초,국태용,19년 1학기 수강자,3,"학점만 남을것같은수업 강의보단 독학, 그리고 오픈북시험이라 부담 없음",,,
42358-087,https://everytime.kr/lecture/view/42358,42358,제어공학기초,국태용,18년 1학기 수강자,3,뒤에 연습문제에서 대부분 내신다 비율 채워주심. 강의력은 안좋음,,,
42358-088,https://everytime.kr/lecture/view/42358,42358,제어공학기초,국태용,18년 1학기 수강자,4,"학점을 잘 주시긴 하나, 수업이 너무 심각하다. 수강신청할때 수업보다도 학점을 잘주는 교수님을 선택하지만 이건 너무 심하다. 학점을 잘 받긴 했지만 앞으로 이 교수님 수업을 더 들어도 될까 하는 의문이 생긴다.",,,
42358-089,https://everytime.kr/lecture/view/42358,42358,제어공학기초,국태용,18년 1학기 수강자,2,"학점 잘 주시긴 한데 교수님과 소통이 안됨. 찾아오라 하시고선 출장을 가버리시거나, 조교님한테 연락 부탁해도 끝내 연락이 오지 않고, 시험을 보는 중간에 범위를 변경하시는 등 여러모로 답답했던 수업.",,,
42358-090,https://everytime.kr/lecture/view/42358,42358,제어공학기초,국태용,18년 1학기 수강자,4,시험두번 퀴즈두번 봅니다 학점은 정말 잘 주시는편인거 같아요,,,
42358-091,https://everytime.kr/lecture/view/42358,42358,제어공학기초,국태용,18년 1학기 수강자,4,일단 수업은 들을수없고 배울내용도없다. 다만 공부를 거의안하고 학점을 받을수있기에 들었다. 시험을 종이한장에 써오는걸 허락해서 그걸로 하루전에 공부하면 될듯 쁠러스 다채워준다해서 들었는데 a받아서 의아했다 남는건학점뿐,,,
42358-092,https://everytime.kr/lecture/view/42358,42358,제어공학기초,국태용,18년 1학기 수강자,5,퀴즈 두번 시험 두번 보는데 퀴즈가 각각 15퍼로 그렇게 적게 들어가는 편이 아니라 부담이 크다 중간까지는 진도가 느려서 대부분의 시험범위가 라플라스였는데 이때까지는 매우 쉬움 중간 최상위 기말은 몇문제 못풀었는데 A+ 받은거 보면 학점은 국제어 비율로 꽉꽉 채워주신듯 시험은 거의 책의 연습문제에서 나오는데 2단원 이후(기말)부터는 문제가 복잡하고 독학하기 꽤 어렵다 에이포 한장에 치팅페이퍼 적어갈수 있어서 개이득 이 강의의 단점은 교수님이 너무 작게 말씀하셔서 한국어든 영어든 이해하기 어려웠다는 점 출석은 어쩌다 한 번씩 부르셨는데 이름도 가끔 알아듣기 어려울 정도였다 ㄷㄷ 교수님은 친절하셔서 질문하면 잘 받아주신다,,,
42358-093,https://everytime.kr/lecture/view/42358,42358,제어공학기초,국태용,18년 1학기 수강자,2,모르겠어.. 이게 뭔지... 정말 모르겠어.. 좀 이상해... 근데 교수님 친절하고 착하심!,,,
42358-094,https://everytime.kr/lecture/view/42358,42358,제어공학기초,국태용,18년 1학기 수강자,4,학점 받기엔 진짜 좋은과목. 전전아니고 타과생인데 중간전까지나오는 라플라스는 진짜 쉬움. 공부좀만하면 다맞음. 대신 수업은 기대를하면 안됨. 학점만 잘받고싶다면 듣는것 추천. 대신 뭘배웠는지 기억도 잘안나고 출튀도 사람들많이함.,,,
42358-095,https://everytime.kr/lecture/view/42358,42358,제어공학기초,국태용,18년 1학기 수강자,3,퀴즈두번보고 기말고사빼고는 전부 연습문제에서나옴 기말고사도 별로어렵지는않음 수업은 알아들을수없으므로 무조건 독학임,,,
42358-096,https://everytime.kr/lecture/view/42358,42358,제어공학기초,국태용,18년 1학기 수강자,3,퀴즈 두번에 시험 두번 보는데 치팅페이퍼 한장 작성이 가능해서 하루 공부하고 에이쁠 받았네요 문제는 책 뒤에 있는 연습문제들에서 나오고요 강의력은 최악이라 3점 드림,,,
42358-097,https://everytime.kr/lecture/view/42358,42358,제어공학기초,국태용,18년 1학기 수강자,5,학점느님이니 학점 필요하면 들으셈 대신 수업은 절레절레,,,
42358-098,https://everytime.kr/lecture/view/42358,42358,제어공학기초,국태용,18년 1학기 수강자,5,전공과목을 뭐 남는게 없어도 학기중에 딱 4일 공부하고 에이이상 받고싶으면 추천,,,
42358-099,https://everytime.kr/lecture/view/42358,42358,제어공학기초,국태용,18년 1학기 수강자,1,뭘배웠는지 모르겟어... 시험도 존나 이상한거내서 모르겠어 그냥 모르겟어 이건,,,
42358-100,https://everytime.kr/lecture/view/42358,42358,제어공학기초,국태용,18년 1학기 수강자,5,시험문제 연습문제에서 그대로 나오고 a4 앞뒤 한장 써가서 시험보는거라 문제 그대로 써가서 보면 100점나오는 과목 한학기동안 시험공부30분도 안함. 오로지 쓰기만하고 감,,,
42356-001,https://everytime.kr/lecture/view/42356,42356,제어공학기초,박종구,26년 1학기 수강자,2,강의력은 좋지 않음. 일찍 끝내주기 + 중간쉬는 타임 때문에 평점 좋은듯. 계산 노가다 문제는 왜 내는지 모르겠음.,,,
42356-002,https://everytime.kr/lecture/view/42356,42356,제어공학기초,박종구,26년 1학기 수강자,5,교수님이 열정적이십니다. 중간에 번호 불러주시면서 출결 확인하세요.,,,
42356-003,https://everytime.kr/lecture/view/42356,42356,제어공학기초,박종구,26년 1학기 수강자,5,매주 과제가 있습니다. 강의 중간에 전자출결 합니다. 잘가르치십니다,,,
42356-004,https://everytime.kr/lecture/view/42356,42356,제어공학기초,박종구,26년 1학기 수강자,4,교수님 친절하시고 강의력 좋으십니다. 수업도 맨날 일찍 끝내주시고 수업 중간에 쉬어가는 시간도 있습니다. 다만 과제가 너무 많습니다.,,,
42356-005,https://everytime.kr/lecture/view/42356,42356,제어공학기초,박종구,26년 1학기 수강자,2,다른 교수님들에 비해 과제양이 압도적으로 너무 많아요.. 매트랩 과제+문풀 과제 내주시는데 문풀도 소문제 6-7개씩 달린 문제들로만 꽉꽉 채워서 내주시는데 제어공학 문제 특성상 블록 다이어그램 혹은 행렬들로 하나하나 노가다 해야하는 문제들이라 솔직히 이 정도로 많이 내주실 필요가 있나 싶습니다. 두어문제 넘어가면 과제라기 보단 깜지처럼 느껴져요,,,
42356-006,https://everytime.kr/lecture/view/42356,42356,제어공학기초,박종구,26년 1학기 수강자,5,중간중간 쉬는시간 있어서 좋고 수업도 빨리끝내주십니다 강의도 집중해서 들을만한것같아요,,,
42356-007,https://everytime.kr/lecture/view/42356,42356,제어공학기초,박종구,26년 1학기 수강자,5,친절하시고 설명을 잘 해주십니다 전자출결 인증번호 항상 체크하십니다,,,
42356-008,https://everytime.kr/lecture/view/42356,42356,제어공학기초,박종구,25년 2학기 수강자,5,강의력 좋으시고 성적 잘 주시고 단점이라 볼게 딱히 없음,,,
42356-009,https://everytime.kr/lecture/view/42356,42356,제어공학기초,박종구,26년 1학기 수강자,5,"시작할 때 복습, 문제풀이 깔끔, 중간에 여담으로 쉬는시간 좋습니다. 과제가 좀 많긴한데 문제 푸는거라 쉽습니다. 출석은 가서 직접 불러주시는 번호 입력해야 처리됩니다",,,
42356-010,https://everytime.kr/lecture/view/42356,42356,제어공학기초,박종구,26년 1학기 수강자,5,저는 강의가 귀에 잘 안들어와서 독학했습니다 중간에 무조건 여담을 하십니다,,,
42356-011,https://everytime.kr/lecture/view/42356,42356,제어공학기초,박종구,26년 1학기 수강자,5,좋으십니다 수업도 빨리 끝날때 많고 강의력 좋으세요,,,
42356-012,https://everytime.kr/lecture/view/42356,42356,제어공학기초,박종구,26년 1학기 수강자,5,강의력이 매우좋습니다 중간에 인증번호로 전자출결해요,,,
42356-013,https://everytime.kr/lecture/view/42356,42356,제어공학기초,박종구,26년 1학기 수강자,5,수업을 잘하십니다. 과제가 매주 있지만 수업 듣고 과제 풀면서 진도 따라갈 수 있는 것 같습니다. 수업 중 중간 출석 부르시면서 다른 이야기도 해주셔서 수업이 너무 고되지 않게 진행하시는 것 같습니다. 수업 후 질문도 잘 받아주시고 교수님께서 굉장히 젠틀하십니다.,,,
42356-014,https://everytime.kr/lecture/view/42356,42356,제어공학기초,박종구,26년 1학기 수강자,5,수업 전반적으로 잘해주십니다 과제가 매주 나오긴하는데 공부한다고 생각하면 오히려 할만합니다. 중간에 매번 출석부릅니다,,,
42356-015,https://everytime.kr/lecture/view/42356,42356,제어공학기초,박종구,26년 1학기 수강자,5,매주 과제있지만 부담되는 정도는 아니고 교수님 너무 젠틀하시고 강의력도 좋으십니다.,,,
42356-016,https://everytime.kr/lecture/view/42356,42356,제어공학기초,박종구,26년 1학기 수강자,5,교수님 너무 좋우시고 강의시간도 그렇게 길지 않아요! 그리고 되게 쉽게쉽게 알려주세요!,,,
42356-017,https://everytime.kr/lecture/view/42356,42356,제어공학기초,박종구,26년 1학기 수강자,5,유관호 교수님 수업 듣고 재수강으로 듣는데 강의력이 좋으신 거 같아요. 사람도 좋으시고 중간에 나름의 쉬는시간도 좋아요,,,
42356-018,https://everytime.kr/lecture/view/42356,42356,제어공학기초,박종구,26년 1학기 수강자,5,교수님 짱귀! 강의력은 그냥 그래요ㅜ 그치만 녹강 올려주셔서 좋아요,,,
42356-019,https://everytime.kr/lecture/view/42356,42356,제어공학기초,박종구,26년 1학기 수강자,4,수업은 일단 고트이시고 학점과 시험은 아직 모르겟네용,,,
42356-020,https://everytime.kr/lecture/view/42356,42356,제어공학기초,박종구,26년 1학기 수강자,4,강의가 졸리긴해도 녹강 매일찍어주십니다 출결 무조건 체크해서 출튀 안됩니다 과제 매주있습니다,,,
42356-021,https://everytime.kr/lecture/view/42356,42356,제어공학기초,박종구,24년 2학기 수강자,5,학점도 잘주시고 과제도 공부하기에 좋았습니다!,,,
42356-022,https://everytime.kr/lecture/view/42356,42356,제어공학기초,박종구,23년 1학기 수강자,4,22년도 1학기 수강)과제가 많긴 해도 어떻게든 다 해내면 B+까지는 주시는 것 같습니다,,,
42356-023,https://everytime.kr/lecture/view/42356,42356,제어공학기초,박종구,23년 1학기 수강자,5,과제가 좀 많았던 것 같은데 그거 제외하면 아주 좋은 수업이었습니다 강의력도 좋으시고 학점도 잘 주심,,,
42356-024,https://everytime.kr/lecture/view/42356,42356,제어공학기초,박종구,24년 2학기 수강자,5,갓종구… 학점도 잘 주시고 수업도 잘 해주심!! 학점도 잘 주시고 수강신청이 살짝 빡셋던 것 같아요,,,
42356-025,https://everytime.kr/lecture/view/42356,42356,제어공학기초,박종구,24년 2학기 수강자,5,아주 좋은 수업입니다. 과제가 있지만 부담가지 않고 수업 시간도 길지 않습니다.,,,
42356-026,https://everytime.kr/lecture/view/42356,42356,제어공학기초,박종구,24년 2학기 수강자,5,교수님 설명도 너무 깔끔하시고 정말 사람 자체가 너무 좋으신 것 같습니다. 강력 추천 합니다,,,
42356-027,https://everytime.kr/lecture/view/42356,42356,제어공학기초,박종구,24년 2학기 수강자,5,"폭설에 쿨하게 녹강 때리는 그저 갓종구…….. 이번 기말 시험은 21년도 기출에서 3문제가 그대로 나왔습니다 무조건 기출 달달외우고 셤보세요! ccf 변환, unit, ramp step input 일 때 response 구하는 코드 작성, 하는게 추가적으로 나왔어요~~~",,,
42356-028,https://everytime.kr/lecture/view/42356,42356,제어공학기초,박종구,24년 2학기 수강자,5,"중간중간 쉬는시간도 가져주시고 녹강도 다 올려주십니다. 강의력, 예제 문제풀이도 수업 해주시는거 고려하면 너무 좋는 교수님이십니다. 과제가 다소 많지만 예제 문제풀이 과제는 시험공부에 도움이 되니...ㅎ",,,
42356-029,https://everytime.kr/lecture/view/42356,42356,제어공학기초,박종구,24년 2학기 수강자,5,"강의는 듣는 당사자에 따라 지루할 수도 있습니다 목소리에 높낮이가 별로 없어서요 강의는 녹화되며 복습은 제한없습니다, 이건 좋습니다 워낙 생소한 과목이라 처음엔 많이 해메다가 강의를 돌려보고 강의안 다시 정리해보니 이해가 돠네요 시험은 예제로 나온거 집역적인건 안내십니다 인성 괜찮고 폭설때도 쿨하게 녹강 돌리시는 분입니다 컨텐츠가 어려울 뿐이지 깔끔한 수업같습니다",,,
42356-030,https://everytime.kr/lecture/view/42356,42356,제어공학기초,박종구,24년 겨울 수강자,5,"교수님께서 정말 친절하시고 수업 중간에 재밌는 이야기도 해주십니다. 매주 문제 푸는 과제, Matlab과제 있습니다!",,,
42356-031,https://everytime.kr/lecture/view/42356,42356,제어공학기초,박종구,24년 2학기 수강자,5,시험은 무난하게 나오는거같아요 강의력도 괜찮으시고... 제공기 들을거면 정말 추천!! 과제 매주 있긴 한데 그렇게 부담스럽진 않아요,,,
42356-032,https://everytime.kr/lecture/view/42356,42356,제어공학기초,박종구,23년 겨울 수강자,5,수업 참 재밌습니다. 과제는 매주 있습니다. 시험은 두번입니다,,,
42356-033,https://everytime.kr/lecture/view/42356,42356,제어공학기초,박종구,24년 2학기 수강자,5,교수님 인품 좋으시고 문제도 무난합니다. 어려운 제공기 박종구 교수님꺼 들으면 아주 든든해집니다.,,,
42356-034,https://everytime.kr/lecture/view/42356,42356,제어공학기초,박종구,24년 2학기 수강자,5,강의력 좋아요 중간에 쉬는시간 너무 달고요 과제는 매주 있는데 양이 많진 않아요,,,
42356-035,https://everytime.kr/lecture/view/42356,42356,제어공학기초,박종구,24년 2학기 수강자,5,기계관데 기계제어 말고 이거 들으세요 꼭 전전과목임에도 불구하고 mechanical system을 더 많이 다뤄요. 교안도 좋고 시험도 과제 좀 열심히 하면 충분히 다 풀수 있게 나오네요. 강추!!,,,
42356-036,https://everytime.kr/lecture/view/42356,42356,제어공학기초,박종구,24년 1학기 수강자,5,설명이 생각보다 괜찮고 시험도 교안위주로 나옴,,,
42356-037,https://everytime.kr/lecture/view/42356,42356,제어공학기초,박종구,24년 2학기 수강자,5,"수업시간이 약간 졸리긴 하지만, 졸릴때쯤 되면 쉬어가고, 조금씩 일찍 끝내주시는 완급조절 능력이 상당하십니다. 과제는 적절한듯 많아서 평소에 공부할 수밖에 없는 상황이 만들어진다는 장점이 있습니다.",,,
42356-038,https://everytime.kr/lecture/view/42356,42356,제어공학기초,박종구,24년 2학기 수강자,5,일단 설명을 자세하게 잘해주셔서 이해하기 편함,,,
42356-039,https://everytime.kr/lecture/view/42356,42356,제어공학기초,박종구,24년 2학기 수강자,5,강의평이 높은 이유가 다 있는 것 같습니다 제공기 들을려면 이 교수님 들으세요,,,
42356-040,https://everytime.kr/lecture/view/42356,42356,제어공학기초,박종구,24년 1학기 수강자,5,이해도 잘되고 시험도 무난무난하고 학점도 잘주세용,,,
42356-041,https://everytime.kr/lecture/view/42356,42356,제어공학기초,박종구,24년 1학기 수강자,5,쉽고 강의력 좋으시고 학점 잘 주시고 여러모로 만족스럽습니다. 수업 들으면서 이해가 바로 되는 유일한 과목이었던 것 같네요.,,,
42356-042,https://everytime.kr/lecture/view/42356,42356,제어공학기초,박종구,24년 1학기 수강자,5,별점 높은 건 다 이유가 있습니다. 고민 말고 들으세요,,,
42356-043,https://everytime.kr/lecture/view/42356,42356,제어공학기초,박종구,24년 1학기 수강자,5,"쉴 거 다 쉬고 수업은 수업대로 다 하시고, 그는 신이야. 학점도 냥냥하게 A+ 받아갑니다. 사랑합니다. 교수님",,,
42356-044,https://everytime.kr/lecture/view/42356,42356,제어공학기초,박종구,24년 1학기 수강자,5,가끔 과제가 좀 많다고 느껴지지만 성적이 매우 너그러우셔서 5점 드립니다. 출튀는 매 시간 잡으니 조심하세요,,,
42356-045,https://everytime.kr/lecture/view/42356,42356,제어공학기초,박종구,24년 1학기 수강자,5,공식 자체를 말로 설명하셔서 조금 속도가 빠르다고 느껴짐 특히 후반부로 갈수록 정신을 놔버리게끔함. 기말 정말 어려웠지만 부분점수를 많이 주신듯함 참고로 과제가 정말 많음,,,
42356-046,https://everytime.kr/lecture/view/42356,42356,제어공학기초,박종구,24년 1학기 수강자,2,수업 중간에 출첵하셔서 너무 좋으셨지만.. 개념을 자세하게 가르쳐주시지는 않는 편,,,
42356-047,https://everytime.kr/lecture/view/42356,42356,제어공학기초,박종구,24년 1학기 수강자,5,친절하시고 강의력도 좋으세요. 시험은 과제문제와 교안만 꼼꼼히 보면 무난합니다!,,,
42356-048,https://everytime.kr/lecture/view/42356,42356,제어공학기초,박종구,24년 1학기 수강자,5,수업시간도 빨리끝내주시는데 또 수업은 중요한 내용만 잘알려주셔서 듣기 좋았습니다,,,
42356-049,https://everytime.kr/lecture/view/42356,42356,제어공학기초,박종구,24년 1학기 수강자,5,수업은 부담 되는거 없습니다 과제는 매틀랩 과제도 있고 일반 과제도 있습니다 시험은 중간에는 일반 문제만 기말에는 매틀랩 관련문제도 섞여 나옵니다 과제 다 완벽하게 풀줄알고 족보좀 보면 잘 보실 수 있습니다,,,
42356-050,https://everytime.kr/lecture/view/42356,42356,제어공학기초,박종구,24년 1학기 수강자,5,중간에 쉬는 시간도 있고 잘 알려주십니다. 적극 추천,,,
42356-051,https://everytime.kr/lecture/view/42356,42356,제어공학기초,박종구,24년 1학기 수강자,5,교수님이 강의를 깔끔하게 잘 하시고 시험은 전반적으로 과제랑 비슷합니다.,,,
42356-052,https://everytime.kr/lecture/view/42356,42356,제어공학기초,박종구,24년 1학기 수강자,5,제공기는 이거 들으세요 깔끔한 수업에 중간 쉬는타임이 좋아요 과제는 매주 조금씩 있지만 족보 구하면 별거 아니에요,,,
42356-053,https://everytime.kr/lecture/view/42356,42356,제어공학기초,박종구,24년 1학기 수강자,5,수업 깔끔하시고 중간에 재밌는 얘기도 많이 해주셔서 지루하지 않아요!,,,
42356-054,https://everytime.kr/lecture/view/42356,42356,제어공학기초,박종구,24년 1학기 수강자,5,친절하시고 수업 진행 깔끔하셔서 따라가기 편해요~!,,,
42356-055,https://everytime.kr/lecture/view/42356,42356,제어공학기초,박종구,24년 1학기 수강자,5,교수님도 재밌고 강의 내용도 괜찮습니다. 수업시간 10분정도 빨리 끝내주십니다 ㅎㅎㅎㅎ,,,
42356-056,https://everytime.kr/lecture/view/42356,42356,제어공학기초,박종구,24년 1학기 수강자,5,강의시간 중간에 출첵한번하시지만 좋아요!!!최고,,,
42356-057,https://everytime.kr/lecture/view/42356,42356,제어공학기초,박종구,24년 1학기 수강자,5,강의 평타이상이고 중간에 쉬는시간(?) 있어서 좋아요 추천합니다,,,
42356-058,https://everytime.kr/lecture/view/42356,42356,제어공학기초,박종구,24년 1학기 수강자,5,교수님 좋으세요 수업 중간에 인생에 도움 되는 얘기 해주시면서 쉬어가는 타임 가집니다 강의 저장도 해주셔서 좋아요,,,
42356-059,https://everytime.kr/lecture/view/42356,42356,제어공학기초,박종구,24년 1학기 수강자,5,아직 종강은 안했지만 일단 개추 좋은것같아요 꼭 들으세요,,,
42356-060,https://everytime.kr/lecture/view/42356,42356,제어공학기초,박종구,24년 1학기 수강자,5,나긋나긋하시지만 수업 중간에 잠깐 끊고 교양 얘기를 하시면서 집중력 리프레쉬 하는 시간을 가지심. 수업은 무난하신 것 같고 출결 열심히 체크하심.,,,
42356-061,https://everytime.kr/lecture/view/42356,42356,제어공학기초,박종구,24년 1학기 수강자,4,교수님께서 교양있게 잘 가르쳐주십니다. 과제는 매주 나오긴 하는데 오래걸리지 않고 할 만 합니다. 출결은 수업 중간에 숫자 4자리를 입력해야 출석이 인정돼서 출튀는 불가능합니다,,,
42356-062,https://everytime.kr/lecture/view/42356,42356,제어공학기초,박종구,24년 1학기 수강자,5,교수님이 진짜 좋으시고 학생들 생각 많이해주시는것같아요 성적도 다 채워서 주심,,,
42356-063,https://everytime.kr/lecture/view/42356,42356,제어공학기초,박종구,23년 1학기 수강자,5,중간에 출석체크겸 한 5분 정도 딴소리 하시는데 전 집중력 부족해서 좋았어요. 시험도 수업 잘 듣고 대비하시면 충분히 다 커버 가능한 것 같습니다,,,
42356-064,https://everytime.kr/lecture/view/42356,42356,제어공학기초,박종구,23년 1학기 수강자,5,학점 진짜 잘주십니다. 강의 후반으로 가면 어렵긴한데 공부하다보면 흥미로워요,,,
42356-065,https://everytime.kr/lecture/view/42356,42356,제어공학기초,박종구,23년 1학기 수강자,5,"출석: 5% 과제: 25% 중간: 30% 기말: 40% 중간고사 평균 73.2점(100점 만점) 기말고사 평균 98.5점(150점 만점) 수업시간 중간에 쉬는시간이 있고 내용도 재밌고 교수님 귀여우심. 학점도 잘 주시는 게 중간기말 합 평균 7점 높았는데 A 받음. 무조건 b+이라 생각했는데 종강하고도 존경심이,,,전공일반도 채워야 하니 안 들을 이유가 없다!",,,
42356-066,https://everytime.kr/lecture/view/42356,42356,제어공학기초,박종구,23년 1학기 수강자,5,과제가 거의 매주 있어서 엄청 귀찮긴 하지만 과목자체가 쉽고 부담이 없습니다,,,
42356-067,https://everytime.kr/lecture/view/42356,42356,제어공학기초,박종구,23년 1학기 수강자,5,매주 문제 푸는 과제 있고 후반으로 갈수록 매틀랩을 사용하는 과제도 몇 번 나옵니다. 과제량은 적당한 편이고 시험은 비교적 쉬운 편이어서 실수하지 않는 게 중요합니다... 학점 매우 잘 주시고 항상 학생들을 생각해주시눈 교수님이십니다.,,,
42356-068,https://everytime.kr/lecture/view/42356,42356,제어공학기초,박종구,23년 1학기 수강자,5,교수님 ㄹㅇ 갓입니당 매주 과제 있는게 조금 귀찮긴 한데 전공수업에 이정도면 양반이죠 무엇보다도 교수님이 젠틀하시고 열심히 설명해주셔서 좋았습니다. 다만 얻어가는 게 그렇게 많은 수업은 아니라고 생각해요. 하지만 이런 전공 수업도 하나쯤은 있어야죵,,,
42356-069,https://everytime.kr/lecture/view/42356,42356,제어공학기초,박종구,23년 1학기 수강자,5,제공기는 박종구교수님. 묻지도 따지지도 마세요,,,
42356-070,https://everytime.kr/lecture/view/42356,42356,제어공학기초,박종구,23년 1학기 수강자,4,학점도 잘 주고 수업도 나름 잘 가르치십니다. 다른 과목에 비해 던지는 학생들도 많은 것 같습니다.,,,
42356-071,https://everytime.kr/lecture/view/42356,42356,제어공학기초,박종구,23년 1학기 수강자,5,꽤나 좋은 수업이었습니다. 과제가 거의 매주 있고 그 중엔 매트랩 과제도 있습니다. 매트랩 한 번도 안해봤는데 할만 한 난이도로 내주긴 하십니다. 전전이면 꼭 한번쯤 들어보면 좋을 것 같습니다. 출결은 매우 빡셉니다.,,,
42356-072,https://everytime.kr/lecture/view/42356,42356,제어공학기초,박종구,23년 1학기 수강자,5,갓갓 교수님 중간중간 쉬는타임도있고 수업도 매번 금방끝내주시고 과제랑 매트랩만 열심히하셔도 시험커버가능 본인 a인줄알았지만 a쁠주신거보고 이 교수님은 성적도 매우 잘주시는 참교수님이란걸 깨달음,,,
42356-073,https://everytime.kr/lecture/view/42356,42356,제어공학기초,박종구,23년 1학기 수강자,5,중간중간 해주시는 얘기 재밌어서 귀기울여 들었음. 체계적으로 잘 가르치고 질문도 잘 받아주심. 무엇보다 절대평가인데 학점을 엄청 잘주심. 중간 평균 -10점이었는데 기말 평균 +35 받으니 에플 받음. 종구형 믿고 포기하지마.,,,
42356-074,https://everytime.kr/lecture/view/42356,42356,제어공학기초,박종구,23년 1학기 수강자,5,갓성비 꿀과목을 찾는 당신에게 적합한 박종구 교수님의 제공기! 수업 보통 10~15분 일찍 끝내주시고 수업 중간에 10분간 사담하면서 잠깨워주셔서 실수업시간 50분... 시험 이틀 공부하고 에쁠받는 이게 교양이야 전공이야?!,,,
42356-075,https://everytime.kr/lecture/view/42356,42356,제어공학기초,박종구,23년 1학기 수강자,5,족보 있으면 꼭 들으세요!! 시험은 쉬운 편이었습니다,,,
42356-076,https://everytime.kr/lecture/view/42356,42356,제어공학기초,박종구,23년 1학기 수강자,5,"뭐 족보랑 비슷하게 나와서 시험자체는 평이했어요. 과제, matlab 실습도 족보랑 똑같고.. 족보 있으면 쉽게 들을 수 있는 수업이네요",,,
42356-077,https://everytime.kr/lecture/view/42356,42356,제어공학기초,박종구,23년 1학기 수강자,5,흑흑 교수님 사랑해요 과제가 많다의 동의어는 시험 기간이 부담이 적다 일지도 모릅니다 정말 풀었던 과제 바탕으로 공부해서 수월했어요 매트랩 과제가 대략 2주에 한 번? 정도로 퐁당퐁당 있었던 것 같네요 교수님 너무 좋으시고 학생들 배려도 많이 해주십니다 중간에 짧게 얘기해주시는 거는 들어도 재밌고 가끔 앞에 내용 어려우면 복습도 좋습니다,,,
42356-078,https://everytime.kr/lecture/view/42356,42356,제어공학기초,박종구,23년 1학기 수강자,5,종구오빠 사랑해요........ 사람도 좋고 수업도 잘하고 학점도 잘주고 뭐야 대체 힝힝!!!!!! 근데 오빠 과제가 많아..ㅜ 힘들어쬬 근데 다 보상해줘서 쪼아 사랑해 ❤️,,,
42356-079,https://everytime.kr/lecture/view/42356,42356,제어공학기초,박종구,23년 1학기 수강자,4,과제 많은거 빼고는 ㄱㅊ 중간중간 교수님의 잡담타임 있고 강의도 영상으로 바로 올려줘서 못들은거 다시 들을 수 있음,,,
42356-080,https://everytime.kr/lecture/view/42356,42356,제어공학기초,박종구,23년 1학기 수강자,5,"출석,과제는 좀 빡세지만 시험 문제 평이하고 교수님이 넘 좋으심 ,, 무엇보다 학점 잘줍니다 갓종구",,,
42356-081,https://everytime.kr/lecture/view/42356,42356,제어공학기초,박종구,23년 1학기 수강자,5,제어공학에대한 전반적인 이해를 할 수 있도록 도와주십니다 기말고사는 내용에 대한 깊이있는 이해가 있어야 할 듯합니다 중간고사는 과제+족보 기말고사는 과제 를 충분히 풀고 이해하세요,,,
42356-082,https://everytime.kr/lecture/view/42356,42356,제어공학기초,박종구,23년 1학기 수강자,4,출결 빡세게 잡고 과제 많습니다. 성적은 매우 너그로워요. 에이를 적어도 65%는 주는듯하네요.,,,
42356-083,https://everytime.kr/lecture/view/42356,42356,제어공학기초,박종구,23년 1학기 수강자,5,교수님이 열정적이시고 정말 좋습니다. 과제는 문제풀이 과제랑 매트랩 과제가 있는데 거의 매주 나와서 조금 빡세긴 합니다. 그래도 과제 풀면 시험 공부하는데도 도움이 많이 되어서 좋았어요. 전자출결로 수업전에 출석하고 30분 정도 수업하시고 중간에 출석 체크 하시기 때문에 출튀는 하면 안됩니다. 또 수업 중간에 항상 도움이 되는 얘기들을 10분정도 해주셔서 머리 식히기도 좋고 재미있었어요. 정말 최고의 교수님이십니다. 꼭 들으세요.,,,
42356-084,https://everytime.kr/lecture/view/42356,42356,제어공학기초,박종구,23년 1학기 수강자,5,제어공학에 대한 전반적인 개념을 배울 수 있었습니다. 수업만 잘 따라가면 좋은 성적 얻을 수 있을겁니다.,,,
42356-085,https://everytime.kr/lecture/view/42356,42356,제어공학기초,박종구,23년 1학기 수강자,5,이번 학기에 제일 열심히 들은 수업인 것 같습니다. 애초에 관심 없던 분야인데 교수님의 열강 덕분에 많은 관심이 생겼어요! 과제가 좀 많긴 한데 덕분에 시험기간에 널널하게 준비해도 좋은 성적 받을 수 있었던 것 같네요 ㅎㅎ 추천드립니다!,,,
42356-086,https://everytime.kr/lecture/view/42356,42356,제어공학기초,박종구,23년 1학기 수강자,5,"강의력 좋고 집중력 떨어질 때쯤 재미있는 주제로 쉬어가는 타임이 있는데, 정말 강의 자체를 잘 하신다는 느낌을 받았습니다. 매트랩 과제와 문제풀이과제가 2~3주마다 있습니다.",,,
42356-087,https://everytime.kr/lecture/view/42356,42356,제어공학기초,박종구,23년 1학기 수강자,5,매주 과제가 있고 가끔은 한주에 문제풀이 과제와 매트랩 과제가 같이 있을 때도 있어서 힘들 때도 있지만 교수님 강의력도 좋으시고 전반적으로 만족스러운 수업이였습니다.,,,
42356-088,https://everytime.kr/lecture/view/42356,42356,제어공학기초,박종구,23년 1학기 수강자,5,강의력 매우 좋으시고 과제도 할만하고 시험도 쉽고 학점도 잘 주신다고 하니 완벽한 교수님 입니다.,,,
42356-089,https://everytime.kr/lecture/view/42356,42356,제어공학기초,박종구,23년 1학기 수강자,5,과제가 좀 많긴한데 과제만 해도 시험공부가 되어서 시험보는데 문제가 없어요. 강의력은 쉽게 잘 설명 해주십니다!,,,
42356-090,https://everytime.kr/lecture/view/42356,42356,제어공학기초,박종구,23년 1학기 수강자,5,Hw이 자주 나오기는 하지만 꼬박꼬박 공부하면 시험기간 때 좀 여유로움 Hw양이 적당하다면 적당하고 많다면 많지만 할 만은 한 것 같다. 생각보다 애들이 투자를 많이 안하는 것 같아 수업시간에 집중해서 듣고 과제만 열심히 하면 시험 점수 잘 받을 수 있을 것 같음.,,,
42356-091,https://everytime.kr/lecture/view/42356,42356,제어공학기초,박종구,23년 1학기 수강자,5,과제가 좀 되지만 족보와 같아 미리 복습하면서 시헌공부한다 생각하고 해놓으면 편함 강의는 무난하며 중간중간 쉬는시간처럼 잡담시간도 있어 재밋음,,,
42356-092,https://everytime.kr/lecture/view/42356,42356,제어공학기초,박종구,23년 1학기 수강자,5,강의 넘 잘하시고 좋아요 진짜많이 알아갑니다. response에 대한 정확한 이해와 개념!!!! 따라갈자가 없을소다,,,
42356-093,https://everytime.kr/lecture/view/42356,42356,제어공학기초,박종구,23년 1학기 수강자,5,아주 좋습니다 편하게 듣기 좋은 전공이에요 학점도 잘 주셔서 부담 없이 들을 수 있습니다,,,
42356-094,https://everytime.kr/lecture/view/42356,42356,제어공학기초,박종구,23년 1학기 수강자,5,강의력도 괜찮으시고 수업 중간중간 다른 얘기로 쉬는시간도 주십니다 다만 과제는 양이 쫌 됩니다.,,,
42356-095,https://everytime.kr/lecture/view/42356,42356,제어공학기초,박종구,23년 1학기 수강자,4,수업 중간에 다른 얘기 해주셔서 좁니다.그리고 과제는 양이 좀 많은 편입니다.,,,
42356-096,https://everytime.kr/lecture/view/42356,42356,제어공학기초,박종구,23년 1학기 수강자,4,수업 중간중간에 다른 얘기도 해주셔서 그 시간 이용하여 앞 내용 복습할 수 있습니다. 과제는 매트랩이랑 원서 예제 내주시는데 좀 많은 편입니다. 라플라스변환 한 번 보시고 들어오면 좋습니다.,,,
42356-097,https://everytime.kr/lecture/view/42356,42356,제어공학기초,박종구,23년 1학기 수강자,5,중간고사까지는 기존에 알던 라플라스변환이랑 다이어그램을 배워서 아주 편하다. 중간중간 쉬는시간겸 다른 얘기도해주셔서 좋음,,,
42356-098,https://everytime.kr/lecture/view/42356,42356,제어공학기초,박종구,23년 1학기 수강자,5,수업을 매우 잘하신다. 과제는 양이 꽤 된다고 할수 있지만 평소에 공부한다는 느낌으로 하면 된다.,,,
42356-099,https://everytime.kr/lecture/view/42356,42356,제어공학기초,박종구,22년 1학기 수강자,5,시험 어렵지 않게 내시고 학점도 잘 주십니다. 족보랑 거의 유사하게 나오니 꼭 족보 보고 들어가세요!,,,
42356-100,https://everytime.kr/lecture/view/42356,42356,제어공학기초,박종구,22년 1학기 수강자,5,중간에 재밌는 이야기 해주시면서 쉬어가는 시간도 있고 차근차근 설명해주셔서 좋아요,,,
42354-001,https://everytime.kr/lecture/view/42354,42354,제어공학기초,유관호,26년 1학기 수강자,5,교수님이 정말 젠틀하시고 강의도 열정적으로 해주십니다. 설명도 잘하시는 편이라 듣기 좋은 수업이였습니다,,,
42354-002,https://everytime.kr/lecture/view/42354,42354,제어공학기초,유관호,26년 1학기 수강자,5,무조건 들어라. 특히 중간고사 부분! 신시 중간고사 부분이랑 겹치는 부분 많다. 중간고사 ㄹㅇ 겁나 쉽게 나오는 편이니까 그거 100점 다 맞아놓고 기말은 그럭저럭 잘 봐라 ㄹㅇ 전공 중에서 학점 잘 주는 교양같은 전공 3학점이다.,,,
42354-003,https://everytime.kr/lecture/view/42354,42354,제어공학기초,유관호,26년 1학기 수강자,4,수업에 비해서 시험이 쉽게 나옴. 과제 풀수 있으면 시험 문제 없을 듯,,,
42354-004,https://everytime.kr/lecture/view/42354,42354,제어공학기초,유관호,26년 1학기 수강자,4,진짜 잘 모르겠다 셤 때 실수만 하지 않길 기도하세요,,,
42354-005,https://everytime.kr/lecture/view/42354,42354,제어공학기초,유관호,26년 1학기 수강자,4,교수님 친절하시고 좋으신 분인데 제어공학이 뭔지는 잘 모르겠음 독학 병행 추천,,,
42354-006,https://everytime.kr/lecture/view/42354,42354,제어공학기초,유관호,26년 1학기 수강자,4,2-3주에 한번씩 과제가 있습니다. 열심히 하시면 좋은 결과 얻을 수 있습니다,,,
42354-007,https://everytime.kr/lecture/view/42354,42354,제어공학기초,유관호,26년 1학기 수강자,5,배우는거에 비해 시험이 너무 쉬워서 개꿀 과목 2026-1 중간 기준 족보랑 과제만 풀 수 있으면 검토까지 25분 컷 가능입니다.,,,
42354-008,https://everytime.kr/lecture/view/42354,42354,제어공학기초,유관호,25년 2학기 수강자,4,"영어 강의력은 별로임. 근데 직접 가서 질문하고 그러면 한국어로 설명 너무 잘해주심. 강의는 글로벌강의하시는 교수님들과 비슷하게 교안 읽고 문제 풀고 끝. 족보에 해당하는 문제 따로 잘라서 질문하니, 교수님께서 문제 좀 바꿔야하겠다고 하셨음. 근데 안 바꾸심. 그냥 족보가 최고임. 좀만 준비 잘하면 학점따기는 쉬움.",,,
42354-009,https://everytime.kr/lecture/view/42354,42354,제어공학기초,유관호,26년 1학기 수강자,5,영어실력도 엄청 좋으시고 항상 친절하십니다 질문도 잘 받아주 쇼 요!!,,,
42354-010,https://everytime.kr/lecture/view/42354,42354,제어공학기초,유관호,26년 1학기 수강자,5,듣기에 좋습니다. 빡세지 않아요. 적당한 과목인듯,,,
42354-011,https://everytime.kr/lecture/view/42354,42354,제어공학기초,유관호,26년 1학기 수강자,4,수업 쉽고 교수님 영어로 수업하시는데 듣기 쉬움. 이해잘됨. 근데 시험도 쉬워서 실수하면 학점 떨어질듯. 부담없이 듣기 좋음. 얻어가는건 잘 모르겠긴함,,,
42354-012,https://everytime.kr/lecture/view/42354,42354,제어공학기초,유관호,25년 2학기 수강자,5,문제도 풀어주시고 시험 난이도고 적당한듯 수업이랑 과제만 잘 따라가면 시험 잘 볼 수 있음,,,
42354-013,https://everytime.kr/lecture/view/42354,42354,제어공학기초,유관호,25년 2학기 수강자,4,강의 내용 겁나 많음 근데 교수님은 착함. 중간 기말 너무 힘든 문제 안 나옴.,,,
42354-014,https://everytime.kr/lecture/view/42354,42354,제어공학기초,유관호,25년 2학기 수강자,4,수업 갈끔하게 해주셔서 괜찮았다. 문제도 풀어주셔서 굿,,,
42354-015,https://everytime.kr/lecture/view/42354,42354,제어공학기초,유관호,25년 2학기 수강자,5,중간기말 시험 2번 보는데 둘 다 거의 만점 가깝게 받아야 좋은 성적 나오니 감안하고 들으시길,,,
42354-016,https://everytime.kr/lecture/view/42354,42354,제어공학기초,유관호,25년 2학기 수강자,5,"부담 없이 들을 수 있는 수업. 교안, 과제 문제 보고 시험 때 실수만 하지 않으면 성적 좋게 받을 수 있음.",,,
42354-017,https://everytime.kr/lecture/view/42354,42354,제어공학기초,유관호,25년 2학기 수강자,5,출석을 전부 호명이 아니라 골라서 호명을 하는데 한 번이라도 걸린 사람은 계속 부르십니다. 조심하세요.,,,
42354-018,https://everytime.kr/lecture/view/42354,42354,제어공학기초,유관호,25년 2학기 수강자,5,영어로 수업하시는데 설명을 잘하신다기보다는 영어를 잘하셔서 알아듣기 편함. 근데 설명도 나름 잘하시긴 함. 크게 어려운 것도 없고 플립인데 오프라인에서 간단하게 리뷰도 해서 따라가기에 부담없음. 시험도 크게 어렵지않고 과목자체가 쉬워서 부담없이 듣기 좋음.,,,
42354-019,https://everytime.kr/lecture/view/42354,42354,제어공학기초,유관호,25년 2학기 수강자,4,내용도 쉽고 교수님도 좋다. 다만 제어공학에 대해서 뭘 배웠는가 물어본다면 대답하기 힘들 것 같다...,,,
42354-020,https://everytime.kr/lecture/view/42354,42354,제어공학기초,유관호,25년 2학기 수강자,5,점수 낮게 주는 사람들은 에이쁠 못 받아서 심술나신 건가요? 에제 25% 에이쁠 50%면 그냥 꽉 채워주신건데.. 강의 녹화본 다 올려주시고 중요한 부분 다 짚어주시고 굵직한 부분에서만 시험내시고 채점도 빠르고 공지도 깔끔하고 영어로 수업하시는데 영어도 잘 하시고 뭘 더 바라는 건지..? 에타 강의평 별점보면 매우 저평가된 수업이라는 생각이 드는데 절대 평점 3점대일 수업이 아닌듯 그리고 1주일 일찍 종강하는 것도 너무 좋았어요. 과목 이름 답게 딱 쉽고 중요한 부분만 가르치시고 강의력도 좋고 모르는 거 질문하면 친절하게 알려주십니다. 교수님 강의 녹화본 들으면서 공부했고 중요하다고 강조하시는 부분만 집중해서 회독했는데 중기합 197점으로 에이쁠 받았습니다. 3년 학교 다니면서 본 교수님 중 다섯손가락 안에 드는 좋으신 교수님입니다.,,,
42354-021,https://everytime.kr/lecture/view/42354,42354,제어공학기초,유관호,25년 2학기 수강자,2,그냥 강의 자료 읽으시고 뭐 이해가 잘 되지 않습니다. 영어랑 한국어랑 섞여서 더 헷갈리고 뭔가 얻어가는 느낌 없습니다. 시험 둘다 평균 이상인거 같은데 성적 잘 안나온 것 같네요,,,
42354-022,https://everytime.kr/lecture/view/42354,42354,제어공학기초,유관호,25년 2학기 수강자,3,중간 72 기말 100인데 A0 받았습니다. 기초 과목이다보니 과목 자체가 쉽고 성적을 잘 받으려면 시험 때 계산 실수를 절대 하지 말아야 합니다. 다른 강의평을 보아하니 과제 점수도 은근 중요한거 같습니다. 계산 실수를 많이 하시고 과제도 대충하시는 분들은 해당 과목을 추천하지 않습니다,,,
42354-023,https://everytime.kr/lecture/view/42354,42354,제어공학기초,유관호,25년 2학기 수강자,5,강의력 좋으시고 수업도 깔끔합니다. 다만 기말때 넘어가면 같은 내용 반복이라 지루할수도? A+24퍼 a0 22퍼 주셨네요. 중간 73 기말 100으로 A+받았습니다. 기말 비율 높으니 주의하세요. 출석은 랜덤으로 호명하십니다.,,,
42354-024,https://everytime.kr/lecture/view/42354,42354,제어공학기초,유관호,25년 2학기 수강자,5,수업 깔끔하고 시험도 쉽고 실수만 안하면 성적 받기 쉽습니다~ 교재 문제 풀면서 개념 이해하시면 될 것 같습니다,,,
42354-025,https://everytime.kr/lecture/view/42354,42354,제어공학기초,유관호,25년 2학기 수강자,4,솔직히 잘 모르겠음.. 강의력이 좋다고 하는데 그냥 교안 읽으시는 수준이고 엄청 넓은 내용을 진도만 쭉쭉 빼면서 대충 훑고 그냥 넘어가는 느낌? 물론 제어 분야 특성상 학부생 수준에서 이정도밖에 못배운다곤 하지만 뭘 배웠는지 잘 모르겠는정도임.. 시험도 그냥 몇문제 제외하고는 족보 짜집기 하시는거 같고 난이도도 어렵지 않아서 평균이 좀 높음. 학점도 A+ 20퍼 준다지만 중기합 180인데 A0 나온 것으로 보아 거의 다맞아야 받을 수 있음..,,,
42354-026,https://everytime.kr/lecture/view/42354,42354,제어공학기초,유관호,25년 2학기 수강자,5,강의력은 잘 모르겠습니다만 합리적인 시험 난이도와 과목 자체가 어렵지가 않아서 크게 부담이 없어서 좋아요 A+은 20%까지 A는 4~50 %까지 정도인거같아요 출석은 그냥 매 수업마다 랜덤하게 몇명부르고 나머지는 다 출석인정 해주십니다,,,
42354-027,https://everytime.kr/lecture/view/42354,42354,제어공학기초,유관호,25년 2학기 수강자,5,플립 수업이라 수강하는데 큰 어려움이 있지는 않았습니다. 과목 내용도 막 어렵지는 않아서 괜찮았어요.,,,
42354-028,https://everytime.kr/lecture/view/42354,42354,제어공학기초,유관호,25년 1학기 수강자,4,"수업을 영어로 진행하시지만, 질의응답이나 메일로 궁금한점 질문하면 한국어로 친절하게 대답해주십니다. 기초적인 제어이론에 관한 내용을 배우기에 적절한 것 같습니다.",,,
42354-029,https://everytime.kr/lecture/view/42354,42354,제어공학기초,유관호,25년 2학기 수강자,5,사실 뭐 배웠는진 잘 모르겠음 계산 열심히 함 과목 자체의 난이도가 거의 논회 급인데다 과제도 시험도 수업도 부담이 안됨 이만하면 꿀강,,,
42354-030,https://everytime.kr/lecture/view/42354,42354,제어공학기초,유관호,25년 2학기 수강자,4,딱히 공부하는데 부담이 될 정도로 어려운 내용은 없고 시험은 나름대로 풀만하게 나옴 근데 수업에 집중하는 게 쉽진않았음,,,
42354-031,https://everytime.kr/lecture/view/42354,42354,제어공학기초,유관호,25년 2학기 수강자,5,하루는 오프라인수업 하루는 온라인 동영상 수업이라 일단 되게편했음. 8개 단원을 나갔는데 다 배우지 않고 교수님이 생각했을때 중요한 부분 위주로 가르치신거 같았고 설명도 잘 해주시는 편인거같음. 시험도 책의 연습문제를 꼼꼼하게 풀어봣다면 다 풀수있는 수준으로 나와서 열심히하면 성적 잘 얻을수있는 수업같음.,,,
42354-032,https://everytime.kr/lecture/view/42354,42354,제어공학기초,유관호,25년 2학기 수강자,5,강의 내용은 전체적으로 이해하기 쉬운 편입니다. 특히 교안이 굉장히 깔끔해서 따라가기 쉽고 정리도 잘되어 있는 편입니다. 교안 예제와 과제만 풀어도 시험 어느정도 대비는 되는것 같습니다. 다만 시험은 조금 꼬아서 내니 이점 고려하셔야 합니다. 과제는 교재 연습문제 몇 문제 푸시면 됩니다. 어렵지는 않은데 노가다성이라 시간은 조금 걸립니다. Matlab 활용은 이번학기 기준으로 선택이어서 아예 안써도 됐습니다.,,,
42354-033,https://everytime.kr/lecture/view/42354,42354,제어공학기초,유관호,25년 2학기 수강자,5,강의력 낫배드하시고 영상도 다 올려주셔서 독학하기 좋은듯 시험도 다 어디서 본 유형인데 생각보다 잘 안풀림 과제랑 교안 잘 공부하고 가세요,,,
42354-034,https://everytime.kr/lecture/view/42354,42354,제어공학기초,유관호,25년 2학기 수강자,2,"개인적으로 교수님의 강의가 학습에 크게 도움이 되지 못하는 거 같습니다. 개념에 대한 깊은 설명을 해주시지 않으시고, 국제어로 진행되는 강의인데 자꾸 한국어로 하셨다가 영어로 하셨다가 하셔서 좀 정신이 없습니다. 결국 독학으로 책 보고 공부하였습니다. 10주차라서 중간고사 이후인데 중간고사도 이전 학기들에 비해 갑자기 좀 어려워진 느낌이라 시험이 쉽다는 장점도 이젠 없는 거 같습니다.",,,
42354-035,https://everytime.kr/lecture/view/42354,42354,제어공학기초,유관호,25년 2학기 수강자,5,평소에 열심히 들으면 할만합니다. 근데 깊이있게 가르치시진 않습니다. 원리를 이해하려면 따로 공부를 많이 해야합니다.,,,
42354-036,https://everytime.kr/lecture/view/42354,42354,제어공학기초,유관호,25년 1학기 수강자,4,시험이 변별력이 적어서 하나만 틀려도 치명적임,,,
42354-037,https://everytime.kr/lecture/view/42354,42354,제어공학기초,유관호,25년 2학기 수강자,3,개인적으로 강의력이 별로였음. 쓸데 없는 설명이 많고 했던 말 반복이 너무 많음,,,
42354-038,https://everytime.kr/lecture/view/42354,42354,제어공학기초,유관호,25년 1학기 수강자,5,"문제풀이 위주, 족보는 있으면 도움되나 그대로 내시는 것도 있고 아닌것도 있어서 마냥 믿지는 말것",,,
42354-039,https://everytime.kr/lecture/view/42354,42354,제어공학기초,유관호,25년 1학기 수강자,5,설명하시는게 이해가 잘 되고 예제도 자세히 풀어주십니다. 시험은 예제랑 과제 위주로 준비하시면 큰 어려움 없을 것 같아요,,,
42354-040,https://everytime.kr/lecture/view/42354,42354,제어공학기초,유관호,25년 1학기 수강자,5,수업은 문제풀이 위주로 깔끔하게 하시고 시험도 많이 어렵지 않아요,,,
42354-041,https://everytime.kr/lecture/view/42354,42354,제어공학기초,유관호,25년 1학기 수강자,4,강의가 꽤 깔끔한 편입니다. 국제어 수업이였는데 어려운 영어 안 쓰시고 한국어도 적극적으로 쓰십니다. 뒤로 갈수록 한국어 비중이 늘어서 더 이해하기 쉬웠습니다. 수업은 문제풀이 위주로 하시는데 시험도 비슷한 형식의 문제가 나옵니다. 과제는 교재 문제 풀기입니다. 과제랑 수업 중 풀어주신 예제 다 풀어보면 시험 대비는 문제 없을 것 같습니다. 다만 다들 쉬운지 평균이 높고 성적이 조금 짜다는 느낌을 받았습니다.,,,
42354-042,https://everytime.kr/lecture/view/42354,42354,제어공학기초,유관호,25년 1학기 수강자,5,국제어 수업이였으나 너무 어려운 부분은 한국어로도 짧게 짧게 설명해 주셔서 이해하는데 문제 없었습니다. 과제는 보통 2주에 1개 정도 교재 문제 푸는걸로 나왔습니다. 시험도 수업 교안 및 과제에서 대부분 나와서 수업 열심히 따라가고 과제 성실히 했으면 좋은 점수 받아갈 수 있습니다.,,,
42354-043,https://everytime.kr/lecture/view/42354,42354,제어공학기초,유관호,25년 1학기 수강자,5,시험이 쉽습니다 족보 많이 푸시고 성적도 무난무난하게 주십니다,,,
42354-044,https://everytime.kr/lecture/view/42354,42354,제어공학기초,유관호,25년 1학기 수강자,5,시험 쉬워요 교수님 강의력도 좋습니다. 무엇보다 영어를 정말 잘하심 학점도 잘 주시는 것 같습니다. 가끔 치는 썰렁 개그는 좀..,,,
42354-045,https://everytime.kr/lecture/view/42354,42354,제어공학기초,유관호,25년 1학기 수강자,5,에이쁠도 많이 주시고 무난무난 시험만 실수하지 않으면 괜찮습니다,,,
42354-046,https://everytime.kr/lecture/view/42354,42354,제어공학기초,유관호,25년 1학기 수강자,3,진도가 엄청 빠르시고 족보랑 엄청 겹치고 쉽게 내셔서 실수 1번만 해도 학점이 훅 내려간다.,,,
42354-047,https://everytime.kr/lecture/view/42354,42354,제어공학기초,유관호,25년 1학기 수강자,5,"사람마다 다르겠지만 이 정도면 제어 수업 잘하시는 거 맞습니다. 타과 복전생이라 이미 제어 관련 강의를 한 번 수강해봤지만, 기본적으로 학부생이 다루기에는 너무 방대한 내용이라 더 깊이 들어가기 힘들어요. 깊이 들어갈수록 내용이 정말 난해해지고 한학기에 다 다룰 수 없습니다. 교수님 말씀대로 이 강의에서는 기초적인 식 계산을 탄탄히 하시고 다음 심화 과목을 수강하시는게 맞아요. 성적도 후한편 입니다. 이번 학기에는 A+ 25% 정도 주셨어요.",,,
42354-048,https://everytime.kr/lecture/view/42354,42354,제어공학기초,유관호,24년 1학기 수강자,5,이론적 설명과 문제 적용 잘 짚어주십니다. 제어 전반적인 이해에 많은 도움 되었습니다,,,
42354-049,https://everytime.kr/lecture/view/42354,42354,제어공학기초,유관호,25년 1학기 수강자,5,기말 하루 공부하고 90점대 후반나옴 개꿀ㅋㅋ,,,
42354-050,https://everytime.kr/lecture/view/42354,42354,제어공학기초,유관호,25년 1학기 수강자,5,강의를 참 잘하신다. 매 강의를 또 녹화로 올려주셔서 좋다. 출결은 랜덤으로 몇명 부르신다. 하지만 시험이 너무 변별력이 없는듯 하다. 어디서 본적있는듯한 익숙한 문제들만 나와서 실수하면 훅 가는거 같다. 학점은 좀 못받았어도 중요한과목 잘 배우고 가니 만족한다.,,,
42354-051,https://everytime.kr/lecture/view/42354,42354,제어공학기초,유관호,25년 1학기 수강자,5,"전 강의 재밌게 잘 들었습니다. 드립 치는것도 뭐 이상하게 하는것도 아닌데 뭐라 하는 애들은 잘 모르겠습니다. 진도 빨리 나가긴 했는데 그렇다고 정해진 진도를 초과해서 나가지도 않고, 나간만큼만하고 강의 없습니다. 내용도 어렵지 않고 재밌게 잘 들었습니다. 근데 진짜 어려울게 단 하나도 없음 내용도 쉽고 수업도 이해잘되고",,,
42354-052,https://everytime.kr/lecture/view/42354,42354,제어공학기초,유관호,25년 1학기 수강자,2,이게 강의력이 좋다고 평가 받는다는 게 대학 수업 퀄리티가 얼마나 엉망인지 증명한다고 생각함 진도를 미친 듯이 빼고 설명도 대충 영어로 교안 쓱쓱 읽고 교안에 적히 식 계산하는 정도로 설명해서 제어공학에 대한 이해 없이 암기만 시키는 수업인데다 자꾸 ADHD 마냥 열심히 설명하다가 헛소리 뱉어서 흐름 다 끊고 맥 빠지게 만듦.. 나는 강의 안 듣고 독학으로 유튜브 경희대 김동한 교수님의 우주띵강 제어공학기초를 수강했음 무릎을 탁 치게 만드는 명강이니까 꼭 참고해보길 바람 그래도 시험은 과제 성실히 풀고 교재 예제 좀 풀어보면 나름 풀만한 난이도로 나와서 별 두 개 줌 성적은 너그럽진 않은 듯 호명출석이니까 출튀 ㄴㄴ,,,
42354-053,https://everytime.kr/lecture/view/42354,42354,제어공학기초,유관호,25년 1학기 수강자,5,"다들 강의력 좋다길래 들었는데, 설명 간결하게 잘 하심. 종강 15주에 해서 좋음. 운 안좋으면 출튀 걸리니 이왕이면 들으시길.",,,
42354-054,https://everytime.kr/lecture/view/42354,42354,제어공학기초,유관호,25년 1학기 수강자,5,강의에서 다루는 분량이 크지 않아 부담없이 수강 가능합니다. 시험은 과제와 교안의 예제에서 조금씩 변형하셔 출제하시기에 과제와 예제를 막힘 없이 풀 수 있다면 시험도 어렵지 않습니다.,,,
42354-055,https://everytime.kr/lecture/view/42354,42354,제어공학기초,유관호,25년 1학기 수강자,4,낫배드이지만 말씀이 너무 빠르시다. 필기 하려다보면 이미 지워짐..ㅠ,,,
42354-056,https://everytime.kr/lecture/view/42354,42354,제어공학기초,유관호,25년 1학기 수강자,5,"이번학기 안 끝나긴 했지만 그저 교수님 수업 능력에 너무 만족해서 올립니다, 전전에서 이정도의 강의력? 당연 1등",,,
42354-057,https://everytime.kr/lecture/view/42354,42354,제어공학기초,유관호,24년 2학기 수강자,5,과제도 거의 없고 교수님이 잘 설명해주십니다 다만 진도는 조금 빠릅니다,,,
42354-058,https://everytime.kr/lecture/view/42354,42354,제어공학기초,유관호,25년 1학기 수강자,5,강의력 좋으십니다 과제도 이정도면 적당하고요 대신 진도가 좀 빠르긴 합니다,,,
42354-059,https://everytime.kr/lecture/view/42354,42354,제어공학기초,유관호,24년 1학기 수강자,5,깔끔하게 설명해주십니다! 출석 랜덤이니 가급적이면 가시길..,,,
42354-060,https://everytime.kr/lecture/view/42354,42354,제어공학기초,유관호,25년 1학기 수강자,5,저는 개인적으로 강의력 좋으셧습니다 과제도 별로없엇습니당,,,
42354-061,https://everytime.kr/lecture/view/42354,42354,제어공학기초,유관호,23년 2학기 수강자,5,강의력 최고세요 ㅎㅎ 문제 풀이 위주로 알려주셔서 이해하기 쉬웠습니다~,,,
42354-062,https://everytime.kr/lecture/view/42354,42354,제어공학기초,유관호,24년 1학기 수강자,4,"저는 어려웠는데, 시험 점수를 보면 잘보는 사람은 또 성적이 잘나옴. 교제 예제 과제 잘 풀어보고, 기말이어도 중간 개념 잘숙지 해 놓을 것.",,,
42354-063,https://everytime.kr/lecture/view/42354,42354,제어공학기초,유관호,24년 1학기 수강자,3,쉽지않음 과제도 많고 학점도 깐깐하게 주심 강의력도 진도가 너무 빨라서 어려울 수 있음,,,
42354-064,https://everytime.kr/lecture/view/42354,42354,제어공학기초,유관호,24년 1학기 수강자,5,과목 자체가 쉬운편. 시험도 쉽게 내셔서 실수하면 바로 학점 많이 깎일 수 있으니 주의하세여,,,
42354-065,https://everytime.kr/lecture/view/42354,42354,제어공학기초,유관호,24년 1학기 수강자,1,"진짜 모르겠음. 시험 변별이 안되는 느낌. 족보 그대로 내는 문제도 있고,, 그냥 실수 하지 마셈",,,
42354-066,https://everytime.kr/lecture/view/42354,42354,제어공학기초,유관호,24년 1학기 수강자,4,제공기 과목 자체가 좀 쉽기도 하고 시험도 어렵게 안내셔서 할만했음,,,
42354-067,https://everytime.kr/lecture/view/42354,42354,제어공학기초,유관호,24년 1학기 수강자,5,"기본적인 제어 이론을 학습하는 과목임 시험은 100점 맞는 사람이 많은 만큼, 실수하면 복구하기 힘들 수 있음",,,
42354-068,https://everytime.kr/lecture/view/42354,42354,제어공학기초,유관호,24년 1학기 수강자,5,본인이 TI 계산기가 있다라고 하면 강추드립니다 과제는 그냥 교과서 연습문제 풀어가시는거고 시험 난이도도 교과서 예제 수준으로 쉽게 나와요 내용 숙지만 했으면 만점 받아가는 수업입니다 문제는 강의인데 교수님께서 강의 중간마다 기회만 되면 기습적으로 농담을 날리십니다. 이게 집중해서 강의를 들으려고 해도 계속 흐름이 끊기니까 수업 시간이 조금 고통스러웠어요.,,,
42354-069,https://everytime.kr/lecture/view/42354,42354,제어공학기초,유관호,24년 1학기 수강자,3,강의는 자세하게 잘 가르쳐주시는데 성적이 좀 짭니다.,,,
42354-070,https://everytime.kr/lecture/view/42354,42354,제어공학기초,유관호,24년 1학기 수강자,5,"교수님 강의력은 진짜 좋아요 전전 교수님들 중에 명확하고 깔끔하게 제일 잘 가르치시는 것 같아요 다만, 문제풀이 위주로 가르치시는 것 같긴 합니다. 그래서 그냥 가볍게 듣기에 더 좋은 것 같아요. 과제는 총 7개정도 나왔고 5문제정도 되는 것 같습니다. 솔루션은 그냥 참고만 하시고 어차피 시험도 과제문제처럼 나오니 직접 풀어보시길 바랍니다. 교수님이 언급하신 교재랑 한국어판이랑 같으니 딱히 안사셔도 될 것 같아요. 학점은 잘 안주신다고 겁먹었는데 이정도면 엄청 잘주는 거에요. 밑에 사람은 자기가 그냥 공부를 안한거 중간이 100점이 7-8명정도, 기말은 무슨일인지 100점이 10명정도 있었는데 문제가 너무 쉬워서 과제풀고, 교안 읽고 연습문제 풀어볼만한것만 보고 가시면 어렵지 않아요. 공지도 제때제때해주시고, 여러번 반복해서 해주시며 성적도 미리 나옵니다. 처음에 강의할 때 좀 틱틱거리셔서 까칠하다고 생각했는데 그냥 츤데레같아요 나중에 갈수록 더 친절하게 가르쳐주셨어요 질문 많이 하시면 더 좋아하실듯 합니다. 출석은 랜덤으로 직접 부르시니깐 그냥 가세요 저번에 안왔던 사람 한번 더 부르시는 것 같습니다.",,,
42354-071,https://everytime.kr/lecture/view/42354,42354,제어공학기초,유관호,24년 1학기 수강자,5,"교수님 강의력 좋으시고 과목 내용 자체가 쉽습니다. 그러다보니 다들 중간 기말 시험 점수가 높은 편입니다. 성적 비율은 A+ 25%, A0 25%입니다.",,,
42354-072,https://everytime.kr/lecture/view/42354,42354,제어공학기초,유관호,24년 1학기 수강자,1,쁠 안달아줍니다...... 학점 비율도 짠편이에요...... 다른 수업있으면 이정도면 무난한 A+이었을거같은데 ㅠㅠ,,,
42354-073,https://everytime.kr/lecture/view/42354,42354,제어공학기초,유관호,24년 1학기 수강자,2,강의력은 다른교수님들보다 좋지만 학점을 압도적으로 짜게 주시는듯 수강신청망해도 다른 교수님꺼 들으세요 정말 공부를 하고싶으신 분이라면 추천,,,
42354-074,https://everytime.kr/lecture/view/42354,42354,제어공학기초,유관호,24년 1학기 수강자,4,"제어공학을 배울 준비인 수업, 말그대로 기초이다 ㅋㅋ",,,
42354-075,https://everytime.kr/lecture/view/42354,42354,제어공학기초,유관호,24년 1학기 수강자,5,TI계산기 있으면 쉬워요. 없으면 계산이 내용보다많은데 계산기 있으면 중간하루 기말하루 공부해서 A+ 가능합니다,,,
42354-076,https://everytime.kr/lecture/view/42354,42354,제어공학기초,유관호,24년 1학기 수강자,5,교수님 친절하시고 내용도 잘 가르쳐 주세요 교안 잘 보고 과제 잘 해가면 시험 때는 큰 문제 없습니다. 교수님께서 매번 강조하시는 게 복습 잘 해놔라는 건데 제공기 과목 자체가 그리 어렵지는 않아 복습 잘 해놓으면 확실히 시험은 잘 볼 수 있습니다. 과제도 그리 어렵지 않고 시험은 공부한대로 나오게끔 나오는 거 같습니다. 출결은 임의로 부르셔서 운 좋으면 살아남지만 그게 아니면 결석이 되니 출석 하셔야합니다.,,,
42354-077,https://everytime.kr/lecture/view/42354,42354,제어공학기초,유관호,22년 겨울 수강자,5,좋은 겅의입니다. 성적 엄첨 잘 주시는 것 같습니다. 숙제 위주로 공부를 하시면 도움이 될 것 같습니다.,,,
42354-078,https://everytime.kr/lecture/view/42354,42354,제어공학기초,유관호,22년 1학기 수강자,4,제어 과목이 어떤 것인지 배경 지식이 아예 없었지만 수업 자료와 수업을 통해 어렵지 않게 공부할 수 있었음. 시험보다 과제 난이도가 높았음,,,
42354-079,https://everytime.kr/lecture/view/42354,42354,제어공학기초,유관호,22년 1학기 수강자,5,조별과제 없으며 과제는 2주 정도의 간격으로 5문제 정도 풀이해야함. 솔루션을 찾아도 안보여서 그냥 풀었는데 점수 조금 감점된 수치로 나왔는데 크지는 않았으니 중간이랑 기말고사의 성적이 제일 중요하고 내용은 어렵지 않으니 최대한 잘봐야 좋은 학점 얻을 수 있음,,,
42354-080,https://everytime.kr/lecture/view/42354,42354,제어공학기초,유관호,22년 1학기 수강자,3,에이쁠이 생각보다 짜다 교수님강의는 매우평범. 과목이 과목인지라 재미를 못느끼는 사람이 많아서 던지는사람이 많은듯? 시험은 족보에서 거의 그대로 나오니 족보를 구하는것이 좋을것임,,,
42354-081,https://everytime.kr/lecture/view/42354,42354,제어공학기초,유관호,22년 1학기 수강자,4,수업을 잘가르쳐주시나 쁠은 잘 달아주시지 않습니다,,,
42354-082,https://everytime.kr/lecture/view/42354,42354,제어공학기초,유관호,22년 1학기 수강자,2,강의력은 무난하시고 과제는 피드백받으셔서 2주에 한번씩 올려주심 문제는 학점을 정말 깐깐하게 주심,,,
42354-083,https://everytime.kr/lecture/view/42354,42354,제어공학기초,유관호,22년 1학기 수강자,4,강의력도 좋으시고 교수님도 유쾌하심 근데 솔루션 구하는게 어려워서 한학기 내내 내가 뭘 틀렸는지도 모른채로 지나가서 발전을 못함,,,
42354-084,https://everytime.kr/lecture/view/42354,42354,제어공학기초,유관호,22년 1학기 수강자,4,강의 전달력 진도는 좋은데 시험문제가 교안 예제 수준이라 실수하면 바로 나락가는 과목 쁠은 잘 안달아주시는편 b이하 학점도 도 나름 많이 주심,,,
42354-085,https://everytime.kr/lecture/view/42354,42354,제어공학기초,유관호,22년 1학기 수강자,3,강의력 좋다는 데 사실 모르겠다. 그저 책에 있는 내용 그대로 읊는 느낌이고 문제 풀이 방법만 알다간 느낌이다. 과제는 매 챕터 끝날때마다 나온다. 교수님이 분명 솔루션 배끼지 말라고 했지만 솔루션을 배끼야 만점이 나온다. 그리고 이 교수님 학점 너무 짜게 주신다. A이상 비율이 30프로 밖에 되지 않으니 주의할것,,,
42354-086,https://everytime.kr/lecture/view/42354,42354,제어공학기초,유관호,22년 1학기 수강자,3,공식 위주로 수업을 하셔서 문제풀이 연습하는 강의 듣는 기분이었습니다,,,
42354-087,https://everytime.kr/lecture/view/42354,42354,제어공학기초,유관호,22년 1학기 수강자,5,정석적인 풀이방법을 설명하시는 스타일인 교수님입니다. 제어공학기초과목자체가 기초여서인지 단순히 계산을 많이합니다,,,
42354-088,https://everytime.kr/lecture/view/42354,42354,제어공학기초,유관호,22년 1학기 수강자,5,수업을 엄청 잘하신다 질문도 잘 받아주시고 중간중간에 장난도 치셔서 좋았다,,,
42354-089,https://everytime.kr/lecture/view/42354,42354,제어공학기초,유관호,21년 1학기 수강자,4,강의는 영어로 하시는데 진짜 필요한 부분만 해서 알차고 좋다 시험은 예제만 보면 어느 정도 다 풀 수 있는 수준이다,,,
42354-090,https://everytime.kr/lecture/view/42354,42354,제어공학기초,유관호,21년 1학기 수강자,5,"국제어 수업이지만 영어로도 수업 전달력이 매우 좋으심 국제어 수업 비율을 바라고 진입하지만, 기말 고사 이후 교수님이 성적 엑셀파일을 공개하셨는데 학점 혜자 수업은 아니었음 코로나 시국이지만 B+이하도 주심. 하지만 그만큼 내용이 쉽고 시험이 쉽고 고득점자가 많아서 그런 것 같음 강의력이 좋으면서 딱 중요한 것만 가르쳐주시고, 수업시간에 문제풀이도 자세히 해주시고, 시험은 정말 강조한 문제만 출제하시기 때문에 수업만 흘려듣지 않고 확실하게 듣고, 내용 정리 약간만 해도 시험지에 다 완벽하게 써서 제출할 수 있음! 제어공학기초라 그런지 모르겠지만, 제어공학이 무엇인가를 정성적인 내용을 배운 기분은 아니고 정말 문제풀이 수업 같았다. 시스템 해석 방법도 회로이론이나 타 과목에서 한번쯤 배우는 거고, 공학수학, 선형대수랑 겹치는 내용 꽤 많아서 계산기만 잘 쓴다던가 공학수학 선형대수를 꽤 잘하는 편이었으면 수업만 듣고 내용정리 조금만 해도 매우 편안하게 고득점 받아서 학점 챙길 수 있는 과목이라고 생각하고 남는 학점 편하게 채울 사람들에게는 매우 추천합니다! a+ 받았는데 타과목에 비해 정말 편하게 받은 것 같아요",,,
42354-091,https://everytime.kr/lecture/view/42354,42354,제어공학기초,유관호,21년 1학기 수강자,4,수업퀄리티 좋아요! 근데 학점 조금 짜게 주셔요ㅠ,,,
42354-092,https://everytime.kr/lecture/view/42354,42354,제어공학기초,유관호,21년 1학기 수강자,5,꿀과목 작년에는 과제 많았다고 했는데 학생들 의견 반영해서 과제량 줄여주시니까 과제 부담감 없었음 글고 중요한게 영어를 너무 잘하셔서 2배속으로 들어도 귀에 쏙쏙 들어오는 느낌 수업을 너무 잘하셔서 내용이해도 잘됨 시험은 문제가 더럽지않고 깔끔함 학점은 비율 맞게 주시는듯 A+ 감사합니다 교수님!,,,
42354-093,https://everytime.kr/lecture/view/42354,42354,제어공학기초,유관호,21년 1학기 수강자,5,"A+뜬 사람의 개인적인 생각. 수업: 매우 잘하신다, 빡빡할정도로 수업만 들어도 배우는게 많다, 옆동네 ㄱㅌㅇ 제공기 수업을 잠깐 구경해봤는데 유관호 교수님은 나름 이해잘되고 쉽게 가르쳐주신다, 학점을 떠나 수업만 보고 선택해도 됨. 시험: 별이 5점인 이유, 강평을 처음 써보게 한 이유, 일단 매우 지엽적이고 복잡한 증명을 통한 공식은 시험에 내지 않는다, 말 그대로 수업때 강조를 여러번하고 중요한 핵심만 간결하게 내심, 공부는 많이 했지만 그게 살짝 아쉬울정도로 쉬움, 예제문제 완벽히 숙지하고 교안을 숙지하면 됨, 연습문제는 별로 필요없음 총평: 매우 추천, 듣는사람이 적어 처음엔 무서웠는데 들을수록 교수님 수업도 잘하시고 친절하시고 시험도 깔끔하게 내신다.",,,
42354-094,https://everytime.kr/lecture/view/42354,42354,제어공학기초,유관호,21년 1학기 수강자,4,우선 수업을 잘하신다. 제출해야하는 과제가 2~3주에 한 번꼴로 나오고 원래 매트랩도 쓴다고 하지만 코로나학기라 매트랩은 사용한 적 없다. 시험은 예제와 과제 여러번 풀어보면 된다 학점은 나와봐야 알겠다,,,
42354-095,https://everytime.kr/lecture/view/42354,42354,제어공학기초,유관호,20년 1학기 수강자,4,이해하기 쉽게 강의해 주십니다. 과제가 많긴 하지만 문제를 직접 풀고 매트랩도 하는 것이 믾은 도움이 되었습니다.,,,
42354-096,https://everytime.kr/lecture/view/42354,42354,제어공학기초,유관호,20년 1학기 수강자,4,"국제어 강의인데 교수님께서 목소리도 좋고 영어발음이 좋으셔서 수업의 퀄리티가 좋다고 느꼈다. 문제풀이 위주의 수업이고 선형대수학, 공학수학이 정말 많이 쓰인다. 수업 중간중간 유머도 날려주시고 가끔 한국어로도 설명해주신다. 다만, 코로나 첫학기여서 그런건지는 몰라도 과제 양이 정말 많았다. 기존 과제, 매트랩 과제, 텀프로젝트, 중간고사, 기말고사.. 학기 내내 신경쓸 게 좀 많았다.",,,
42354-097,https://everytime.kr/lecture/view/42354,42354,제어공학기초,유관호,20년 1학기 수강자,4,과제가 쪼끔 많긴한데 시험은 어렵지 않고 예제나 연습문제랑 비슷한 난이도로 나옵니다. 학점 비율은 거~의 꽉채워서 주시는거 같고 +는 꽉채워주지는 않습니다.,,,
42354-098,https://everytime.kr/lecture/view/42354,42354,제어공학기초,유관호,20년 1학기 수강자,4,자세히설명해주시지만 과제가많아요 시험은 쉽게내주시는편입니다,,,
42354-099,https://everytime.kr/lecture/view/42354,42354,제어공학기초,유관호,20년 1학기 수강자,2,문제 대충 풀어주고 얼렁뚱땅 넘어갑니다. 이론적인 것에 대한 설명이 많이 부족해요,,,
42354-100,https://everytime.kr/lecture/view/42354,42354,제어공학기초,유관호,20년 1학기 수강자,1,강의에서 학생을 위하는듯한 말씀을 하시지만 현실은 그렇게 못하시는거같습니다 한학기동안 과제든 프로젝트든 그렇게 괴롭히시더니 마지막 성적 이의신청은 확인조차 안하시네요 처음 이미지가 너무 좋으셨는데 실망스럽습니다,,,
353879-001,https://everytime.kr/lecture/view/353879,353879,통신시스템,정민영,24년 1학기 수강자,5,신시mk2입니다 강평 궁금하면 교수님 신시로 가셔서 보시면 거의 맞습니다. 과제 시험출제 경향 모두 신시와 동일하며 전 교수님 신시 듣고 좋았어서 따라왔습니다. 조금 다른점이면 수강생이 적어서 신시 대비 채점을 너그럽게 하시는 편이고 절대평가입니다. 그런데 교수님은 상평 강하게 원하는데 학칙때문에 절평된느낌이라 수강생 수 많아지면 상평일겁니다. 그리고 수강생 수 적어서 그런지 한명한명 신경을 더 써주십니다. 그리고 신시는 무조건 듣고 확랜프는 듣고오는거 권장합니다 둘다 한번씩 복습하긴 하나 기반지식 없이 따라가기 어렵습니다.,,,
991606-001,https://everytime.kr/lecture/view/991606,991606,동역학,휴고로드리그,26년 1학기 수강자,4,다 무난 했지만 30분동안 교안만 읽는 수업을 듣는게 시간이 아까웠습니다.,,,
991606-002,https://everytime.kr/lecture/view/991606,991606,동역학,휴고로드리그,26년 1학기 수강자,1,본격 자습장려하는 교수 수업 30분만에 끝남 혼자 공부 할 거 아니면 듣지마세요,,,
991606-003,https://everytime.kr/lecture/view/991606,991606,동역학,휴고로드리그,25년 1학기 수강자,5,혼자만의 공부가 중요한 과목이고 기말고사를 잘보는게 이후의 기구학이라던지에 많이 중요함. 중간고사를 잘봐서 기말 망해도 에플 받았지만 기말때 더 공부를 할걸 하는 후회가 남는다,,,
991606-004,https://everytime.kr/lecture/view/991606,991606,동역학,휴고로드리그,25년 1학기 수강자,5,"동역학 시험은 어려운데, 수업 잘 따라가면 할만합니다. 교수님이 말을 많이 빠르게 하시지는 않지만 놓쳐도 온라인 강의에서 놓친 부분 다시 들으면 문제 안될거에요.",,,
991606-005,https://everytime.kr/lecture/view/991606,991606,동역학,휴고로드리그,25년 1학기 수강자,5,시험 난이도는 강의 자료에 나온 예제랑 연습문제 그리고 과제랑 난이도 비슷 한 듯 합니다. 족보랑 강의 자료에서 겹치는 문제 2문제 정도 나오고 첨 보는 문제도 나옵니다.,,,
991606-006,https://everytime.kr/lecture/view/991606,991606,동역학,휴고로드리그,25년 1학기 수강자,4,성적이 작년에 비해 관 까네지신 것 같아 수업이 매우 빨리 끝나고 강의록이 잘 되어 있지만 거의 독학으로 해야 하는 수업이다.,,,
991606-007,https://everytime.kr/lecture/view/991606,991606,동역학,휴고로드리그,25년 1학기 수강자,4,수업이 빨리 끝난다는 게 가장 큰 장점입니다. 독학이 사실상 필수라는 게 장점이자 단점입니다.,,,
991606-008,https://everytime.kr/lecture/view/991606,991606,동역학,휴고로드리그,25년 1학기 수강자,3,"수업은 다른 분들의 설명처럼 교안 그대로 읽어주십니다. 수업 내용이 쉽지 않기도 하고 수업을 보통 30분만에 끝내실 정도로 속도를 내시기 때문에 수업 내에 해당 내용을 이해하고 적용하기는 거의 불가능한 수준. 즉, 수업 듣는 건 거의 의미 없고 파일로 제공받은 교안과 교재 이용해서 독학하시면 됩니다. 따라서 본인이 물리2, 고급물리를 고등학교 때 했거나 물리에 자신이 있다하시면 괜찮을 수업입니다. 특히 중간고사에 조금 힘쓰도록 하세요. 기말고사의 경우에는 내용 자체의 난이도가 많이 높아서 평균이 다소 많이 ‘낮아서‘ 크게 변별되지 않습니다. 중간고사 때 80~100점 사이로 상위권을 확보했다면 기말고사는 크게 최종성적에 영향을 주지 않습니다. 중간 90, 기말 40으로 최종 A+ 받아서 성적은 뭐 적당히 괜찮게 주시는 듯 합니다.",,,
991606-009,https://everytime.kr/lecture/view/991606,991606,동역학,휴고로드리그,25년 1학기 수강자,5,"학기가 바빠 시간투자를 많이 못했지만, 수업도 과제도 교안도 깔끔. 교수님이 하라는 대로하면 성적 잘 나올듯하다.",,,
991606-010,https://everytime.kr/lecture/view/991606,991606,동역학,휴고로드리그,25년 1학기 수강자,5,"좋아요.. 깔끔하고.. 성적은 아직 안나와서 모르지만, 강의 일찍 끝나고... 시험은.. 다 좋아요.. 전 어렵긴 하더라구요..",,,
991606-011,https://everytime.kr/lecture/view/991606,991606,동역학,휴고로드리그,25년 1학기 수강자,5,강의: 교재 읽어주십니다 강의력이 좋은지는 잘 모르겟음 교안이 레전드로 좋다고 호들갑떠는데 그냥 책에잇는 내용 복붙이니 책 사서 읽으세요잉 시험: 중간 기말 다 교재에 있는 문제 수준입니다 하루에 문제 3문제씩만 풀어도 다 대비될듯 ㅇㅅㅇ;; 과제: 채점 안하십니다 그냥 부담없이 슥슥 문제풀고 담주에 올라오는 솔루션보고 채점 함 해보는게 다에요,,,
991606-012,https://everytime.kr/lecture/view/991606,991606,동역학,휴고로드리그,25년 1학기 수강자,5,수업은 그냥 교안 읽으시는게 다인데 교안에 내용이 되게 잘 정리되어 있어서 괜찮습니다 수업시작할 때 호명으로 출석 부르십니다 과제는 단원 끝날 때마다 몇문제씩 나오는데 그냥 풀고 제출만 하면 되는거 같습니다 시험 일이주 전에 지난 기출들 올려주시는데 얘네랑 과제문제들 풀이 제대로 숙지해두시면 시험에 최소 한두문제는 얻어걸려요 난이도는 중간은 무난했는데 기말은 어려웠던 거 같네요,,,
991606-013,https://everytime.kr/lecture/view/991606,991606,동역학,휴고로드리그,25년 1학기 수강자,3,교수님은 좋지만... 강의는 그냥 교안을 읽으시고 시험은 어려움,,,
991606-014,https://everytime.kr/lecture/view/991606,991606,동역학,휴고로드리그,25년 1학기 수강자,5,휴고 교수님 너무 친절하십니다. 수업 시간은 짧아요.,,,
991606-015,https://everytime.kr/lecture/view/991606,991606,동역학,휴고로드리그,24년 1학기 수강자,5,강의가 깔끔하심 시험은 기출을 올려주시는데 기출에서 꼭 2문제정도 같은 문재로 나옴,,,
991606-016,https://everytime.kr/lecture/view/991606,991606,동역학,휴고로드리그,24년 1학기 수강자,5,과제 적당함 수업시간 평균 30분 길면 50분 시험 난이도 적당 과제에서 한문제 교재 예제문제에서 3~4문제 다른 책에서 2문제 정도 냄 난이도 조절 잘하는거같음,,,
991606-017,https://everytime.kr/lecture/view/991606,991606,동역학,휴고로드리그,24년 1학기 수강자,5,진짜 갓휴고 중기둘다 25퍼 넘으면 에이쁠이고 교안이 너무 깔끔했다. 족보도 다 주셔서 예제랑 족보 푸는 연습만 해도 점수 잘나옴,,,
991606-018,https://everytime.kr/lecture/view/991606,991606,동역학,휴고로드리그,24년 1학기 수강자,5,깔끔함 수업진행이. 과제도 뭐 적당하고 시험은 막 어렵게 낼거다 문제 진짜 많이 풀어 봐야할 거다 하시는데 그닥 안 어려움. 교안 문제랑 과제 문제 정도만 풀면 됨. 성적은 잘 주시는 듯. 딱 깔끔 무난한 수업.,,,
991606-019,https://everytime.kr/lecture/view/991606,991606,동역학,휴고로드리그,24년 1학기 수강자,5,"출석: 직접호명 과제: 책에 있는 내용보다 훨씬 어려운 내용이 있는 경우가 꽤나 있는데 어차피 채점 안해서 공부하기 좋은 것 같네요. 학기에 6번인가 7번 정도 있었던것 같아요. 시험: 그렇게 어렵지는 않은게 그냥 교재 뒤에 문제 많이 풀어보면 풀 수 있어요. 교수님: 사실 수업은 거의 안들어서 잘 모르겠네요 특징: 수업을 안들은 이유가 수업 내용이 그냥 ppt라 봐도 무방합니다. 근데 ppt가 굉장히 정리가 잘 되어있고, 실수 많이 하는 부분들을 선제공격하는 경우가 많아서 걍 ppt가지고 독학하기 굉장히 좋아요. 성적: 성적 공개 됐을 때 그냥 성적분포그래프 보시고 이정도 성적까지 A+가 될 것 같다. 이정도가 A0가 적당할 것 같다. 라고 말씀하신 것 같네요. 결론은 그 분포에 적합한 성적을 받아야할 것 같네요",,,
991606-020,https://everytime.kr/lecture/view/991606,991606,동역학,휴고로드리그,24년 1학기 수강자,5,교안이 너무 잘 되어 있어 교안이랑 교안에 교수님께서 찝어주신 문제만 풀어도 좋은 점수 받을 수 있는 것 같습니다.,,,
991606-021,https://everytime.kr/lecture/view/991606,991606,동역학,휴고로드리그,24년 1학기 수강자,5,교안도 좋고 열정적이고 이마놘 교수님이 없습니다. 사석에서는 친절하시고 한국말도 개잘하셔요,,,
991606-022,https://everytime.kr/lecture/view/991606,991606,동역학,휴고로드리그,22년 1학기 수강자,5,교수님 강의력 괜찮다 느꼈습니다 다만 역학시험이 그렇듯 시간에 맞춰서 푸는 연습을 많이 하셔야 될 것 같습니다,,,
991606-023,https://everytime.kr/lecture/view/991606,991606,동역학,휴고로드리그,22년 1학기 수강자,1,족보만 보고 가면 안됨 계속 족보에서 몇문제씩 나오다가 요번부터 하나도 안나왔음 과제는 적어서 좋음 그러나 성적은 짜다 예전의 그가 아니다,,,
991606-024,https://everytime.kr/lecture/view/991606,991606,동역학,휴고로드리그,22년 1학기 수강자,5,교안이 잘되있어서 수업 안듣고 교안만 봐도 충분함. 시험은 과제 풀어보시면 충분히 풀수 있음,,,
991606-025,https://everytime.kr/lecture/view/991606,991606,동역학,휴고로드리그,21년 1학기 수강자,5,교안 원툴인데 교안이 너무 좋아서 깔수가 없다 ㅋㅋㅋㅋ,,,
991606-026,https://everytime.kr/lecture/view/991606,991606,동역학,휴고로드리그,22년 1학기 수강자,5,따로 필기를 안해도 될정도로 교안이 깔끔하게 되어있음 유일하게 교안 프린트 안한 과목. 과목자체가 어렵지만 문제많이 풀어서 익숙해지면 충분히 에이쁠 받아갈수있음,,,
991606-027,https://everytime.kr/lecture/view/991606,991606,동역학,휴고로드리그,22년 1학기 수강자,5,무난무난 공부한만큼 나오는 수업! 기출 올려주시는데 그거 열심히 풀면 좋음,,,
991606-028,https://everytime.kr/lecture/view/991606,991606,동역학,휴고로드리그,22년 1학기 수강자,4,"그냥 열심히 한 사람이 좋은 성적 얻어가는 공평한 수업. 과제도 평균이고, 2022 1학기때는 온라인+오프라인 혼용하셔서 오프라인 오고 싶은 사람만 오프라인으로 듣고 나머진 아캠수업듣기로 출석체크함. 다만 직접 듣고 질문하면서 이해가 더 확실히 잘되는 건 있었음.",,,
991606-029,https://everytime.kr/lecture/view/991606,991606,동역학,휴고로드리그,22년 1학기 수강자,5,강의는 ppt를 읽어주지만 가끔식 자주하는 실수 같은 거 짚어주셔서 강의를 듣는 것도 나쁘지는 않아요. 그리고 ppt가 워낙 잘 정리되어 있어서 독학할 때 매우 편해요.,,,
991606-030,https://everytime.kr/lecture/view/991606,991606,동역학,휴고로드리그,22년 1학기 수강자,5,"교안이 정말 깔끔해서 독학하기 편함. 강의에서는 대부분 교안 그대로 읽어 주시는데 가끔 중요한 부분이나 헷갈리기 쉬운 부분 강조해서 설명해 주시기도 함. 시험 난이도 적당해서 공부한 사람이 잘 받아가고, 시험 성적이 굉장이 빨리 나옴. 기말때는 2시간만에 나온 듯..? 기말 부분이 어려워서 중간 잘 봐두면 편함. 과제는 2주에 한 번 수업한 부분 문제 풀어서 제출하는 건데 제출여부만 따지셔서 편했음.",,,
991606-031,https://everytime.kr/lecture/view/991606,991606,동역학,휴고로드리그,22년 1학기 수강자,5,"강의에서 정말 ppt만 읽긴 하시는데, 가끔 주의해야할점? 알려주셔서 강의 듣는것도 사실 나쁘지 않은거 같아요. 본인 편한대로! 분반이 총 2개였는데, 분반별로 성적 주는게 아니라 수강생 점수대로 나열해서 성적주셔요(시험 달라도 그냥 중기말 합으로 등수메겨서 성적 줌). 상위 25%만 A+인것 같습니다. 과제는 있긴한데, 빈 A4 제출해도 과제 점수 안깎여서 그건 좀 편했네요",,,
991606-032,https://everytime.kr/lecture/view/991606,991606,동역학,휴고로드리그,22년 1학기 수강자,5,ppt가 잘 정리되있어서 공부하기 편하고 수업이 깔끔합니다. 시험도 어려운편이여서 열심히 한 사람이 잘 받아가는 강의인듯합니다.,,,
991606-033,https://everytime.kr/lecture/view/991606,991606,동역학,휴고로드리그,22년 1학기 수강자,5,"온,오프 혼합이였고 피피티 리더기라고 많이 말하는데 그만큼 피피티가 잘 되어있고 그래서 독학하기에도 좋음. 수업은 동역학이라는 과목 자체가 어려웠고 시험도 그래서 어려웠음. 성적은 비율 꽉 채워서 주신거 같아요.",,,
991606-034,https://everytime.kr/lecture/view/991606,991606,동역학,휴고로드리그,22년 1학기 수강자,5,"학생들 질문에 답장도 잘해주시고 학점도 후하게 주시는 것 같습니다. 교안에 있는 문제, 기출, 숙제, 교안 마지막에 있는 연습문제들 풀어보면 좋습니다. 개인적으로 중간보다는 기말이 더 기회라고 생각합니다. 기말이 내용 자체는 더 어려울 수 있지만, 시험 문제는 비교적 평이했던 것 같습니다. 오히려 중간이 좀 더 어려웠던 것 같아서 중간 망치더라도 포기하지 마세요.",,,
991606-035,https://everytime.kr/lecture/view/991606,991606,동역학,휴고로드리그,22년 1학기 수강자,5,깐깐하신것 같지만 학점은 잘주시는듯? 그리고 사람적어도 1학기에 들으세요..^^ 재수강러가 많아서 그런지 진짜 평균이 상상 그 이상으로 낮습니다…공부를 진짜 평균아래강도로 해도 에이쁠 얻으실 수 있습니다.,,,
991606-036,https://everytime.kr/lecture/view/991606,991606,동역학,휴고로드리그,22년 1학기 수강자,5,"교안에 예제들과 개념들이 잘 정리되어 있어서 공부할 때 편했던거 같습니다. 처음에 개념들이랑 예제들로 감을 좀 잡으시고 교안 마지막에 찝어주신 문제들 풀어보시면 어느정도 시험에 대비할 수 있습니다. 저는 개인적으로 찝어주신 문제들에 책에 있는 문제들 풀어보면서 감 잡는게 차라리 맘편했던거 같습니다. 시험은 중간고사는 일물이랑 비슷했던거 같고 기말은 진짜 난해한 부분들이 조금 있어서 열심히 하는게 좋습니다. 중간고사는 무조건 잘보는게 좋고, 기말은 적당히만 보면 어지간하면 에이플 받아서 갈 수 있을거 같습니다",,,
991606-037,https://everytime.kr/lecture/view/991606,991606,동역학,휴고로드리그,22년 1학기 수강자,5,첫 수업때 겁은 많이 주시지만 수업도 대체로 짧고 교안도 좋습니다,,,
991606-038,https://everytime.kr/lecture/view/991606,991606,동역학,휴고로드리그,22년 1학기 수강자,5,어차피 혼자 할거면 교안이 좋은 휴고 교수님. 처음에 겁주지만 학점을 엄청 잘 주십니다. 👍 👍 👍,,,
991606-039,https://everytime.kr/lecture/view/991606,991606,동역학,휴고로드리그,22년 1학기 수강자,5,밑에분이 추가로 더 풀라고도 말씀하셨지만 그냥 기출이랑 교안에서 풀라고 주신 문제들만 해가도 에이플 나옵니다. 심지어 기출은 시험기간때 아예 풀어보라고 아캠에 올려주십니다. 열심히 한만큼 혹은 한만큼보다 학점 잘 나오는 과목. 중간 5등안에 들고 기말 조금 조져서 15등보다 살짝 아래였는데 에이플 받아갑니다. 그저 갓휴고,,,
991606-040,https://everytime.kr/lecture/view/991606,991606,동역학,휴고로드리그,22년 1학기 수강자,5,휴고 교슈님 강의랑 교안 플러스 책 예제 지정해준것 외에도 추가로 푸시면 에쁠 받아갑니다,,,
991606-041,https://everytime.kr/lecture/view/991606,991606,동역학,휴고로드리그,22년 1학기 수강자,5,교안이 짱짱함. 학점도 비율 맞춰주는 것 같아서 독학하기 좋은 듯!!,,,
991606-042,https://everytime.kr/lecture/view/991606,991606,동역학,휴고로드리그,19년 2학기 수강자,5,"휴고 교수님을 택하는 이유는 단 하나. 학점이 너그러우시다. 강의력은 딱히 좋은 편은 아니지만(교안 그냥 읽으심), 교안이 굉장히 잘 되어 있어 독학에도 문제 없다.",,,
991606-043,https://everytime.kr/lecture/view/991606,991606,동역학,휴고로드리그,21년 2학기 수강자,5,세상 깐깐한 것처럼 보인는데 막상 성적은 잘주심. 교안 정말 좋네여. 그런데 강의 진짜 너무 ppt 리더기라 아쉬웠어요. 그래도 수업 전체적으로 너무 깔끔해서 추천추천. 다만 과목 난이도도 있는만큼 열심히 해야함!,,,
991606-044,https://everytime.kr/lecture/view/991606,991606,동역학,휴고로드리그,21년 2학기 수강자,5,정말 무난하고 깔끔한 수업. 단원 끝날 때 마다 과제 대여섯 문제 나오고 ppt 뒤에 있는 추천 문제 풀다 보면 어느정도 감이 잡힌다. 시험은 족보에서 꽤 나오니 기출 있는대로 잘 풀고 하다보면 좋은 성적 나올거임. 중간 기말 시험 성적이 시험 본 당일 밤에 나와서 놀랐음.,,,
991606-045,https://everytime.kr/lecture/view/991606,991606,동역학,휴고로드리그,21년 2학기 수강자,5,"매우 만족스럽습니다. 저같은 경우는, 교수님께서 교안 맨뒷부분에 단원별로 추가로 풀어보라하는 문제들은 3번정도 돌린것같고, 교수님께서 요구하는 풀이방식을 체화하는데 시간을 많이 썼습니다 동역학은 무조건 문제 많이 풀면서 머릿속으로 움직이는 상황이 그려지는 단계까지 도달하는게 중요한것같아요. 크게 노력 안했는데, 분반2등으로 A+ 낭낭하게 챙겨갑니다ㅎ",,,
991606-046,https://everytime.kr/lecture/view/991606,991606,동역학,휴고로드리그,21년 2학기 수강자,4,"시험문제는 교안, 과제문제와 비슷한 유형이 나왔습니다. 수업 끝날 때 교재 연습문제 몇 개를 추천해주시지만 그것까지 풀기엔 개인적으로 양이 너무 많다고 생각해서 교안, 과제문제만 공부했습니다. 중간고사보다 기말고사 반영비율이 높고, 기말고사 범위가 매우 어려워서(중간값 35, 100점 만점) 기말 점수가 좀 더 중요합니다. 그리고 FBD, 단위, 벡터 표시 등 기본적인 것들을 중요하게 생각하시고, 과제나 시험 점수에도 반영하시니 참고하세요.",,,
991606-047,https://everytime.kr/lecture/view/991606,991606,동역학,휴고로드리그,21년 2학기 수강자,4,우선 시작전에 총합 30 넘으면 에프 준다고 하시는데 찐으로 주심 겁주신게 아니라 찐으로 주심. 사실 30점 못넘은거면 공부 안 한 거라 받기 어려운데 이 어려운 걸 제가 해냈음 ㅁㅌㅊ? 중간은 대충 전학기 족보4문제 과제에서 2문제였나 쨌든 최근 거에서 거의 다 나옴 근데 기말은 첨보는 문제들만 나와서 개같이 멸망함 ㅎㅎ 인생 굿 기말 전년도 족보 과제만 외웠더니 망해부렸다 이말입니다 시험은 무조건 오프라인이고 계산기 검사 안 하니 nspire있으면 공식 넣어가셈 20만원 아끼지 말고 걍 모든 문제 넣어갔으면 재수강의 늪에서 벗어날 수 있었을텐데 ㄲㅂㄲㅂ 그리고 다른 사람 강의평대로 ppt리더기인데 대충봐도 ppt 잘 써있긴함 F받은 내가 강의평에 왈가왈부하면 웃음벨이니 이만 가보겠음,,,
991606-048,https://everytime.kr/lecture/view/991606,991606,동역학,휴고로드리그,21년 2학기 수강자,3,무난무난합니다 성적은 정말 본인이 얼마나 공부했느냐에 따라 천차만별인듯,,,
991606-049,https://everytime.kr/lecture/view/991606,991606,동역학,휴고로드리그,21년 2학기 수강자,5,중간고사를 잘보는게 좋음. 기말은 내용자체가 꽤 어려워서 생각보다 다들 좋은 성적을 받지 못합니다. 교수님 교안이 굉장히 좋아서 교안만 있어도 공부하기에 굉장히 수월합니다.,,,
991606-050,https://everytime.kr/lecture/view/991606,991606,동역학,휴고로드리그,21년 2학기 수강자,5,"그냥 깔끔한 수업이었습니다. 강의, 과제, 시험, 성적공시 다 매끄럽게 진행되었습니다. 중간 평균 기말 상위 25%였는데 A받았습니다",,,
991606-051,https://everytime.kr/lecture/view/991606,991606,동역학,휴고로드리그,21년 2학기 수강자,5,Ppt리더기라는 데 ppt에 모든게 다있어서 ㄱㅊ 질문올리면 답장속도 진짜 개빠르시고 친절하심 중간중간 겁주긴하는데 구냥 애정표현방식인거같기도..? 학점은 진짜 잘주심. 빛고 빛고!!,,,
991606-052,https://everytime.kr/lecture/view/991606,991606,동역학,휴고로드리그,21년 2학기 수강자,5,"중간 상위25프로, 기말 상위 40프로? 정도였는데 에이쁠 받았습니다 학점 진짜 잘주세요 강의는 그냥 ppt읽어주시는거같아서 저는 독학했는데, 피피티 퀄이 좋아서 독학하는데에도 큰 어려움 없었습니다 시험문제는 기출 구하시면 도움이 될 것 같아요!",,,
991606-053,https://everytime.kr/lecture/view/991606,991606,동역학,휴고로드리그,21년 2학기 수강자,5,"ppt퀄이 많이 좋고 설명도 잘해주십니다! 시험은 많이 어렵게 내신다 하지만 ppt 문제랑 과제, 집어주신 교재문재들만 열심히 풀면 잘 볼 수 있어요.",,,
991606-054,https://everytime.kr/lecture/view/991606,991606,동역학,휴고로드리그,21년 2학기 수강자,5,좋으신 교수님 벗 피피티만 읽으시는 느낌..? 근데 피피티 퀄이 좋다,,,
991606-055,https://everytime.kr/lecture/view/991606,991606,동역학,휴고로드리그,21년 1학기 수강자,4,"과제가 적진 않고 설명을 잘해주심. 시험은 중간, 기말 다 있는데 예시문제, 과제만 잘 푼다면 충분히 풀 수 있을 거임.",,,
991606-056,https://everytime.kr/lecture/view/991606,991606,동역학,휴고로드리그,21년 2학기 수강자,5,PPT내용 고퀄이고 설명 잘해주시고 과제적당... 시험만 많이 안어렵고 학점만 잘주면 최고일듯 기대중,,,
991606-057,https://everytime.kr/lecture/view/991606,991606,동역학,휴고로드리그,21년 1학기 수강자,5,교수님이 되게 깐깐/엄격하신 것 같아요. 피피티는 진짜 좋아요. 이제까지 들은 모든 과목 중에 가장 공부하기 좋은 피피티였던 것 같아요. 개념내용 뿐만 아니라 많은 예제와 풀이까지 다 담겨있어요. 저처럼 영어 잘 못알아들으시는 분들은 피피티 보면 이해되서 좋아요. 다만 온라인 시험이라 부분점수를 안주셔서 실수 조금만 해도 아예 그 문제는 0점처리되요. 저는 공부 많이했고 자신있렀는데 이런 식으로 다 날아가서 비제로 받았어서 너무 아쉬웠어요…실수를 안할만큼 더 공부했어야 하는데 제탓이라고 생각합니다. 피피티 너무 좋고 교수님 발음 좋으셔서 추천합니다!,,,
991606-058,https://everytime.kr/lecture/view/991606,991606,동역학,휴고로드리그,21년 1학기 수강자,5,학점을 너무 잘 주십니다 킹고킹고 동역의 꽃이고 pdf가 너무 깔끔하고 공부하기 좋습니다!,,,
991606-059,https://everytime.kr/lecture/view/991606,991606,동역학,휴고로드리그,21년 1학기 수강자,3,단답형으로 중간 기말 보는데 과정을 안 보고 답만 봐서 점수가 훅훅 날라간다 비율도 많이 안 채워주는 편(이번 학기부터 그랬을수도) 강의자료는 혼자 공부하기에 매우 좋다,,,
991606-060,https://everytime.kr/lecture/view/991606,991606,동역학,휴고로드리그,21년 1학기 수강자,2,역학인데 부분점수 없고 답 맞으면 10점 틀리면 0점 이렇게 10문제 나옴 전 문제로 못 돌아감 부분점수 아예 없음 피피티만읽으심 근데 피피티 좋음 교수님 좋음,,,
991606-061,https://everytime.kr/lecture/view/991606,991606,동역학,휴고로드리그,21년 1학기 수강자,4,동역학이란... 알다가도 모르겠는것... 중간 평균 못넘고 기말 평균인데 비쁠주셨습니다,,,
991606-062,https://everytime.kr/lecture/view/991606,991606,동역학,휴고로드리그,21년 1학기 수강자,5,"수업방식이 마음에들고, 매력적인교수님에 반한다. icampus 메세지를 적극활용해라. 교수님이 알때까지 알려주신다. 그리고 교수님이 ' 예전에 이거 시험문제로냈었다 ' 라는거는 잘보시길. 그 문제는 문제풀이의 집합체거나 그대로나올 가능성이 있다. (기말때 자전거문제 그냥 보고 풀이기억나서 바로썼다.) 그리고 복습해라. 복습안하면 양이 산더미처럼 불어난다. 제발복습해. 만약 practice problem을 못풀정도의 시간이다? 싶으면 교안 반복해서보고 반복해서 풀어라. 사실 그것도 시간많이들여야한다. 중간잘쳐놓으면 기말이어려워서 많이들던지기때문에 중간으로 캐리해서 기말때 낮게받아도 A+맞는사람들도 봤다. 끝으로 A+받았다.",,,
991606-063,https://everytime.kr/lecture/view/991606,991606,동역학,휴고로드리그,21년 1학기 수강자,5,"학점은 꽉꽉 채워주시는거 같아요! 단원 끝날때마다 과제가 있고, 시험은 중간기말 이렇게 두 번 칩니다! 시험은 각각 열문제씩 나왔고, 단답형이라 부분점수는 없었습니다! 저는 공부하다 모르는게 많아서 교수님께 아캠 쪽지로 정말 자주 질문드렸는데, 매번 정말 길고 자세하게 답변해주셔서 감동했어요!! 그리고 ppt가 정말 모든 내용이 잘 정리되어 있어서 공부할 때 되게 편했습니다! 동역학 수강하신다면 휴고 교수님 정말 추천합니다!!",,,
991606-064,https://everytime.kr/lecture/view/991606,991606,동역학,휴고로드리그,21년 1학기 수강자,5,피피티 리더기라는 소리에 대해.. 수업할 때 ppt 중간에 가끔 문제 추가 설명도 하시고 오히려 교안 대충인 수업보다 더 준비 많이된 수업이라고 느꼈어요. 문제 설명도 자세해서 혼자 복습할 때도 문제 풀어보고 공부하기 좋았어요. 교수님도 귀여우시고 학점도 꽉꽉 채워주시고 쁠도 잘 달아주시는거 같아요 비대면 시험은 답을 맞아야 10점 아니면 0점인 퀴즈식이었는데 평소 교안에 있는거랑 추가로 집어주시는거 몇개만 풀어보아도 충분히 풀 수 있는 난이도라고 생각합니다,,,
991606-065,https://everytime.kr/lecture/view/991606,991606,동역학,휴고로드리그,21년 1학기 수강자,5,"중간, 기말 모두 시험치는데 중간에 비해 기말 난이도가 높음 교안이 정리가 잘 되어 있어 독학하기 좋음",,,
991606-066,https://everytime.kr/lecture/view/991606,991606,동역학,휴고로드리그,21년 1학기 수강자,5,"pdf리더기라고 하지만 pdf에 모든 수업내용이 다 들어가 있고 나름 시험에서 중요한 포인트 다 가르쳐줌 중간고사는 과제나 챡에서는 한문제도 안나왔지만 중간값 60점정도로 높았음 기말은 과제에서 두세문제 냈는데도 불구하고 평균,중간값이 30점대 중간 잘본 친구들이 다망해서 중간기말 평타친 내가 상위권인 이상한 현상 교수님 상관없이 기말 범위는 작정하고 공부해야함 ㅁㅎㅍ교수님 수업듣는 친구들도 기말점수는 폭락했음",,,
991606-067,https://everytime.kr/lecture/view/991606,991606,동역학,휴고로드리그,21년 1학기 수강자,4,기말이 많이 어려워서 공부 열심히 해야하는 거 같아요 화이팅입니다!,,,
991606-068,https://everytime.kr/lecture/view/991606,991606,동역학,휴고로드리그,20년 2학기 수강자,5,진짜 갓갓 그 자체 학점도 정말 잘주신다... 과제만 잘 풀면 무리없이 에쁠가능,,,
991606-069,https://everytime.kr/lecture/view/991606,991606,동역학,휴고로드리그,20년 2학기 수강자,5,학기초에 에프폭격할거라고 협밥하지만 사실은 바율 다 채워줍니다 완전 개망했는데 비 주심 감동 졸업만 바라는 인간은 아주 감사했습니다,,,
991606-070,https://everytime.kr/lecture/view/991606,991606,동역학,휴고로드리그,20년 2학기 수강자,5,평균 성적이 역대급으로 낮아서 교수님이 매우 극대노 하셨지만 그래도 성적은 잘 준거같습니다. 그리고 솔직히 다들 공부 안해서 성적 낮은거 맞잖아요.... 평소에 과제 잘 하고 복습하면 풀만했던 문제들인데 학점 잘준다고 사람들이 손 놓아버린게 눈에 보였습니다. 교수문제라기보단 학생문제였던듯,,,
991606-071,https://everytime.kr/lecture/view/991606,991606,동역학,휴고로드리그,20년 2학기 수강자,5,초반에 성적 짜게 주겠다고 선전포고하시고는 비율 채워주시는듯 강의는 그냥 피피티만 읽어주시고 문제풀이 해주시니 독학하시는 것도 낫벳함,,,
991606-072,https://everytime.kr/lecture/view/991606,991606,동역학,휴고로드리그,20년 2학기 수강자,5,ㄹㅇ 교안보고 하는 수업.. 수업 하나도 안듣고 교안으로 독학했습니다. 중간에 교수님 흑화경고때문에 비상걸렸지만 착한것 같아요,,,
991606-073,https://everytime.kr/lecture/view/991606,991606,동역학,휴고로드리그,20년 2학기 수강자,5,"PPT리더기라고 하는데 그만큼 교안의 퀄이 좋습니다. 또, 중요한 부분은 강조해주시고 이해가 필요한 부분은 부가적으로 설명해주시기 때문에 강추합니다. 시험은 충분히 변별력 있게 나오고 과제문제, 예제 많이 풀어보시면서 방법과 감을 익히시면 좋은 결과 얻으실 수 있습니다. 그렇다고 터무니없게 난이도 있는 문제는 출제하시지 않는 것 같아요. 모르는건 아캠 메세지로 질문드렸는데 답변도 빠르고, 정말 세세하게 잘해주십니다. 질문하고 답변 받으면서 얻어가는 것도 많으니 질문 많이 하시면 좋습니다. 가장 열심히 재미있게 들었고 남는게 많았던 수업입니다.",,,
991606-074,https://everytime.kr/lecture/view/991606,991606,동역학,휴고로드리그,20년 2학기 수강자,5,학점느님 중간 하위 25% 기말 상위25% A받음 과제는 많진 않은데 이해안된상태에서 풀면 좀 어렵게 느껴짐 솔루션 다 줌 시험출제할때 교재를 두 권 쓰시는거 같음,,,
991606-075,https://everytime.kr/lecture/view/991606,991606,동역학,휴고로드리그,20년 2학기 수강자,5,필요한 지식 PPT는 다 가지고 있어서 배우기에 편리합니다,,,
991606-076,https://everytime.kr/lecture/view/991606,991606,동역학,휴고로드리그,20년 2학기 수강자,5,"시험 중간 2번 기말 1번 보기로했지만 코로나때문에 2번만 시험보고 중간은 오프, 기말은 온라인으로 봤습니다. 퀴즈없고 과제도 매주나오진않고 한챕터당 한번씩만 내십니다 심지어 문제수도 적고 교안ppt도 독학가능할정도로 매우깔끔해요 학점도 츤츤하게 잘주십니다. 노력만하면 편하게 좋은성적 거둘수있는 갓휴고",,,
991606-077,https://everytime.kr/lecture/view/991606,991606,동역학,휴고로드리그,20년 2학기 수강자,5,"ppt 리더기라고 하기에는 수업 중에 뭐가 중요한지, 학생들이 무슨 실수를 주로 하는지 다채로운 농담을 섞어가면서 잘 설명해주십니다. 영어 발음도 영어권 국가에서 오신 분이다 보니 아캠 2배속해도 명확히 잘 들릴 정도로 좋고요. 게다가 쁠을 못 받을 줄 알았는데 제 성적에 쁠까지 달아주셨습니다.",,,
991606-078,https://everytime.kr/lecture/view/991606,991606,동역학,휴고로드리그,20년 2학기 수강자,4,PPT 퀄이 좋은데 읽어주셔서 강의에서 몇몇 부분은 불필요한 것 같습니다. 문제 많이 풀어보시면 도움 될거에요,,,
991606-079,https://everytime.kr/lecture/view/991606,991606,동역학,휴고로드리그,20년 2학기 수강자,5,솔직히 강의 교안이 진짜 퀄리티가 좋아서 교수님이 비록 교안 그대로 읽는다해도 인정할수밖에 없다. 시험공부할때 교안으로만 공부해도 벌써 반은 먹고 들어가는 느낌. 뭐 다른시험도 마찬가지만 중간에 계산실수하면 좀 타격이 크니 평소 정확하게 푸는 습관을 가지시는게 좋을것 같아요.,,,
991606-080,https://everytime.kr/lecture/view/991606,991606,동역학,휴고로드리그,20년 2학기 수강자,5,개인적으로 좋아하는 과목이라 열심히 들었습니다. 개념 자체는 어렵지는 않지만 문제를 푸는것이 많이 어렵기에 교수님께서 마지막에 몇문제 풀라고 추천해주시는거 푸는걸 권장합니다. 거기에 몇몇문제 추가해서 푸시면 문제 푸는 요령이 생겨서 에이쁠 쉽게 나옵니다.,,,
991606-081,https://everytime.kr/lecture/view/991606,991606,동역학,휴고로드리그,20년 1학기 수강자,5,PPT가 굉장히 알찹니다. 시험은 코로나 시기 한정으로 많이 힘들다고 느껴졌습니다.,,,
991606-082,https://everytime.kr/lecture/view/991606,991606,동역학,휴고로드리그,20년 1학기 수강자,5,전체적으로 무난합니다. PPT 퀄이 뛰어나다는 평들이 많던데 ㄹㅇ입니다.,,,
991606-083,https://everytime.kr/lecture/view/991606,991606,동역학,휴고로드리그,20년 2학기 수강자,5,시험 문제도 상당히 깔끔하고 무엇보다 영어를 잘하셔서 원활하게 수업 들었습니다,,,
991606-084,https://everytime.kr/lecture/view/991606,991606,동역학,휴고로드리그,20년 1학기 수강자,5,과제 적당... PPT퀄 좋고... 피피티를 읽어주심...,,,
991606-085,https://everytime.kr/lecture/view/991606,991606,동역학,휴고로드리그,20년 1학기 수강자,5,PPT가 정말 좋으세요. 그리고 pdf 리더기라는 말이 많아서 걱정했는데 저는 수업도 이 정도면 들을만 하다고 생각합니다. 또 과제도 적고 학점은 정말 잘 주시고 코로나 학기라 시험방식에 대한 문제도 많았는데 저는 이정도면 공정하게 시험이 이루어졌다고 생각합니다.,,,
991606-086,https://everytime.kr/lecture/view/991606,991606,동역학,휴고로드리그,20년 2학기 수강자,5,ppt 리더기라지만 ppt퀄이 좋아서 상쇄됨. 이메일로 질문하면 이틀내에 답변해주심,,,
991606-087,https://everytime.kr/lecture/view/991606,991606,동역학,휴고로드리그,20년 1학기 수강자,5,과제 적당. 시험난이도 보통. 온라인이라 편하게 들은듯. 수업 일찍 끝남,,,
991606-088,https://everytime.kr/lecture/view/991606,991606,동역학,휴고로드리그,20년 1학기 수강자,5,중간 조지고 기말빨로 에이쁠 받음 교수님 실습때 봬요 사랑해요,,,
991606-089,https://everytime.kr/lecture/view/991606,991606,동역학,휴고로드리그,20년 1학기 수강자,5,교수님께선 절 가르치는데 실패하셨어요! 뿡뿡,,,
991606-090,https://everytime.kr/lecture/view/991606,991606,동역학,휴고로드리그,20년 1학기 수강자,5,동역학이 어려운게 문제지 수업은 잘하심 정확힌 Ppt가 알차고 교수님은Ppt를 그대로 읽으심 학점 ㅅㅌㅊ,,,
991606-091,https://everytime.kr/lecture/view/991606,991606,동역학,휴고로드리그,20년 1학기 수강자,5,학점을 잘주시고 영어발음이 좋습니다 그리고 귀여우시까지,,,
991606-092,https://everytime.kr/lecture/view/991606,991606,동역학,휴고로드리그,20년 1학기 수강자,5,동역학이라는 과목 자체가 많이 어려워서 힘들긴 한데 그래도 소통도 잘 해주셔서 좋습니다 수업은 잘 안들어도 독학 잘 하면 괜찮습니다 과제 문제 잘 풀면 시험도 잘 볼 수 있습니다,,,
991606-093,https://everytime.kr/lecture/view/991606,991606,동역학,휴고로드리그,20년 1학기 수강자,5,"사람들이 피디엪 리더라는데 사실 들어보면 그거는 나무 박한 표현이라고 생각한다. 중요한 부분에서 더 설명해주시거나, 뭐가 중요하다고 강조 해주실 때도 있다. 그럴때는 강의력 좋으시나, “이번 시간은 피디엪 읽는 수업이다!” 라는 생각이 들때는 그냥 과감히 스트리밍만 하는걸 추천...ㅎ 그 외에 시험도 변별력 있게 내려고 하셨다. 그치만 답이 맞아야만 맞는걸로 인정돼서 실수 많이하는 분들은 들으면 좀 힘들지도...? 그렇지만 학점은 느님이다.",,,
991606-094,https://everytime.kr/lecture/view/991606,991606,동역학,휴고로드리그,20년 1학기 수강자,5,just pdf reader +가끔씩 귀엽게 한국말 쓰심. 동역 과목 특성상 개념보다는 문제풀이가 중요한 과목인듯. 이번 학기 시험문제 30문제를 만드신 그는 대체.... 대단하십니다. 그리고 기말 평균이 낮은 것은 교수님 탓이 아닙니다... 저희 탓이에요 ㅠㅠㅠ. 학점은 잘 주신 것 같아요,,,
991606-095,https://everytime.kr/lecture/view/991606,991606,동역학,휴고로드리그,20년 1학기 수강자,5,수업을 그렇게 잘하시지 않는다는 평이 많은데 개인적으로는 중요한 부분이 PPT에 잘 체크가 되어있어서 괜찮았습니다. 시험도 변별력 있게 내려고 노력하신 모습이 많이 보였습니다. 학점은 딱 각이 서는 알파벳 그대로 주십니다.,,,
991606-096,https://everytime.kr/lecture/view/991606,991606,동역학,휴고로드리그,20년 1학기 수강자,4,교안을 아주 열심히 읽으심. 수업을 아주 잘하진 않으니까 참고하길.,,,
991606-097,https://everytime.kr/lecture/view/991606,991606,동역학,휴고로드리그,19년 2학기 수강자,5,B쁠이나 B맞을줄 알았지만 A를 주신 교수님 찬양하라 빛휴고,,,
991606-098,https://everytime.kr/lecture/view/991606,991606,동역학,휴고로드리그,19년 2학기 수강자,5,수업시작할때 매일출석체크하고 출석이 까다로움 수업은독강하기좋은 수업발음도좋음 학점도잘줌 추천,,,
991606-099,https://everytime.kr/lecture/view/991606,991606,동역학,휴고로드리그,19년 2학기 수강자,3,시험 문제는 과제 및 프린트 뒤에 문제에서 나오고 강의력은 ppt교안 읽기 학점은 잘준다,,,
991606-100,https://everytime.kr/lecture/view/991606,991606,동역학,휴고로드리그,19년 2학기 수강자,3,1초 늦어도 지각처리하는 피피티 리더기.... 1호선 2시간 통근 벌을 내린다 땅땅땅,,,
1611867-001,https://everytime.kr/lecture/view/1611867,1611867,스마트카융합종합설계,황성호,26년 1학기 수강자,1,"배울거 없고 시간만 박는 레전드 스렉 과목, 몇 안되는 자동차 관련 과목인데 이게 맞나 싶다...",,,
1611867-002,https://everytime.kr/lecture/view/1611867,1611867,스마트카융합종합설계,황성호,25년 1학기 수강자,4,종설할까 이거할까 고민많이했는데 종설보단 편한 거 같긴 하지만 … 4학년 때 하고 싶으신거 있고 강의 많이 들어놨다면 굳이 스종설 안듣고 종설하는게 더 좋을 거 같아요,,,
1611867-003,https://everytime.kr/lecture/view/1611867,1611867,스마트카융합종합설계,황성호,25년 1학기 수강자,1,윤빨 과목입니다 노력한만큼 성적 받고 싶으면 그냥 종설 들으세요,,,
1611867-004,https://everytime.kr/lecture/view/1611867,1611867,스마트카융합종합설계,황성호,25년 1학기 수강자,1,굳이..? 라는 생각이 든다 이걸 내가 4학년인데??,,,
1611867-005,https://everytime.kr/lecture/view/1611867,1611867,스마트카융합종합설계,황성호,25년 1학기 수강자,5,제공되는 키트의 센서 배열이나 그런게 주어진 미션에 적합하지 않아 힘들었지만. 성적을 보고 모든 것이 용서되었음,,,
1611867-006,https://everytime.kr/lecture/view/1611867,1611867,스마트카융합종합설계,황성호,25년 1학기 수강자,3,"그냥 종설보다 편해서 좋긴 한데, 수업 평가를 외부 사람들이 와서 하는게 이해가 안간다",,,
1611867-007,https://everytime.kr/lecture/view/1611867,1611867,스마트카융합종합설계,황성호,25년 1학기 수강자,1,수업 지원금 짤렸다던데 학교가 허투루 돈 안쓰긴 한다. 아 편하게 종설 대체하고 싶은 학생이라면 개추.,,,
1611867-008,https://everytime.kr/lecture/view/1611867,1611867,스마트카융합종합설계,황성호,24년 1학기 수강자,2,자율주행을 다룬다곤 하지만 사실상 차체 설계+컨셉 잡기가 메인인 과목 본인이 차량 설계 쪽으로 가고싶으면 이걸 듣고 sw쪽으로 가고 싶으시면 걍 자캡디 들으세요,,,
1611867-009,https://everytime.kr/lecture/view/1611867,1611867,스마트카융합종합설계,황성호,24년 1학기 수강자,3,다른 사람들 종설하는거 보다 이 장난감보면 뭐하는가 싶고 훨씬 편하긴 하다. 연습때 잘했어도 실전때 나가리 되니 주의. 디자인도 열심히하자,,,
1611867-010,https://everytime.kr/lecture/view/1611867,1611867,스마트카융합종합설계,황성호,24년 1학기 수강자,4,주행과 디자인 모두 잘 해야 합니다. 주행과 디자인 모두 1등 만점에서 등수에 따라 3점씩 까이는 방식입니다 차 기성품을 지원해 줘서 코딩이랑 껍데기 디자인만 신경쓰면 된다는 점은 종설보다 편하네요,,,
1611867-011,https://everytime.kr/lecture/view/1611867,1611867,스마트카융합종합설계,황성호,24년 1학기 수강자,1,팀 운빨 매우 중요함 ㄹㅇ 같은 4학년인게 의심될 정도의 능력 다른 실습은 혼자 잘하면 캐리가 가능하지만 이거는 혼자 잘하는 것도 한계가 있음 + 사실 절평에 종성이라 학점은 나쁘지 않을 수 있는데 박은 시간에 비해 결과가 초라할 수 있음 자캡디랑 종설 다 들어본 결과 마이크로디그리 이수가 필요하다면 종설+자캡디 추천,,,
1611867-012,https://everytime.kr/lecture/view/1611867,1611867,스마트카융합종합설계,황성호,24년 1학기 수강자,2,차량의 모터 성능에 따라서도 너무 달라지는 결과. 당일 운빨요소가 조금 잇습니다. 인내심 끈기 좋으신 분들 추천,,,
1611867-013,https://everytime.kr/lecture/view/1611867,1611867,스마트카융합종합설계,황성호,24년 1학기 수강자,4,자율차 관련 프로젝트 경험있으면 어렵지 않음. 종설보다 쉬운지는 모르겠다,,,
1611867-014,https://everytime.kr/lecture/view/1611867,1611867,스마트카융합종합설계,황성호,24년 1학기 수강자,4,타 종설에 비하면 매우 꿀빰. 그러나 능력 개발에 있어서는 굳이?,,,
1611867-015,https://everytime.kr/lecture/view/1611867,1611867,스마트카융합종합설계,황성호,24년 1학기 수강자,1,장난감에 시간만 박고 배우는거 1도 없는 개스레기과목,,,
1611867-016,https://everytime.kr/lecture/view/1611867,1611867,스마트카융합종합설계,황성호,24년 1학기 수강자,4,스마트카를 설계해서 프린팅하고 자율주행 코딩 진행하는 종설인데 랜덤인 팀원을 잘 만나야 합니다,,,
1611867-017,https://everytime.kr/lecture/view/1611867,1611867,스마트카융합종합설계,황성호,23년 1학기 수강자,3,"아두이노 기초 강의, fusion 360, generative design, 3d printing 등 여러 가지 특강을 들을 수 있어 다방면으로 도움이 되는 과목이었다. 외부 기업체랑 연계해서 하는 수업인데 본인들이 부품 빼놓고 줘놓고 부품 모자르다고 하니까 우리가 가져간거 아니냐고 의심함. 전체 성적은 디자인+설계+경진대회 점수가 종합적으로 반영되는데 경진대회 점수는 등수에 따라 3점 차이를 주지만 디자인 점수에서는 십몇점씩 차이가 나서 사실상 주행보다 디자인이 더 중요하다고 의심되는 과목. 평가 기준이 조금 바뀔 필요가 있어보이지만 그 외에는 전반적으로 만족했던 수업이다",,,
1611867-018,https://everytime.kr/lecture/view/1611867,1611867,스마트카융합종합설계,황성호,23년 1학기 수강자,5,코딩이랑 설계 둘 다 중요하고 자율주행 코딩 난이도는 좀 높은편이고 설계도 좋은 점수 받으려면 디테일하게 하는게 중여하고 시간 엄청 갈아넣어야 합니다. 학점은 절평이라 퍼줍니다.,,,
1611867-019,https://everytime.kr/lecture/view/1611867,1611867,스마트카융합종합설계,황성호,23년 1학기 수강자,5,"아두이노만을 이용해 자율주행하던 이전학기와는 달리, ESP32보드를 이용한다. 또한 메이키스트 사에서 주행 키트 자체를 지원해주기 때문에, 학생들이 고려해야 할 부분이 단 2가지로 줄게 되었다. 1. 과제와 수업방식 과제는 단 하나도 없다. 오직 기말때 진행하는 자율주행 자동차 발표와, 시연 뿐이다. 이전까지 ESP32 보드 강의(온라인)이나 여러 세미나, 3D프린터 사용법등의 강의(오프라인)를 진행한다. 중간중간 자율주행 코드 점검이 있고, 13주차 발표+14주차 시연으로 1주 일찍 종강한다. (P.S. 절대 결석 하지 말자. 출석점수 엄청 크다.) 2. 팀프로젝트 이번 학기 본 수업에서는 기본 3인1조를 원칙으로 한다. 미리 3명을 모아가면 3명을 한 조에 넣어주고, 2명 이하는 최대한 뭉쳐놓고 랜덤으로 조를 편성한다. 랜덤이라고 잘 못하는건 아니지만, 친구랑 같이하면 정말 꿀잼이기에 친구와 같이 수강신청하자. 3. 평가기준 메이키스트사의 지원으로 자동차는 준완성으로 주어지기에, 주로 모델링과 주행코딩이 주가 된다. 3-1 모델링 누군가 모집글에서 모델링 별로 안중요하지 않냐고 하던데, 사실 좀 중요하다고 느꼈다. 뜬금없이 오토데스크사가 참전해서 FUSION360을 쓰라고 강요하지만, 페이백은 확실하다. 당 학기에서는 모델링 평가 상위 3팀에게는 인당 100만원씩의 장학금을 주었다. 모델링 자신있으면 상금헌터도 노려보자.(다음학기는 아닐수도있지만) 모델링 평가는 13주차의 발표에서 완료된다. 모델링 완성도 20%, 발표 20%로 총 40%의 비중이 경연대회에 반영된다. 평가는 철저한 상대평가로, 각 분야 1등이 100점, 이후 등수가 낮아질수록 3점씩 감점된다. 40%지만 모델링을 무시할 수 없는 이유. 3-2. 주행코드 자율주행의 꽃이다. 생각보다 재밌다. 14주차 시연 때 자율주행의 성공도에 따라 평가받는다. 자율주행은 고속주행(트랙 2바퀴)과 미션주행(후방주차, 장애물회피, 교차로, 평행주차)로 나뉜다. 총 60%가 경연에 반응되고, 모델링과 같이 100점에서 3점씩 감점되는 식이라 주행 조졌다고 포기하지 말자. 추가로 과목이 돈이 많은건지, 주행 상위 5팀에게 팀당 45만원씩 현찰로 당일에 뿌린다. 여러모로 신기한 과목. 4. 총평 상당히 꿀이라는 이전 과목의 평가가 있으나, 당학기 수강학생들의 열정에 따라 이는 달라진다. 이번학기는 모든 조가 너무 열심히 해서, 상대적으로 다들 좋은 평가를 받고 퀄리티도 높아서 시간을 많이 박아야 했다. 모델링과 코딩에 대한 열정(또는 돈)과 시간이 많다면, 꼭 들어보자. 힘들지만 진짜 재밌긴 하다.(주행평가 당일에 맘대로 안되면 재미없어지긴 함) 즉, 여유로운 학기때 들어라.",,,
1611867-020,https://everytime.kr/lecture/view/1611867,1611867,스마트카융합종합설계,황성호,22년 2학기 수강자,2,일단 성적은 한 거에 비해서 적당히 받은 거 같긴 한데.. 자동차쪽 아니라면 주제도 한정적이고 딱히.. 라는 생각임 종설해서 본인 가고싶은 분야 쪽으로 주제 정하고 하는게 더 메리트 있다 생각함,,,
1611867-021,https://everytime.kr/lecture/view/1611867,1611867,스마트카융합종합설계,황성호,22년 2학기 수강자,1,더움 1도 안 됨. 마이크러디그리 아니면 굳이?,,,
1611867-022,https://everytime.kr/lecture/view/1611867,1611867,스마트카융합종합설계,황성호,22년 2학기 수강자,5,종설보다 매우 꿀. 종설이랑 고민중이면 반드시 스마트카종합설계를 선택하길 바란다. 노력 들어가는게 종설의 100분의 1,,,
1611867-023,https://everytime.kr/lecture/view/1611867,1611867,스마트카융합종합설계,황성호,22년 2학기 수강자,5,중간 전까지 편-안. 그 이후는 스마트카 대회를 위한 차체 프린팅 및 코딩 등등 지옥 시작?! 3인 1팀 미리 꾸릴 수 있고 대회 관련 코드 소스 있고 차체 설계 좀 할 줄 알면 종설에 비해서 훨씬 편한 것 같다 아쉬웠던 점은 경연 대회 코스 연습을 이틀만 주고 치워버리셨다는 것..?,,,
1611867-024,https://everytime.kr/lecture/view/1611867,1611867,스마트카융합종합설계,황성호,22년 2학기 수강자,5,대회 한 달 전까지 아두이노와 3d프린팅 등을 배웁니다. 종설보다는 훨씬 나은 선택이라고 생각되네요.,,,
1611867-025,https://everytime.kr/lecture/view/1611867,1611867,스마트카융합종합설계,황성호,17년 1학기 수강자,1,교수=헤븐 담당 교수 조교=헤븐 출신 조교 조교와 헤븐 학생들이 기말프로젝트 준비할때 반말하고 밥도 같이먹고 서로 도와주는거 같음 그냥 듣지마세요,,,
1611867-026,https://everytime.kr/lecture/view/1611867,1611867,스마트카융합종합설계,황성호,17년 1학기 수강자,3,"중간때까지 그냥 강의만 들으면되고, 기말프로젝트만 하면된다. 기본적인 아두이노 교육을 해줍니다. 학점은 기말프로젝트 기여도 평가에 영향을 많이 받는데, 조에 따라 퍼센트를 나눕니다. 그래서 상위권팀은 불리하게, 중위권팀은 유리하게 작용할듯. 헤븐이 많기는 하나, 막상 하는거보니 크게 차이도 없는듯. 코딩에 대한 이해가 있어야 수월할듯",,,
1611867-027,https://everytime.kr/lecture/view/1611867,1611867,스마트카융합종합설계,황성호,17년 1학기 수강자,1,기여도평가가 엄청난 영향을 준다. 2학기에 융합뭐시기 열린다는데 절대 안듣는다,,,
1611867-028,https://everytime.kr/lecture/view/1611867,1611867,스마트카융합종합설계,황성호,17년 1학기 수강자,1,"진짜 교수, 조교, 수강생이 모두 헤븐이다. 그냥 지들끼리 해먹는거",,,
1611867-029,https://everytime.kr/lecture/view/1611867,1611867,스마트카융합종합설계,황성호,17년 1학기 수강자,1,전년도 자율주행경연대회 참가자 또는 자동차자작동아리 헤븐을 위한 그들의 의한 과목 소스의 차이가 어마어마하다. 코딩과 자동차제작은 소스가 정답이고 데이터이기 때문에 나같은 양민들은 학살당하기 딱좋다,,,
44996-001,https://everytime.kr/lecture/view/44996,44996,기술경영개론,조근태,26년 1학기 수강자,5,과제는 딸깍하면 되는데 시험이 은근 시간투자를 해야해서 골치아파요!! 사회과목 암기하듯이 외워야됨… 화이팅,,,
44996-002,https://everytime.kr/lecture/view/44996,44996,기술경영개론,조근태,25년 겨울 수강자,5,재밌고 유익했습니다. 나름 교수님도 볼때마다 귀여운신매력이있습니다.,,,
44996-003,https://everytime.kr/lecture/view/44996,44996,기술경영개론,조근태,26년 1학기 수강자,3,오프라인은 클로즈 북입이다…. 무조건 온라인 수강하시길,,,
44996-004,https://everytime.kr/lecture/view/44996,44996,기술경영개론,조근태,26년 1학기 수강자,5,매주 과제가 있지만 강의듣고 교재 읽어보면 금방 할 수 있는 수준이고 시험이 오픈북이라 오히려 부담이 덜합니다,,,
44996-005,https://everytime.kr/lecture/view/44996,44996,기술경영개론,조근태,26년 1학기 수강자,5,"매주 과제가 있어서 번거로울 수 있지만 시험 문제에 출제되니 미리 잘 해두는 것이 좋고, 온라인시험으로 종이 오픈북만 가능하다. 강의도 온라인으로 들으면 훨씬 나은 듯 하다.",,,
44996-006,https://everytime.kr/lecture/view/44996,44996,기술경영개론,조근태,26년 1학기 수강자,5,"매주 과제 있지만, 온라인으로 듣는다면 매우 편합니다",,,
44996-007,https://everytime.kr/lecture/view/44996,44996,기술경영개론,조근태,26년 1학기 수강자,5,매주 과제 있는거 말고는 전공치고 매우 좋은 수업입니다,,,
44996-008,https://everytime.kr/lecture/view/44996,44996,기술경영개론,조근태,26년 1학기 수강자,5,과제가 매주 있는데 딸깍입니다. 시험도 온라인+오픈북이라 벼락치기 가능합니다. 걍 이게 전부입니다 오프라인할바엔 나중에 온라인으재도전하시길,,,
44996-009,https://everytime.kr/lecture/view/44996,44996,기술경영개론,조근태,26년 1학기 수강자,5,매주 과제가 있어서 귀찮긴하지만 해두면 시험에도 도움됩니다,,,
44996-010,https://everytime.kr/lecture/view/44996,44996,기술경영개론,조근태,25년 2학기 수강자,5,과제가 좀 있긴 한데 온라인이라 부담이 많진 않아요 전공인거 감안하면 나름 꿀강인듯,,,
44996-011,https://everytime.kr/lecture/view/44996,44996,기술경영개론,조근태,25년 2학기 수강자,5,온라인이면 나쁘지 않은데 오프라인이면 듣지 않으시는 걸 추천드립니다. 이걸 클로즈드 북으로 시험 준비를 하는 건 매우 힘겨울 거 같아요,,,
44996-012,https://everytime.kr/lecture/view/44996,44996,기술경영개론,조근태,26년 1학기 수강자,4,온라인이라 좋아요! 과제하는게 귀찮긴한대 그거빼곤 좋습니다,,,
44996-013,https://everytime.kr/lecture/view/44996,44996,기술경영개론,조근태,26년 1학기 수강자,4,과제가 매주 있지만 어렵지는 않습니다. 교수님 친절하고 좋으십니다.,,,
44996-014,https://everytime.kr/lecture/view/44996,44996,기술경영개론,조근태,26년 1학기 수강자,5,온라인이라 굳. 교재는 사시는걸 추천합니다. 시험도 오픈북.,,,
44996-015,https://everytime.kr/lecture/view/44996,44996,기술경영개론,조근태,26년 1학기 수강자,5,시험 오픈북이라서 부담이 덜 합니다! 과제 챙기는 거 잊지말고 꾸준히 해야돼요,,,
44996-016,https://everytime.kr/lecture/view/44996,44996,기술경영개론,조근태,26년 1학기 수강자,5,온라인이고 매주 과제가 있지만 부담스러운 정도는 아닙니다. 시험도 오픈북이라 부담없이 듣기 좋을거 같습니다,,,
44996-017,https://everytime.kr/lecture/view/44996,44996,기술경영개론,조근태,25년 2학기 수강자,5,온라인인데 매주 과제가 있어요 까먹지 않고 매주 할 자신 있으면 편하게 듣기 좋아요,,,
44996-018,https://everytime.kr/lecture/view/44996,44996,기술경영개론,조근태,26년 1학기 수강자,5,온라인이라 학교를 가지 않아서 좋아요. 시험은 아직 안봐서ㅜ모르겠습니다,,,
44996-019,https://everytime.kr/lecture/view/44996,44996,기술경영개론,조근태,26년 1학기 수강자,5,온라인이라 듣기 편하고 교수님 강의력도 좋은듯.,,,
44996-020,https://everytime.kr/lecture/view/44996,44996,기술경영개론,조근태,24년 1학기 수강자,5,온라인으로 들었고 매주 주차 과제도 쉽고 특히 시험이 오픈북이라 개꿀과목,,,
44996-021,https://everytime.kr/lecture/view/44996,44996,기술경영개론,조근태,26년 1학기 수강자,4,온라인을 들으셔야합니다 무조건 온라인 듣는거랑 오프라인 듣는거랑 편차가큼,,,
44996-022,https://everytime.kr/lecture/view/44996,44996,기술경영개론,조근태,25년 1학기 수강자,4,온라인으로 들으면 좋긴 좋고 꿀강인데 성적 컷이 너무 빡빡해요ㅜㅜ 출석 잘 챙기세용,,,
44996-023,https://everytime.kr/lecture/view/44996,44996,기술경영개론,조근태,25년 2학기 수강자,4,교수님이 학점을 잘주시고 강의력도 엄청 좋으심 추천,,,
44996-024,https://everytime.kr/lecture/view/44996,44996,기술경영개론,조근태,26년 1학기 수강자,5,온라인으로 들으면 진짜 개꿀과목공부량도 별로없어서 암기만 좀하면됨,,,
44996-025,https://everytime.kr/lecture/view/44996,44996,기술경영개론,조근태,26년 1학기 수강자,5,학점 잘주시고 암기 잘하시면 좋아요 암기량이 많지만 다 외워야해요,,,
44996-026,https://everytime.kr/lecture/view/44996,44996,기술경영개론,조근태,24년 1학기 수강자,5,모두가 꿀발아서 성적이 생각보다 낮게나왔어요 과제는 없고 학기중에는 편합니다,,,
44996-027,https://everytime.kr/lecture/view/44996,44996,기술경영개론,조근태,26년 1학기 수강자,5,교수님이 착하시고 할게 많지만 교양 듣는 느낌이긴합니다 근데 시간에 비해선 크게 얻어가는건 없긴 합니다,,,
44996-028,https://everytime.kr/lecture/view/44996,44996,기술경영개론,조근태,25년 2학기 수강자,5,온라인 오픈북 시험이라 편했어요. 강의 매주 들으면서 중요하다 하시는 거 표시 정도만 해두고 시험 전날에 자료 다 뽑아놓고 족보랑 비교하면서 공부하면 돼요 공대 과목 중에 제일 쉬운듯,,,
44996-029,https://everytime.kr/lecture/view/44996,44996,기술경영개론,조근태,26년 1학기 수강자,5,중기말이 둘다 오픈북 시험인데 암기 위주라 시험 대비가 편한 것 같습니다 대신 매주 과제가 있어서 조금 귀찮을 수 있어요,,,
44996-030,https://everytime.kr/lecture/view/44996,44996,기술경영개론,조근태,25년 2학기 수강자,5,무조건 온라인으로 들으세요. 성적도 짜다고 들었는데 꽉꽉 채워주심.,,,
44996-031,https://everytime.kr/lecture/view/44996,44996,기술경영개론,조근태,25년 1학기 수강자,4,과제가 매주 있고 강의내용은 좋습니다 성적도 너그러운 편이신것 같아요,,,
44996-032,https://everytime.kr/lecture/view/44996,44996,기술경영개론,조근태,25년 2학기 수강자,5,전공 3학점 채우기 좋은 과목이에요. 온라인으로 진행됩니다,,,
44996-033,https://everytime.kr/lecture/view/44996,44996,기술경영개론,조근태,25년 2학기 수강자,5,"과제가 많고 내용도 많긴한데, 과제는 ai돌려도 감점은 딱히 안하시는 것 같습니다. 시험을 잘보는게 중요한데, 족보나 중요한 개념 위주로 벼락치기 하면 시간투자 별로 안해도 좋은 점수 나옵니다. 성적은 꽤 잘 주시는 것 같습니다.",,,
44996-034,https://everytime.kr/lecture/view/44996,44996,기술경영개론,조근태,24년 2학기 수강자,5,전공 3학점이라고 샹각하면 매우 가벼운 수업 시험은 좀 지엽적인 편이라 교안의 모든 내용을 알고 간다고 생각해야할 거 같다.,,,
44996-035,https://everytime.kr/lecture/view/44996,44996,기술경영개론,조근태,24년 2학기 수강자,5,전공답지 않은 전공 수업이었는데 재밌게 들었음. 성적도 너그럽게 주시고 족보 잘 보면 성적 잘 나옴,,,
44996-036,https://everytime.kr/lecture/view/44996,44996,기술경영개론,조근태,24년 2학기 수강자,5,족보있으면 무난히 A+챙겨가는 과목 한학기 꿀 빨았다,,,
44996-037,https://everytime.kr/lecture/view/44996,44996,기술경영개론,조근태,25년 2학기 수강자,3,오프라인인데 수업을 꽉 채우셔서 하는데 그만큼 시간을 투자할 정도인지 모르겠다. 과제도 많고 논문이나 책 읽고 풀어야하는 과제도 조금씩 내주시는데 부담되고 좀 늦으면 감점인데 성적에 영향이 크니 기한을 잘 지켜야한다. 족보가 많아서 그런지 다들 시험을 잘봐서 에쁠을 위해선 족보만 보면 안될듯.,,,
44996-038,https://everytime.kr/lecture/view/44996,44996,기술경영개론,조근태,25년 2학기 수강자,3,오프라인 들었고 매번 수업도 일찍 끝내주시는 등 학생들 배려는 많이 해주시는데 솔직히 수업이 너무 영양가가 없는 듯 하다 시험은 족보 + 과제내용 (과제에서 논문을 다룰 경우 논문 내용도 숙지하고 시험에 임할 것) 으로 대비하면 무난하게 A+을 맞을 수 있다,,,
44996-039,https://everytime.kr/lecture/view/44996,44996,기술경영개론,조근태,25년 2학기 수강자,5,온라인이어서 편하긴 하지만 모두가 점수를 잘 받는 편이라서 꼼꼼하게 준비하시는 것을 추천드릴게요! 시험은 교안에 있는 논문이랑 사례 쪽에서 많이 나오고 족보도 꼭 참고하세요!,,,
44996-040,https://everytime.kr/lecture/view/44996,44996,기술경영개론,조근태,25년 2학기 수강자,5,"온라인은 ㄹㅇ 개꿀입니다. 과제 족보보면서 대충하고 중기말 직전에 강의 내용, 족보 정리해서 셤 보면 됩니당",,,
44996-041,https://everytime.kr/lecture/view/44996,44996,기술경영개론,조근태,24년 2학기 수강자,5,"개인 과제 성실하게 신경써서 하면 그게 전부인 과목입니다. 교수님께서 개인 과제 꼼꼼하게 보십니다. 그 많은 학생 과제 어떻게 다 보시나 싶어 단지 자기 만족을 위해 열심히 써냈더니 발표시키셨습니다. 통제가 약하여 수업 집중도가 낮아지기 쉬운데, 꼭 열심히 들으시길 바라겠습니다. 그럼 시험 준비할 때 교안을 봐도 이해가 훨씬 잘 될겁니다!",,,
44996-042,https://everytime.kr/lecture/view/44996,44996,기술경영개론,조근태,25년 2학기 수강자,4,"온라인 기준 수업은 널널했습니다. 과제는 많습니다 다들 지피티와 함께합니다. 중간 기말 과제는 깐깐하게 매겨서 감점이 좀 있는 건지 열심히 쓴 사람에게 가산점이 있는 건지 잘 모르겠지만, 최종 합산 성적에서 다들 점수 차이가 좀 납니다. 꼼꼼하게 체크하세요. 온라인은 오픈북이기 때문에 문제도 지엽적이고, 매기는 것도 기준을 엄청 깐깐하게 잡습니다 그러니까 학점을 잘 받고 싶다면 족보에 의존하지 말고 자료를 잘 준비하시기 바랍니다. 저는 시험에 다 적었는데도 기준에 맞지 않아 감점을 꽤 당해서 최종 A0 떴습니다. 오픈북이다 보니 오프라인보다 짜게 주십니다. 기말 문제 중에 변별을 위해 state-gate 연구의 연구자 수를 묻는 게 있는데 좀 황당했습니다 답은 166명인가 165명인가 그렇습니다. 찾아보세요 저는 못 찾아서 틀렸거든요",,,
44996-043,https://everytime.kr/lecture/view/44996,44996,기술경영개론,조근태,25년 2학기 수강자,4,오프라인 수업 기준 출튀엄청많고 안잡습니다 과제는 좀 많습니다 시험은 에타족보 참고하시면 좋아요 똑같이 나오는게 몇개있습니다,,,
44996-044,https://everytime.kr/lecture/view/44996,44996,기술경영개론,조근태,25년 2학기 수강자,5,교수님 성격이 좋으십니다. 시험은 족보와 비슷하게 나와서 족보(달달 외우고)랑 교재 한 번 읽어보고 좋은 점수 받을 수 있었습니다,,,
44996-045,https://everytime.kr/lecture/view/44996,44996,기술경영개론,조근태,25년 2학기 수강자,4,오픈북 시험입니다 과제에서도 문제가 출제될 수 있으니 꼭 프린트 하시길,,,
44996-046,https://everytime.kr/lecture/view/44996,44996,기술경영개론,조근태,25년 2학기 수강자,5,온라인 기준 할 거 많이 없고 좋음 시험은 지엽적인 부분도 있어서 준비를 좀 해야할듯,,,
44996-047,https://everytime.kr/lecture/view/44996,44996,기술경영개론,조근태,25년 1학기 수강자,4,오프라인으로 들었는데 암기할 게 많아서 시험 때 오픈북 아닌 게 타격이 컸습니다,,,
44996-048,https://everytime.kr/lecture/view/44996,44996,기술경영개론,조근태,25년 2학기 수강자,4,시험 온라인으로 보고 시험문제는 각 챕터별로 예시 말하라고 나와요 시험 오픈북인데 범위가 많아서 찾는게 어려워요 ㅎㅎ,,,
44996-049,https://everytime.kr/lecture/view/44996,44996,기술경영개론,조근태,25년 2학기 수강자,4,온라인 오픈북 시험이라 공부 거의 안하고 자료로 ㅎ시험봤어요 그게 젤 장점,,,
44996-050,https://everytime.kr/lecture/view/44996,44996,기술경영개론,조근태,25년 2학기 수강자,2,온라인이랑 오프라인이랑 동일한게 말이 안됨 ㅇㅇ 걍 온라인 들으셈,,,
44996-051,https://everytime.kr/lecture/view/44996,44996,기술경영개론,조근태,25년 2학기 수강자,3,과제가 양이 상당합니다. 빈도수도 상당하구요. 시험은 타 수업대비 딱 중간수준인듯합니다. 공부는 어느정도 해야합니다,,,
44996-052,https://everytime.kr/lecture/view/44996,44996,기술경영개론,조근태,25년 2학기 수강자,5,오프라인으로 들었는데 생각보다 그렇게 부담되지는 않았습니다. 시험도 난이도가 그렇게 높지 않아서 최대한 많이 암기하는 것이 유리할 것 같습니다. 과제가 매주 있는데 가끔씩 좀 부담스러운 양이 나올때도 있습니다.,,,
44996-053,https://everytime.kr/lecture/view/44996,44996,기술경영개론,조근태,25년 1학기 수강자,5,온라인으로 들었는데 오픈북에 족보도 좀 타는거 같아서 어렵지 않습니다. 대신 과제에서 감점이라던가 시험에서 감점이 들어가면 학점이 많이 떨어지는듯…나는 무난하게 B라도 받고싶다 싶으면 강추,,,
44996-054,https://everytime.kr/lecture/view/44996,44996,기술경영개론,조근태,25년 2학기 수강자,4,온라인이라 편하긴한데 과제가 조금 있는 펀입니다,,,
44996-055,https://everytime.kr/lecture/view/44996,44996,기술경영개론,조근태,25년 2학기 수강자,4,온라인 강의라 부담없었습니다 과제는 매주 있지만 족보 보시면 그리 오래 걸리진 않습니다,,,
44996-056,https://everytime.kr/lecture/view/44996,44996,기술경영개론,조근태,25년 1학기 수강자,5,무조건 온라인으로 잡아야 편합니다 시험도 오픈북이고 진도도 수월합니다,,,
44996-057,https://everytime.kr/lecture/view/44996,44996,기술경영개론,조근태,25년 2학기 수강자,5,온라인이라서 확실히 부담이 덜합니다 지엽적으로 나오기때문에 꼼꼼히 용어정리와 사례정리 하는걸 추천드립니다,,,
44996-058,https://everytime.kr/lecture/view/44996,44996,기술경영개론,조근태,25년 1학기 수강자,5,온라인 정말 편합니다. 과제는 정시 제출하시면 거의 만점 주시는 것 같아요. 시험은 족보 많이 타고 오픈북이라 죄다 프린트 해놓고 여러 번 본 다음 시험 칠 때 빠르게 그 부분 찾아서 보면 좋아요~,,,
44996-059,https://everytime.kr/lecture/view/44996,44996,기술경영개론,조근태,25년 2학기 수강자,5,으음 … 시험이 은근 외울 게 많은데 시험을 위한 공부를 하는 느낌.. 과제도 많고 과제 제출 시간도 이상하고 좀 비추,,,
44996-060,https://everytime.kr/lecture/view/44996,44996,기술경영개론,조근태,25년 2학기 수강자,5,온라인이라 확실히 부담이 덜한것 같아요. 다만 과제가 좀 많은것 같아요,,,
44996-061,https://everytime.kr/lecture/view/44996,44996,기술경영개론,조근태,25년 2학기 수강자,5,기술의 경영을 알 수 있는 과목이고 온라인은 과제가 있다,,,
44996-062,https://everytime.kr/lecture/view/44996,44996,기술경영개론,조근태,25년 2학기 수강자,5,교수님이 성격이 굉장히 좋으시지만 교양 과목을 배우는거 같다,,,
44996-063,https://everytime.kr/lecture/view/44996,44996,기술경영개론,조근태,25년 1학기 수강자,1,진짜 무저건 온라인 강의로 들으세여 오프라인 닫느다면 첫수업때 발표자 정할때 무조건 하세요,,,
44996-064,https://everytime.kr/lecture/view/44996,44996,기술경영개론,조근태,25년 2학기 수강자,2,무조건 온라인 수강 또는 다른 교수님 수강 하기.. 오프 수업은 너무 대충하시기도 하고 시간이 아깝네요..,,,
44996-065,https://everytime.kr/lecture/view/44996,44996,기술경영개론,조근태,25년 1학기 수강자,3,그냥 별로 수업이다 시험문제는 족보에 다 나올 것 같애 ㅈ수강하면 온라인으로 허세요,,,
44996-066,https://everytime.kr/lecture/view/44996,44996,기술경영개론,조근태,25년 1학기 수강자,4,기관이랑 내용이 많이 겹쳐서 같이 듣는건 별로 추천 안해요 ㅠ 교수님 착하신데 과제가 좀 많아요,,,
44996-067,https://everytime.kr/lecture/view/44996,44996,기술경영개론,조근태,25년 1학기 수강자,4,무조건 온라인!! 으로 들어야한다 오픈북 온라인 시험이기 때문에 부담없이 들을 수 있다 기관과 같이 듣는 걸 추천한다,,,
44996-068,https://everytime.kr/lecture/view/44996,44996,기술경영개론,조근태,23년 2학기 수강자,2,일단 성적도 짠 거 같고 교수님 자랑과 논문 읽는 거? 만 하는 수업 인 거 같아요 ㅜ,,,
44996-069,https://everytime.kr/lecture/view/44996,44996,기술경영개론,조근태,25년 1학기 수강자,5,과제도 할만하고 시험도 PPT 회독하고 족보 열심히 외우면 잘 볼 수 있습니다 출튀도 안잡으십니다 기관이랑 내용이 많이 겹쳐서 시경 분들은 굳이 기관 기경개 같이 들을 필요없을듯 같이 들을거면 꼭 온라인으로 잡으시길 ... 둘다 오프면 시험기간에 외울 양이 많아서 힘듦,,,
44996-070,https://everytime.kr/lecture/view/44996,44996,기술경영개론,조근태,24년 1학기 수강자,4,동일학기에 온라인 오프라인 둘 다 있었지만 온라인은 오픈북인데 오프라인은 클로즈드북 시험입니다 온라인을 잡으십쇼,,,
44996-071,https://everytime.kr/lecture/view/44996,44996,기술경영개론,조근태,23년 2학기 수강자,5,"주차 과제 + 중간기말 과제 + 중간기말 시험 있음. 근데 시험 다 오픈북이고, 과제들은 사실 교재만 사두면 개꿀인 부분이라 날먹함 시험도 빡센 거 안나오고 수업때 다 다룬 부분으로 함 대신 교수님이 자료만 넣어두고 설명을 강의 영상에서 다루는 부분이 많아서 강의 제대로 안들으면 놓쳐서 시험때 털리기 딱 좋음",,,
44996-072,https://everytime.kr/lecture/view/44996,44996,기술경영개론,조근태,25년 1학기 수강자,3,그냥 뭘 가르치는지 모르겠어요 시험도 오픈북이라 쉬웠어요,,,
44996-073,https://everytime.kr/lecture/view/44996,44996,기술경영개론,조근태,25년 2학기 수강자,4,빡센 전공 듣다가 이걸 들으면 힐링~ 수업 내용도 개론이라 전전도 듣는데 전혀 무리없고 온라인으로 들으면 출석도 개꿀,,,
44996-074,https://everytime.kr/lecture/view/44996,44996,기술경영개론,조근태,23년 2학기 수강자,5,암기만 잘 하면 됩나다 딴거 필요없어요. 논문 많이 소개해주셔서 이 수업 덕분에 논문에 거부감이 사라졌어요,,,
44996-075,https://everytime.kr/lecture/view/44996,44996,기술경영개론,조근태,24년 2학기 수강자,5,오프라인 수강 솔직히 그렇게 나쁘지 않어요 노력은 교양과 전공 사이로 들어가고 족보 위주로 열심히 외우고. 에이쁠 받았어요.,,,
44996-076,https://everytime.kr/lecture/view/44996,44996,기술경영개론,조근태,25년 1학기 수강자,1,이거 아캠으로 수강했는데 절대 듣지 마셈 이걸 왜들음 ㅋㅋㅋㅋ 학점도 짜고 양도 많음 웬만한 전공 한 개 이상 분량임 얻어가는 것도 없고 대체 왜?,,,
44996-077,https://everytime.kr/lecture/view/44996,44996,기술경영개론,조근태,25년 1학기 수강자,5,오프반 수강 출튀 체크 안하심 다음엔 모르겠음 전반적으로 내용은 좋음 교수님도 인품 좋으심 공대 암기 과목으로 이거만한 거 없다 과제는 은근 시간 걸리는 거 많,,,
44996-078,https://everytime.kr/lecture/view/44996,44996,기술경영개론,조근태,25년 1학기 수강자,5,"온라인으로 들었는데 별로 공부 많이 안하고 학점 받기 좋아요 지엽적인 내용이 시험에 많이 나오니까 관련 피피티, 자료 다 프린트해놓으시길 추천드립니다 족보랑 매우 유사하게 나옵니다 시험시간 꽤 여유있으니까 실수 안하고 빠짐없이 찾아적으시면 됩니다 과제는 표절 검사 딱히 안하시고 거의 만점 주시는 것 같아요",,,
44996-079,https://everytime.kr/lecture/view/44996,44996,기술경영개론,조근태,25년 1학기 수강자,5,"온라인으로 들었는데 시험 준비는 개꿀입니다. 다만, 본인 혼자만 그런 것이 아니기에 평소 강의 들을 때 디테일한 부분 많이 체크해야 합니다.",,,
44996-080,https://everytime.kr/lecture/view/44996,44996,기술경영개론,조근태,25년 1학기 수강자,5,차피 재수강이라 개대충했는데도 제수강 아녔음 A+받을 성적 나온 거 보면 사람들 공부 ㅂㄹ안함 좀만 해도 A+ 받을수있을듯....,,,
44996-081,https://everytime.kr/lecture/view/44996,44996,기술경영개론,조근태,25년 1학기 수강자,4,온라인 기준 공부 진짜 하나도 안하고 에제 받아서 좋긴 한데 학점 너무 짜서 별 하나 깎았습니다 온라인 수강신청 성공하면 킵고잉 오프라인이면 빠른 시일 내로 수강 철회하시길,,,
44996-082,https://everytime.kr/lecture/view/44996,44996,기술경영개론,조근태,25년 1학기 수강자,3,"60명 중 26명이 A 이상 받았는데 그 중 9명이 A+. 쁠이 막 후하진 않음. 그리고 온라인이면 오픈북인데 그래서 그런지 좀 쓸데없는 변별을 위한 초지엽문제를 낸다. 수업 정리한 거 뽑아가고, 혹시 모르니 피피티도 걍 다 뽑아가셈. 별 중요하지도 않은 이상한 곳에서 이상한 문제 낸다. 시험이 맘에 안들어서 별4개에서 3개로 내려요. 그저 변별을 위한 문제.",,,
44996-083,https://everytime.kr/lecture/view/44996,44996,기술경영개론,조근태,25년 1학기 수강자,5,"출튀 확인 안 함 암기가 주를 이루는, 교양에 가까운 과목이라는 생각이 듦. 다만, 대부분의 용어나 내용들이 직관이고 합리적이기에 큰 어려움은 없을 듯 함.",,,
44996-084,https://everytime.kr/lecture/view/44996,44996,기술경영개론,조근태,25년 1학기 수강자,4,낫배드 적장히 학점만 채우기 괜찮아요 학점은 얼마나 주는지 모르겠네요,,,
44996-085,https://everytime.kr/lecture/view/44996,44996,기술경영개론,조근태,25년 1학기 수강자,5,과제도 오래 안걸려서 편하고 좋았어요 - 온라인수강자,,,
44996-086,https://everytime.kr/lecture/view/44996,44996,기술경영개론,조근태,24년 2학기 수강자,3,"온라인으로 들어서 나름 편하게 듣긴 했고 과제도 족보대로 내면 되서 좋긴 한데, 오픈북이라 시험이 너무 복잡하기 나오기도 하고 무엇보다 학점이 좀 짠 편이라 이점 생각하고 수강신청하세요",,,
44996-087,https://everytime.kr/lecture/view/44996,44996,기술경영개론,조근태,25년 1학기 수강자,5,오프라인이라 오픈북이 아니어서 다 외워야 합니다. 과제는 족보 참고하면서 풀면 금방 하고 시험도 어렵지 않아요. 출튀해도 괜찮습니다.,,,
44996-088,https://everytime.kr/lecture/view/44996,44996,기술경영개론,조근태,25년 1학기 수강자,4,"과제가 한주에 한번 있는만큼 시간도 먾이 걸리고, 특히 시험이 너무 광범위라 힘들었습니다.. 애초에 과목 자체가 외울게 많아서 외우는거 힘든신분 다른거 듣길 추천",,,
44996-089,https://everytime.kr/lecture/view/44996,44996,기술경영개론,조근태,24년 2학기 수강자,4,꿀은 맞는데 오픈북인만큼 까다로워요 오픈북 믿고 공부 안 하시진 마시고 솔직히 들인 노력 대비 학점 만족합니다,,,
44996-090,https://everytime.kr/lecture/view/44996,44996,기술경영개론,조근태,25년 1학기 수강자,4,온라인이라서 수업 자체는 편합니다. 교수님 강의 영상이 재탕 영상에다가 교안도 가독성이 떨어집니다. 그리고 과제 + 시험 준비 때문에 교재는 꼭 구하세요,,,
44996-091,https://everytime.kr/lecture/view/44996,44996,기술경영개론,조근태,24년 1학기 수강자,1,수강후기에 전부 개꿀이라길래 냉큼 수강신청 했으나 온라인이라 학교 안가는데 과제 때문에 오프라인 수업만큼은 아니어도 비슷하게 시간 뺏긴 느낌 심지어 시험공부가 책 어디에 무슨내용 있는지 전부 외우는거 과제량 + 공부량 생각하면 학점따기에 굉장히 비효율적임 개인적으로 학교 못 갈 심대한 이유 있는거 아니면 안듣는게 나을듯,,,
44996-092,https://everytime.kr/lecture/view/44996,44996,기술경영개론,조근태,24년 2학기 수강자,5,매우 꿀강. 성적은 모르겠지만 내용 자체는 진짜 쉬움,,,
44996-093,https://everytime.kr/lecture/view/44996,44996,기술경영개론,조근태,25년 1학기 수강자,4,온라인으로 듣고 있고 꿀강이래서 듣고 있어요 과제가 매주 있음,,,
44996-094,https://everytime.kr/lecture/view/44996,44996,기술경영개론,조근태,24년 2학기 수강자,5,과제가 많지만 족보만 보면 한 시간 내로 가능합니더 플립분반은 시험 오픈북이니 부담없는 꿀강,,,
44996-095,https://everytime.kr/lecture/view/44996,44996,기술경영개론,조근태,24년 2학기 수강자,4,과제가 좀 많지만 금방 할 수 있고 시험은 족보랑 비슷하세 나와요. 근데 학점은 조금 짜신듯?,,,
44996-096,https://everytime.kr/lecture/view/44996,44996,기술경영개론,조근태,24년 2학기 수강자,5,암기할 게 좀 많지만 나름 할만하고 족보와 유사하게 시험이 나오는 것 같습니다,,,
44996-097,https://everytime.kr/lecture/view/44996,44996,기술경영개론,조근태,24년 1학기 수강자,5,좋은 강의고 수업 내용 잘 정리하고 꼼꼼히 공부하시면 성적도 잘 받을 수 있습니다,,,
44996-098,https://everytime.kr/lecture/view/44996,44996,기술경영개론,조근태,24년 2학기 수강자,5,저는 오프라인으로 수업 들었는데 솔직히 수업은 이런게 있다고 적당히 들은 다음에 족보보면서 공부하시면 성적 얼추 잘나옵니다. 저희는 족보에서 많이 나왓습니다. 근데 암기 할게 많아서 암기 못하시면 족보 있어도 힘들듯,,,
44996-099,https://everytime.kr/lecture/view/44996,44996,기술경영개론,조근태,24년 2학기 수강자,5,온라인 기준 그냥 꿀입니다 안 들을 이유가 없음 시험은 오픈북이라 편하고 한 학기 내내 온라인이라 좋았어요 단점은 굳이 따지면 중간과제 기말과제가 좀 귀찮은 정도? 시험은 꼼꼼하게 작성하시면 됩니다 지엽적인 논문을 잘 공부해두세요 과제도 워낙 점수가 후해서 깎이면 치명적일 수 있으니 주의하시길,,,
44996-100,https://everytime.kr/lecture/view/44996,44996,기술경영개론,조근태,24년 2학기 수강자,4,매주 과제있지만 제출만 하면 만점이고 중간 기말 과제 따로 있습니다 10페이지 분량정도 시험은 족보에서 대체로 나오는 편이고 저는 오프라인으로 셤봤어요 암기할 거 매우 많습니다,,,
2010106-001,https://everytime.kr/lecture/view/2010106,2010106,생산관리,권대일,26년 1학기 수강자,5,피피티 만드는게 살짝 귀찮긴 한데 격주로 수업해서 좋아요,,,
2010106-002,https://everytime.kr/lecture/view/2010106,2010106,생산관리,권대일,26년 1학기 수강자,5,"2주에 한번 영어발표를 준비하는 것이 처음에는 많이 부담스러웠지만, 또 하다보니 요령도 생기고 익숙해져서 할 만 합니다. 수업 내용 자체는 흥미로운 것 같습니다.",,,
2010106-003,https://everytime.kr/lecture/view/2010106,2010106,생산관리,권대일,24년 2학기 수강자,5,수업 적극적으로 참여하고 발표하면 쁠잘달아주심다,,,
2010106-004,https://everytime.kr/lecture/view/2010106,2010106,생산관리,권대일,25년 1학기 수강자,5,발표 부담이 좀 있었지만 나름 재미있고 열심히 한만큼 나온 것 같습니다 교재 문제에서 시험 나왔었어요 출결 안빡세요,,,
2010106-005,https://everytime.kr/lecture/view/2010106,2010106,생산관리,권대일,26년 1학기 수강자,4,ppt 랜덤 발표가 늦게 걸리면 좀 불리한 구조..이걸 제외하면 꽤 유익한 강의였다,,,
2010106-006,https://everytime.kr/lecture/view/2010106,2010106,생산관리,권대일,26년 1학기 수강자,3,작년보다 할게 많아져서 힘듭니다. 피피티 2주마다 준비하고 발표할지 안할지 모르는데 매번 대본 준비하고..,,,
2010106-007,https://everytime.kr/lecture/view/2010106,2010106,생산관리,권대일,26년 1학기 수강자,3,피치티 만드는게 너무 귀찮아요 발표는 알아서 대본 보고 하는 듯,,,
2010106-008,https://everytime.kr/lecture/view/2010106,2010106,생산관리,권대일,25년 겨울 수강자,3,수업시간에 발표하는게 장벽이긴 합니다. 그리고 교수님이 수업 도중에 주제와 무관한 말을 많이 하세요.,,,
2010106-009,https://everytime.kr/lecture/view/2010106,2010106,생산관리,권대일,26년 1학기 수강자,3,발표 2주에 한번 랜덤으로 시켜서 발표 할지 안할지 몰라도 준비해야함. 근데 발표 주제가 2주에 10개쯤씩 되서 이 10개에 해당하는 모든 발표를 준비해야함.,,,
2010106-010,https://everytime.kr/lecture/view/2010106,2010106,생산관리,권대일,26년 1학기 수강자,3,질문 10개 정도에 대해서 격 주에 한 번씩 PPT 만들어야되고 발표 준비도 해 가야 돼요. 물론 첫 번째 걸리면. 뒤에는 없지만 그래도 PPT는 매번 다 준비해야 합니다. 이게 은근 귀찮아서 강의평이 좀 갈리는 거 같아요.,,,
2010106-011,https://everytime.kr/lecture/view/2010106,2010106,생산관리,권대일,26년 1학기 수강자,5,격주로 ppt 만드는 과제가 있지만 교수님 강의력은 좋으십니다.,,,
2010106-012,https://everytime.kr/lecture/view/2010106,2010106,생산관리,권대일,26년 1학기 수강자,5,갑자기 수업 방식이 바뀌어서 2주에 한번 발표 준비를 하고 랜덤으로 발표하는 방식이 되었습니다. 또 국제어 수업으로 바뀌었어요. 발표 준비는 조금 귀찮아도 시경 학생이면 꼭 배워야하는 내용이고 수업입니다.,,,
2010106-013,https://everytime.kr/lecture/view/2010106,2010106,생산관리,권대일,26년 1학기 수강자,5,2주에 한번씩 2인1조로 PPT를 만들어야합니다. 2인 1조 팀은 중간고사를 기점으로 1회 변경됩니다. 조가 유지되는 기간동안은 한번만 발표를 하면 됩니다(랜덤으로 시킴),,,
2010106-014,https://everytime.kr/lecture/view/2010106,2010106,생산관리,권대일,26년 1학기 수강자,4,이번학기는 플립 러닝에 2주에 한번씩 오프라인 수업으로 진행합니다. 2주마다 발표 피피티를 조별로 만들어야되고 발표는 무작위로 뽑힌 조가 발표합니다. 수업이 2주마다 한번만 가면 돼서 좋아요.,,,
2010106-015,https://everytime.kr/lecture/view/2010106,2010106,생산관리,권대일,25년 2학기 수강자,4,발표 점수가 그렇게 큰지 몰랐습니다 발표를 많이 하셔야해요 ...,,,
2010106-016,https://everytime.kr/lecture/view/2010106,2010106,생산관리,권대일,26년 1학기 수강자,4,이번 학기에 안 좋은 평이 많은데 그래도 추천합니다. 2주에 1번 ppt를 만들어야 되는데 발표 퀄리티를 신경 쓴다면 부담이 될 수 있습니다. 하지만 다른 조원과 분량을 나눠서 하고 ai 쓰면 그렇게 힘들진 않습니다.,,,
2010106-017,https://everytime.kr/lecture/view/2010106,2010106,생산관리,권대일,26년 1학기 수강자,3,영어로 강의하고 발표하는 거 정말 싫습니다. 시경에서 중요한 과목인데 전달력이 떨어지네요,,,
2010106-018,https://everytime.kr/lecture/view/2010106,2010106,생산관리,권대일,26년 1학기 수강자,1,왜 방식 바꿈? 격주 발표에 지정도 안해주고 랜덤 아 왜 이번부터 바꿨을까,,,
2010106-019,https://everytime.kr/lecture/view/2010106,2010106,생산관리,권대일,26년 1학기 수강자,5,영어로 강의하시고 영어로 발표해야함 랜덤호명임 시험전주차에는 분량 좀 줄여주심 다음학기는 어떻게 될지 모르겠음,,,
2010106-020,https://everytime.kr/lecture/view/2010106,2010106,생산관리,권대일,26년 1학기 수강자,3,ppt만드는게 빡세요 수업은 무난한거 같아요 그리고 강의를 전부 영어로 하십니다.,,,
2010106-021,https://everytime.kr/lecture/view/2010106,2010106,생산관리,권대일,26년 1학기 수강자,2,2주마다 ppt만들고 랜덤발표.. 너무 힘들다,,,
2010106-022,https://everytime.kr/lecture/view/2010106,2010106,생산관리,권대일,26년 1학기 수강자,4,격주마다 ppt 만드는게 빡세다.... 그 외에는 뭐 무난무난,,,
2010106-023,https://everytime.kr/lecture/view/2010106,2010106,생산관리,권대일,26년 1학기 수강자,2,교수님 흑화하심 2주마다 40장분량의 ppt만들고 발표준비 계속해야됩니다. 수업의 모든것은 다 영어로 진행됩니다,,,
2010106-024,https://everytime.kr/lecture/view/2010106,2010106,생산관리,권대일,25년 2학기 수강자,5,족보 반영비율 매우 높습니다. 온오프 혼합이었는데 온라인 수업을 듣고 오면 오프라인 수업에 와서 그 주제로 토론도 하고 문제도 풀어보는 수업이었습니다. 오프라인 수업에서 손들고 자기 생각 말하거나 나와서 문제푸는 발표가 있는데 성적 반영비율이 꽤나 돼서 한 번 이상은 무조건 하셔야 합니다. 성적은 너그럽게 주시는 것 같습니다.,,,
2010106-025,https://everytime.kr/lecture/view/2010106,2010106,생산관리,권대일,25년 2학기 수강자,1,발표 무조건 한번은 하셔야 돼요. 안하면 줄간기말 잘봐도 0점 나옵니다.,,,
2010106-026,https://everytime.kr/lecture/view/2010106,2010106,생산관리,권대일,25년 2학기 수강자,5,시험은 크립시트가 가능해서 부담이 덜했습니다. 또 수업 때 하는 발표가 성적에 많이 들어가는데 다들 별로 안해서 저는 시험 점수가 많이 높지는 않았지만 발표를 많이 한 덕분에 에이쁠 받아갔습니다.,,,
2010106-027,https://everytime.kr/lecture/view/2010106,2010106,생산관리,권대일,25년 2학기 수강자,5,무난무난한 강의 크립시트가 있으니 굳이 일찍부터 공부하지말고 하루이틀 전부터 시작하세요 그래도 널널하게 에이쁠 받아갑니다 발표는 초반에 해두면 그래도 마음이 편하니 초반부터 꾸준히 해두세요,,,
2010106-028,https://everytime.kr/lecture/view/2010106,2010106,생산관리,권대일,25년 2학기 수강자,4,온라인으로 영어 사전 녹화 강의 듣고 오프라인으로는 발표 합니다 교수님이 미리 공지에 챕터별 질문을 올려주시는데 그냥 손들고 질문에 대한 자기 생각 말하는 거예요 발표 하는게 조금 떨리긴 하지만 나름 할만해요 근데 발표 비중이 좀 큼 30퍼였던 것 같음,,,
2010106-029,https://everytime.kr/lecture/view/2010106,2010106,생산관리,권대일,25년 1학기 수강자,5,발표수업. 기말고사 비중이 높아서 중간 65점 기말100점 발표3-4번 A+ 받았어요,,,
2010106-030,https://everytime.kr/lecture/view/2010106,2010106,생산관리,권대일,25년 2학기 수강자,5,수업 시간에 발표를 시키긴 하는데 그것 빼곤 다 좋아요,,,
2010106-031,https://everytime.kr/lecture/view/2010106,2010106,생산관리,권대일,25년 2학기 수강자,4,무난무난한 강의 온라인으로 수업듣고 오프라인으로 질문정도 하는 플럽러닝 방식의 수업,,,
2010106-032,https://everytime.kr/lecture/view/2010106,2010106,생산관리,권대일,25년 2학기 수강자,5,"간단한 발표 해야 함 시험은 수업때 나오는 문제, 족보정도만 풀어도 무난하게 풀 수 있음",,,
2010106-033,https://everytime.kr/lecture/view/2010106,2010106,생산관리,권대일,25년 2학기 수강자,4,발표 형식 수업입니다 대부분 학생들이 GPT 돌린걸로 발표해서 무슨의미가 있나 싶긴하지만 ... 그래도 발표 경험 자체가 중요하지 않을까 싶어서 큰 불만은 없습니다 시험은 아직 중간고사밖에 안봤지만 교재 예제 풀어보시고 PPT 중요한부분 크립시트에 정리해서 가시면 어렵지 않게 풀수있습니다,,,
2010106-034,https://everytime.kr/lecture/view/2010106,2010106,생산관리,권대일,25년 1학기 수강자,4,그냥 영어수업이고 오프는 딱히 할거없음 온라인은 영어못하면 듣기힘들다,,,
2010106-035,https://everytime.kr/lecture/view/2010106,2010106,생산관리,권대일,25년 2학기 수강자,4,교수님은 좋으십니다. 강의력도 좋으십니다 발표를 해야된다는게 좀 힘들지만 할만 합니다,,,
2010106-036,https://everytime.kr/lecture/view/2010106,2010106,생산관리,권대일,25년 1학기 수강자,5,문제 푸는게 재밌습니다 족보 구할 수 있다면 구하세요 책에 있는 문제 풀 수 있으면 시험은 문제없습니다,,,
2010106-037,https://everytime.kr/lecture/view/2010106,2010106,생산관리,권대일,25년 1학기 수강자,5,되게 유익한 강의입니다. 수업을 듣는 내내 너무 흥미롭고 유익했습니다. 시험도 고지해주신 그대로 내주시고 스크립트도 가능했었습니다. 성적 잘 주십니다.,,,
2010106-038,https://everytime.kr/lecture/view/2010106,2010106,생산관리,권대일,25년 1학기 수강자,4,성적은 잘 받았으나 발표 준비하는 과정이 좀 힘들었어요..제가 좀 힘들게 했을수도 있는데 연습문제 어떤거 발표 시킬지 몰라서 다 풀어보고 앞에 learning objective 발표 준비까지 해가려니 꽤 힘들었네요,,,
2010106-039,https://everytime.kr/lecture/view/2010106,2010106,생산관리,권대일,25년 1학기 수강자,5,걍 족보만 열심히 풀어도 충분합니당 교수님이 종종 현업 얘기 해주시눈거 재밌어여,,,
2010106-040,https://everytime.kr/lecture/view/2010106,2010106,생산관리,권대일,25년 1학기 수강자,4,"교수님이 나이스하시고 강의 전달력이 좋은 편입니다. 토론 참여를 유도하는 편이라 강의보고 토론주제 미리 준비해가면 한학기동안 얻어가는게 있을 것 같습니다. 시험은 족보, 책 예제와 똑같이 나왔습니다.",,,
2010106-041,https://everytime.kr/lecture/view/2010106,2010106,생산관리,권대일,25년 2학기 수강자,4,"발표 10개를 사전에 공지해주시고, 토론하는 방식의 수업형태입니다. 출튀는 잘 잡지않으시고, 무난한것같습니다",,,
2010106-042,https://everytime.kr/lecture/view/2010106,2010106,생산관리,권대일,24년 1학기 수강자,4,온라인 강의일 때 들어서 괜찮았습니다 교수님이 자기 연구 실적만 중요하고 수업에는 큰 투자를 안 하시는 느낌이었어요 시험은 과제랑 엄청 비슷하게 나옵니다 성적은 잘 주시진 않는 거 같아요,,,
2010106-043,https://everytime.kr/lecture/view/2010106,2010106,생산관리,권대일,25년 1학기 수강자,4,발표를 하면서 토론하는 시스템이 그닥 좋은거같지는 않음. 그냥 다들 챗치피티로 발표하고 마는 수준.,,,
2010106-044,https://everytime.kr/lecture/view/2010106,2010106,생산관리,권대일,25년 1학기 수강자,5,전 좋았음 크게 배우는 건 없지만 가볍게 들었음 발표 점수 크다는 점을 알아야함,,,
2010106-045,https://everytime.kr/lecture/view/2010106,2010106,생산관리,권대일,23년 2학기 수강자,1,강의는 한참 전에 들었는데 URP 1학기에하고 다시 작성함. 이 교수님 URP 진짜 단 하나도 안 도와주고 연구비만 빼먹는 교수님임. 절대로 URP 하지마셈. 아무 것도 안 도와줌,,,
2010106-046,https://everytime.kr/lecture/view/2010106,2010106,생산관리,권대일,25년 1학기 수강자,3,아무도 하고싶어하지않는 의미없는 매주 토론시간 교수님만 알찬 시간이라 생각하실것같음,,,
2010106-047,https://everytime.kr/lecture/view/2010106,2010106,생산관리,권대일,25년 1학기 수강자,5,에쁠은 빡빡한데 에제는 너그러우세요 수업 거의 매번 출튀하고 영상+족보 벼락치기 이틀했는데 중간 기말 평균+30 맞았어요 발표는 해야하긴 한데 엄청 큰 비중은 아님,,,
2010106-048,https://everytime.kr/lecture/view/2010106,2010106,생산관리,권대일,25년 1학기 수강자,2,솔직히 왜 평점이 높은지 이해 안됨. 작년까진 온라인 강의라 꿀인 것 같은데 올해부터는 아닌듯.,,,
2010106-049,https://everytime.kr/lecture/view/2010106,2010106,생산관리,권대일,25년 1학기 수강자,5,"생산 시스템의 운영 및 관리에 대한 다양한 토픽들을 넓고 얕게 배웁니다. 이번 학기에 새로 추가된 참여 점수의 비중이 생각보다 커서, 조금이라도 토론에 참여하는 것이 중요한 듯합니다. 교수님께서 교과 외적으로 현업 및 시사 이슈들을 다뤄 주신 점이 좋았습니다. 시험 공부는 수업에서 교수님께서 짚어 주시는 문제들 위주로 연습하시면 좋습니다. 학점은 A+ 받기는 쉽지 않지만 A0는 너그럽게 부여하십니다.",,,
2010106-050,https://everytime.kr/lecture/view/2010106,2010106,생산관리,권대일,25년 1학기 수강자,4,"발표에 대한 평가가 비중이 큰데 어떻게 반영됐는지는 잘 모르겠습니다. 양적인 부분과 질적인 부분을 평가하신다고 했는데 질적인 건 어떻게 점수가 들어갔는지 잘 모르겠어요. 저는 문제 풀이로 한 번 발표했고, 이게 질적인 점수를 좀 더 받는다고 하셨습니다. 수업 시간에 다루는 문제는 작년에 과제로 출제됐던 문제 중에 나오기 때문에 선배들한테 받거나 하면 좋아요. 저는 중고로 책 샀는데 다 표시되어 있어서 유용했습니다. 시험 문제는 거의 족보에 있던 문제들이 나오는데 개념 문제들은 처음 보는 형태였습니다. 하지만 아는 대로 쓰기만 하면 점수는 잘 주셔요. 아 그리고 족보 풀이 그대로 외우지 마세요 잘못된 부분도 있숩니다. 저는 시험을 만점 가까이 받아 A+ 챙겼지만 A+ 받기는 좀 빡빡한 것 같아요. 시험 둘다 평균이 70점 초반인데 중기합 175 넘어도 에제 뜬다고 하네요. 크립시트 1장 볼 수 있는데 저는 단원별 개념이랑 교재 문제 풀이 몇개 적어갔습니다",,,
2010106-051,https://everytime.kr/lecture/view/2010106,2010106,생산관리,권대일,25년 1학기 수강자,4,족보대로 나와서 족보 구하시면 훨씬 수월하실거에요 생관 재수강했는데 지난 학기까진 온라인 수업이었어서 그 때 다할걸.. 싶었지만 과제있는 것보다 차라리 이렇게 플립 발표 형식이 수업에 대해 준비해오면서 한 번 더 이해할 수 있고 좋은 것 같습니다 출튀는 거의 안잡으세요 그리고 절대 재수강할 과목 아니니까 저처럼 늦잠자서 기말고사 못보지 말구 초수강하세요..!!! 에이플은 힘들지만 에제까지는 쉬운 것 같습니다,,,
2010106-052,https://everytime.kr/lecture/view/2010106,2010106,생산관리,권대일,25년 1학기 수강자,3,"바뀐 시스템이 저와는 잘 맞지 않았습니다. 당일까지 어떤 문제에 대해 토론하게 될지도 모르고, 제대로 생각 정리가 되지 않은 채로 대답하기엔 자꾸 꼬리질문을 하셔서 상당히 부담스럽습니다. 초반에 몇번 참여했는데 후반에 발언 기회를 뿌리셔서 이게 무슨 의미가 있나 싶었습니다. 물론 초반/후반 토론 점수에 편차를 둔다고는 하셨지만 얼마나 효과적일진 모르겠네요. 그래도 교수님은 좋으십니다. 참, 저는 교재 문제를 안풀었다가 시험 망했으니, 여유가 되시면 꼭 한번씩 풀어보고 들어가세요.",,,
2010106-053,https://everytime.kr/lecture/view/2010106,2010106,생산관리,권대일,25년 1학기 수강자,4,"이번 학기는 저번이랑 방식이 변해서 토론(발표)를 수업 중에 몇 번 해야한다는 부담이 있지만, 어느정도 몇번 만 하면 되는 것 같고 시험도 저번이랑 조금 달라졌습니다. 책에 있는 문제 많이 풀면 다 맞을 정도로 책에 있는 문제 거의 그대로 나왔습니다. 과제는 없어서 좋았습니다.",,,
2010106-054,https://everytime.kr/lecture/view/2010106,2010106,생산관리,권대일,25년 1학기 수강자,4,"토론 준비를 해야하는게 살짝 부담스럽긴 하지만, 과제는 없어서 괜찮은 것 같습니다",,,
2010106-055,https://everytime.kr/lecture/view/2010106,2010106,생산관리,권대일,25년 1학기 수강자,4,발표수업인데 발표할 기회가 많지 않음 근데 교수님 강의평가 다 확인하시고 피드백도 잘해주셔서 좋음,,,
2010106-056,https://everytime.kr/lecture/view/2010106,2010106,생산관리,권대일,25년 1학기 수강자,4,"발표 점수가 30점으로, 큰 비중을 차지합니다. 모두가 지피티를 돌리고 있습니다.. 이게 무슨 의미인지 모르겠어요",,,
2010106-057,https://everytime.kr/lecture/view/2010106,2010106,생산관리,권대일,25년 1학기 수강자,5,토론이 조금 부담스럽긴 하지만 괜찮습니다! 토론 부담 되시면 안듣는 거 추천이요,,,
2010106-058,https://everytime.kr/lecture/view/2010106,2010106,생산관리,권대일,25년 1학기 수강자,5,토론 참여점수 생긴 대신 과제 올해로 없어저서 수업시간 부담없이 들을 수 있습니다 재밌어요 시험도 평이하게 나옵니다,,,
2010106-059,https://everytime.kr/lecture/view/2010106,2010106,생산관리,권대일,24년 1학기 수강자,4,단원 뒤에 있는 문제 잘 풀면 됩니다 뒤에 나와있는 문제 중에 과제로 내지 않은 문제 낼때도 있구요 과제 솔루션 베끼면 가차없이 0점이니 조심하세요..,,,
2010106-060,https://everytime.kr/lecture/view/2010106,2010106,생산관리,권대일,25년 1학기 수강자,5,재밌어요 전 바뀐 토론방식이 이 과목을 기억하는데 더 도움이 되는 것 같아요,,,
2010106-061,https://everytime.kr/lecture/view/2010106,2010106,생산관리,권대일,25년 1학기 수강자,2,과목 자체가 재밌긴 하지만 질문에 대해 대답하는 방식이 무의미하다고 느껴집니다. 모두가 AI와 함께 합니다.,,,
2010106-062,https://everytime.kr/lecture/view/2010106,2010106,생산관리,권대일,25년 1학기 수강자,3,수업 방식이 이번부터 토론 방식으로 변경돼서 많이 당황스럽습니다... 시험은 교재 문제에서 나온다고하는데 수업시간에 배운 것으로 푸는 것보다는 독학하시는게 좋을 것 같아요 과제는 없어서 부담은 덜합니다.,,,
2010106-063,https://everytime.kr/lecture/view/2010106,2010106,생산관리,권대일,25년 1학기 수강자,3,왜 갑자기 손들고 질문 답변하는 수업으로 바뀐건지 모르겠네요... 답변하면 자꾸 딴지거심,,,
2010106-064,https://everytime.kr/lecture/view/2010106,2010106,생산관리,권대일,24년 1학기 수강자,4,24년 1학기에 들었었는데 내용이 어렵지는 않았어요. 과제는 많이 있지만 큰 부담은 없었어요. 시험은 오픈북이고 중간고사는 족보랑 거의 유사했고 기말은 달랐어요. 저는 에이쁠 예상했지만 에이 받았었어요 ㅠ,,,
2010106-065,https://everytime.kr/lecture/view/2010106,2010106,생산관리,권대일,24년 2학기 수강자,5,책 및 교안에서 주로 도움을 많이 받았구요. 각 챕터마다 있는 뒤에 문제풀이부분 위주로 공부하시면 도움이 될거같아요! 서술형도 있으니 서술형 부분도 한번 봐두시면 좋습니다. 전체적인 생산관리에 대한 내용을 다루는데 나름 재밌었습니다!,,,
2010106-066,https://everytime.kr/lecture/view/2010106,2010106,생산관리,권대일,24년 2학기 수강자,5,시험도 널널하고 내용도 널널하고 과제는 그냥 문제풀이 입니다 복전이시면 cl되는 과도 있어서 되게 괜찮은 수업입니다,,,
2010106-067,https://everytime.kr/lecture/view/2010106,2010106,생산관리,권대일,24년 2학기 수강자,5,시험이 과제에서 거의 다 나왔어요 너무 유익하고 재밌는 수업이었습니다 에이쁭 받아서 더 좋고요 온라인이라 더더 좋았고요,,,
2010106-068,https://everytime.kr/lecture/view/2010106,2010106,생산관리,권대일,24년 1학기 수강자,4,과제 시험 난이도 모두 개꿀입니다 다만 단점이 하나 있다면 난이도가 쉬운만큼 커트라인이 빡빡한거같아요 ㅠ,,,
2010106-069,https://everytime.kr/lecture/view/2010106,2010106,생산관리,권대일,24년 2학기 수강자,4,어렵지 않게 영어로 설명해주십니다. 거의 매주 과제가 있지만 잘 공부하시면 시험 때 비슷하게 나와서 도움이 됩니다.,,,
2010106-070,https://everytime.kr/lecture/view/2010106,2010106,생산관리,권대일,24년 2학기 수강자,5,"다음학기부터 뒤엎는다는 말에 해드릴 말이 없지만, 제가 들은 학기까지는 꿀이였던거 같습니다.",,,
2010106-071,https://everytime.kr/lecture/view/2010106,2010106,생산관리,권대일,24년 2학기 수강자,4,"족보 많이 타고 과제 문제 위주로 공부하면 됐습니다. 중간기말 모두 오픈북에 시험시간도 길어서 시험 부담은 적었는데, 문제풀이 과제가 7번 있어서 귀찮긴 했습니다. 몇 문제 되지도 않는데 꼼꼼하게 풀이하려면 시간이 좀 걸렸습니다. 과제 하나에서 점수를 크게 깎이는 바람에 A쁠 안 나올 줄 알았는데 다음 학기부터 수업 개편하신다는 것 때문인지, 강평에 비하면 후하게 쁠 달아주신 거 같습니다. (참고로 나머지 과제에서는 총 3점 깎였고 중간고사는 최고점 (아캠 중앙값+33점), 기말은 아캠 중앙값+8점이었습니다.) 수업 내용은 교재 각 챕터에 있는 거의 모든 내용을 쭉 다뤄주시는데 어렵거나 조금 복잡한 내용은 아예 빼고 설명하셔서 괜찮았습니다",,,
2010106-072,https://everytime.kr/lecture/view/2010106,2010106,생산관리,권대일,24년 2학기 수강자,3,"온라인이라 꿀입니다만, 중간 기말이 족보에서 많이 나와서 성적 따기가 어렵습니다 족보 구하고 학점은 비율은 채워주시는데 쁠은 잘 안달아줍니다 25년부터 생관 내용이 바뀐다고 하니 참고하세용(족보 갈아엎는다는 뜻)",,,
2010106-073,https://everytime.kr/lecture/view/2010106,2010106,생산관리,권대일,24년 2학기 수강자,3,배우는게 없다 남는게 없다 학점은 짜다. 수업은 아캠강의라 출석할 필요가 없어 편하긴 하다 과제를 열심히 해야된다,,,
2010106-074,https://everytime.kr/lecture/view/2010106,2010106,생산관리,권대일,24년 2학기 수강자,4,생산관리에 대해 전반적으로 다룹니다. 꼼꼼히 교재 내용을 다루진 않고 그냥 교안만 읽으십니다. 과제 열심히 해가시면 시험에서도 좋은 성적 받을 수 있습니다.,,,
2010106-075,https://everytime.kr/lecture/view/2010106,2010106,생산관리,권대일,24년 2학기 수강자,5,성적 짤 줄 알았는데 이번엔 좀 잘 주신 것 같습니다. 다음 학기부터 강의 개편하신다고 하시긴 했습니다.,,,
2010106-076,https://everytime.kr/lecture/view/2010106,2010106,생산관리,권대일,24년 1학기 수강자,3,ㅡㅡ에제는 쉬운데 에쁠 성적이 너무 짬 중기합 합쳐서 평균보다 60점 이상이엇는데 에쁠 못받음 강의력도 그닥 시경에서 중요한 과목인데 뭐 배운지 모르겠음,,,
2010106-077,https://everytime.kr/lecture/view/2010106,2010106,생산관리,권대일,24년 2학기 수강자,4,교수님이 기말 시험 때 다음 학기부터는 강의 내용 많이 갈아엎을거라 왠만하면 재수강 하지 말라고 하심. 25년도부터는 이전이랑 족보랑 과제가 많이 바뀐다는 뜻,,,
2010106-078,https://everytime.kr/lecture/view/2010106,2010106,생산관리,권대일,24년 2학기 수강자,4,과제 매주 있는데 책보고 풀수있을정도 혼자 힘으로 풀어서 내면 시험기간때 무난해짐,,,
2010106-079,https://everytime.kr/lecture/view/2010106,2010106,생산관리,권대일,24년 2학기 수강자,4,"과제가 조금 많지만, 과제 내용이 시험에 많이 나와서 공부하시면 시험에 도움이 될 거 같습니다",,,
2010106-080,https://everytime.kr/lecture/view/2010106,2010106,생산관리,권대일,24년 1학기 수강자,4,무난한 과목이었습니다 중간고사는 거의 족보에서 나왔고 기말은 족보 아닌 문제도 좀 섞여있었던 것 같아요,,,
2010106-081,https://everytime.kr/lecture/view/2010106,2010106,생산관리,권대일,24년 1학기 수강자,4,"과제가 거의 매주 있고, 시험은 중간은 족보와 과제 문제 그대로 나왔는데 기말은 새로운 문제들이 많았어요",,,
2010106-082,https://everytime.kr/lecture/view/2010106,2010106,생산관리,권대일,24년 1학기 수강자,5,"산업공학 입문 느낌. 과목 이름은 생산관리지만 생산/품질을 넘어서 생각보다 다양한 주제를 다룹니다. 챕터에 따라서 이론을 배우는 부분도 있고 계산하는 부분도 있습니다. 전공진입하는 2학년이나 아직 진로를 정하지 못하는 분들께 추천드립니다. 과제는 교재 연습문제 풀어서 제출하기입니다. 난이도는 쉽지만 채점이 까다로워서 꼼꼼하게 해야합니다. 시험은 중간기말 모두 오픈북 (단, 한글버전X, E book X, 이전 Edition X) 중간은 족보타고 기말은 족보 안탑니다.",,,
2010106-083,https://everytime.kr/lecture/view/2010106,2010106,생산관리,권대일,24년 1학기 수강자,5,과제가 좀 많습니다. 매주 또는 2주에 한번 꼴로 계속 나오는데 시간이 좀 걸리긴 하지만 과제할 때 확실히 이해하고 넘어가면 시험볼 때 굉장히 편합니다. 중간은 과제 및 족보랑 거의 똑같았고 기말은 좀 생소한 문제도 나왔지만 과제를 열심히 했다면 나름 고득점을 받을 수 있습니다. 많은 과제로 힘들었지만 내용 자체가 어렵진 않고 남는게 많은 수업입니다.,,,
2010106-084,https://everytime.kr/lecture/view/2010106,2010106,생산관리,권대일,23년 1학기 수강자,5,솔직히 좀 귀찮은곤 많은데 강의가 어렵진않아요,,,
2010106-085,https://everytime.kr/lecture/view/2010106,2010106,생산관리,권대일,24년 1학기 수강자,4,생산관리에 대한 전반적인 학습을 할 수 있던 과목 책에 대한 비중이 상당히 커서 성적 잘받고 싶으면 챕터마다 있는 문제들을 책에 정리 잘해놓으면 시험에 그대로 나옴 걍 배껴쓰면 될정도 과제도 챕터끝날때 나오는 문제로 출제하셔서 그게 전부,,,
2010106-086,https://everytime.kr/lecture/view/2010106,2010106,생산관리,권대일,24년 1학기 수강자,5,"시험은 오픈북이라 부담이 적지만 평균도 높은 편입니다. 과제가 많고, 성적도 잘 주시지는 않습니다.",,,
2010106-087,https://everytime.kr/lecture/view/2010106,2010106,생산관리,권대일,24년 1학기 수강자,4,일단 이번 학기 기준 중간: 4문제 중 3문제 족보에 나왔던거 기말: 보너스 문제 제외 4문제중 1문제랑 족보에 나왔던거 슬슬 시험문제 갈이 하시는듯,,,
2010106-088,https://everytime.kr/lecture/view/2010106,2010106,생산관리,권대일,24년 1학기 수강자,4,과제는 7번정도 있었고 온라인이어서 한학기동안 편하게 들었던 과목입니다. 셤보기전 3일정도 빡세게 공부하셔도 돼요. 족보는 꼭 풀어보고 가세요.,,,
2010106-089,https://everytime.kr/lecture/view/2010106,2010106,생산관리,권대일,24년 1학기 수강자,5,과제비율이 적지 않고 꼼꼼히해야 감점 안당합니다! 오픈북 시험 중간 기말 두번 보고 온라인 사전제작이라 큰 부담은 없었습니다,,,
2010106-090,https://everytime.kr/lecture/view/2010106,2010106,생산관리,권대일,23년 2학기 수강자,4,수업과 과제의 괴리가 좀 있는 편! 그래도 교양 느낌처럼 수업 들으면서 전반적인 내용 배우는 점이 좋았음,,,
2010106-091,https://everytime.kr/lecture/view/2010106,2010106,생산관리,권대일,23년 2학기 수강자,5,"수업이 아침마다 있어서 오프라인으로는 힘들었었는데, 온라인이면 좋은 수업같습니다. 생각보다 수업보다는 책에서 얻어가는 내용들이 많았고, 시험보기전에 자신이 홈워크 했던것들 점수 잘 받은 홈웤이라면 꼭 그대로 책에 적어서 시험보시길 바랍니다.",,,
2010106-092,https://everytime.kr/lecture/view/2010106,2010106,생산관리,권대일,23년 2학기 수강자,5,시험 굉장히 쉽게나와서 과제랑 출석 신경 많이 쓰셔야해요. 시험도 오픈북이라 과제만 하다 전날 공부하면 잘 볼 수 있어요,,,
2010106-093,https://everytime.kr/lecture/view/2010106,2010106,생산관리,권대일,23년 2학기 수강자,4,족보 없으면 못살아남습니다. 최대한 구하시고 hw문제도 시험 전에 꼭 다시 풀어가세용,,,
2010106-094,https://everytime.kr/lecture/view/2010106,2010106,생산관리,권대일,23년 2학기 수강자,5,오픈북 + 족보 라 시험은 무난허고 성적 받기 괜찮아요 그치만 영어수업+아침수업이라 너무 졸려요.. 강의력도 그냥 교안 읽어주시는 수준,,,
2010106-095,https://everytime.kr/lecture/view/2010106,2010106,생산관리,권대일,24년 1학기 수강자,5,"오픈북 시험이라 큰 부담은 없고, 대신 과제가 조금 까다롭습니다! 사소한 부분들에서 감점이 되니까 꼼꼼하게 과제 체크하세요",,,
2010106-096,https://everytime.kr/lecture/view/2010106,2010106,생산관리,권대일,23년 2학기 수강자,5,과제는 쉬운편이나 매주 있어서 조금 까다롭습니다. 시험이 매우 쉬워서 과제를 확실하게 챙겨야 합니다. 오픈북 시험인데 족보 겹치는 부분이 많아 미리 표시를 해두면 고득점 가능합니다. 시험문제도 과제에서 나오기 때문에 과제 위주 공부를 추천,,,
2010106-097,https://everytime.kr/lecture/view/2010106,2010106,생산관리,권대일,23년 2학기 수강자,5,시험은 오픈북이여서 큰 부담 없이 볼 수 있었습니다.,,,
2010106-098,https://everytime.kr/lecture/view/2010106,2010106,생산관리,권대일,23년 2학기 수강자,4,중간은 족보대로 나왔는데 기말은 아니라서 공부를 가볍게 하는게 좋습니다. 그래도 오픈북이라 부담은 없어요! 그리고 온라인 토론 참여가 중요한것 같습니다,,,
2010106-099,https://everytime.kr/lecture/view/2010106,2010106,생산관리,권대일,23년 2학기 수강자,5,"족보 구하세요 그대로 나옴, 과제 풀줄 알면 시험도 잘 봄",,,
2010106-100,https://everytime.kr/lecture/view/2010106,2010106,생산관리,권대일,23년 2학기 수강자,4,"그냥 전공 꿀강. 그리고 뭘 배운지 모르겠다는 평이 있는데 오히려 생산에 관한 내용을 얕고 넓게 훑은 느낌이라 생산이라는 책이 있다면 목차 느낌의 수업이어서 난 좋았음. 과제 비중 은근 크기 때문에 꼼꼼히 해야함. 참여점수도 있는데 게시판에 질문 or 그 질문에 대한 답을 올리거나 수업시간에 질문이나 자기 생각 간단히 말하는 참여를 해야함. 지식을 얻기에는 부족한 수업인건 맞지만 고학년에게는 라이트한 복습, 2학년에게는 산공 입문 수업이 될수 있을듯. 어차피 들어야 할거 기분좋게 듣자~",,,
2836333-001,https://everytime.kr/lecture/view/2836333,2836333,데이터마이닝,이수지,26년 1학기 수강자,5,대천사 대천사 대천사 대천사 대천사 대천사 대천사,,,
2836333-002,https://everytime.kr/lecture/view/2836333,2836333,데이터마이닝,이수지,26년 1학기 수강자,5,강의력 좋으십니다. 시험은 살짝 난이도가 있는 편인데 교안 문제랑 과제 범위 내에서 다 해결 가능합니다,,,
2836333-003,https://everytime.kr/lecture/view/2836333,2836333,데이터마이닝,이수지,26년 1학기 수강자,5,강의력 좋으시고 난이도 적당합니다. 다만 영상 소리가 가끔 이상합니다,,,
2836333-004,https://everytime.kr/lecture/view/2836333,2836333,데이터마이닝,이수지,26년 1학기 수강자,5,강의력 너무 좋으시고 공부하는데 도움이 많이 됩니다,,,
2836333-005,https://everytime.kr/lecture/view/2836333,2836333,데이터마이닝,이수지,26년 1학기 수강자,5,데이터 관련해서 잘 모르면 듣기 좋은 거 같습니당,,,
2836333-006,https://everytime.kr/lecture/view/2836333,2836333,데이터마이닝,이수지,26년 1학기 수강자,5,아주 좋아요 입문용으로 딱입니다 갓갓 짱입니다,,,
2836333-007,https://everytime.kr/lecture/view/2836333,2836333,데이터마이닝,이수지,26년 1학기 수강자,5,온라인 수업이고 과제가 난이도가 좀 있는 편인데 수업 열심히 들으면 충분히 풀 수 있는 정도로 나와요,,,
2836333-008,https://everytime.kr/lecture/view/2836333,2836333,데이터마이닝,이수지,26년 1학기 수강자,5,강의력이 좋으시고 교안이 매우 명확하게 정리가 되어있어서 공부하기 좋습니다. 가끔 소리가 끊기는 것만 제외하면 만족스럽고 도움이 많이 되는 강의인듯.,,,
2836333-009,https://everytime.kr/lecture/view/2836333,2836333,데이터마이닝,이수지,26년 1학기 수강자,5,온라인이라 정말 좋습니다. 교수님 설명 잘해주십니다.,,,
2836333-010,https://everytime.kr/lecture/view/2836333,2836333,데이터마이닝,이수지,26년 1학기 수강자,5,온라인이라서 아주 편합니다. 과제양은 조금 있습니다,,,
2836333-011,https://everytime.kr/lecture/view/2836333,2836333,데이터마이닝,이수지,26년 1학기 수강자,5,온라인 강의라 편하고 교수님께서 설명을 잘 해주셔서 좋습니다,,,
2836333-012,https://everytime.kr/lecture/view/2836333,2836333,데이터마이닝,이수지,25년 2학기 수강자,5,교수님 강의도 깔끔하게 잘해주시고 교안도 좋습니다. 데이터 분석에 관심 있다면 꼭 한 번 들을 만한 강의라고 생각합니다.,,,
2836333-013,https://everytime.kr/lecture/view/2836333,2836333,데이터마이닝,이수지,26년 1학기 수강자,4,강의내용은 기계학습개론이랑 상당히 겹침. 기학개 들었으면 굳이? 강의력은 좋으신것같음. 근데 중간에 마이크소리가 잘 안들리는 경우가 좀 있음,,,
2836333-014,https://everytime.kr/lecture/view/2836333,2836333,데이터마이닝,이수지,26년 1학기 수강자,4,"강의 자체는 좋지만 영상 자체에 소리가 잘 안들린다던지, 끊긴다던지 조금 불편한 부분이 있습니다.",,,
2836333-015,https://everytime.kr/lecture/view/2836333,2836333,데이터마이닝,이수지,26년 1학기 수강자,4,강으ㅏ 들을때 가끔 소리가 눌리는듯한? 거 좀 짜증나긴하는데 그 외엔 다 좋아요. 교수님 강의력 굿!,,,
2836333-016,https://everytime.kr/lecture/view/2836333,2836333,데이터마이닝,이수지,26년 1학기 수강자,5,강의 깔끔하셔서 좋아요! 발음도 좋으시고 교안도 깔끔해서 필기하기 편해요,,,
2836333-017,https://everytime.kr/lecture/view/2836333,2836333,데이터마이닝,이수지,26년 1학기 수강자,5,머신 러닝에 대한 기초를 배웁니다. 이론적인 부분부터 배울 수 있어 굉장히 좋고 강의력 역시 좋으신 것 같습니다. 다 온라인으로 진행되서 다시 돌려보기도 편해요,,,
2836333-018,https://everytime.kr/lecture/view/2836333,2836333,데이터마이닝,이수지,26년 1학기 수강자,3,수업 초반인데 음질이 너무 안 좋은 영상들이 많습니다. 중간에 아예 안 들리는 부분들도 꽤 많습니다. 예민한거지 모르겠지만 듣다가 짜증날 때도 있습니다. 그래도 여러 강의평들에서 언급된 바와 같이 강의력이 좋으신 건 맞는 거 같습니다.,,,
2836333-019,https://everytime.kr/lecture/view/2836333,2836333,데이터마이닝,이수지,26년 1학기 수강자,5,온라인이라 엄청 편하다. 그리고 과제가 있는데 그렇게 많지 않아서 할만함,,,
2836333-020,https://everytime.kr/lecture/view/2836333,2836333,데이터마이닝,이수지,26년 1학기 수강자,5,강의력 좋으시고 꼼꼼하게 수업하시는게 느껴짐. ML에 대해서 잘 배울 수 있을거 같음,,,
2836333-021,https://everytime.kr/lecture/view/2836333,2836333,데이터마이닝,이수지,25년 2학기 수강자,5,얕보다가 중간을 말아먹어서 기말에 만회하려고 했는데 결국 A0 받았음ㅋㅋ큐ㅠㅠㅠ 시험 꽤 쉬운데 개념도 중요하지만 수학도 꽤 열심히 해야함.,,,
2836333-022,https://everytime.kr/lecture/view/2836333,2836333,데이터마이닝,이수지,25년 2학기 수강자,5,교수님이 설명도 잘해주시고 학점도 정말 잘 주시는 희대의 꿀강의,,,
2836333-023,https://everytime.kr/lecture/view/2836333,2836333,데이터마이닝,이수지,25년 2학기 수강자,5,일단 강의력 좋고 중간 기말도 딱 적절한 난이도로 보는것 같아서 좋다. 자료만 다보면 크게 어렵지 않고 TF문제가 적지않게 있으니 개념 확실하게 가져가면 좋다. 과제는 그럭저럭이딘,,,
2836333-024,https://everytime.kr/lecture/view/2836333,2836333,데이터마이닝,이수지,25년 2학기 수강자,4,강의평이 좋고 관심있는 과목이여서 들었는데 그렇게까지 부담이 없고 널널한 과목은 아닙니다. 수업이 선대기반이라 기초가 있어야하고 기계학습이나 딥러닝과 좀 더 유사합니다. 쉽게 들으려고 수강하시면 부담될 수 있습니다.,,,
2836333-025,https://everytime.kr/lecture/view/2836333,2836333,데이터마이닝,이수지,25년 2학기 수강자,5,강의평 거의 안쓰는데 이건 제대로 써봄 중간 기말 문제들 보면 중요한 부분 위주로 많이 나오고 세세한 부분은 tf로 나오는데 이것도 불필요한 부분은 거의 없음 핵심 및 체크해야할 부분만 잘 나오는듯 알고리즘 기반 이해도가 듣기 전후 땅과 하늘차이임 강의력 고트 그냥 고트 그냥 들으면 앎 그냥 고트고트고트 과제 부담 하나도 안되고 충분히 생각해보면서 재밌게 할 수 있음 교수님 감사합니다,,,
2836333-026,https://everytime.kr/lecture/view/2836333,2836333,데이터마이닝,이수지,25년 2학기 수강자,5,과목 이름만 데이터마이닝 강의이지 사실상 기계학습 강의 커리큘럼과 유사하다. 교수님 강의실력은 뛰어나지만 기계학습 수업을 들은 소프트웨어학과 전공생이 많이 듣기에 미리 탄탄한 지식을 가지는 것을 추천한다. 안그러면 애매한 성적을 받을 수 있다.,,,
2836333-027,https://everytime.kr/lecture/view/2836333,2836333,데이터마이닝,이수지,25년 2학기 수강자,5,"꿀이라고 해서 생각없이 들었는데 한 학기동안 너무 힘들었습니다. 선형대수학이나 ML 쪽을 어느정도 공부하신 분들이라면 쉽게 따라갈 수 있겠지만, 저처럼 BSM 선대 하나만 들은 사람은 미칠듯한 편미분 전개로 인해 수업 따라가는게 힘들 수 있다고 생각합니다. 다만, 수업 열심히 따라가시고 부족한 부분은 GPT나 제미나이등으로 채우시면 못하실 것은 없습니다.",,,
2836333-028,https://everytime.kr/lecture/view/2836333,2836333,데이터마이닝,이수지,25년 2학기 수강자,5,선대 안 듣고 했다가 중간고사 때 디질 뻔; 학점 잘 주셔서 강평 점수가 좀 뻥튀기된 건 있는 거 같아요,,,
2836333-029,https://everytime.kr/lecture/view/2836333,2836333,데이터마이닝,이수지,25년 2학기 수강자,5,관련 내용 아예 모르고 들었는데 배우는 양이 많지도 않고 문제도 열심히만 하면 전부 풀 수 있게 내셔서 좋았어요,,,
2836333-030,https://everytime.kr/lecture/view/2836333,2836333,데이터마이닝,이수지,25년 2학기 수강자,4,그렇게 꿀강인가? 는 모르겠어요 저 내용을 다른 곳에서 배웠으면 괜찮은데 처음 접하는 내용이면 어려울 거에요.. 성적은 잘 주십니다,,,
2836333-031,https://everytime.kr/lecture/view/2836333,2836333,데이터마이닝,이수지,25년 2학기 수강자,5,꿀강이에요 수업도 굉장히 잘하십니다 근데 공부한거에 비해서 시험이 너무 쉽게 나와서 그건 좀 아쉽습니다 중간이 기말보다 좀 더 어려우니까 중간을 잘 보면 좋은 것 같아요,,,
2836333-032,https://everytime.kr/lecture/view/2836333,2836333,데이터마이닝,이수지,25년 2학기 수강자,5,내용이 어렵게 느껴질 수도 있으나 시험에는 어려운 파트는 TF로만 내시고 계산 문제는 매우 간단한 내용만 내십니다. 계산 실수만 조심하시면 좋은 성적 받으실 수 있을 것 같습니다. 평균이 높은 편이기에 조심하셔야 합니다,,,
2836333-033,https://everytime.kr/lecture/view/2836333,2836333,데이터마이닝,이수지,25년 2학기 수강자,5,"머신러닝의 기초를 다질 수 있는 수업입니다. 교수님께서 핵심만 뽑아서 잘 설명해 주셨기에 수업 듣는 데에 큰 부담이 없었고, 학점도 잘 주셨습니다. 중간고사 진행에서 미흡한 부분은 있었지만, 이는 교수님께서 학생들의 수요를 반영해 이번 학기부터 수강인원를 대규모로 증원하는 과정에서 생긴 잡음일 뿐 큰 문제는 아니라고 생각합니다.",,,
2836333-034,https://everytime.kr/lecture/view/2836333,2836333,데이터마이닝,이수지,25년 2학기 수강자,5,"합산하면 거의 평균 점수가 나왔고 A 받았습니다. 온라인 수업 시 절대평가를 하시는 교수님이고 구체적인 성적 기준이 어떻게 되는지는 모르겠으나 교수님 강의력이 좋으셔서 다들 열심히 하는 만큼 성적이 전반적으로 높은 것 같습니다. 그만큼 좋은 성적을 받으려면 열심히 해야하지만, 노력하는 만큼 성적이 나오는 과목입니다. 저도 타과생이지만 선형대수학이 가물가물해서 조금 애먹었음에도 따라갈만 했습니다.",,,
2836333-035,https://everytime.kr/lecture/view/2836333,2836333,데이터마이닝,이수지,25년 2학기 수강자,2,꿀강까지는 아닌듯 본인 솦이고 기학원 인지개 들어서 베이스가 있어서 그나마 ㄱㅊ았지 타과거나노베면 별로인듯;; 음질도 별로고.. 피피티가 핵심만있어서 분량적은건 좋았음,,,
2836333-036,https://everytime.kr/lecture/view/2836333,2836333,데이터마이닝,이수지,25년 2학기 수강자,2,"꿀강인건 맞지만 그거 하나로 강의평이 너무 부풀려진 것 같습니다 강의 음질이슈로 초반 강의들은 설명이 잘 안 들린 점 강의 업로드를 각 주차에 바로 안 하시고 늦게 하신 점 중간시험에서 인원수 파악이 안 되어 시험지 재출력, 고사장 재분배로 30분가량 지체된 점 등으로 인해 강의가 만족스럽진 않았습니다 또한 강의는 기대한 것에 비해 너무 쉽게만 다뤄서 아쉬웠습니다 크게 노력 안 들이고 성적 날먹하고 싶다면 좋은 강의는 맞는 것 같습니다",,,
2836333-037,https://everytime.kr/lecture/view/2836333,2836333,데이터마이닝,이수지,25년 2학기 수강자,5,"과제 2개 시험 2번이고, 온라인이라 부담 없이 편하게 들을 수 있어요.",,,
2836333-038,https://everytime.kr/lecture/view/2836333,2836333,데이터마이닝,이수지,25년 2학기 수강자,5,데이터마이닝에 대한 완전 기초 지식이 필요하다면 강추드립니다. 시험은 쉽게 나와요,,,
2836333-039,https://everytime.kr/lecture/view/2836333,2836333,데이터마이닝,이수지,25년 2학기 수강자,5,"강의가 깔끔하고 설명을 잘해주셔서, 알차게 잘 배울 수 있습니다",,,
2836333-040,https://everytime.kr/lecture/view/2836333,2836333,데이터마이닝,이수지,25년 2학기 수강자,5,과제도 어렵지 않고 시험도 굉장히 평이하게 내주셨습니다. 대 수 지,,,
2836333-041,https://everytime.kr/lecture/view/2836333,2836333,데이터마이닝,이수지,25년 2학기 수강자,5,과제 2번 시험 2번으로 한 학기 편하게 들었습니다.,,,
2836333-042,https://everytime.kr/lecture/view/2836333,2836333,데이터마이닝,이수지,25년 2학기 수강자,5,교수님이 일단 좋으십니다!!! 수업 내용도 유익하구요. 몇 안되는 도움이 되는 강의인듯 합니다. 다만 수강생분들이 다 열정적이고 잘하시는 것 같습니다 ㅎㅎ ㅠㅠㅠ,,,
2836333-043,https://everytime.kr/lecture/view/2836333,2836333,데이터마이닝,이수지,25년 2학기 수강자,5,정말 명강의에요 데이터마이닝에 대한 기본기를 다질 수 있습니다,,,
2836333-044,https://everytime.kr/lecture/view/2836333,2836333,데이터마이닝,이수지,25년 겨울 수강자,5,교수님이 설명을 정말 잘해주십니다 이해도가 낮아도 교수님 강의로 이해 가능해요,,,
2836333-045,https://everytime.kr/lecture/view/2836333,2836333,데이터마이닝,이수지,25년 2학기 수강자,5,강의도 잘해주시고 교안 양이 많지 않아서 좋습니다. 과제는 2번 시험도 2번 봅니다.,,,
2836333-046,https://everytime.kr/lecture/view/2836333,2836333,데이터마이닝,이수지,25년 2학기 수강자,5,온라인강의라 편하고 과제도 두번만 잇고 좋아요 질문도 두번하면 됩니다,,,
2836333-047,https://everytime.kr/lecture/view/2836333,2836333,데이터마이닝,이수지,25년 1학기 수강자,5,강의 너무 좋고 과제도 적당하고 셤 난이도도 적당합니다!,,,
2836333-048,https://everytime.kr/lecture/view/2836333,2836333,데이터마이닝,이수지,25년 2학기 수강자,5,교안도 깔끔하고 교수님 강의력도 현우진급으로 좋고 시험도 적당한 난이도로 나와서 좋아요 근데 소프트웨어학과 분들이 많이 들으시는 것 같아 시험 공부를 열심히 해야 좋은 결과 얻을 수 있어요,,,
2836333-049,https://everytime.kr/lecture/view/2836333,2836333,데이터마이닝,이수지,25년 2학기 수강자,5,강의가 꼼꼼하여 집중과 이해가 잘 됩니다. 중간고사 성적을 거의 기말고사 다 돼서 알려주시는 게 아쉽습니다 ㅠ 과제는 2번있어요.,,,
2836333-050,https://everytime.kr/lecture/view/2836333,2836333,데이터마이닝,이수지,25년 2학기 수강자,3,교안에 많은 부분이 생략되어있어 강의를 잘 들어야돼요. 내용이 쉽진 않습니다.,,,
2836333-051,https://everytime.kr/lecture/view/2836333,2836333,데이터마이닝,이수지,25년 2학기 수강자,5,깔끔한 강의와 교수님의 열정으로 추천드리는 강의입니다.,,,
2836333-052,https://everytime.kr/lecture/view/2836333,2836333,데이터마이닝,이수지,25년 2학기 수강자,5,강의력 매우 좋으시고 교안 깔끔하고 시험 난이도도 적당함 베리굿,,,
2836333-053,https://everytime.kr/lecture/view/2836333,2836333,데이터마이닝,이수지,25년 2학기 수강자,5,수업 깔끔하고 교안도 필요한 내용만 핵심적으로 나와있어서 좋아요,,,
2836333-054,https://everytime.kr/lecture/view/2836333,2836333,데이터마이닝,이수지,25년 2학기 수강자,5,주로 3학년들이 많이 들을거라 거의 안 그러겠지만 선대 미적분 개념 아예 비어있는 상태로 들으면 유도 과정은 따라가기 좀 빡셀 수 있어요 사실 시험 볼 땐 크게 중요하진 않긴 하지만...,,,
2836333-055,https://everytime.kr/lecture/view/2836333,2836333,데이터마이닝,이수지,24년 2학기 수강자,5,수업이 깔끔해요 교안 퀄리티가 좋아요 과제는 2-3개 있었고 시험은 조금 어러웠네요 ㅠ,,,
2836333-056,https://everytime.kr/lecture/view/2836333,2836333,데이터마이닝,이수지,25년 2학기 수강자,5,과제 수식 시험까지 밸런스가 완벽합키다 깔끔한 교안,,,
2836333-057,https://everytime.kr/lecture/view/2836333,2836333,데이터마이닝,이수지,25년 2학기 수강자,5,교수님이 수업을 굉장히 잘해주십니다. 수업도 한국어로 너무 좋네요,,,
2836333-058,https://everytime.kr/lecture/view/2836333,2836333,데이터마이닝,이수지,25년 2학기 수강자,5,설명 정말 좋으십니다. 기학원이나 인지개 같이 들으면 좋아요,,,
2836333-059,https://everytime.kr/lecture/view/2836333,2836333,데이터마이닝,이수지,25년 2학기 수강자,5,"기학원에서 배우는 내용이랑 굉장히 많이 겹쳐서, 같이 들을 때 시너지가 좋습니다. 중간까지 과제는 계산 위주로 1개가 나왔습니다.",,,
2836333-060,https://everytime.kr/lecture/view/2836333,2836333,데이터마이닝,이수지,25년 2학기 수강자,5,온라인이어서 편하구 교수님 설명도 잘하십니다,,,
2836333-061,https://everytime.kr/lecture/view/2836333,2836333,데이터마이닝,이수지,25년 2학기 수강자,5,교수님이 수식도 하나하나 봐주시고 세세하세요 과제도 적당하고 좋습니다,,,
2836333-062,https://everytime.kr/lecture/view/2836333,2836333,데이터마이닝,이수지,25년 2학기 수강자,5,설명 엄청 깔끔하시고 전체적으로 수업이 짜임새있습니다! 꼭 들어보시길,,,
2836333-063,https://everytime.kr/lecture/view/2836333,2836333,데이터마이닝,이수지,25년 2학기 수강자,5,대학교 와서 들어본 강의 중에 가장 이해가 잘 되고 설명이 깔끔하십니다,,,
2836333-064,https://everytime.kr/lecture/view/2836333,2836333,데이터마이닝,이수지,25년 2학기 수강자,5,온라인이어서 완전 편하고 미리미리 수업 들을 수 있고 엄청 구체적적이고 교수님 좋아요,,,
2836333-065,https://everytime.kr/lecture/view/2836333,2836333,데이터마이닝,이수지,25년 2학기 수강자,5,정말 최고의 강의입니다 학점도 잘주시고 강의 꼼꼼히 보면 시험에서도 좋은 성적얻어갈수있습니다,,,
2836333-066,https://everytime.kr/lecture/view/2836333,2836333,데이터마이닝,이수지,25년 1학기 수강자,5,최고의 교수님. 성적 잘주시고 강의력도 좋으시고 문제도 깔끔하게 내심,,,
2836333-067,https://everytime.kr/lecture/view/2836333,2836333,데이터마이닝,이수지,25년 2학기 수강자,5,전체적으로 온라인 강의임에도 강의가 유용합니다.,,,
2836333-068,https://everytime.kr/lecture/view/2836333,2836333,데이터마이닝,이수지,25년 2학기 수강자,5,아직 성적은 안 나왔지만 온라인이라 편하고 강의도 유익합니다.,,,
2836333-069,https://everytime.kr/lecture/view/2836333,2836333,데이터마이닝,이수지,25년 1학기 수강자,5,교수님 필기도 알아보기 좋았고 수업 내용도 알찼습니다. 과제는 중간에 문제 푸는 과제 한 번 마지막에 코딩 과제 한 번 나왔고 시험은 코딩과는 무관하게 배운 개념과 관련된 수학 문제를 푸는 형식으로 진행됐습니다. 성적도 너그럽게 잘 주셨고 배워가는 것도 많아서 안 들을 이유가 없는 강의라고 생각합니다! 다만 저는 이 과목에서 해당 내용을 처음 접해서 그런지 다른 강의평들처럼 그렇게 쉽진 않았습니다 ㅠㅠ,,,
2836333-070,https://everytime.kr/lecture/view/2836333,2836333,데이터마이닝,이수지,25년 2학기 수강자,5,수강 기간이 널널해서 좋았어요 설명도 자세히 해주심,,,
2836333-071,https://everytime.kr/lecture/view/2836333,2836333,데이터마이닝,이수지,25년 1학기 수강자,5,"강의 정말 잘하시고, 학점 잘주세요! 꼭 수강하시길 바랍니다 ㅎㅎ",,,
2836333-072,https://everytime.kr/lecture/view/2836333,2836333,데이터마이닝,이수지,25년 2학기 수강자,5,강의력 좋으십니다 데이터에 관한 기초를 들을 수 있음,,,
2836333-073,https://everytime.kr/lecture/view/2836333,2836333,데이터마이닝,이수지,25년 1학기 수강자,5,강의력 매우 좋으십니다 배워가기도 좋고 과제도 시간 널널해요,,,
2836333-074,https://everytime.kr/lecture/view/2836333,2836333,데이터마이닝,이수지,25년 1학기 수강자,5,강의력 좋으시고 시험도 낫뱃입니다. 얻어가는것도 많고 기분좋게 들었습니다,,,
2836333-075,https://everytime.kr/lecture/view/2836333,2836333,데이터마이닝,이수지,25년 1학기 수강자,5,강의력도 좋고 강의 내용도 알차고 데이터 접하기 좋은 수업입니다~,,,
2836333-076,https://everytime.kr/lecture/view/2836333,2836333,데이터마이닝,이수지,25년 1학기 수강자,5,좋아요 아주좋아요. 강추. 시경의 구세주. 사랑합니다,,,
2836333-077,https://everytime.kr/lecture/view/2836333,2836333,데이터마이닝,이수지,25년 1학기 수강자,4,사실 쉽지는 않습니다. 시험은 강의 꼼꼼히 이해하시면 잘 보실수 있습니다.,,,
2836333-078,https://everytime.kr/lecture/view/2836333,2836333,데이터마이닝,이수지,25년 1학기 수강자,5,학점 꽉꽉 채워주시고 시함 전에 과제 주시는데 어럽긴 한데 그걸로 시험 준비하면 됩니다.,,,
2836333-079,https://everytime.kr/lecture/view/2836333,2836333,데이터마이닝,이수지,25년 1학기 수강자,5,온라인 수업이라 부담도 적은데 수업은 알차서 좋습니다 학점도 후하게 주시고 남는 것도 많은 강의라 추천합니다!,,,
2836333-080,https://everytime.kr/lecture/view/2836333,2836333,데이터마이닝,이수지,25년 1학기 수강자,5,수업 굉장히 알차고 강의력도 너무 좋습니다. 학점도 너무 잘주시고 시간 걸리는 과제 두 개 있는데 두 개 밖에 없으니까 많은 편은 아니라고 생각합니다. 하나부터 열까지 최고인 수업,,,
2836333-081,https://everytime.kr/lecture/view/2836333,2836333,데이터마이닝,이수지,25년 1학기 수강자,5,"학점을 엄청 잘 주시는 것 같아요 시험은 교안에 있는 예제 정도 풀 수 있으면 됩니다! 이번학기는 과제 두번, 중간 기말 시험 봤습니다",,,
2836333-082,https://everytime.kr/lecture/view/2836333,2836333,데이터마이닝,이수지,25년 여름 수강자,5,데이터마이닝에 관련된 내용들을 수학적으로 매우 자세하게 증명해주신다. 시험은 증명보다 예제 풀이와 매우 비슷하다. 과제도 적고 학점을 잘 주신다.,,,
2836333-083,https://everytime.kr/lecture/view/2836333,2836333,데이터마이닝,이수지,25년 1학기 수강자,5,레전드 꿀강... 꼭 들으세요 솦이긴 한데 굳이 솦 아녀도 기계학습에 대해 부담없이 들을 수 있는 과목입니다 단점 하나 없는 최고의 강의력...,,,
2836333-084,https://everytime.kr/lecture/view/2836333,2836333,데이터마이닝,이수지,25년 1학기 수강자,5,인공지능개론 한번이라도 들었다면 그냥 공짜 학점이다. 아캠강의 같은 시간 GOAT 시간 여유있는 과제 GOAT 왜 안 들음?,,,
2836333-085,https://everytime.kr/lecture/view/2836333,2836333,데이터마이닝,이수지,25년 1학기 수강자,5,강의 교안 최고 과제 난이도는 쉽진 않음 교안만 잘보면 시험도 잘 볼 수 있습니다,,,
2836333-086,https://everytime.kr/lecture/view/2836333,2836333,데이터마이닝,이수지,25년 1학기 수강자,5,"그냥 갓갓갓 기계학습 관련해서 수업 듣고싶으시면 진짜 강추 강의력, 과제, 시험 다 완벽",,,
2836333-087,https://everytime.kr/lecture/view/2836333,2836333,데이터마이닝,이수지,25년 1학기 수강자,5,"그냥 GOAT. 이번에 기학원이랑 같이 들었는데, 지난 학기 인지개에서 이해 못 했던 내용들 다 이해해버림. 교안도 대부분 20쪽 이내라 부담이 진짜 적음. 또 그 짧은 교안으로 알차게 설명하시지만, 내용도 다 포함되어있어서 필기 부담이 적음. 과제는 HW1은 계산 문제 푸는 것이었고, HW2는 코드 돌리고 보고서 작성인데 분량만 엄청 많지 GPT도 다 할 수 있어서 할만했음. 시험은 크게 어렵지는 않지만, 기학원 듣고 온 소프트가 많다보니 평균이 높음. 그래도 학점 잘 주시니까 ㅎㅎ",,,
2836333-088,https://everytime.kr/lecture/view/2836333,2836333,데이터마이닝,이수지,25년 1학기 수강자,5,"과제는 총 두번으로 하나는 문제 푸는거, 두번째는 코드 짜는 거였는데, 쪼금 어렵고 귀찮긴했습니다. 시험은 강의 열심히 들으면 잘 맞을 수 있을 것 같습니다. 강의력도 좋았습니다.",,,
2836333-089,https://everytime.kr/lecture/view/2836333,2836333,데이터마이닝,이수지,25년 1학기 수강자,5,"강의가 온라인이라 좋아요 시험 2번, 과제 2개로 평가됩니다. 시험은 강의하신 부분에서만 출제되고 과제가 시험보다 어려워서 공부는 조금만 하면 학점 잘 챙겨갈 수 있습니다",,,
2836333-090,https://everytime.kr/lecture/view/2836333,2836333,데이터마이닝,이수지,25년 1학기 수강자,5,"강의력 좋고 시험도 큰 개념 계산 위주로 큼직하게 나옵니다. 과제는 2번인데 첫번째는 개념 + 계산, 두번째는 프로그래밍 나왔습니다.",,,
2836333-091,https://everytime.kr/lecture/view/2836333,2836333,데이터마이닝,이수지,25년 1학기 수강자,5,시경 교수님들 중 강의력 좋으신 분들 중 한 명이십니다 GOAT.. 교수님도 너무 좋으시고 과제도 2번으로적당합니다 온라인인 점이 좋아요! ㅎㅎ 시험 평균이 높기는 하지만 열심히 공부하시면 데이터 처음이어도 좋은 점수 받으실 듯,,,
2836333-092,https://everytime.kr/lecture/view/2836333,2836333,데이터마이닝,이수지,25년 1학기 수강자,5,최고의 수업 온라인에 강의력도 좋으십니다! 평가도 절평으로 하시고 시험도 쉽게 출제되는 최고의 강의,,,
2836333-093,https://everytime.kr/lecture/view/2836333,2836333,데이터마이닝,이수지,25년 1학기 수강자,5,솦트랑 관계 1도 없는 타과인데 비전공 티오로 들어왔었음 근데 와 진짜 명강의임 그냥 수업 열심히 듣고 중간 3등 기말 만점 - 1.5점 받고 마무리함,,,
2836333-094,https://everytime.kr/lecture/view/2836333,2836333,데이터마이닝,이수지,25년 1학기 수강자,5,너무 유익한 수업입니다. 교수님 강의력도 진짜 최고..,,,
2836333-095,https://everytime.kr/lecture/view/2836333,2836333,데이터마이닝,이수지,25년 1학기 수강자,5,빛수지 교수님.. 시험 문제도 교안만 열심히 풀면 다 풀 수 있게 나와요 데이터나 기계학습 처음 공부하는 사람도 다 잘 따라갈 수 있게 차근차근 쉽게 설명해주십니다 시경인이라면 무조건 들으세요,,,
2836333-096,https://everytime.kr/lecture/view/2836333,2836333,데이터마이닝,이수지,24년 2학기 수강자,5,"시험, 과제도 모두 강의 들으면 무난히 풀 수 있는 수준이고 성적도 잘 주시는듯합니다",,,
2836333-097,https://everytime.kr/lecture/view/2836333,2836333,데이터마이닝,이수지,25년 1학기 수강자,5,"숙제 2번 (하나는 이론, 하나는 프로그래밍 ) 시험도 부분 점수 잘 주시려고 하는 듯",,,
2836333-098,https://everytime.kr/lecture/view/2836333,2836333,데이터마이닝,이수지,25년 1학기 수강자,5,친절하고 이해하기 쉽게 알려주십니다. 기학원 내용하고 겹치는 부분이 있어요,,,
2836333-099,https://everytime.kr/lecture/view/2836333,2836333,데이터마이닝,이수지,25년 1학기 수강자,5,강의력 정말 좋으시구요 시험 2번 과제 2번 있어요 배워갈 게 많은 강의라서 추천합니다,,,
2836333-100,https://everytime.kr/lecture/view/2836333,2836333,데이터마이닝,이수지,24년 2학기 수강자,5,"전부 온라인 강의지만 교수님께서 내용을 아주 자세하게 설명해주셔서 이해할때 매우 좋았습니다. 시험 2번 과제 3번이고 첫번째 과제는 문제풀이 두번째, 세번째 과제는 코딩과제인데 전부 설명해주신 실습내용을 사용하면 수월하게 할 수 있습니다. 시험도 무난하게나왔습니다.",,,
1611865-001,https://everytime.kr/lecture/view/1611865,1611865,차세대컴퓨터인터페이스설계,이성일,26년 1학기 수강자,3,들을만해요 학생들발표로 수업이 전부진행됩니다 아두이노기말과제있고 시험잘준비하면 돼요^^,,,
1611865-002,https://everytime.kr/lecture/view/1611865,1611865,차세대컴퓨터인터페이스설계,이성일,26년 1학기 수강자,5,후반부로 갈수록 매주 거의 발표를 듣는 형식으로 수업이 진행되었음. 아두이노 프로젝트가 있어서 조금 귀찮기는 하지만 인터페이스에 대해 배울 수 있는 꽤 유익한 수업. 교수님이 친절하심,,,
1611865-003,https://everytime.kr/lecture/view/1611865,1611865,차세대컴퓨터인터페이스설계,이성일,26년 1학기 수강자,4,"중간, 기말, 아두이노 프로젝트, 발표가 있습니다. 시험은 암기 바탕으로 서술형이고, 어렵지는 않으나 내용이 많습니다",,,
1611865-004,https://everytime.kr/lecture/view/1611865,1611865,차세대컴퓨터인터페이스설계,이성일,26년 1학기 수강자,5,"발표가 좀 중요한 강의입니다 중간은 치트시트 없고, 기말은 있습니다 아두이노 프로젝트도 하나 있슴니다",,,
1611865-005,https://everytime.kr/lecture/view/1611865,1611865,차세대컴퓨터인터페이스설계,이성일,26년 1학기 수강자,5,발표는 함번만 하면되고 부담스러운 내용이 아닙니다. Hci쪽 내용 ㅇㅇ 시험도 쉬워요 기말은 치팅페이퍼,,,
1611865-006,https://everytime.kr/lecture/view/1611865,1611865,차세대컴퓨터인터페이스설계,이성일,25년 1학기 수강자,5,가볍게 잘 들었습니다 성적은 매우 잘주십니다 시험 2번은 제법 집약적인게 나오니 자세히 공부하세요,,,
1611865-007,https://everytime.kr/lecture/view/1611865,1611865,차세대컴퓨터인터페이스설계,이성일,26년 1학기 수강자,4,학점은 어떨지 모르겠지만 발표 해야 하고 시험도 두 번 치고 과제도 한 번 있고 내용이 별로 재미 없어서 솔직히 드랍하고 싶지만 다른 거 들을 게 없어서 듣는 느낌..,,,
1611865-008,https://everytime.kr/lecture/view/1611865,1611865,차세대컴퓨터인터페이스설계,이성일,26년 1학기 수강자,5,수업 중 발표를 많이 하라고 교수님께서 강조하십니다. 팀 발표 한번 있고 아두이노 마무리 과제 있습니다. 시험은 암기 분량이 엄청 많아서 여러 번 회독 하고 교수님이 중요하게 생각하시는 포인트가 분명 있으니 확실히 파악해서 암기하면 몇문제는 예상할 수 있습니다. 하지만 분량이 많아서 힘든건 어쩔 수 없습니다.,,,
1611865-009,https://everytime.kr/lecture/view/1611865,1611865,차세대컴퓨터인터페이스설계,이성일,26년 1학기 수강자,4,발표를 좋아하시면 잘 맞는 수업입니다..시험은 외울거 많고 과제 없는 대신 주제 발표랑 아두이노 해야합니다,,,
1611865-010,https://everytime.kr/lecture/view/1611865,1611865,차세대컴퓨터인터페이스설계,이성일,26년 1학기 수강자,5,발표 좋아하시면 추천 하지만 아쉽게도 마지막 수업,,,
1611865-011,https://everytime.kr/lecture/view/1611865,1611865,차세대컴퓨터인터페이스설계,이성일,26년 1학기 수강자,5,교수님 젠틀하시고 강의잘하십니다. 올해가 마지막이라고 하시네요ㅜ,,,
1611865-012,https://everytime.kr/lecture/view/1611865,1611865,차세대컴퓨터인터페이스설계,이성일,26년 1학기 수강자,5,발표 중요해요 교수님 올해 마지막이시래요 ㅠㅠ,,,
1611865-013,https://everytime.kr/lecture/view/1611865,1611865,차세대컴퓨터인터페이스설계,이성일,26년 1학기 수강자,5,수업 내용이 상당히 흥미롭다. 문과과목 듣는 느낌도 난다. 발표점수가 있어서 수업에 적극적으로 참여해야한다.,,,
1611865-014,https://everytime.kr/lecture/view/1611865,1611865,차세대컴퓨터인터페이스설계,이성일,25년 2학기 수강자,5,수업도 흥미롭고 hci에 대해 잘 배울 수 있어 재밌습니당,,,
1611865-015,https://everytime.kr/lecture/view/1611865,1611865,차세대컴퓨터인터페이스설계,이성일,25년 1학기 수강자,4,시험 쉽고 거의 암기인데 성적보다 아두이노가 힘들었어요,,,
1611865-016,https://everytime.kr/lecture/view/1611865,1611865,차세대컴퓨터인터페이스설계,이성일,26년 1학기 수강자,5,이번이 마지막 학기시고 온라인강의랑 발표 진행합니다,,,
1611865-017,https://everytime.kr/lecture/view/1611865,1611865,차세대컴퓨터인터페이스설계,이성일,26년 1학기 수강자,3,발표가 중요한 수업입니다 발표 좋아하시는 분들만 수강 추천합니다,,,
1611865-018,https://everytime.kr/lecture/view/1611865,1611865,차세대컴퓨터인터페이스설계,이성일,26년 1학기 수강자,3,이번 학기가 마지막이시라고 합니다. 발표 좋아하시는 분들은이나 토론하는 거 좋아하시는 분들은 좋아하실만한 수업인 듯 합니다.,,,
1611865-019,https://everytime.kr/lecture/view/1611865,1611865,차세대컴퓨터인터페이스설계,이성일,26년 1학기 수강자,4,발표 좋아하는게 아니면 굳이 들어야할까 싶습니다.,,,
1611865-020,https://everytime.kr/lecture/view/1611865,1611865,차세대컴퓨터인터페이스설계,이성일,25년 2학기 수강자,4,"출석은 학교 규정대로만 체크하시고, 아두이노 실습을 간깐히게 보시는 퍈입니다",,,
1611865-021,https://everytime.kr/lecture/view/1611865,1611865,차세대컴퓨터인터페이스설계,이성일,26년 1학기 수강자,5,이제 떠나신다고 하는데 수업이 유익하고 재밌습니다,,,
1611865-022,https://everytime.kr/lecture/view/1611865,1611865,차세대컴퓨터인터페이스설계,이성일,25년 1학기 수강자,5,"학점도 후하게 주시고 재밌게 들었던 수업 입니다. 소프트에서 CL과목으로 듣게 되면 전공이지만 교양 같은 느낌을 받을 수 있습니다. 마지막 프로젝트에서는 교수님이 거창한 것을 바라시지 않으니, 주어진 요구사항에 맞춰 완성도 있게 프로젝트를 준비하시면 좋을 것 같습니다.",,,
1611865-023,https://everytime.kr/lecture/view/1611865,1611865,차세대컴퓨터인터페이스설계,이성일,25년 1학기 수강자,5,한학기동안 오아시스 같은 느낌 괴제도 많지 않고 사실상 파이널 프로젝트만 잘하고 공부 좀 만하면 성적 잘 받을 수 있을듯,,,
1611865-024,https://everytime.kr/lecture/view/1611865,1611865,차세대컴퓨터인터페이스설계,이성일,25년 1학기 수강자,5,역대급 개사기 미친 개꿀강 ㄷㄷㄷㄷㄷㄷ 안 들으면 흑우 난 말했다,,,
1611865-025,https://everytime.kr/lecture/view/1611865,1611865,차세대컴퓨터인터페이스설계,이성일,25년 1학기 수강자,5,"소프트웨어학과 전공 인정돼서 들었는데 좋았음. HCI에 대해서 한 학기 동안 배우고 학생 발표 수업 위주로 진행한다. 문과 과목 같은 느낌도 좀 있다. 아두이노를 따로 배우진 않고, 배운 HCI 이론 중 일부분을 적용해서 자동화 인형 하나를 만드는 느낌인데 재밌다. 타과 전공이라고 해서 밀릴 거 한 개도 없이 수월하게 공부 가능",,,
1611865-026,https://everytime.kr/lecture/view/1611865,1611865,차세대컴퓨터인터페이스설계,이성일,25년 1학기 수강자,4,"발표, 아두이노과제, 중간, 기말 이렇게 있었어요 강의평보면 쁠 잘 주시는 것 같은데 제로도 잘 주십니다.. 기말은 오픈북이어서 그런지 평균이 좀 높아요. 아두이노 과제 제출 마감일이 기말 이후라서 그나마 다행이었네요",,,
1611865-027,https://everytime.kr/lecture/view/1611865,1611865,차세대컴퓨터인터페이스설계,이성일,25년 1학기 수강자,5,이 강의를 강추합니다. 발표는 강제가 아니지만 인당 1번씩은 대부분 하는 것 같습니다 발표하고 시험 적당히 잘 보면 학점 잘 주십니다. 한 학기 라이트하게 강의 듣기만 하고 학점 잘 받아갑니다~,,,
1611865-028,https://everytime.kr/lecture/view/1611865,1611865,차세대컴퓨터인터페이스설계,이성일,24년 2학기 수강자,5,흥미로운 수업 내용과 가벼운 프로젝트 학점 잘주심 굿,,,
1611865-029,https://everytime.kr/lecture/view/1611865,1611865,차세대컴퓨터인터페이스설계,이성일,25년 1학기 수강자,5,영어 논문 발표랑 아두이노 과제 내주십니다. 교수님이 학생들 많이 생각해주시는게 느껴집니다,,,
1611865-030,https://everytime.kr/lecture/view/1611865,1611865,차세대컴퓨터인터페이스설계,이성일,24년 2학기 수강자,5,내용 자체가 쉽고 무난해서 전공 학점 채우기 용으로 좋습니다. 유니버셜디자인과 연관된 내용도 많아서 굉장히 수월하게 수강했네요.,,,
1611865-031,https://everytime.kr/lecture/view/1611865,1611865,차세대컴퓨터인터페이스설계,이성일,24년 2학기 수강자,5,"중간, 기말시험(기말은 크립시트 쓰게해주심) 기말기간 끝나고 아두이노 프로젝트 시연 및 보고서 제출. 중간 끝나고 ~ 기말 보기 전/ 2명씩 짝지어서 영어 논문(에세이,article)에 대해 발표",,,
1611865-032,https://everytime.kr/lecture/view/1611865,1611865,차세대컴퓨터인터페이스설계,이성일,20년 1학기 수강자,5,"인터페이스에 관심이 있다면 굉장히 흥미로운 강의. 과제도 아두이노로 하면서 굉장히 재밌다. 개인적으로는 분야가 흥미로워 재미있게 들었지만, 엄청 많은 것을 배워가지는 않은듯. 아두이노를 써보았다면 유리할 수 있다.",,,
1611865-033,https://everytime.kr/lecture/view/1611865,1611865,차세대컴퓨터인터페이스설계,이성일,20년 1학기 수강자,4,아두이노도 다 제공해주시고 원하는거 해볼 수 있어서 좋았어요 HCI 분야에 관심있는 시경인이라면 들어보세요~,,,
1611865-034,https://everytime.kr/lecture/view/1611865,1611865,차세대컴퓨터인터페이스설계,이성일,20년 1학기 수강자,5,"온라인학기 수강생입니다. 항상 하시는 조별 아두이노 프로젝트는 아예 실시하지 않고 마지막 개별 프로젝트로 진행하심. 시험은 두번 3시간동안 문재 2-3개에 대하여 본인의 생각을 서술하능 형식. 대학에 와서 본 시험중애 가장 이게 대학시험 유형이여야한가는 느낌을 받은 시험이였음. 중간중간 나왔던 과제들은 제출 미제출정도만 판별되고 마지막 기말 프로잭트,시험두번으로 거의 성적 나눠짐. 교수님, 조교님 두 분다 너무 친절하시고 답변, 소통이 빠른 편이라 너무 감사했음.",,,
1611865-035,https://everytime.kr/lecture/view/1611865,1611865,차세대컴퓨터인터페이스설계,이성일,20년 1학기 수강자,5,"*온라인 강의였습니다* 1. 시험은 중간/기말 두 번 보았으며, 모두 에세이형식으로 작성하였습니다. 제한시간은 3시간이었고, 중간에 다른 과목 수업이 껴있으면 추가시간을 주셨습니다. 문제는 3문제를 내주셨습니다. 시험은 수업에 대한 제대로 된 이해가 필요합니다. 필자는 시경+컴공이라서 수업을 나름 깊이있게 이해하고 있다고 생각했는데도 문제가 좀 어려웠습니다. 하지만 생각을 요할뿐 더러운 문제는 아니었습니다. 매우 깔끔했어요. 2. 온라인이라 아두이노 과제 1번, 아두이노 개인 프로젝트 1번 이렇게나왔습니다. 난이도는 별 1개 반(개인적인 평가임, 필자는 아싸라 난이도 비교할 친구 없었음) 정도였고, 채점도 제출/미제출 정도로만 하셨습니다. 온라인강의라 실습이 제대로 이루어질 수 없기 때문에 제출 여부만 확인하겠다고 하셨습니다. 3. 중간중간 평가하지 않는 과제들이 있었고, reading assignment 도 1번 있었습니다. 어렵지는 않았어요. 4. 에이쁠 예상하고 있었는데",,,
1611865-036,https://everytime.kr/lecture/view/1611865,1611865,차세대컴퓨터인터페이스설계,이성일,20년 1학기 수강자,4,"이번 학기는 비대면이라 기말에 항상 하신다는 조별 아두이노 프로젝트를 하지 않음 중간, 기말 다 에세이 형식으로 제출 플러스 각각 아두이노 실습영상 찍는 거였음 다른 과목에 비해 꿀인 과목.. 일단 한국어 수업이지만 내용 자체가 다른 수업보다 훨씬 수월함 많이 공들인 수업이 아니었음에도 A0 주심..매우 만족.. 다음 시험도 에세이 형식일지는 모르겠지만 최대한 수업때 나온 내용 위주로 쓰고 하면 잘 맞을듯함 질문도 잘 받아주시고 좋았음 (아두이노 한번도 안해봤더라도 책이나 참고자료가 많아서 안해본 사람들도 괜찮을듯함)",,,
1611865-037,https://everytime.kr/lecture/view/1611865,1611865,차세대컴퓨터인터페이스설계,이성일,18년 1학기 수강자,5,"1. 학점 후하게 주시는 편입니다. 교수님 과 조교분들 모두 성격 깔끔하고 친절하십니다. 2. 과제를 많음이라 표기했지만 기말 발표 과제의 비중이 클 뿐, 매주 내주는 자잘한 과제는 없으십니다. 3. 기습 퀴즈를 보긴 하지만 어디까지나 플러스 점수를 확보하는 퀴즈일 뿐, 따라서 잘 보면 좋지만 망쳐도 상관없습니다. 4. 핵심은 중간 고사, 그리고 기말 발표 과제입니다. 기말 고사도 중요한데 이 중 비중이 제일 적습니다. 5. 중간/기말 고사는 공부법이 특히 어렵진 않습니다. 성실함과 닥치고 암기를 해야 하는 근성이 필요합니다. 그림, 도표, 요약 시험에 많이 나옵니다. 6. 기말 실습 발표는 아두이노를 이용하여 간단한 IOT (정확히는 아니지만 쉽게 이야기하면) 기기의 데모를 제작하면 됩니다. 아두이노 사용 경험, 프로그래밍 (특히 C ), 회로 관련 지식이 많을 수록 유리합니다. 7. 따라서 전자전기 계열 학생들이 매우 유리한 과목이며 실제로 정통 심화과목 중 하나라 초기에는 많이 들어오는데, 교수님이 '전전 학생들은 지나치게 유리하므로 평가 기준을 더 높여 잡겠다' 라고 하시기 때문에 많이들 나갑니다. 8. 하지만 전전 학생이 한 명 남았는데 그 사람은 실습 발표에서 좋은 평가를 받았고 학점도 좋게 나왔습니다. 전전으로써 가지고 있는 노하우와 아두이노 제작 경험을 쥐어 짜내 한 단계 다른 퍼포먼스를 보여주면 높은 점수를 받는 것 같습니다. 9. 실습 과제는 '난이도 높은 기술의 구현' 보다도 '교수님이 중요시 여기는 철학의 구현' 이 중요합니다. 10. 실습 과제를 높은 점수를 받기 위해서는 조원과 최소한 중간 고사 이후부터는 꾸준히 만나며 작업을 시작, 진행해야 합니다. 11. 기술 내지는 지식을 배우는 수업이라기보다 '기획하는 법' 을 배우는 수업에 가깝습니다. 캡스톤 디자인을 하셨던 분들이라면 이론이 곁들여진 캡스톤 디자인이라 생각하면 조금 더 편하실 것 같습니다. 이 수업을 듣고 캡스톤 디자인 수업을 하는 것도 나쁘지 않은 과정인 것 같습니다.",,,
1611865-038,https://everytime.kr/lecture/view/1611865,1611865,차세대컴퓨터인터페이스설계,이성일,18년 1학기 수강자,4,"수업은 HCI라는 선수과목이 있지만 듣지않고 바로 들어도 문제가 없었다. 배우는 내용은 흔히 말하는 IoT, 유비쿼터스와 같은 차세대 시스템에 대해서 배우는데 다소 뜬구름잡는 부분이 있다. 시험은 중간이 있고 기말에선 크립시트를 준비 가능. 프로젝트 점수는 생각보다 크게 차이나지 않으니 시험을 잘봐야한다. 교수님과 조교님들도 착하고 친절하셔서 수업들으면서 스트레스 받을 일은 없다.",,,
1611865-039,https://everytime.kr/lecture/view/1611865,1611865,차세대컴퓨터인터페이스설계,이성일,18년 1학기 수강자,5,비 예상했는데 에이 떴습니다. 국제어 비율 전부 채워주신 것 같아요. 감사합니다. 아두이노 다루는데 컴공분들이 많이 고생하시고 시경분들은 프로그래밍 수업 안들었으면. 솔직히 버겁습니다. 교수님 자상하십니다. 그리고 조교님들도 뭐 물어보거나 연구실 자주 찾아가면 귀찮을 법도 한데 매번 웃으면서 잘 알려주셨어요.,,,
1611865-040,https://everytime.kr/lecture/view/1611865,1611865,차세대컴퓨터인터페이스설계,이성일,18년 1학기 수강자,5,B0나 B+ 예상했는데 A0 나옴 수업 재밌고 교수님이 학생들 이름도 다 외우심 시험은 꽤 쉬운편이고 팀플은 어려움 팀플 솔직히 말해서 시경 학생은 하는게 10%도 없음. 내 경우나 친구들 조 살펴봐도. 코딩이 대부분이라 같은 팀 걸리는 컴공분들이 고생함,,,
1611865-041,https://everytime.kr/lecture/view/1611865,1611865,차세대컴퓨터인터페이스설계,이성일,18년 1학기 수강자,5,"나 C0 일거라 생각했는데 B+ 받음. 그걸로 설명 끝이라 생각합니다. 편히 공부하고 편히 성적받으세요. 참고로 아두이노도 재밌고, 교수님도 학생들 자상하게 챙겨주세요. 조교분들도 좋음.",,,
1611865-042,https://everytime.kr/lecture/view/1611865,1611865,차세대컴퓨터인터페이스설계,이성일,17년 1학기 수강자,5,아두이노를 해서 좋았다 평소 라즈베리 파이나 이쪽 관심 있으면 꼭 듣길 추천! 2인 1조였는데 아두이노 두대씩 주시고 센서도 요구하면 다 사주셔서 해보고 싶은 거 재밌게 만들어 볼 수 있었음. 중간 40 기말 20 프로젝트 40인데 시험도 딱히 어렵지 않고 사실 수업 내용 자체가 그렇게 많지 않았다 아두이노가 메인이 되는 느낌ㅋㅋ 아무튼 좋은 경험 했고 학점도 잘 주시는 것 같으니까 기회가 된다면 꼭 들어보길 바람.,,,
1611865-043,https://everytime.kr/lecture/view/1611865,1611865,차세대컴퓨터인터페이스설계,이성일,17년 1학기 수강자,5,"교수님 수업 너무 좋아요. 시험은 중간고사가 중요하고, 팀프로젝트는 일반적으로 시스템경영공학과에서 하는 것들과 성격이 완전히 다른데 재미있습니다.(아두이노 이용) 수업때 읽으라고 하신 논문은 중요해서 꼭 읽어야해요~ 저는 이 과목 재미있었고 추천드립니다~!",,,
2249576-001,https://everytime.kr/lecture/view/2249576,2249576,분산컴퓨팅원론,남범석,26년 1학기 수강자,5,정말 편안합니다. 기말고사 1번 과제 한번만 잘하면 돼요,,,
2249576-002,https://everytime.kr/lecture/view/2249576,2249576,분산컴퓨팅원론,남범석,24년 1학기 수강자,4,시험은 대체로 쉬운편이고 과제1 시험1로 성적이 끝나는과목이라 속편함,,,
2249576-003,https://everytime.kr/lecture/view/2249576,2249576,분산컴퓨팅원론,남범석,24년 1학기 수강자,5,분산컴퓨팅에 대해 접할 수 있는 최고의 수업 너무 잘 들었습니다 교수님 강의력이 정말 좋아요 과제도 시험도 모든게 무난,,,
3095854-001,https://everytime.kr/lecture/view/3095854,3095854,강화학습개론,우홍욱,26년 1학기 수강자,4,그냥 저냥 들을만 합니다. 앞부분은 이론 뒷부분은 논문발표,,,
2576620-001,https://everytime.kr/lecture/view/2576620,2576620,논리회로,박준은,26년 1학기 수강자,5,교수님이 설명을 진짜 잘해주십니다. 퀴즈 매주 보는게 볼 때는 힘들었지만 막상 시험기간에는 편했습니다. 직배 걸리면 천운입니다,,,
2576620-002,https://everytime.kr/lecture/view/2576620,2576620,논리회로,박준은,26년 1학기 수강자,5,교수님 설명을 너무 잘해주십니다.... 매주 퀴즈가 있어서 강제적으로 공부하게 돼요,,,
2576620-003,https://everytime.kr/lecture/view/2576620,2576620,논리회로,박준은,26년 1학기 수강자,5,퀴즈가 매주 있지만 그 덕에 공부를 계속 할 수 있고 퀴즈 보고 그 문제 해설하는 식의 수업 방식이 되게 좋았어요,,,
2576620-004,https://everytime.kr/lecture/view/2576620,2576620,논리회로,박준은,26년 1학기 수강자,5,거의 매 주 퀴즈가 있지만 퀴즈 문제를 플립러닝 때 주셔서 부담은 없습니다. 강의력도 좋으시고 성적도 잘 주세요,,,
2576620-005,https://everytime.kr/lecture/view/2576620,2576620,논리회로,박준은,26년 1학기 수강자,5,퀴즈가 있긴하지만 강의력도 좋고 부담은 없습니다,,,
2576620-006,https://everytime.kr/lecture/view/2576620,2576620,논리회로,박준은,25년 1학기 수강자,5,그저 goat... 퀴즈가 매주 있지만 해당 수업 전에 미리 문제를 올려주시고 그게 퀴즈로 똑같이 나옵니다 플립러닝이라 부담도 상대적으로 적어서 직배 받으면 진짜 운 좋은 반입니다!!,,,
2576620-007,https://everytime.kr/lecture/view/2576620,2576620,논리회로,박준은,26년 1학기 수강자,5,"교수님 강의력이 좋으시고, 수업 분위기를 좋게 유지하십니다.",,,
2576620-008,https://everytime.kr/lecture/view/2576620,2576620,논리회로,박준은,26년 1학기 수강자,5,교수님의 강의력이 좋으십니다. 수업시간에 집중하면 충분히 이해할 수 있습니다.,,,
2576620-009,https://everytime.kr/lecture/view/2576620,2576620,논리회로,박준은,26년 1학기 수강자,5,강의력 좋으시고 퀴즈에 나올 문제도 미리 올려주십니다. 풀고가면 다 맞을 수 있어요,,,
2576620-010,https://everytime.kr/lecture/view/2576620,2576620,논리회로,박준은,25년 1학기 수강자,5,강의 잘 하시고 성적 매우 잘 주십니다. 교수님이 풀어주시는 문제나 책 연습문제 푸시면 됩니다,,,
2576620-011,https://everytime.kr/lecture/view/2576620,2576620,논리회로,박준은,25년 1학기 수강자,5,강의력이 매우 좋으십니다. 책에서 연습문제만 몇번 풀어보면 에이쁠 받기 쉬움,,,
2576620-012,https://everytime.kr/lecture/view/2576620,2576620,논리회로,박준은,25년 1학기 수강자,4,강의력이 좋으신 편이고 플립러닝으로 1번 온라인 1번 오프라인 진행했습니다. 학점도 후하게 주셨고 시험은 무난했는데 실수할만하게 내는 부분이 있어서 감점을 크게 당할 수 있으니 주의하시면 될 것 같습니다.,,,
2576620-013,https://everytime.kr/lecture/view/2576620,2576620,논리회로,박준은,25년 1학기 수강자,5,교수님 강의력도 좋으시고 학점도 정말 최대한 줄만큼 너그럽게 주십니다..시험은 난이도가 쉬운건 아니고 실수할 가능성이 높은 문제가 많이 나오니 열심히 준비하시면 됩니당,,,
2576620-014,https://everytime.kr/lecture/view/2576620,2576620,논리회로,박준은,25년 1학기 수강자,5,교수님이 되게 젊으셔서 선배님 같아요 강의력 완전 좋으시고 모르는 거 있으면 친절하게 알려주세요!,,,
2576620-015,https://everytime.kr/lecture/view/2576620,2576620,논리회로,박준은,24년 2학기 수강자,5,왜 안듣나요? 학점 에이쁠 30퍼 에이 50퍼까지 꽉꽉 채워주시고 강의력 너무 좋고 하루 온라인 하루 오프하는데 온라인으로 올려주신 강의와 문제를 오프때 풀이해주십니다 퀴즈는 한번봤고 보기전에 언제본다고 저흰 공지 해주셨습니다,,,
2576620-016,https://everytime.kr/lecture/view/2576620,2576620,논리회로,박준은,25년 1학기 수강자,5,수업이 이틀 중 하루는 온라인이라 부담이 없고 설명도 잘 해주셔서 이해가 잘 되었습니다. 랜덤으로 퀴즈를 보시는데 현강수업 전날에 미리 올려주시는 문제를 풀어보면 문제 없습니다. 수업시간에 푸는 문제와 퀴즈만 잘 이해하시면 시험도 그리 어렵지 않습니다. 학점도 굉장히 잘 주시는 편이기에 굉장히 만족스러운 강의였습니다.,,,
2576620-017,https://everytime.kr/lecture/view/2576620,2576620,논리회로,박준은,25년 1학기 수강자,5,그저 대준은.. 학점 개잘주시고 강의력도 좋고 완벽합니다. 직배로 걸리면 조상님께 감사해야함,,,
2576620-018,https://everytime.kr/lecture/view/2576620,2576620,논리회로,박준은,25년 1학기 수강자,5,자신이 이 과목에 조금 신경을 썼다 하시면 A+입니다. 반박 안받습니다. 그리고 시험 이틀전부터 벼락치기를했다? 당신은 A입니다. 이상입니다.,,,
2576620-019,https://everytime.kr/lecture/view/2576620,2576620,논리회로,박준은,25년 1학기 수강자,5,"학점 개잘주십니다 설명은 솔직히 나긋나긋하신거에 비해서 대충 넘어가는 부분이 있지만, 고민하면 절대 모를 부분은 아닙니다. 학점 잘 주시는 거에서 모든 것 미화가능",,,
2576620-020,https://everytime.kr/lecture/view/2576620,2576620,논리회로,박준은,25년 1학기 수강자,5,제 기준에는 설명이 엄청빠르시고 온러인으로 듣고 퀴즈를 푸는 방식이다 보니 궁금한 내용을 물어볼 수 없으니깐 퀴즈를 풀때 어려움이 좀 컸습니다. 퀴즈 점수는 정말 후하게 주십니다 . 40만점에 30 후반대 점수대가 정말 많았어요 그래서 시험점수로 거의 갈립니다. 과목특성상 실수를 하면 문제 자체가 다 틀리니깐 꼼꼼하게 공부하셔야해요!,,,
2576620-021,https://everytime.kr/lecture/view/2576620,2576620,논리회로,박준은,25년 1학기 수강자,5,"설명을 잘 해주시는데, 애초에 내용이 무거워서 조금 어렵지만, 할만합니다!",,,
2576620-022,https://everytime.kr/lecture/view/2576620,2576620,논리회로,박준은,24년 2학기 수강자,5,이해가 잘되는 강의였고 매주 주시는 문제 열심히 풀면 시험 잘보실 수 있습니다!,,,
2576620-023,https://everytime.kr/lecture/view/2576620,2576620,논리회로,박준은,25년 1학기 수강자,5,"유튭강의같은거 하나도 안보고 교수님 영상만 봤는데도 이해가 정말 잘 됐습니다! 퀴즈 보는것도 나름 주기적으로 공부하면서 밀리지 않도록 하는거에 도움이 많이 됐고, 퀴즈도 다 교안 problem에서 나와서 공부만 전날에 빡 해두면 웬만하면 풀 수 있었던 것 같습니다! 정말 최고의 교수님이에요ㅠㅠ 교수님과 담학기에 이별하는게 슬픕니다.....",,,
2576620-024,https://everytime.kr/lecture/view/2576620,2576620,논리회로,박준은,25년 1학기 수강자,5,갓준은 학생들을 생각해주시고 얻어가는 것도 많아요,,,
2576620-025,https://everytime.kr/lecture/view/2576620,2576620,논리회로,박준은,25년 1학기 수강자,5,플립러닝이라 좋고 수업시간에 풀어주시는 퀴즈도 녹화 올려주셔서 좋아요,,,
2576620-026,https://everytime.kr/lecture/view/2576620,2576620,논리회로,박준은,25년 1학기 수강자,5,"강의력, 시험 다 깔끔 그 자체. 플립러닝이랑 부담도 없다. 다만, 랜덤으로 퀴즈를 본다.",,,
2576620-027,https://everytime.kr/lecture/view/2576620,2576620,논리회로,박준은,25년 1학기 수강자,5,"플립러닝 수업으로 진행됩니다. 주에 한 번만 오프라인으로 출석하시면 되고 수업 참석 전까지 동영상 강의를 모두 시청하시고 수업 들으시면 됩니다. 수업은 아주 잘 가르쳐주십니다. 퀴즈가 예고없이 진행되니까 꾸준히 공부하시고 올려주시는 문제를 꼭 수업전에 풀고 가시기 바랍니다. (퀴즈문제가 올려주시는 문제에서 그대로 나옵니다.) 시험은 아직 중간고사까지 밖에 치르지 않아서 중간고사만 놓고보면 다소 쉽게 내셨습니다. 시험을 대비하실 때는 올려주시는 문제를 다시 한 번 꼭 풀고, 교재의 연습문제들도 최소 한번씩은 풀고 가시는걸 추천드립니다. 교수님이 학생들을 생각해주시고 배려해주신다는게 느껴지십니다. 아주 좋으신 교수님입니다. 따봉을 많이 받기위해 마지막은 삼행시로 마무리 짓겠습니다. 박 : 박명수 준 : 준스톤 은 : 은가누",,,
2576620-028,https://everytime.kr/lecture/view/2576620,2576620,논리회로,박준은,25년 1학기 수강자,5,강의력 좋으시고 플립 러닝이라 부담도 없습니다. 퀴즈를 자주 보긴 하는데 거의 미리 올려주신 문제들에서 나와서 풀만해요,,,
2576620-029,https://everytime.kr/lecture/view/2576620,2576620,논리회로,박준은,25년 1학기 수강자,5,플립러닝이라 부담감이 없음 내용도 문제 많이 풀어보면 쉬움,,,
2576620-030,https://everytime.kr/lecture/view/2576620,2576620,논리회로,박준은,25년 1학기 수강자,5,깔끔한 수업내용 시험문제도 적당히 시간내에 계산 가능하게 숫자를 맞게 줌,,,
2576620-031,https://everytime.kr/lecture/view/2576620,2576620,논리회로,박준은,25년 1학기 수강자,5,교수님 설명 잘하시고 플립플랍이라 그런지 부담도 많이 없음,,,
2576620-032,https://everytime.kr/lecture/view/2576620,2576620,논리회로,박준은,25년 1학기 수강자,5,교수님 강의력도 좋으시고 과제도 없어서 편해요 다만 퀴즈는 랜덤으로 봅니다,,,
2576620-033,https://everytime.kr/lecture/view/2576620,2576620,논리회로,박준은,25년 1학기 수강자,5,교수님 좋아요 잘 가르치시고 무엇보다 하루가 온라인인게 좋은듯,,,
2576620-034,https://everytime.kr/lecture/view/2576620,2576620,논리회로,박준은,25년 1학기 수강자,4,강의력 좋으시고 유쾌하심 예고없이 퀴즈 보심 강의 녹화본 올려주심,,,
2576620-035,https://everytime.kr/lecture/view/2576620,2576620,논리회로,박준은,25년 1학기 수강자,4,"퀴즈는 수업시간 중 랜덤으로 보심 플립드임에도 불구하고 강의력은 좋으신편이고 질문도 잘 받아주시고, 본인도 실수 자주 하신다고, 학생들을 편안하게 해주시는 느낌. 과제는 없음 출석은 전자출석하라고 교수님이 말씀해주심",,,
2576620-036,https://everytime.kr/lecture/view/2576620,2576620,논리회로,박준은,24년 2학기 수강자,5,수업 설명 잘해주심 시험 그렇게 어렵지 않음 연습문제 많이 풀어보기,,,
2576620-037,https://everytime.kr/lecture/view/2576620,2576620,논리회로,박준은,24년 2학기 수강자,5,강의력도 좋으시고 학점도 후하게 주심 플립이라 개꿀임,,,
2576620-038,https://everytime.kr/lecture/view/2576620,2576620,논리회로,박준은,24년 2학기 수강자,5,교수님이 풀어주시는 예제문제등이 시험에 나오니 꼭 다시 풀어볼 것,,,
2576620-039,https://everytime.kr/lecture/view/2576620,2576620,논리회로,박준은,24년 2학기 수강자,5,설명 깔끔하게 해주셔서 따라가는 데 무리는 크게 없었습니다. 교재의 연습문제 같은 것들을 잘 풀어내시면 좋은 성적 받으실 수 있을겁니다.,,,
2576620-040,https://everytime.kr/lecture/view/2576620,2576620,논리회로,박준은,24년 2학기 수강자,5,과제 없음. 퀴즈 한번 봄 시험 난이도 적당하고 문제도 잘 내심!! 성적도 매우 너그럽게 주신듯,,,
2576620-041,https://everytime.kr/lecture/view/2576620,2576620,논리회로,박준은,24년 2학기 수강자,5,수업 며칠 전에 수업시간에 풀 문제 올려주시는데 미리 풀어보면 수업시간에 좀 편하다 목요일 수업에 보통 월요일 화요일쯤 올려주셨던 듯 과제 없어서 편했음 시험은 중간엔 보통인데 기말은 좀 어려웠음 교수님이 주시는 문제 푸는거 도움 꽤 된다 학점은 매우매우 후하게 주셨다,,,
2576620-042,https://everytime.kr/lecture/view/2576620,2576620,논리회로,박준은,24년 2학기 수강자,4,잘가르치심 과제없고 플립드라 날먹 쉬움 학점 너그러우심,,,
2576620-043,https://everytime.kr/lecture/view/2576620,2576620,논리회로,박준은,24년 2학기 수강자,5,강의력은 좋은 편. 과제도 없고 퀴즈도 수업 중에 풀었던 문제 그대로 나옴. 중간은 평이한데 기말은 어려운 편. 학점 비율은 매우 후함.,,,
2576620-044,https://everytime.kr/lecture/view/2576620,2576620,논리회로,박준은,24년 2학기 수강자,5,"퀴즈 1번 정도, 중간고사 기말고사 있다. 온라인으로 강의 듣고 문제 풀고 오면, 실제 수업에서 review+문제풀이로 진행된다. 온라인 강의 잘 따라가서 이해만 잘 하면 되는 것 같은데 막판에 2주? 3주? 연속 휴강하고 바로 quiz를 봐서 좀 힘들었다. 진도 밀려서 기말고사 때도 2주만에 3~4개 단원 분량 와다다 달리니까 혼자서 복습할 분량이 너무 많았다. 교수님이 되게 똑똑하시고 여러모로 많이 배웠다. 학생들 배려 많이 해주신다.",,,
2576620-045,https://everytime.kr/lecture/view/2576620,2576620,논리회로,박준은,24년 2학기 수강자,4,내용 자체가 알아서 직관적으로 이해해야 하는 느낌이라 강의력은 잘 모르겠다 시험은 적당한 난이도인 거 같다 전반적으로 괜찮은 편이다,,,
2576620-046,https://everytime.kr/lecture/view/2576620,2576620,논리회로,박준은,24년 2학기 수강자,5,조교들이 잘생기고 예쁨 관심있으면 교수님의 연구실도 한번 들여다보길 추천 더 잘생긴 사람 많더라ㅋㅋ,,,
2576620-047,https://everytime.kr/lecture/view/2576620,2576620,논리회로,박준은,24년 2학기 수강자,3,한번 놓치기 시작하면 끝장인 강의 개인정으로 교수님 설명 스타일을 좋아하는 편은 아니다 빠르게 대충 날림으로 설명하시는 느낌이 들면 집중을 잘 못하는 편인데 딱 그정도 스타일이시다 중간 전까지는 그래도 따라갔는데 기말 때는 그냥 편하게 들으라면서 한주에 3챕터를 나가는 폭주기관차였다..,,,
2576620-048,https://everytime.kr/lecture/view/2576620,2576620,논리회로,박준은,24년 2학기 수강자,5,강의가 심플해서 좋습니다. 플립 러닝이라 부담감도 크게 없었습니다.,,,
2576620-049,https://everytime.kr/lecture/view/2576620,2576620,논리회로,박준은,24년 2학기 수강자,5,"플립러닝인데 과제도 없다시피하고, 내용도 막 어렵진 않아서 편하게 들는 과목입니다. 시험도 교수님 수업 잘 따라가고 교재문제 한두번만 풀어도 되는 난이도입니다. 퀴즈를 한번 보긴 했는데, 퀴즈도 예고한 문제에서 내셔서 준비하기 수월했습니다.",,,
2576620-050,https://everytime.kr/lecture/view/2576620,2576620,논리회로,박준은,23년 1학기 수강자,4,시험문제가 좀 어렵지만 교수님이 좋으심. 꼼꼼히 공부하세요,,,
2576620-051,https://everytime.kr/lecture/view/2576620,2576620,논리회로,박준은,23년 1학기 수강자,5,강의력 좋으시고 시험문제도 무난했습니다 강의만 잘 들으면 문재 푸는데는 크게 어려움 없습니다,,,
2576620-052,https://everytime.kr/lecture/view/2576620,2576620,논리회로,박준은,23년 1학기 수강자,2,그냥 무난했던 강의지만 시험 채점하는 기준이 제멋대로여서 마음에 들지 않았음,,,
2576620-053,https://everytime.kr/lecture/view/2576620,2576620,논리회로,박준은,23년 1학기 수강자,4,과제 없고 시험이 전부다. 절평이었는데 점수차이 많이나는 곳에서 A+ 짜르신다,,,
2576620-054,https://everytime.kr/lecture/view/2576620,2576620,논리회로,박준은,23년 1학기 수강자,5,내가 이해력이 좀 부족한가 내용 자체는 어렵게 느껴졌는데 학점을 후하게 주셔서 좋았음,,,
2576620-055,https://everytime.kr/lecture/view/2576620,2576620,논리회로,박준은,23년 1학기 수강자,5,교수님 강의력 굿 근데 말도 빠르시고 진도도 빨라요 시험 문제 난이도는 엄청 쉽지도 않고 엄청 어렵지도 않아요,,,
2576620-056,https://everytime.kr/lecture/view/2576620,2576620,논리회로,박준은,23년 1학기 수강자,5,굉장히 친절하시고 나긋하십니다 수업은 굉장히 빠르게 진행돼서 따라가기가 좀 힘들었네요 그래도 체점 관대하시고 학점도 잘 주셔서 만족,,,
2576620-057,https://everytime.kr/lecture/view/2576620,2576620,논리회로,박준은,23년 1학기 수강자,5,한학기 동안 만족하면서 들었던 강의. 말씀이 좀 빠르셔서 이해를 못할때가 있었지만 강의력은 좋으심,,,
2576620-058,https://everytime.kr/lecture/view/2576620,2576620,논리회로,박준은,23년 1학기 수강자,3,교수님 너무 좋으신데 강의가 너무 어려워요ㅜㅜㅜ 시험문제도 난이도 꽤 있어서 공부 해야 점수 나와요 근데 부분점수는 잘주셔요,,,
2576620-059,https://everytime.kr/lecture/view/2576620,2576620,논리회로,박준은,23년 1학기 수강자,5,열심히 가르쳐주시고 시험문제도 고심해서 내신게 느껴져요!!! 수업 열심히 듣고 뒤에 연습문제 좀 풀어보고 시험보면 점수 잘 받으실수 있을 거예요!,,,
2576620-060,https://everytime.kr/lecture/view/2576620,2576620,논리회로,박준은,23년 1학기 수강자,4,퀴즈도 과제에서 그대로 다 내셨고 중간기말도 책에 있는 연습문제 풀 수 있을정도면 충분히 잘 보실수 있습니다,,,
2576620-061,https://everytime.kr/lecture/view/2576620,2576620,논리회로,박준은,23년 1학기 수강자,4,어려웠지만 친절하게 가르쳐주십니다... 과제는 없습니다,,,
2576620-062,https://everytime.kr/lecture/view/2576620,2576620,논리회로,박준은,23년 1학기 수강자,5,중간정도까지 학생을 쳐다보시다가 어느때부턴가 우리를 봐도 허공을 보는듯한 묘한 소통을 하셨지만 잘 가르쳐쥬십니다. 복습 잘하셔야할듯,,,
2576620-063,https://everytime.kr/lecture/view/2576620,2576620,논리회로,박준은,23년 1학기 수강자,5,말이 좀 빨라서 따라가기 힘든 거 빼고 좋음 학점도 잘 주시면 좋겠다,,,
2576620-064,https://everytime.kr/lecture/view/2576620,2576620,논리회로,박준은,23년 1학기 수강자,5,잘 가르치는 지는 잘 모르겠다 그러나 논리회로는 결국 머리 좋고 부지런 한 놈이 잘 하는 것이기에 교수님의 영향이 큰 것 같진 않다 개인적으로는 교수님 인품이 좋았음,,,
2576620-065,https://everytime.kr/lecture/view/2576620,2576620,논리회로,박준은,23년 1학기 수강자,5,"올해 처음 강의하시는 교수님인데, 젊고 열정있게 수업하십니다. 가끔은 교수님이 아니라 아는 형이라고 느껴질 정도..학생들한테 많이 알려주려고 노력하시고 항상 학생 입장에서 생각해주십니다.",,,
2576620-066,https://everytime.kr/lecture/view/2576620,2576620,논리회로,박준은,23년 1학기 수강자,4,ppt깔끔 설명은 말 엄청 빠름 복습 안하면 다음에 따라가기힘들,,,
2576620-067,https://everytime.kr/lecture/view/2576620,2576620,논리회로,박준은,23년 1학기 수강자,5,제일 중요한건 귀여우심ㅋㅋ 전자출결 하라고 수업전에 맨날 말씀하시고 학생들 이해 못한거 같으면 분위기 읽고 다시 설명하려고 애쓰는게 보임. 정신을 놔버리면 이해안되는데 정신줄 계속 붙들고있으면 진짜 쉽긴함. 시험도 난이도 딱 좋음. 추천함 아직은 성적 안나왔지만 잘 주신다고 하셔서 기대됨,,,
2576620-068,https://everytime.kr/lecture/view/2576620,2576620,논리회로,박준은,23년 1학기 수강자,4,괜찮다 재밌으시고 퀴즈도 과제 문제 그대로 내셨다,,,
77952-001,https://everytime.kr/lecture/view/77952,77952,논리회로,박종구,26년 1학기 수강자,5,"걍 수업이 클린함. 그대신 진도가 너무 빨라서 복전생이면 항상 예습을 해야 수업이해가 되거같음. 교수님 인성은 매우 좋으시고 중간에 인생애기 헤주시는것도 매우 만족. 출튀도 쎼게 잡아서 오히려 만족함. 가장 큰 문제가 조별과제인데, 빌런있으면 걍 교수님한테 말하고 이름 뺴면 해결됨",,,
77952-002,https://everytime.kr/lecture/view/77952,77952,논리회로,박종구,26년 1학기 수강자,5,수업 내용이 그렇게 어렵지 않고 교수님이 설명도 깔끔하게 잘 하심 시험도 어렵지 않음 다만 팀플이 좀 빡셈 처음 써보는 프로그램이고 문제만 풀다가 설계하려니 어려웠음 근데 팀원 잘 만나서 개꿀이긴 했음 과제 매일 나와서 좀 힘들긴 했는데 교수님이 과제 내용은 잘 안보시고 내는데 의의를 둔다고 해서 걍 대충하고 냄 결국 시험 직전 돼서야 이해하긴 함 그리고 출결 빡세게 잡으니 꾸준히 갈 사람만 들으셈,,,
77952-003,https://everytime.kr/lecture/view/77952,77952,논리회로,박종구,26년 1학기 수강자,3,진도가 너무 빠르고 교수님이 혼자 수업하세요 팀플이 정말 빡세요… 매주 과제도 있는데 양이꽤많아요,,,
77952-004,https://everytime.kr/lecture/view/77952,77952,논리회로,박종구,26년 1학기 수강자,3,과제가 너무 많고 팀프로젝트가 헬입니다. 조원 잘못만나면 독박써야하고 처음쓰는 프로그램이라 구현하는데 상당히 오래걸립니다.,,,
77952-005,https://everytime.kr/lecture/view/77952,77952,논리회로,박종구,26년 1학기 수강자,2,"팀플 있음, 이번부터 공통된 주제를 가지고 회로 구현하는것. 팀플 싫으면 피하셈. 과제는 매 챕터 끝나고 나가는데, 노가다성이 강함 시험 전주까지도 과제 나옴. 반제로 배정되었으면 쩔수 없고 아니면 굳이 추천안함.",,,
77952-006,https://everytime.kr/lecture/view/77952,77952,논리회로,박종구,26년 1학기 수강자,5,"오우 과제가 조금 많은 편이네요. 과제가 거의 10개인데 15주차에 시험 끝나고 중간 기말 그리고 공휴일 수업 빼면 거의 2,3 번 수업에 과제 하나 잇는 수준이네요. 시험은 쉬웟던 편",,,
77952-007,https://everytime.kr/lecture/view/77952,77952,논리회로,박종구,26년 1학기 수강자,1,교수님 진도를 진짜 앞만 보고 달리시는듯 제대로 알아듣는 사람도 없는 것 같은데 내용이 어렵든 쉽든 그냥 묵묵히 진도 나가시고 과제 내주시고 답지나 해설 전혀 없으시고 가끔은 본인도 헷갈려서 우물거리시다가 그냥 넘어가기도 하시고 반제 아니면 절대 듣지마세요..,,,
77952-008,https://everytime.kr/lecture/view/77952,77952,논리회로,박종구,26년 1학기 수강자,5,다 좋은데 마지막으로 갈수록 과제가 많아져요.. 그래도 좋은 강의라고 생각합니다,,,
77952-009,https://everytime.kr/lecture/view/77952,77952,논리회로,박종구,26년 1학기 수강자,5,왜 1점 주시는건지? 전 최고의 강의라고 생각해요 강추... 진심,,,
77952-010,https://everytime.kr/lecture/view/77952,77952,논리회로,박종구,25년 2학기 수강자,5,교수님 가의 너무 조항요 꼭 들으세요 배울게 많습니다,,,
77952-011,https://everytime.kr/lecture/view/77952,77952,논리회로,박종구,26년 1학기 수강자,1,팀플 역대급 joat 중간까지는 어떻게 따라가도 기말 범위부턴 팀플과 교수님의 살벌한 진도 따라가기에 벅차다 팀플 난이도도 이상하고 설명도 부실하고 뭘 원하는지 모르겠다 교수님은 착하시고 좋은거 같지만 듣다가 잠오는건 못참겠다,,,
77952-012,https://everytime.kr/lecture/view/77952,77952,논리회로,박종구,26년 1학기 수강자,1,1. 과제 매주 나오고 난이도도 빡셈. 내기만 하면 만점을 주시긴 하나 양이나 주기 자체가 다른 교수님들에 비해 많은 편 2. 중간 이후 회로 설계 프로젝트를 내주시는데 문제가 우리 학교 전용 라이센스가 없음. 즉 11만원을 내고 사던가 무료 체험판으로 프로젝트를 해야하는데 저장이 안 됨. 고로 하루만에 끝내야 하는데 하루만에 끝낼수 있는 양도 아님. 적어도 라이센스가 있는 툴로 프로젝트를 내주셨으면 함. 이게 1점인 주된 이유임. 3. 강의력이 좋은 편은 아니셔서 시험 기간엔 유튜브를 이용해서 공부 많이 한 듯. 그래도 강의하신거 매번 녹화 해주시고 중간중간 좋은 말씀 많이 해주시고 사람 자체는 좋으신 분임.,,,
77952-013,https://everytime.kr/lecture/view/77952,77952,논리회로,박종구,26년 1학기 수강자,4,출석은 강의 중간에 인증번호 불러주십니다. 강의력은 좋으신 것 같아요. 수업은 10분 일찍 끝내주십니다. 시험은 족보 많이 보세요.,,,
77952-014,https://everytime.kr/lecture/view/77952,77952,논리회로,박종구,26년 1학기 수강자,4,"진도는 그낭 ppt 슬라이드 읽는 느낌. 수업 자체는 나쁘지 않음. 진도 빠르고, 출튀 절대 불가능함.",,,
77952-015,https://everytime.kr/lecture/view/77952,77952,논리회로,박종구,26년 1학기 수강자,4,출튀 절대 못하고 시험은 족보 위주고 새로 나온 문제 1-2 문제 정도 나오는거 같아요,,,
77952-016,https://everytime.kr/lecture/view/77952,77952,논리회로,박종구,26년 1학기 수강자,5,중간 중간 10분 여담시간이 좋음 과제 열심히 해야됨,,,
77952-017,https://everytime.kr/lecture/view/77952,77952,논리회로,박종구,26년 1학기 수강자,5,강의 내용 자체는 들을만함. 수업시간에 집중만 잘하면 내용은 다 얻어갈 수 있음. 과제도 많은 편은 아님.,,,
77952-018,https://everytime.kr/lecture/view/77952,77952,논리회로,박종구,26년 1학기 수강자,5,진도가 빠르지만 예습과 복습하면 따라갈만합니다. 과제는 2주에 한번 정도 있고 제출만 하면 만점 줍니다.,,,
77952-019,https://everytime.kr/lecture/view/77952,77952,논리회로,박종구,26년 1학기 수강자,5,강의는 그럭저럭 들을만 한데 양ㅇ이 너무너무 많아요!!!!,,,
77952-020,https://everytime.kr/lecture/view/77952,77952,논리회로,박종구,26년 1학기 수강자,4,출석은 직접 불러주고 두챕터 끝나면 과제 하나씩 주시는데 양은 나쁘지 않아요 중간에 이야기 하실때 쉴 수 있어서 좋음,,,
77952-021,https://everytime.kr/lecture/view/77952,77952,논리회로,박종구,26년 1학기 수강자,5,출석은 꼭 중간에 코드로 해서 출튀는 안됩니당. 수업은 그냥 무난무난하게 하시고 수업 중간에 출석 코드 알려주시고 5~10분정도 이야기 해주시면서 완급조절도 해주시고 좋습니다. 그냥 교수님이 착하십니다.,,,
77952-022,https://everytime.kr/lecture/view/77952,77952,논리회로,박종구,26년 1학기 수강자,5,수업 진도만 조금 빠른거 빼면 교수님은 되게 괜찮은것같습니다. 수업 중간에 쉬는시간을 가지면서 해주시는 얘기들도 너무 좋아요.,,,
77952-023,https://everytime.kr/lecture/view/77952,77952,논리회로,박종구,26년 1학기 수강자,5,진도가 빠르지만 설명이 깔끔해요 출석은 수업 중간에 전자출결 번호입력으로 합니다,,,
77952-024,https://everytime.kr/lecture/view/77952,77952,논리회로,박종구,24년 1학기 수강자,5,교수님 강의력 좋으시고 젠틀하십니다. 성적도 괜찮게 주시고요. 반제 최고의 교수님 중 한 분,,,
77952-025,https://everytime.kr/lecture/view/77952,77952,논리회로,박종구,26년 1학기 수강자,5,강의 엄청 빠른데 강의가 깔끔해서 좋아요 매시간 중간에 출석 다시 부르고 과제는 매주 있어요,,,
77952-026,https://everytime.kr/lecture/view/77952,77952,논리회로,박종구,26년 1학기 수강자,5,출석 빡셈 강의력 좋은건아닌데 되게 깔끔?해요 다만진도가매우빠르다..,,,
77952-027,https://everytime.kr/lecture/view/77952,77952,논리회로,박종구,26년 1학기 수강자,5,교수님 강의가 괜찮고 녹화강의 올려주셔서 좋아요,,,
77952-028,https://everytime.kr/lecture/view/77952,77952,논리회로,박종구,26년 1학기 수강자,5,진도가 너무 빨라요 다른 반제는 중간고사 범위가 NAND-NAND 랑 NOR-NOR 전까지인 거로 아는데 저희는 그걸 넘어서 6주차인 지금 플립플롭까지 가기 직전이랍니당 강의력은 좋으신 편은 아닌 거 같아요!,,,
77952-029,https://everytime.kr/lecture/view/77952,77952,논리회로,박종구,24년 2학기 수강자,5,꼭 족보 사서 풀어보셔야 합니다 과제 팀플이라 좀 빡세지만 혼자 3인분 한다는 마인드로 과제만 잘 넘기면 무난하게 학점 잘 받아가실 수 있습니다 얻어가는 건 정말 많은 수업,,,
77952-030,https://everytime.kr/lecture/view/77952,77952,논리회로,박종구,24년 2학기 수강자,5,재수강인데 좋았습니다 좀 졸리긴한데 들을만해요,,,
77952-031,https://everytime.kr/lecture/view/77952,77952,논리회로,박종구,24년 2학기 수강자,5,전반적으로 강의도 훌륭하셨고 중간에 쉬는시간 느낌으로 썰풀어주시는것도 너무 좋았습니다. 팀플도 할만했네요. 과제는 조금 많았습니다.,,,
77952-032,https://everytime.kr/lecture/view/77952,77952,논리회로,박종구,24년 2학기 수강자,5,생각보다 교수님도 자세히 말씀해주시고 강의 중간에 한번 쉬는 시간 주셔서 좋았어요,,,
77952-033,https://everytime.kr/lecture/view/77952,77952,논리회로,박종구,24년 2학기 수강자,3,진도가 아주 빨라서 휘몰아치는 느낌이고 시험은 난이도도 쉽고 족보도 거의 그대로 나오고 영양가도 없고 이 수업 듣고 어디가서 논리회로 들었다고 부끄러워서 얘기 못할듯,,,
77952-034,https://everytime.kr/lecture/view/77952,77952,논리회로,박종구,24년 2학기 수강자,5,내가 들은 대학 강의 중 가장 깔끔하게 구성되어 있었음 진도가 진짜 엄청 빠르지만...필요한 것만 딱 배우는 느낌 팀프로젝트도 너무 재밌게 잘 했습니다 갓갓갓,,,
77952-035,https://everytime.kr/lecture/view/77952,77952,논리회로,박종구,23년 1학기 수강자,5,강의력도 괜찮은 것 같고 학점도 생각보다 잘 주시는 거 같아요,,,
77952-036,https://everytime.kr/lecture/view/77952,77952,논리회로,박종구,24년 2학기 수강자,5,강의력 좋으시고 복습동영상 매번 올려주셔서 잘 공부할 수 있었습니다. 시험 역시 적당한 수준으로 나와 풀만했습니다,,,
77952-037,https://everytime.kr/lecture/view/77952,77952,논리회로,박종구,24년 2학기 수강자,5,"많은것을 얻어간 수업이었습니다 학점, 회로에대한 관심, 인생교훈, 그리고 젤 중요한,,, 하지만 할게 많아요 6학점입니다",,,
77952-038,https://everytime.kr/lecture/view/77952,77952,논리회로,박종구,24년 2학기 수강자,5,성적 잘 주시고 배우는 내용이 많아 좋습니다. 팀플은 좀 어려운듯해요. 족보 중요합니다!,,,
77952-039,https://everytime.kr/lecture/view/77952,77952,논리회로,박종구,24년 2학기 수강자,4,과제 하고 족보 보면 에이는 가져가기 쉬운 거 같아요. 팀플이 좀 변수네요. 그래도 하면 학점 잘 주시는 거 같아요,,,
77952-040,https://everytime.kr/lecture/view/77952,77952,논리회로,박종구,24년 2학기 수강자,4,출튀불가능 / 텀프 좀 빡심 / 성적은 잘 주심 / 강의력은 ㅎㅌㅊ / 과제 많음 성적 잘 받고 싶으시면 들으시면 됩니다,,,
77952-041,https://everytime.kr/lecture/view/77952,77952,논리회로,박종구,24년 2학기 수강자,5,강의력 좋으시고 학점도 넉넉하게 주시는 편 과제가 좀 많긴 한데 과목 특성상 어쩔 수 없는 듯,,,
77952-042,https://everytime.kr/lecture/view/77952,77952,논리회로,박종구,24년 2학기 수강자,5,"15주차에 기말고사를 보는 과목으로, 매주 진도를 딱딱 정해놓고 그만큼만 빼시는 교수님입니다. 수업이 다소 빠르긴 하나, 논리회로 전반을 흝어볼 수 있다는 점에서는 매우 유익합니다. 과제는 팀플 1회, 팀플 진행 주를 제외하고 매주 문제 풀이 과제가 나갑니다. 팀플 과제는 랜덤으로 4명으로 짝지어서 정해진 주제에 대해 회로를 설계하고 시뮬레이션하는 과제입니다. 보통 LogicWorks를 사용할텐데, 모두 처음 사용해야하다보니 다소 난해합니다. 문제 풀이 과제는 교재에 있는 핵심 문제들만 발췌해서 주시니, 시험 공부한다고 생각하시면 되겠습니다. 시험은 문제 풀이 과제보다 상당히 합리적이고 쉽게 나옵니다. 지엽적으로 나오지 않고 핵심 위주로 나오는 편입니다. 교재만 술술 풀정도면 A+은 가능하십니다.",,,
77952-043,https://everytime.kr/lecture/view/77952,77952,논리회로,박종구,24년 2학기 수강자,5,강의력 좋으시고 과제도 양은 좀 있지만 공부에 도움이 됩니다. 시험은 수업이랑 과제 잘 따라가면 어렵지 않게 풀 정도로 나와요,,,
77952-044,https://everytime.kr/lecture/view/77952,77952,논리회로,박종구,24년 2학기 수강자,5,팀플 빼고는 다 좋았음. 특히 강의 저장이 개꿀. 중간에 번호 출첵 하셔서 출튀는 불가함 ㅠ,,,
77952-045,https://everytime.kr/lecture/view/77952,77952,논리회로,박종구,24년 2학기 수강자,5,교수님 설명을 잘 해주셔서 따로 다른 공부할 필요없이 수업만 들으면 됩니다.,,,
77952-046,https://everytime.kr/lecture/view/77952,77952,논리회로,박종구,24년 2학기 수강자,4,강의 낫배드 과제 낫배드 그외적인것들은 교수님 그래도 관대하신 편인굿,,,
77952-047,https://everytime.kr/lecture/view/77952,77952,논리회로,박종구,24년 2학기 수강자,5,논리회로를 부담없이 들을 수 있는 거 같아요 과제가 그렇게 많짆 않습니다,,,
77952-048,https://everytime.kr/lecture/view/77952,77952,논리회로,박종구,24년 1학기 수강자,5,학점 잘 주시는 거 같아요 과제 좀 있는데 공부하는 셈치면 될 거 같아요 팀플하나 있는데 시간 좀 잡아먹었어요 출결은 코드 불러주셨습니다,,,
77952-049,https://everytime.kr/lecture/view/77952,77952,논리회로,박종구,23년 1학기 수강자,5,학점 잘주시고 중간중간 여러 이야기해주시는 것도 좋고 시험도 쉬워요 최고의 강의..!,,,
77952-050,https://everytime.kr/lecture/view/77952,77952,논리회로,박종구,23년 겨울 수강자,3,적당히 들을만함 과제는 많고 시험 난이도는 쉬운편인듯,,,
77952-051,https://everytime.kr/lecture/view/77952,77952,논리회로,박종구,24년 1학기 수강자,5,"과제는 많지만, 과제로 공부하시면 시험 대비 하기 좋습니다! 족보는 꼭 구하세요!!",,,
77952-052,https://everytime.kr/lecture/view/77952,77952,논리회로,박종구,24년 2학기 수강자,5,교수님 좋으시고 수업도 알차고 중간중간 다른 이야기 해주시는 것도 너무 재밌습니다!,,,
77952-053,https://everytime.kr/lecture/view/77952,77952,논리회로,박종구,24년 2학기 수강자,5,과제가 많아서 공부가 더 됩니다. 이부분은 호불호가 갈릴거같아요. 출석도... 꼼꼼히 챙기십니다,,,
77952-054,https://everytime.kr/lecture/view/77952,77952,논리회로,박종구,24년 1학기 수강자,5,과제는 문풀이고 좀 어렵긴한데 시험은 이거보다 쉬워서 괜찮아요 팀플 하나 있는데 점수는 후하게 주시는 거 같음 학점도 잘 주셔서 좋은 교수님,,,
77952-055,https://everytime.kr/lecture/view/77952,77952,논리회로,박종구,24년 2학기 수강자,5,종구햄 goat 들어본 수업중에 제일 이해하기 쉽게 설명하시고 수업들으면 많은 내용을 들을 수 있어요,,,
77952-056,https://everytime.kr/lecture/view/77952,77952,논리회로,박종구,24년 1학기 수강자,5,"교수님 너무 좋으시고 내용도 알차다. 수업 도중에 출석하시면서 잠시 인문학적인 이야기 5분 하시는것 말고는 수업 외의 이야기로 빠지지 않아 좋다. 과제가 많지만 할만한 정도이며 시험이 과제와 연관이 많아 평소에 과제를 하면서 공부를 할 수 있어 좋다. 마지막에 진행되는 팀플이 조금 부담이 많이 되나, 조금만 노력하면 적당히 괜찮게 점수를 받을 수 있으며, 비중이 그렇게 크지 않아 시험으로 충분히 커버가 가능하다.",,,
77952-057,https://everytime.kr/lecture/view/77952,77952,논리회로,박종구,24년 1학기 수강자,5,과제만 꾸준하게 하시면 성적은 무난하게 받으실 수 있습니다. 마지막까지 놓지만 않으시면 성적 잘 주세요. 팀플이 조금 어렵긴 했습니다.,,,
77952-058,https://everytime.kr/lecture/view/77952,77952,논리회로,박종구,24년 1학기 수강자,5,과제 매주 있는데 어려운 문제만 골라 내시는 것 같습니다. 그래도 솔루션 보면서 풀면 되긴 하고 감점도 거의 안 했어요. 시험은 족보 거의 그대로 나오는 편이라 쉬운데 중간 끝나고 나오는 팀과제에서 고생 좀 했습니다. 그래도 성적 잘 주셔가지구 기준 좋게 마무리해서 추천해요!,,,
77952-059,https://everytime.kr/lecture/view/77952,77952,논리회로,박종구,24년 1학기 수강자,5,너무 좋은 교수님입니다. 족보만 공부해도 a는 나오는것 같습니다.,,,
77952-060,https://everytime.kr/lecture/view/77952,77952,논리회로,박종구,24년 1학기 수강자,4,"수업: 잘 모르겠음. 잘 못가르치심. 진도가 너무 빠름. 수박 겉핡기식 수업같은 느낌임. 수업 중간에 10분정도 인생에 대한 이야기 하시는데, 쉬는시간 개념이라 좋았음 과제: 과제가 많음 매주 진도 나간 부분까지 교수님이 정해주신 문제 푸는거임. 팀플: 정해진 주제에 맞춰서해야하는데, 상대평가에 프로그램 설명도 안해주고 교안만 주심. 시험: 족보에서 조금씩 변형해서 내심. 문제 5개중에 3개는 족보 2개는 새로운 문제가 나옴. 과제보다 쉽게 나오기때문에 난이도는 평범 힉점: 잘 주심. 걍 내가 스스로 배워가는게 많은 과목인거 같음.",,,
77952-061,https://everytime.kr/lecture/view/77952,77952,논리회로,박종구,24년 1학기 수강자,1,강평이 왜 좋은지 1도 모르겠음 시험 솔직히 족보빨인듯 족보 있는줄도 모르고 그냥 공부 빡세게 했는데 족보 보고 벼락치기한놈보다 성적 낮은거 보고 현타옴 과제도 많고 특히 조별과제 난이도가 답이 없음 성적도 잘 주는지도 모르겠음,,,
77952-062,https://everytime.kr/lecture/view/77952,77952,논리회로,박종구,24년 1학기 수강자,4,교수님이 굉장히 좋으신 분입니다 다만 나가는 범위가 굉장히 많으며 과제가 많고 팀플도 많이 빡센 편입니다 시험은 족보에서 많이 나오는 편이라 필수라 생각됩니다... 학기 중에 할게 꽤 많아서 마냥 쉬운 강의는 아니였습니다,,,
77952-063,https://everytime.kr/lecture/view/77952,77952,논리회로,박종구,24년 1학기 수강자,5,그냥 무난해요! 족보만 공부했는데 시험은 두번 다 평균이하였구 팀플도 평균이하였는데 B+ 받았어용.,,,
77952-064,https://everytime.kr/lecture/view/77952,77952,논리회로,박종구,24년 1학기 수강자,4,교수님이 되게 인품이 좋아보이신다. 학점 잘 주시는거 같고 강의력도 나름 좋은거 같다. 시험은 족보에서 거의 비슷하게 나오니 구할 수 있으면 구하시길 텀프가 힘들긴 했는데 얻는것도 있어서 나름 만족. 과제가 조금 있긴한데 공부 돼서 좋았다,,,
77952-065,https://everytime.kr/lecture/view/77952,77952,논리회로,박종구,24년 1학기 수강자,5,강의력 좋으시고 진도는 되게 빨리나간다. 출결은 인증번호 시험은 족보에서 대부분 나오고 학점 후하게 주심 과제도 좀 많은편 팀프로젝트 조원만 잘걸리면 성공한 과목,,,
77952-066,https://everytime.kr/lecture/view/77952,77952,논리회로,박종구,24년 1학기 수강자,4,족보에서 다 나와서 열심히 공부하면 손해임 족보에서 다 나와서 시험이 쉬움,,,
77952-067,https://everytime.kr/lecture/view/77952,77952,논리회로,박종구,24년 1학기 수강자,2,진도도 16단원 다 나가시고 수업도 강평만큼 잘하시는진 모르겠고 중간 인생 조언 이야기는 졸리고 과제는 뒤지게 어려워서 솔루션 참고 안하면 안됨 팀플은 살인적인 설계난도를 자랑함 다만 장점 하난 과제난도보단 시험이 쉽단것? 근데 시험도 부분점수 잘 안주시니 감안하세요 인품이 좋으셔서 다른 단점들이 다 가려진 거 같아요,,,
77952-068,https://everytime.kr/lecture/view/77952,77952,논리회로,박종구,24년 1학기 수강자,3,다른 분반교수님들에비해 진도를 빨리 나가시는 편이라 시험공부할때 많이 힘들었음,,,
77952-069,https://everytime.kr/lecture/view/77952,77952,논리회로,박종구,24년 1학기 수강자,3,과제나 시험은 그럭저럭 할만한데 안 그래도 힘든 텀프 팀 잘못 만나면 더 빡셉니다,,,
77952-070,https://everytime.kr/lecture/view/77952,77952,논리회로,박종구,24년 1학기 수강자,4,"족보 잘보고 열심히 참여하면 성적은 잘 받을 수 있고, 교수님도 좋으신 분이긴 하지만, 과제랑 텀프로젝트 양이 좀 많아서 의도치 않은 시간 투자가 좀 있습니다",,,
77952-071,https://everytime.kr/lecture/view/77952,77952,논리회로,박종구,24년 1학기 수강자,3,양이 굉장하고 팀플이 너무 빡세다.. 시험은 쉬움,,,
77952-072,https://everytime.kr/lecture/view/77952,77952,논리회로,박종구,23년 2학기 수강자,5,수업 잘하심 강의랑 피피티만 공부해도 시험보기 충분 출석 깐깐함 과제 많은편,,,
77952-073,https://everytime.kr/lecture/view/77952,77952,논리회로,박종구,23년 2학기 수강자,5,"교수님 강의력 좋으시고, 텀프가 빡세다는 것만 제외하면 다 좋습니다!",,,
77952-074,https://everytime.kr/lecture/view/77952,77952,논리회로,박종구,23년 2학기 수강자,5,교수님 설명 너무 좋으세요 과제는 좀 많지만 열심히 하면 할 수 있는정도 이구요 시험도 깔끔했습니당,,,
77952-075,https://everytime.kr/lecture/view/77952,77952,논리회로,박종구,23년 2학기 수강자,5,박종구 교수님의 강의력 너무 좋으시고 시험도 무난무난하게 주시는듯! 족보공부는 좀 필요한 편!,,,
77952-076,https://everytime.kr/lecture/view/77952,77952,논리회로,박종구,23년 1학기 수강자,5,강의력은 약간 교안 읽는 느낌이지만 어렵지는 않아서 이해가 잘 됩니다! 성적도 잘 주시고 중간에 덕담 타임이 꿀같습니다,,,
77952-077,https://everytime.kr/lecture/view/77952,77952,논리회로,박종구,23년 2학기 수강자,5,수업만 집중해서 잘 듣고 기출 풀어보면 무난히 A+ 나옴,,,
77952-078,https://everytime.kr/lecture/view/77952,77952,논리회로,박종구,23년 2학기 수강자,5,"과제가 매주 있고, 팀플이 1회 있지만 매우 좋은 강의였습니다. 우선 강의력이 좋으셔서 이해가 잘되고, 학점도 잘 주십니다~~ 족보 꼭꼭 풀고 가세용",,,
77952-079,https://everytime.kr/lecture/view/77952,77952,논리회로,박종구,23년 2학기 수강자,5,교수님의 강의력이 엄청 좋다고는 할 수 없지만 인품이 정말 좋으십니다. 중간중간 인생강의도 해주십니다. 시험은 족보에서 거의 똑같이 나옵니다.,,,
77952-080,https://everytime.kr/lecture/view/77952,77952,논리회로,박종구,23년 2학기 수강자,5,"킹종구 족보서 80% 나오고 족보, 과제 풀다보면 나머지 한 문제도 쉬움",,,
77952-081,https://everytime.kr/lecture/view/77952,77952,논리회로,박종구,23년 1학기 수강자,5,대종구 박종구 더그레이트제너럴종구 갓종구 아 좋다,,,
77952-082,https://everytime.kr/lecture/view/77952,77952,논리회로,박종구,23년 2학기 수강자,5,재수강인게 한이다...진짜 갓 텀프가 좀 힘들긴 해요,,,
77952-083,https://everytime.kr/lecture/view/77952,77952,논리회로,박종구,23년 2학기 수강자,5,"친절한 교수님의 평균 이상의 수업입니다. 중간 이후에 팀프로젝트가 추가되어 조금 귀찮기는 했지만, 그 고비만 넘기면 나머지는 전부 무탈하게 흘러갑니다. 거의 매주 과제가 나온다고 보시면 되는데, 과제를 풀면 시험 공부도 되기에 오히려 좋습니다. 시험은 과제보다 낮은 난이도로 나오니, 과제가 잘 안풀린다고 해서 스트레스를 받을 필요는 없습니다. 교수님 강의력도 이 정도면 평균 이상이라고 생각합니다. 가끔가다 애매하게 설명하시는 부분도 없진 않지만, 그런 부분은 애초에 시험에 출제하지 않으시니 괜찮습니다. 질문도 상세히 잘 받아 주십니다.",,,
77952-084,https://everytime.kr/lecture/view/77952,77952,논리회로,박종구,23년 2학기 수강자,3,팀플이 단 한번 밖에 없지만 그게 너무 구린 수업. (데모판 쓰라는 거냐고) 과제는 계속 내지만 금방 하니까 문제없고 시험은 16장 빼고는 이해할 수 있으니까 화이팅하자. 교수님이 출결 확인 후 잡담하는 것 때문에 갑자기 강의 다시 들어가니 정신 바짝 차리자. 시험은 대체로 문제 풀라고 주는 것과 비슷한 유형이니 숙제는 잘 해가자.,,,
77952-085,https://everytime.kr/lecture/view/77952,77952,논리회로,박종구,23년 2학기 수강자,5,매주과제가 있긴하지만 그덕에 시험기간에는 수월합니다,,,
77952-086,https://everytime.kr/lecture/view/77952,77952,논리회로,박종구,23년 2학기 수강자,5,과제 많다 << 잘 모르겠음. 1시간도 안걸리는 과제 6번 수업 좋음 강의력 좋음 가끔 10~30분 일찍 끝내주시는거 좋음 시험 쉬움 가장 큰 단점은 팀플임 1. 로직웍스의 불편함 2. ‘팀프로젝트’ 에서 오는 불쾌감 3. 외국인과 같은 조로 편성되었을때의 불편함,,,
77952-087,https://everytime.kr/lecture/view/77952,77952,논리회로,박종구,23년 1학기 수강자,4,"과제 많음, 팀플 힘듦, 시험 쉬움 수업 10분 정도 일찍 끝날 때 많음 강의 영상 집에서 다시 보면 들을만 함",,,
77952-088,https://everytime.kr/lecture/view/77952,77952,논리회로,박종구,23년 1학기 수강자,4,과제 많고 팀플이 조금 귀찮은 것 빼면 괜찮습니다,,,
77952-089,https://everytime.kr/lecture/view/77952,77952,논리회로,박종구,23년 1학기 수강자,4,과제가 많은 편이고 팀플 은근 시간 많이 뺏겨요... 강의력은 좋다고 생각합니다!!,,,
77952-090,https://everytime.kr/lecture/view/77952,77952,논리회로,박종구,22년 1학기 수강자,5,과제가 조금 많이 힘들수 있어요. 다만 그걸 제외하면 좋은 수업입니다.,,,
77952-091,https://everytime.kr/lecture/view/77952,77952,논리회로,박종구,23년 1학기 수강자,5,강의력 좋으십니다. 다만 과제가 많고 팀프로젝트가 빡세요 학점은 잘 주십니다,,,
77952-092,https://everytime.kr/lecture/view/77952,77952,논리회로,박종구,23년 1학기 수강자,5,강의력이 좋으시다. 출석은 수업 중간에 체크하십니다. 시험은 어렵지 않아서 집중해서 풀면 좋은 성적 받으실 수 있을 거에요,,,
77952-093,https://everytime.kr/lecture/view/77952,77952,논리회로,박종구,23년 1학기 수강자,5,엄마 난 커서 박종구교수님이 될거에요! 다만 조별과제 좀 귀찮았음,,,
77952-094,https://everytime.kr/lecture/view/77952,77952,논리회로,박종구,23년 1학기 수강자,5,강의력이 매우 좋으십니다. 다만 목소리가 나긋나긋하셔서 좀 졸립니다.,,,
77952-095,https://everytime.kr/lecture/view/77952,77952,논리회로,박종구,23년 1학기 수강자,4,팀플이 부담스러웠지만 시험이 쉽고 하라는대로 다 하면 됩니다,,,
77952-096,https://everytime.kr/lecture/view/77952,77952,논리회로,박종구,22년 1학기 수강자,5,"22학년도 1학기에 수강하였어요 교수님 잘가르치시고 젠틀하심 팀플이 좀 빡셰요.. 로직웍스 다루는건데, 진도도 한권 다나가셔서 초반에 진도 생각하시다가 털려요",,,
77952-097,https://everytime.kr/lecture/view/77952,77952,논리회로,박종구,23년 1학기 수강자,4,텀프 빼고 할만 했습니다 족보는 구할 수 있으면 꼭 구하세요~ +과제 엄청 많음,,,
77952-098,https://everytime.kr/lecture/view/77952,77952,논리회로,박종구,23년 1학기 수강자,4,조별과제 때문에 스트레스 많이 받았는데 시험은 쉽고 교수님이 인자하십니다,,,
77952-099,https://everytime.kr/lecture/view/77952,77952,논리회로,박종구,23년 1학기 수강자,5,복전생들 많아서 열심히할까봐 쫄았는데 그냥 과제 잘 풀고가면 에이쁠인 수업 팀프로젝트가 좀 빡센데 점수 후하게 주시는듯 엔코더 디코더 합쳐쓰고 레포트에 말만 잘하면 ㅇㅋ임 전자출결 중에서도 직접 번호부르심,,,
77952-100,https://everytime.kr/lecture/view/77952,77952,논리회로,박종구,23년 1학기 수강자,5,조별과제가 있어서 다른 과목 시간을 잡아먹긴 했는데 성적은 잘 빋았습니다,,,
353911-001,https://everytime.kr/lecture/view/353911,353911,논리회로,박형원,25년 2학기 수강자,5,온라인 수업이었는데 강의력이 굉장히 좋으심. 다만 강의를 종종 늦게 올려주셨다. 성적도 너그럽게 주신 것 같았다.,,,
353911-002,https://everytime.kr/lecture/view/353911,353911,논리회로,박형원,26년 1학기 수강자,3,플립러닝인데 빡셈 1시간 15분동안 조원들이랑 문제푸는거도 웬만하면 다 지피티 돌리는데 왜 하는지를 모르겠고 시험도 부분점수는 웬만하면 안주셔서 조금이라도 실수하면 점수 확확 까입니다. 강의력은 좋으심,,,
353911-003,https://everytime.kr/lecture/view/353911,353911,논리회로,박형원,26년 1학기 수강자,1,말 안됨 전전의 모든 사람이 듣는 그날까지…..,,,
353911-004,https://everytime.kr/lecture/view/353911,353911,논리회로,박형원,26년 1학기 수강자,5,강의력이 굉장히 좋으십니다. 참고로 그룹 디스커션 인공지능 도움 없이 꼭 혼자 힘으로 풀어보세요. 그러면 어느 정도 시험 대비가 됩니다.,,,
353911-005,https://everytime.kr/lecture/view/353911,353911,논리회로,박형원,26년 1학기 수강자,4,플립러닝으로 진행했습니다 온라인은 강의를 보고 오프라인에는 조별 문제 풀이를 합니다 온라인 강의를 밀리지 않고 보는 것이 중요합니다 조별 문제는 많이 어렵지는 않지만 강의를 보지 않으면 못 풉니다,,,
353911-006,https://everytime.kr/lecture/view/353911,353911,논리회로,박형원,26년 1학기 수강자,3,너무 어렵습니다.. 독학잘하는분만 ㄱㄱ 시험도 쉽지않음,,,
353911-007,https://everytime.kr/lecture/view/353911,353911,논리회로,박형원,25년 2학기 수강자,4,강의가 늦게 올라올때가 있어요. 대신 강의력은 매우 좋으십니다.,,,
353911-008,https://everytime.kr/lecture/view/353911,353911,논리회로,박형원,26년 1학기 수강자,5,나도 솔직히 이 과목 잘 모르겠다…..독학 자신 있는분들만 들으면 좋아요,,,
353911-009,https://everytime.kr/lecture/view/353911,353911,논리회로,박형원,26년 1학기 수강자,2,난 잘 몰겠다 갈수록 너무 어려워지고 영어로 하셔서 이해가 더욱더 안간다….,,,
353911-010,https://everytime.kr/lecture/view/353911,353911,논리회로,박형원,25년 2학기 수강자,5,"강의력이 진짜 좋으셔서 공부하기 수월할 정도입니다. 난이도는 쉬운문제부터 어려운 문제까지 다양하고, 저는 과제 문제가 시험보다 어려웠습니다.",,,
353911-011,https://everytime.kr/lecture/view/353911,353911,논리회로,박형원,26년 1학기 수강자,5,강의력 성대에서 가장 좋으신듯. 온라인 강의인데도 항상 챙겨봄.,,,
353911-012,https://everytime.kr/lecture/view/353911,353911,논리회로,박형원,25년 2학기 수강자,4,강의력이 좋고 온라인 수업이라 듣기 편했지만 교수님이 강의를 늦게 올려주실때가 있습니다,,,
353911-013,https://everytime.kr/lecture/view/353911,353911,논리회로,박형원,25년 2학기 수강자,5,"강의력도 좋으시고, 논리회로에 대해 잘 배울 수 있어서 좋았습니다",,,
353911-014,https://everytime.kr/lecture/view/353911,353911,논리회로,박형원,25년 2학기 수강자,5,온라인이라 편했고 한글로 수업하셔서 더 좋았지만 막판에 강의를 한꺼번에 올리는 것과 공지가 많이 늦다는 것은 안 좋았던 것 같음 그래도 성적을 후하게 잘 주셔서 좋다,,,
353911-015,https://everytime.kr/lecture/view/353911,353911,논리회로,박형원,25년 2학기 수강자,4,강의를 굉장히 잘하시지만 시험 전에 진도를 조금 몰아서 나갑니다,,,
353911-016,https://everytime.kr/lecture/view/353911,353911,논리회로,박형원,25년 2학기 수강자,4,수업도 굉장히 깔끔하시고 목소리도 좋으시고 강의력도 좋으신것 같아요.,,,
353911-017,https://everytime.kr/lecture/view/353911,353911,논리회로,박형원,25년 2학기 수강자,5,평균이 낮아요. 중간은 쉽고 기말은 어렵습니다. 성적 반영 비율은 기말이 중간보다 높습니다. 강의력은 좋으시나 강의가 늦게올라옵니다...,,,
353911-018,https://everytime.kr/lecture/view/353911,353911,논리회로,박형원,25년 2학기 수강자,5,일단 시험 두번 보는데 중간 쉽고 기말 어렵고 은근 할만했음. 온라인인게 호감이고 쭉 밀리다가 벼락치기 두번 해서 A+,,,
353911-019,https://everytime.kr/lecture/view/353911,353911,논리회로,박형원,25년 2학기 수강자,4,교수님은 잘 가르쳐주십니다. 근데 과제가 많아요,,,
353911-020,https://everytime.kr/lecture/view/353911,353911,논리회로,박형원,25년 2학기 수강자,2,과제도 있고 강의 너무 몰아서 올리시고 학점은 정말… 강의력은 좋으셨습니다,,,
353911-021,https://everytime.kr/lecture/view/353911,353911,논리회로,박형원,25년 2학기 수강자,4,교수님의 강의 자체는 굉장히 친절하게 설명해주셨지만 마지막 기말고사 기간에 약 3주치의 온라인 강의를 몰아서 올려주셔서 굉장히 힘들었습니다...,,,
353911-022,https://everytime.kr/lecture/view/353911,353911,논리회로,박형원,25년 2학기 수강자,3,온라인이어서 편하게 수강할 수 있었지만 나중에 진도 밀리셔서 강의 폭탄 투하하신게 좀 아쉽습니다. 예시 건너 뛰는거 없이 꼼꼼하게 설명해주셔서 이해는 잘됐습니다.,,,
353911-023,https://everytime.kr/lecture/view/353911,353911,논리회로,박형원,25년 2학기 수강자,4,강의 자체는 좋았습니다... 열심히 햇고 a+ 받을 줄 알았는데 b 받음 ㅋㅋㅋㅋ ... 시험이 아주 중요하고 부분 점수 안주시고 성적은 짜게 주시는 거 같아용 ..,,,
353911-024,https://everytime.kr/lecture/view/353911,353911,논리회로,박형원,25년 2학기 수강자,2,"강의평이 왜 높은지 모르겠습니다. 강의력은 완전 좋다기보단 주어진 내용에 대해서 이해를 잘 할 수 있도록 해주십니다. 그냥 전공 교수님들 중 괜찮은 편이십니다. 대신 이번 학기는 너무 강의도 밀리고 그냥 유기하기고 과제도 안주시고 시험은 중간은 완전 쉽고 기말은 내용이 어렵기도 하고 여렵습니다. 기말은 꼭 연습문제 많이 푸세요. 학생들과의 약속을 안지키시고 학점도 짜서 세개 드립니다~ 에플은 평균보다 총 40,50점은 넘어야 주시는거 같아요.",,,
353911-025,https://everytime.kr/lecture/view/353911,353911,논리회로,박형원,25년 2학기 수강자,4,강의를 너무 몰아서 올려줘서 공부할 시간이 부족했다. 강의력은 좋으심. 기말 범위는 많이 어렵고 반영비도 중간보다 높기 때문에 잘 준비해야 한다. 교안 예제를 잘 숙지해야 함. 학점 짜다. 과제는 거의 없다.,,,
353911-026,https://everytime.kr/lecture/view/353911,353911,논리회로,박형원,25년 2학기 수강자,4,갑자기 강의안올리다가 시험2주전쯤에 파바박올려서 공부할 시간이 부족함 과제 2번있음,,,
353911-027,https://everytime.kr/lecture/view/353911,353911,논리회로,박형원,25년 2학기 수강자,4,"강의력은 나쁘지 않으나, 강의가 불규칙적으로 올라옴. 이번부터 과제 없이 100% 온라인으로 보다보니 문제 소스가 부족해도 너무 부족했다. 학점 잘받고싶으면 족보는 필수일듯",,,
353911-028,https://everytime.kr/lecture/view/353911,353911,논리회로,박형원,25년 2학기 수강자,3,강의력은 좋습니다. 시험문제도 응용 위주로 깔끔해요 하지만 학점이 많이 짜고 성적 공시도 너무 늦고 이번엔 특히 강의를 몰아서 올리셔서 학습 따라가기가 많이 힘들었습니다 강의 자체에 신경은 잘 안쓰시는 것 같습니다.,,,
353911-029,https://everytime.kr/lecture/view/353911,353911,논리회로,박형원,25년 2학기 수강자,4,"온라인으로 했습니다. 중간 성적은 문 앞에 붙여 공지하셨고, 과제 하나와 기말 하나 성적은 성적 공시 난 현 시점에도 안나왔습니다... 궁금합니다... 기말 때 강의 몰아올리시고 갑자기 과제 내시긴 하셨지만, 기본적 강의력은 좋으십니다.",,,
353911-030,https://everytime.kr/lecture/view/353911,353911,논리회로,박형원,25년 2학기 수강자,3,강의력이 되게 좋으시긴 해여 근데 아무리 온라인 수업이라지만 화목 수업인데 꼭 영상을 목요일이나 그 이후에 올려주셔야하나? 그리고 마지막 4주 분량의 영상이 거의 기말 직전에 올라와서 욕나옴ㅅㅂ... 강의도 미리 녹화 떠놓은 거면서 왜 그랬는지 이해가 안 됨. 중간은 쉬웠는데 기말이 좀 어려웠고 과제 하나 문제풀이하는 거 있었음,,,
353911-031,https://everytime.kr/lecture/view/353911,353911,논리회로,박형원,25년 2학기 수강자,5,강의 굉장히 잘 해주십니다 시험은 중간은 날먹할 수 있는데 기말 범위는 어려운듯,,,
353911-032,https://everytime.kr/lecture/view/353911,353911,논리회로,박형원,25년 2학기 수강자,5,"온전히 온라인 강의로 바뀌어서 시간 투자에 자율적인 점이 좋습니다. 다만 중간, 기말 시험 난이도가 보통 이상은 합니다. 과제는 거의 없다시피 합니다.",,,
353911-033,https://everytime.kr/lecture/view/353911,353911,논리회로,박형원,25년 2학기 수강자,5,"강의 매우 잘하시는 편인거 같고, 강의록이 매우 잘 되어 있습니다. 시험은 족보 구하고 퀴즈 풀어보면 대비되는거 같습니다.",,,
353911-034,https://everytime.kr/lecture/view/353911,353911,논리회로,박형원,25년 2학기 수강자,5,온라인 강의중에서도 강의력은 우수하십니다 기말 범위가 내용이 좀 많아서 미리미리 공부 시작하시는게 좋을 것 같아요 과제는 문제풀이 한 번 나오고 없었습니다 다음에도 이번처럼 온라인 전용으로 수업하실지는 모르겠네요,,,
353911-035,https://everytime.kr/lecture/view/353911,353911,논리회로,박형원,25년 2학기 수강자,5,강의력이랑 교안이 깔끔해서 듣기 편안하고 이해도 잘되게 설명하십니다.,,,
353911-036,https://everytime.kr/lecture/view/353911,353911,논리회로,박형원,25년 2학기 수강자,4,강의력 좋으심. 이번학기에 아캠으로 진행되서 그런지 뒷부분내용을 아주늦게 몰빵해서 올려주심.. 굉장히 당황스러웠음. 중간은 쉬웠음. 과제가 문제풀이 하는거 한번 있었음. 기말은 아직.,,,
353911-037,https://everytime.kr/lecture/view/353911,353911,논리회로,박형원,25년 2학기 수강자,5,아주 이해가 잘됐어요! 설명도 자세하게 해주십니더,,,
353911-038,https://everytime.kr/lecture/view/353911,353911,논리회로,박형원,25년 2학기 수강자,5,강의력좋고 교안 좋음. 강의 가끔식 한번에 올리심,,,
353911-039,https://everytime.kr/lecture/view/353911,353911,논리회로,박형원,25년 2학기 수강자,4,좋아요. 할만하고 마지막에 강의가 쏟아져 나온 거는 아쉽습니다,,,
353911-040,https://everytime.kr/lecture/view/353911,353911,논리회로,박형원,25년 겨울 수강자,4,다 좋았는데 왜 마지막에 강의를 몰아서 올려주신건지... 솔직히 성의가 없다고 느껴집니다,,,
353911-041,https://everytime.kr/lecture/view/353911,353911,논리회로,박형원,25년 2학기 수강자,4,강의몰아서 올려주신거 말곤 다 괜찮았던 수업.. 왜그러신건지,,,
353911-042,https://everytime.kr/lecture/view/353911,353911,논리회로,박형원,25년 2학기 수강자,5,강의력 진짜 좋으심.. 과제는 쉬운편.. 시험은 어려운편 학점은 모르겠음 뒤로 갈수록 너무 어려워져서 미리미리 공부 ㅊㅊ,,,
353911-043,https://everytime.kr/lecture/view/353911,353911,논리회로,박형원,25년 2학기 수강자,4,강의력 고트 근데 강의가 넘 많음 ㅜ 그래도 강의력 너무 좋으심 재밌음,,,
353911-044,https://everytime.kr/lecture/view/353911,353911,논리회로,박형원,25년 2학기 수강자,5,"교안, 강의 늦게 올라오는거 제외하곤, 하나하나 다 풀어주시고 하셔서 이해도 잘 되고 좋았습니다",,,
353911-045,https://everytime.kr/lecture/view/353911,353911,논리회로,박형원,25년 2학기 수강자,1,4-5주치 강의를 14주차 끝날때쯤 올려주며 학생을 변별함,,,
353911-046,https://everytime.kr/lecture/view/353911,353911,논리회로,박형원,25년 2학기 수강자,4,가끔 강의를 몰아서 올려주시는 것만 빼면 강의력 좋아서 재밌게 들었습니다!,,,
353911-047,https://everytime.kr/lecture/view/353911,353911,논리회로,박형원,25년 2학기 수강자,4,다 좋은데 강의를 2주분 영상 9개를 한 번에 올려주시는 게 너무합니다. 다다음주가 당장 시험인데 2주분을 공지도 없이 미루다가 한 번에 올리시니 힘들어요. ㅜㅜ 강의력도 좋고 내용도 아주 알차요.,,,
353911-048,https://everytime.kr/lecture/view/353911,353911,논리회로,박형원,25년 2학기 수강자,4,하 형원띠 나름 전전에서는 강평 좋은 편이라 잡았는데 아오 진짜 그냥 왜이렇게 강의를 늦게 올려주시는거에요 대체 아무런 공지도 없으면 걍 저희는 언제올라오나 대기타는수밖에없어요;; 이점빼고는.. 다 좋아요 강의력도 ㄱㅊ고 한국어 수업이고.. 과제도 딱히 없고 팀플은 당연히 없고.. 시험도 와미쳤다개어렵다손도못대겠다 정도 아님 풀만해요.. 걍 아무런 공지도 없이 강의 늦게 올려주는게 개빡침요 겨울잠자러 가신줄;;;;,,,
353911-049,https://everytime.kr/lecture/view/353911,353911,논리회로,박형원,25년 2학기 수강자,4,강의력 좋고 시험도 무난함. 근데 강의를 너무 늦게 올려주심,,,
353911-050,https://everytime.kr/lecture/view/353911,353911,논리회로,박형원,25년 2학기 수강자,4,강의는 무난하고 시험이 어렵진 않은데 어려운듯..? 성적만 잘주시면 좋을듯,,,
353911-051,https://everytime.kr/lecture/view/353911,353911,논리회로,박형원,25년 2학기 수강자,4,이번학기는 전부 온라인이어서 너무 편했고 교수님 강의력도 좋으시고 교안도 깔끔합니다,,,
353911-052,https://everytime.kr/lecture/view/353911,353911,논리회로,박형원,25년 2학기 수강자,5,강의력도 좋고 온라인이라 부담도 없고 다 좋았지만 성적을 안 알려줌. 안 알려주는건지 채점을 귀찮아서 천천히 하는건지는 모르겠음,,,
353911-053,https://everytime.kr/lecture/view/353911,353911,논리회로,박형원,25년 2학기 수강자,5,복전 첫학기에 수강하는데 너무 재밌어요! 온라인이라서 정말 편하고 강의력도 엄청 좋으세요 교안 열심히 보면 시험대비 됩니다,,,
353911-054,https://everytime.kr/lecture/view/353911,353911,논리회로,박형원,25년 2학기 수강자,5,과목명만 듣고 회로 생각했는데 논리적 개념들이 더 많이 나와 재미있었습니다.,,,
353911-055,https://everytime.kr/lecture/view/353911,353911,논리회로,박형원,25년 2학기 수강자,5,강의력 좋으신데 시험에서 실수만 안하면 좋은 성적 얻을 수 있습니다,,,
353911-056,https://everytime.kr/lecture/view/353911,353911,논리회로,박형원,25년 2학기 수강자,5,강의력 좋으시고 이번에 아예 온라인으로 진행했습니다. 시험 난도는 시간이 조금 빡빡했지만 문제 자체가 많이 어려워서보다는 시작을 어떻게 해야할지가 중요한 문제들이었던거 같습니다.,,,
353911-057,https://everytime.kr/lecture/view/353911,353911,논리회로,박형원,25년 1학기 수강자,5,플립러닝으로 온라인으로 설명을 듣고 오프라인에서는 조별로 문제를 푸는 방식임 오프라인 문제가 꽤 어려워서 강의 열심히 듣는 게 중요하고 시험은 생각보다 개념이 중요한 느낌이라 개념도 잘 보고 가는게 좋음,,,
353911-058,https://everytime.kr/lecture/view/353911,353911,논리회로,박형원,25년 2학기 수강자,5,강의력 정말 좋으십니다. 시험 보기 전에 교안 문제와 textbook문제 많이 풀어보고 가시는 걸 추천드립니다. 중간고사는 시험 범위가 짧아서 쉽게 나온 것 같습니다.,,,
353911-059,https://everytime.kr/lecture/view/353911,353911,논리회로,박형원,25년 2학기 수강자,5,과제 없습니다. 원래 국제어 였는데 이번 학기는 한국어로 바뀐거 같습니다. 강의 내용 이해 잘 되는 강의라고 생각됩니다. 다만 내용이해 되는 거와 별개로 문제는 연습해가야 되니 꼭 연습하고 가시길 바랍니다.,,,
353911-060,https://everytime.kr/lecture/view/353911,353911,논리회로,박형원,25년 2학기 수강자,5,강의력이 상당히 좋습니다. 처음 들어보는 복전생인데 중간고사 만점 기말 만점입니다 공부는 족보 좀 풀어보고 수업에 풀어주시는 문제들 다 풀고 이해하시면 잘 받습니다 과제도 없움,,,
353911-061,https://everytime.kr/lecture/view/353911,353911,논리회로,박형원,25년 1학기 수강자,5,조원을 잘 만나세요 조별 문제 다시 잘 풀어보세요 시험 성적 표로 공시되니까 마음의 준비도 하세요,,,
353911-062,https://everytime.kr/lecture/view/353911,353911,논리회로,박형원,25년 2학기 수강자,5,과제 없고 강의 온라인 한국어로 해주심 시험 적절한 난이도로 잘나와용,,,
353911-063,https://everytime.kr/lecture/view/353911,353911,논리회로,박형원,25년 1학기 수강자,5,갑자기 한국어 강의 + full 온라인으로 바뀌어서 좋았음 강의도 휴일엔 다 안올라와서 편하게 듣기 좋은듯,,,
353911-064,https://everytime.kr/lecture/view/353911,353911,논리회로,박형원,25년 2학기 수강자,4,모두 온라인이였는데 오히려 과제도 없고 그래서 불안함. 시험이 어떻게 나올지 모르겠음,,,
353911-065,https://everytime.kr/lecture/view/353911,353911,논리회로,박형원,25년 1학기 수강자,4,과제 없으면 된거 아닌가요 ㅎ 낫배드인 것 같아요,,,
353911-066,https://everytime.kr/lecture/view/353911,353911,논리회로,박형원,25년 2학기 수강자,5,과제없고 강의력이 좋으셔요 시험은 아직 안봤지만 무난하다는 평이 많아요,,,
353911-067,https://everytime.kr/lecture/view/353911,353911,논리회로,박형원,25년 2학기 수강자,5,과제없고 강의 좋습니다! 이번학기 수업 전부 온라인 강의였습니다,,,
353911-068,https://everytime.kr/lecture/view/353911,353911,논리회로,박형원,25년 2학기 수강자,5,과제 없습니다. 교수님 강의력이 좋아요 교재문제들 위주로 공부하면 좋아요,,,
353911-069,https://everytime.kr/lecture/view/353911,353911,논리회로,박형원,25년 2학기 수강자,4,강의력은 좋으신듯요 수업 때 문제풀이량은 조금 적어요,,,
353911-070,https://everytime.kr/lecture/view/353911,353911,논리회로,박형원,24년 1학기 수강자,4,"수업은 온라인으로 듣고, 매주 가서 조별로 문제풀이를 합니다. 부분점수 없는 편이라 개념 위주로 꼼꼼히 공부해야합니다.",,,
353911-071,https://everytime.kr/lecture/view/353911,353911,논리회로,박형원,25년 2학기 수강자,5,조별 문제풀이가 너무 많아서 힘들었습니다 학점 잘 주심,,,
353911-072,https://everytime.kr/lecture/view/353911,353911,논리회로,박형원,25년 1학기 수강자,5,조별문제풀이가 주마다있고 문제가 꽤어려워요 시험도 꽤 어려워서 공부를좀 열심히 해야할거같습니다,,,
353911-073,https://everytime.kr/lecture/view/353911,353911,논리회로,박형원,25년 1학기 수강자,5,플립수업이라 강의 올려주시면 그 다음수업에 조별과제로 문제풀어서 제출하면됨 빨리풀면 바로갈수있고 조교님한테 미리 답 체크 받을수도 있음 시험 난이도는 조별과제정도? 근데 문제수가 좀 있어서 시간이 부족할듯,,,
353911-074,https://everytime.kr/lecture/view/353911,353911,논리회로,박형원,25년 1학기 수강자,3,교안이랑 교과서 문제 풀어보고 갔는데 시험 답안 보러가면 왠 처음보는게 있음,,,
353911-075,https://everytime.kr/lecture/view/353911,353911,논리회로,박형원,25년 1학기 수강자,5,강의 잘하시고 교수님 너무 착하십니다 !!! 논회 들으신다먼 꼭 추천합니다,,,
353911-076,https://everytime.kr/lecture/view/353911,353911,논리회로,박형원,25년 1학기 수강자,3,강의는 잘 하십니다 시험이 많이 어렵습니다 조별 문제 풀이한거나 책 문제 푼다고 시험 대비가 완벽하게 되진 않는것 같습니다,,,
353911-077,https://everytime.kr/lecture/view/353911,353911,논리회로,박형원,25년 1학기 수강자,4,"온라인 녹강으로 진도를 나가고, 오프라인에서는 조별 문제풀이를 했습니다. 조별 문제풀이가 쉽진 않아 매주 강의 수강 이외에도 교재 연습문제를 풀어가는 등 따로 공부를 해야 하지만, 시험공부를 미리미리 할 수 있었습니다. 참고로 조별 문제풀이는 점수를 매기는 듯하나, 조원들과 다같이 열심히 풀어 일정 점수 이상이면 평가시 만점인 듯합니다.",,,
353911-078,https://everytime.kr/lecture/view/353911,353911,논리회로,박형원,25년 1학기 수강자,5,재밌었고 교수님 강의력도 좋았어요. 시험은 매주 있는 조별 문제풀이 수준이나 그보다 살짝 어렵게 나와요.,,,
353911-079,https://everytime.kr/lecture/view/353911,353911,논리회로,박형원,25년 1학기 수강자,5,pbl방식이라 매주 한번은 오프라인에 나가서 조별활동으로 문제를 풀었어야 했는데 괜찮았습니다. 시험은 거의 조별활동 문제 수준에서 살짝 어려운정도로 출제됐던 것 같고 막 엄청 어렵지는 않았습니다,,,
353911-080,https://everytime.kr/lecture/view/353911,353911,논리회로,박형원,25년 1학기 수강자,5,강의력 굳. 특히 교안이 꼼꼼하고 강의가 교안에서 벗어나는 부분이 없어서 공부하기 편함 수업시간엔 조별로 문제풀이를 하는데 수업시간에 푼 문제들로만 공부해도 시험은 충분한듯 출석은 수업 과제 종이에 적힌 이름으로 보셔서 지각해도 괜찮지만 조원이 분노할 수 있으니 주의.. 2-1 전공 중 가장 능지와 점수가 비례하는 과목입니다..하지만재미는있음,,,
353911-081,https://everytime.kr/lecture/view/353911,353911,논리회로,박형원,25년 1학기 수강자,5,"강의력만큼은 정말 좋으심. 시험이 어렵다고들 하는데, 솔직히 그렇게까지 어려운지는 잘 모르겠음. 풀만 함. 다만, 매주 조별 문풀이 있는데, 조원 잘못 만나면 개고생함. 조원 중 한 명 늦게 오면 시작도 못하고, 중간에 한명 드랍하라기라도 하면 노답임. 조원들 때문에 개빡치긴 했지만, 반영비는 생각보다 크지 않았음. 얻어갈 게 많은 수업.",,,
353911-082,https://everytime.kr/lecture/view/353911,353911,논리회로,박형원,25년 1학기 수강자,4,플립러닝수업으로 오프때 문제풀이하는게 나름 재밌었습니다 시험도 나름 난이도가 있어서 쉽지 않은 과목인것같습니다,,,
353911-083,https://everytime.kr/lecture/view/353911,353911,논리회로,박형원,25년 1학기 수강자,4,"1. 교수님의 강의력은 좋으시다. 2. 플립러닝이라 하루만 가도 되는 것은 좋다. 현장수업 시간에는 문제를 조원들과 풀기에 수업 듣는 것만큼 부담이 안 되는 것도 좋다. 3. 시험은 많이 어렵다. 두 번 다 어려웠다. 4. 성적은 A등급대든 B등급대든 +를 잘 안 달아주시는 것 같다. 결론: 논리회로 정말 잘 하는 사람, 논리회로 성적이 중요하지 않으면서 시간 벌고 싶은 사람에게 추천한다. 다른 사람들에게는 그닥 추천하지 않는다. 하지만 배워갈 것은 많다.",,,
353911-084,https://everytime.kr/lecture/view/353911,353911,논리회로,박형원,25년 1학기 수강자,5,기말부분부터 갑자기 확 어려워지네요..ㅜ 쁠은 잘 안 달아 주시는듯,,,
353911-085,https://everytime.kr/lecture/view/353911,353911,논리회로,박형원,25년 1학기 수강자,5,"강의는 교수님 수업만 듣고, 그룹 활동 문제 달달 외우면 돼요. 교수님 강의력 좋아용. 시험 어려워용. A까지는 너그럽게 주신듯 😛",,,
353911-086,https://everytime.kr/lecture/view/353911,353911,논리회로,박형원,25년 1학기 수강자,4,매주 조별 문제풀이 진행하고 온라인으로 강의를 진행하십니다. 안 좋은 조 만나면 한학기 고생합니다. 교수님 강위력은 되개 좋은 거 같습니다. 시험은 전 조감 어려웠습니다.,,,
353911-087,https://everytime.kr/lecture/view/353911,353911,논리회로,박형원,25년 1학기 수강자,5,개인적으로 과목 자체가 약간 재미가 있어서 그런지 열심히 참여했네요.,,,
353911-088,https://everytime.kr/lecture/view/353911,353911,논리회로,박형원,25년 1학기 수강자,4,주차마다 푸는 디스커션 문제 난이도가 좀 있음 시험도 난이도 있게 내시는 편인거 같음 하지만 주차마다 문제를 풀어서 강제로 공부하게 되어 시험기간엔 제일 편한 과목,,,
353911-089,https://everytime.kr/lecture/view/353911,353911,논리회로,박형원,25년 1학기 수강자,5,교수님 강의력 좋으시고 수업도 문제풀이라 시간 빨리 가는 게 좋아요,,,
353911-090,https://everytime.kr/lecture/view/353911,353911,논리회로,박형원,25년 1학기 수강자,5,강의력 좋고 매주 조별 문제풀이가 있는데 저는 조금 어려웠습니다. 하지만 정말 많이 배우고 유익했던 수업입니다. 교수님도 젠틀하십니다.,,,
353911-091,https://everytime.kr/lecture/view/353911,353911,논리회로,박형원,25년 1학기 수강자,5,강의력이 좋으십니다 매주 플립러닝을 하며 조원들과 토론을 통해 문제를 풀어야합니다 내용이 조금 어렵고 진도도 많이 나가십니다,,,
353911-092,https://everytime.kr/lecture/view/353911,353911,논리회로,박형원,25년 1학기 수강자,5,"와 국제어수업이래서 걱정 많이 했는데, 지금까지 들은 국제어 수업중에 가장 이해가 잘되는 과목인것 같습니다.",,,
353911-093,https://everytime.kr/lecture/view/353911,353911,논리회로,박형원,25년 1학기 수강자,5,"교안 깔끔하고, 팀별로 문제 풀이 있지만 할만합니다",,,
353911-094,https://everytime.kr/lecture/view/353911,353911,논리회로,박형원,25년 1학기 수강자,4,플립러닝이고 매주 팀플시험있는건 귀찮다. 시험은 문제가 많고 어렵지만 팀플 열심히하면 할만하다.,,,
353911-095,https://everytime.kr/lecture/view/353911,353911,논리회로,박형원,25년 1학기 수강자,5,영어로 수업하지만 플립러닝이라 강의력이 좋으심 매번 조별로 퀴즈를 풀기 때문에 공부해가지 않으면 피해줄수있음,,,
353911-096,https://everytime.kr/lecture/view/353911,353911,논리회로,박형원,25년 1학기 수강자,4,플립러닝 + 영어 강의 영어강의는 이해하기 쉬운편 플립러닝은 온라인 강의듣고 오프라인 조별 문풀 팀플 문제는 꽤 난이도가 있으며 온라인 동영상 강의에 없는 내용이 가끔 나와 자체적인 추론을 해야하는 어려움이 있음,,,
353911-097,https://everytime.kr/lecture/view/353911,353911,논리회로,박형원,25년 1학기 수강자,4,"교수님께선 친절하시고 강의도 이해가 잘 되지만, 문제가 과하게 어려운 측면이 있습니다.",,,
353911-098,https://everytime.kr/lecture/view/353911,353911,논리회로,박형원,25년 1학기 수강자,5,온라인 플립 + 오프라인 조별 디스커션 문제. 문제 난이도가 꽤 있습니다,,,
353911-099,https://everytime.kr/lecture/view/353911,353911,논리회로,박형원,25년 1학기 수강자,5,강의력 진짜 좋으심. 조별 문제풀이 생각보다 수준있음 전부 다완벽하게 푸는조는 많지않을듯.,,,
353911-100,https://everytime.kr/lecture/view/353911,353911,논리회로,박형원,25년 1학기 수강자,5,조별로 문제푸는데 이것때문에 강제로 공부하게 돼서 좋은 것같습니다 설명도 깔끔하게 잘하시고 문제풀이 시간에도 돌아다니시면서 질문 받아주셔서 좋은것같습니다,,,
2749234-001,https://everytime.kr/lecture/view/2749234,2749234,논리회로,전종욱,26년 1학기 수강자,5,"교수님 친절하시고 수업 교안, 강의력도 좋으십니다! 직배로 걸렸다면 평균 이상은 당연히 됩니다.",,,
2749234-002,https://everytime.kr/lecture/view/2749234,2749234,논리회로,전종욱,26년 1학기 수강자,5,모두가 오프라인 발표 1번씩 하는데 초반에 걸리면 쉬워서 좋습니다. 온라인 강의는 진도를 초반엔 조금씩 나가다가 시험 직전에 몰아치셔서 시험기간때 열심히 하시면 할만 합니다. 시험은 발표로 내주시는 문제 풀어보면 도움 됩니다.,,,
2749234-003,https://everytime.kr/lecture/view/2749234,2749234,논리회로,전종욱,26년 1학기 수강자,5,오프라인 온라인 플립러닝 위주 온라인으로 개념설명 오프라인에서는 발표만,,,
2749234-004,https://everytime.kr/lecture/view/2749234,2749234,논리회로,전종욱,26년 1학기 수강자,4,온라인으로만 진도 나가시고 오프라인에서는 문풀 발표시킴 강의력 좋으신데 오프라인수업도 해주시면 좋겠다는 생각.. 문제 주시는 거 풀 수 있으면 시험은 쉬워요,,,
2749234-005,https://everytime.kr/lecture/view/2749234,2749234,논리회로,전종욱,26년 1학기 수강자,5,발표도 쉽고 강의력 괜찮으십니더 무엇보다 인자하심,,,
2749234-006,https://everytime.kr/lecture/view/2749234,2749234,논리회로,전종욱,26년 1학기 수강자,5,쉽고 성적 잘 주십니다 발표 하는거 있는데 그걸로 눈에 들면 좋아오,,,
2749234-007,https://everytime.kr/lecture/view/2749234,2749234,논리회로,전종욱,25년 1학기 수강자,5,시험 쉽고 성적 잘 주십니다. 온라인이라 편하고 좋아요,,,
2749234-008,https://everytime.kr/lecture/view/2749234,2749234,논리회로,전종욱,24년 1학기 수강자,5,솔직히 개꿀강의라고 생각합니다 설명도 잘해주시고 시험이 어렵지 않고 좀 못봤는데도 성적을 너그럽게 주시는 편인 것 같아요,,,
2749234-009,https://everytime.kr/lecture/view/2749234,2749234,논리회로,전종욱,25년 1학기 수강자,5,시험 쉽고 성적 잘 주시는거 같습니다. 온라인이라 좋았습니다.,,,
2749234-010,https://everytime.kr/lecture/view/2749234,2749234,논리회로,전종욱,25년 1학기 수강자,5,독학 위주로 공부하면 학점은 충분히 받을 수 있음.,,,
2749234-011,https://everytime.kr/lecture/view/2749234,2749234,논리회로,전종욱,25년 1학기 수강자,5,젛아요 수업열심히듣고 복습하면 성적자란오아ㅛ,,,
2749234-012,https://everytime.kr/lecture/view/2749234,2749234,논리회로,전종욱,25년 1학기 수강자,5,그냥 개꿀강의인 것 같네요. 교수님 설명 잘하시고 교안만 봐도 술술 풀려요,,,
2749234-013,https://everytime.kr/lecture/view/2749234,2749234,논리회로,전종욱,25년 1학기 수강자,5,독학하세요 뽕교수 최고 과제는 그냥 내기만 하시고 시간 버리지 마세요 시험 잘 보면 됩니다 교재 문제 많이 푸세요,,,
2749234-014,https://everytime.kr/lecture/view/2749234,2749234,논리회로,전종욱,25년 1학기 수강자,5,기말 안 봤는데 c+ 주심 검사합니다 교수님 …..,,,
2749234-015,https://everytime.kr/lecture/view/2749234,2749234,논리회로,전종욱,25년 1학기 수강자,5,복전 첫학기에 들었는데 무조건 독학 + 예제풀기 하세요 원전공 학생분들이 매우 잘하십니다,,,
2749234-016,https://everytime.kr/lecture/view/2749234,2749234,논리회로,전종욱,25년 1학기 수강자,4,무난한데 교수님이 열심히 인하는듯 과제 gpt 이용하는거 학기동안 하나있음,,,
2749234-017,https://everytime.kr/lecture/view/2749234,2749234,논리회로,전종욱,25년 1학기 수강자,4,공부 열심히 하면 누구나 에이쁠 받을 수 있는 멋진 과목!!,,,
2749234-018,https://everytime.kr/lecture/view/2749234,2749234,논리회로,전종욱,25년 1학기 수강자,5,재수강이어서 잘 모르긴하는데 시험은 그냥 교재 문제 골라서 좀 풀고가면 다 풀 수 있어요 과제가 좀 이상하긴해요 레포트 쓰는건데 공부한거랑 크게 상관없는 레포트입니다,,,
2749234-019,https://everytime.kr/lecture/view/2749234,2749234,논리회로,전종욱,25년 1학기 수강자,3,"솔직히 독학해야하는 강의. 강의 들을 시간에 그냥 블로그 찾아서 독학하는게 더 빠르고 쉬움 시험은 어렵진 않으나 부분점수가 없고, 학점을 그렇게까지 잘 준지는 모르겠다... A 자체는 많이 주시나 쁠에 엄청 관대하진 않으신듯 그냥저냥 들을만함",,,
2749234-020,https://everytime.kr/lecture/view/2749234,2749234,논리회로,전종욱,25년 1학기 수강자,5,중간때는 내용이 쉬워서 괜찮았는데 기말때 내용 자체가 어려워서 고생했네요 ㅜㅜ 시험장소랑 시험지 왓다리갓다리가 역대급 불편하긴해용,,,
2749234-021,https://everytime.kr/lecture/view/2749234,2749234,논리회로,전종욱,25년 1학기 수강자,3,에이쁠 받았는데 좋은 강의인지는 모르겠습니다. 우선 교안만 읽어 사실상 독학입니다. 중간고사 성적도 기말이 다 끝난 뒤에 나오고 과제는 하나이지만 내용이 괴랄하고 교수님도 그냥 지피티 돌리시는거 같습니다. 표본이 없어 학점을 잘 주시는지는 모르겠지만 솔직히 추천하고 싶지는 않습니다,,,
2749234-022,https://everytime.kr/lecture/view/2749234,2749234,논리회로,전종욱,25년 1학기 수강자,5,학점 후하시고.. 과제는 지피티돌리고 발표자료만드는(발표를 하진않음) 과제가 1번 있었습니다.. 의외로 후반부에 재밌었네요,,,
2749234-023,https://everytime.kr/lecture/view/2749234,2749234,논리회로,전종욱,25년 1학기 수강자,5,비반제랑 들으니까 개꿀이네요 학점 날먹 가능 그리고 교수님도 학점 잘 주심,,,
2749234-024,https://everytime.kr/lecture/view/2749234,2749234,논리회로,전종욱,25년 1학기 수강자,5,"강의는 전부 사전 제작 영상 시청인데, 사실 교안 읽어주는 게 대부분이기 때문에 독학해도 무방함. 과제는 기말과제 하나만 있었고, MVL에 대한 보고서를 작성하는 것이었는데 시간을 매우 넉넉히 주셔서 큰 부담 없었음. 시험 난이도는 솔직히 쉬웠음 교재 예제와 연습문제 풀 수 있는 정도면 충분함. 다만 문제가 많아서 실수할 수 있으니 주의. 학점도 매우 너그럽게 주시고 전체적으로 부담이 없는 꿀강이라 생각함.",,,
2749234-025,https://everytime.kr/lecture/view/2749234,2749234,논리회로,전종욱,25년 1학기 수강자,5,시험도 쉽고 학점의 신 날먹으로 a+가져갑니다,,,
2749234-026,https://everytime.kr/lecture/view/2749234,2749234,논리회로,전종욱,25년 1학기 수강자,5,책으로 독학했고 책에 있는 연습 문제 다 풀면 시험 난이도는 쉽습니다 마지막 텀프는 지피티 써서 하면 됩니다,,,
2749234-027,https://everytime.kr/lecture/view/2749234,2749234,논리회로,전종욱,25년 1학기 수강자,4,솔직히 혼자 공부한 것 같긴한데…… 시험 개쉽고 걍 공부 좀만 하면 다 풀 수 있음 실수만 안 하면!,,,
2749234-028,https://everytime.kr/lecture/view/2749234,2749234,논리회로,전종욱,25년 1학기 수강자,4,재수강 기준 꿀이다. 강의 스밍돌리고 시험전에 모르는 단원만 좀 공부하면됨,,,
2749234-029,https://everytime.kr/lecture/view/2749234,2749234,논리회로,전종욱,25년 1학기 수강자,1,수업 영어로 하는데 걍 유튜브 독학하는게 백배는 더 빠름 전공과목을 독학하게 하는게 자퇴마려움,,,
2749234-030,https://everytime.kr/lecture/view/2749234,2749234,논리회로,전종욱,25년 1학기 수강자,1,그냥 독학 수업이고 시험장이 ㄹㅇ 진짜 말이 안됨. 소강당같은 강의실에서 책상도 좁고 목 아프고 시험 치는 도중에 조교들은 사진 찍고 있고;;,,,
2749234-031,https://everytime.kr/lecture/view/2749234,2749234,논리회로,전종욱,25년 1학기 수강자,5,강의가 전체 다 온라인이라 진도 조절 임의로 가능해서 좋습니다,,,
2749234-032,https://everytime.kr/lecture/view/2749234,2749234,논리회로,전종욱,25년 1학기 수강자,3,강의가 그냥 ppt 읽어주시는 느낌이라 독학할 필요가 있을 듯합니다. 그나마 조교님의 문제풀이 영상은 좋음.,,,
2749234-033,https://everytime.kr/lecture/view/2749234,2749234,논리회로,전종욱,25년 1학기 수강자,3,ppt 읽기수업.. 독학입니다. 시험지 작성 방식이 불편해요,,,
2749234-034,https://everytime.kr/lecture/view/2749234,2749234,논리회로,전종욱,25년 1학기 수강자,1,걍 수업이 PPT 읽기 시간입니다. 뭐 따로 필기하시는거 아예 없고 교안에 있는 글씨 다 읽으면 페이지 넘어가는식. 얻어가는게 하나도 없어요. 따로 책 구매해서 독학해야하는데 그게 마냥 쉽지만은 않습니다. 절대 비추천.,,,
2749234-035,https://everytime.kr/lecture/view/2749234,2749234,논리회로,전종욱,25년 1학기 수강자,4,중간은 쉬웠는데 기말은 어떻게 될는지 모르겠네요 Gpt 쓰는 과제 하나 있어요,,,
2749234-036,https://everytime.kr/lecture/view/2749234,2749234,논리회로,전종욱,25년 1학기 수강자,4,중간고사 보고 왔는데 문제가 좀 쉬운편인듯 기말은 어렵게 나오려나,,,
2749234-037,https://everytime.kr/lecture/view/2749234,2749234,논리회로,전종욱,25년 1학기 수강자,4,교안이 있기는 하지만 연습문제 때문에 교재 추가로 구매하셔서 공부해야 됩니다.,,,
2749234-038,https://everytime.kr/lecture/view/2749234,2749234,논리회로,전종욱,25년 1학기 수강자,4,제때 강의 올라오고 교안 읽어주십니다. 다소 강의가 어려운면은 있습니다,,,
2749234-039,https://everytime.kr/lecture/view/2749234,2749234,논리회로,전종욱,25년 1학기 수강자,5,평가에 비해 강의가 늦게 올라오지는 않음. 허나 거의 그냥 교안 읽어주시는 느낌.,,,
2749234-040,https://everytime.kr/lecture/view/2749234,2749234,논리회로,전종욱,25년 1학기 수강자,4,강의 영어로 하시고 독학하시는거 추천 시험은 아직 안봐서 모름,,,
2749234-041,https://everytime.kr/lecture/view/2749234,2749234,논리회로,전종욱,25년 1학기 수강자,4,"강의는 생각보다 재때 빠르게 올려주심. 하지만 국제어 수업이라, 강의만으로는 이해하기가 쉽지 않음.",,,
2749234-042,https://everytime.kr/lecture/view/2749234,2749234,논리회로,전종욱,24년 1학기 수강자,3,으흠… 에이쁠이긴 하지만 과제도 너무 빡세고 시험 부분 점수도 없는게 별로다,,,
2749234-043,https://everytime.kr/lecture/view/2749234,2749234,논리회로,전종욱,25년 1학기 수강자,3,영어 강의가 정말 이해하는개 쉽지않습니다. 일단 교과서 뒤에 예제 풀면서 독학한다고 생각하시는게 나아여.,,,
2749234-044,https://everytime.kr/lecture/view/2749234,2749234,논리회로,전종욱,24년 1학기 수강자,3,강의내용은 쉬운데 공부는 따로 더 해야하는……ㅠ,,,
2749234-045,https://everytime.kr/lecture/view/2749234,2749234,논리회로,전종욱,24년 1학기 수강자,3,교수님이 과목을 버리심 바쁘신지 강의가 자꾸 늦게 올라옴 과제 매번 내주겠다더니 마지막 레포트 말고는 없었음 시험은 교재 문제에서 다 나오는 듯,,,
2749234-046,https://everytime.kr/lecture/view/2749234,2749234,논리회로,전종욱,24년 1학기 수강자,4,전공책을 열심히 꼼꼼히 풀어보세요 연습문제에서 웬만하년 다 나옵니더,,,
2749234-047,https://everytime.kr/lecture/view/2749234,2749234,논리회로,전종욱,24년 1학기 수강자,4,교안 있는줄도 몰랐단 사람입니다. 그냥 강의듣고 냅다 연습문제만 풀고 시험 못봤다고 생각했는데 에쁠 받았으니 4점 드립니다. 강의는 그냥 교안만 읽으시는것 같습니다. 온라인 강의인데 올라오는 시간이 랜덤입니다. 저처럼 계획없이 공부하시는 분들 추천드립니다.,,,
2749234-048,https://everytime.kr/lecture/view/2749234,2749234,논리회로,전종욱,24년 1학기 수강자,5,온라인 강의이고 과제는 레포트 하나 있었습니다. 시험은 교안에서 주로 나오고 교재에서도 몇 문제 나옵니다.,,,
2749234-049,https://everytime.kr/lecture/view/2749234,2749234,논리회로,전종욱,24년 1학기 수강자,3,강의력이 아쉬웠던 강의였습니다.. 시험은 2번에 마지막 기말과제 1번이고 교과서에 있는 연습문제들에서 많이 나옵니다,,,
2749234-050,https://everytime.kr/lecture/view/2749234,2749234,논리회로,전종욱,24년 1학기 수강자,5,온라인 이라 공부하고 편하고 공부하기는 편함 그렇지만 교수님 진도도 느리고 교안만 읽다가 끝남 그래도 에이쁠 받아서 미화,,,
2749234-051,https://everytime.kr/lecture/view/2749234,2749234,논리회로,전종욱,24년 1학기 수강자,3,크게 보았을 때 강의력은 나쁘지 않다고 생각한다. 과제도 별로 없고 온라인 수업이다. 다만 단점도 몇 가지 있다. 우선 온라인강의가 늦게 올라온다. 특히 시험 전주에 4~5개가 몰아올라오므로 긴장 바짝 차려야 한다. 다음으로는 시험 점수를 안 알려주신다. 시험 친 주말 알려주신다고 했는데 결국 안 알려주셨다..... 학점은 a+는 좀 짠 거 같다.,,,
2749234-052,https://everytime.kr/lecture/view/2749234,2749234,논리회로,전종욱,24년 1학기 수강자,5,사실상 독학이었긴 한데 성적을 후하게 주신 것 같다. 과제는 마지막날까지 내는 탐구과제 하난데 큰 부담은 없다.,,,
2749234-053,https://everytime.kr/lecture/view/2749234,2749234,논리회로,전종욱,24년 1학기 수강자,2,강의를 그냥 교재 내용만 읽으십니다. 따라서 교안을 보고 독학을 해야 하는 강의입니다. 초중반 내용은 충분히 할만하나 기말 후반부 범위에는 독학의 한계가 느껴져 많이 힘들 수도 있습니다. 따라서 좋은 강의력을 바라시는 분들은 이 수업은 피하시길 바랍니다. 시험은 exercise에서 출제하시는 것 같습니다. 또한 공부만 제대로 했다면 적당한 난이도여서 부담스럽지는 않습니다. 과제에 관해서는 래포트 하나가 나왔는데 성적 기준이 참 애매합니다. 과제 내용 또한 gpt를 이용해서 내신 것이라고 생각드는데 확실히 수업과 학생들에게 큰 신경을 쓰지는 않는 교수님이십니다.,,,
2749234-054,https://everytime.kr/lecture/view/2749234,2749234,논리회로,전종욱,24년 1학기 수강자,4,온라인 수업인데 교수님 영상이 늦게 올라와서 불편했지만 온라인 수업이라 공부 안 하는 애들이 많아서 점수 받기는 편했음. 교재 연습문제 열심히 푸는거 추천함.,,,
2749234-055,https://everytime.kr/lecture/view/2749234,2749234,논리회로,전종욱,24년 1학기 수강자,5,영상 늦게 올리시고 공지 늦는건 좀 있지만 시험쉽고 성적도 잘 나왔다,,,
2749234-056,https://everytime.kr/lecture/view/2749234,2749234,논리회로,전종욱,24년 1학기 수강자,2,수업도 별로 시험 성적 안 알려주고 과제 괴랄 다만 온라인이라 시간 안 들이고 수강했네요,,,
2749234-057,https://everytime.kr/lecture/view/2749234,2749234,논리회로,전종욱,24년 1학기 수강자,3,강의력은 그냥 그렇다 다만 강의 올라오는게 너무 늦고 진도도 늦어서 15주차에 진도를 너무 많이 나간듯 다만 독강러에겐 꿀과목인듯 과제도 ppt발표과제 빼고는 없었습니다,,,
2749234-058,https://everytime.kr/lecture/view/2749234,2749234,논리회로,전종욱,24년 1학기 수강자,2,진도가 너무 느려요 강의 보는 것보다 책으로 독학하는게 훨씬 효율적인 것 같습니다,,,
2749234-059,https://everytime.kr/lecture/view/2749234,2749234,논리회로,전종욱,24년 1학기 수강자,3,중간대는 엄청 쉬웠는데 기말은 어럅네여.. 그리고 교수님 막주에 폭풍 진도.. 이게 맞나,,,
2749234-060,https://everytime.kr/lecture/view/2749234,2749234,논리회로,전종욱,24년 1학기 수강자,1,"처음은 온라인, 착하고 유한 목소리 호감 지나고 기말직전 폭풍진도 2과 과제피피티 기말 시간않주고 월요일 영어못하고 강의력 그냥 글자 읽기 착한척하는 c봉🐦",,,
2749234-061,https://everytime.kr/lecture/view/2749234,2749234,논리회로,전종욱,24년 1학기 수강자,5,온라인 수업이라 편하고 ppt교안이 잘 되어있습니다. 다만 강의가 늦게올라오는 편입니다,,,
2749234-062,https://everytime.kr/lecture/view/2749234,2749234,논리회로,전종욱,24년 1학기 수강자,1,교안 내용 챗 지피티에게 설명해 달라 하는것이 더 도움이 됩니다,,,
2749234-063,https://everytime.kr/lecture/view/2749234,2749234,논리회로,전종욱,24년 1학기 수강자,2,온라인 이어서 강의는 틀어놓고 독학 하면 됩니다,,,
2749234-064,https://everytime.kr/lecture/view/2749234,2749234,논리회로,전종욱,24년 1학기 수강자,5,진도가 들쭉날쭉이지만 온라인이라 편함 들을 수 있다면 나쁘진 않은 수업,,,
2749234-065,https://everytime.kr/lecture/view/2749234,2749234,논리회로,전종욱,24년 1학기 수강자,3,직배라 어쩔 수 없이 들었습니다. 사실 그렇게 나쁘진 않습니다. 대학교와서 믾은 과목을 독학하게 되면서 수업에 기대가 그리 크지 않은 우리니까요. 수업을 듣는 것이 오히려 시간이 많이 들고 효율적이지 못한 거 같아요. 그냥 교안이나 책 보고 혼자 공부하는게 더 낫습니다. 그런 점 빼면 솔직히 힘들이지 않고 학점도 따고 공부도 할 수 있는 과목인 거 같아요.,,,
2749234-066,https://everytime.kr/lecture/view/2749234,2749234,논리회로,전종욱,24년 1학기 수강자,2,교수님이 방생함. 독학러들에게는 개꿀인 수업. 과제는 도대체 ppt를 왜 요구하는지 모르겠음.,,,
2749234-067,https://everytime.kr/lecture/view/2749234,2749234,논리회로,전종욱,24년 1학기 수강자,1,"단점 날먹 성향이 다분하심 강의 잘 안 올리셔서 진도를 거의 못 나감 장점 날먹이신 덕분에 과제 낼 여유도 없으셨다.(보고서 쓰기 하나, 챗지피티 허용)",,,
2749234-068,https://everytime.kr/lecture/view/2749234,2749234,논리회로,전종욱,24년 1학기 수강자,1,강의는 틀어만 넣고 스스로 독학하는게 나음..,,,
2749234-069,https://everytime.kr/lecture/view/2749234,2749234,논리회로,전종욱,24년 1학기 수강자,1,장점 온라인 수업 과제는 적음 (한학기동안 레포트 한개) 단점 온라인 강의가 늦게 올라옴 주차가 지난 다음에 그 다음주에 한번에 좌르륵 올리는 경우도 다반사 교수님의 강의력이 매우 좋지 않음 ppt에 있는 모든 글자를 다 읽으시고 비효율적임 강의력이 좋지 않아 혼자 교안만 보고 공부하려해도 교안 자체도 불친절함 교수님도 강의하시면서 내용을 자주 틀리심 공부하다가 강의 내용이랑 알고 있던 사실이랑 상충되는 내용이 너무 많아서 따로 서칭하며 공부함 오히려 아는 내용인데 교수님의 설명을 들으니 더 헷갈림 진도가 매우 느림 카르노맵은 중간 범위에 들어가지도 않았고 그 외에도 논리회로에서 중요한 내용인 플립플랍/래치 등의 내용은 기말고사 전에 진도가 나갈지도 의문임,,,
2749234-070,https://everytime.kr/lecture/view/2749234,2749234,논리회로,전종욱,24년 1학기 수강자,1,현재 기말고사는 보지 않은 상태로 작성합니다 장점 1. 온라인으로 진행된다. 2. 과제가 적다(원래 자주 내실 예정인 것 처럼 ot때 말씀하셨으나 실제론 1개 뿐이었음) 단점 1. 강의가 늦게 올라온다(주말에 올라오는 경우가 엄청 많음) 2. Ppt 만 읽는 식의 강의 3. 과제가 학습 내용과 관련이 없다 4. 시험 방식이 불편하다 5. 중간고사 성적 공지가 기말 쯤에 나온다,,,
2749234-071,https://everytime.kr/lecture/view/2749234,2749234,논리회로,전종욱,24년 1학기 수강자,2,온라인강의로 들었었는데 동영상도 늦게 올려주시고 시험 방식도 답은 앞에 풀이를 뒤에 왔다갔다하면서 따로 쓰라 하셔서 불편했습니다. 진도도 좀 느리고요,,,
2749235-001,https://everytime.kr/lecture/view/2749235,2749235,논리회로,이윤명,25년 1학기 수강자,5,강의력 좋고 교수님 인자하시고 내용도 알차고 재밌습니다.,,,
2749235-002,https://everytime.kr/lecture/view/2749235,2749235,논리회로,이윤명,25년 1학기 수강자,4,강의력 좋으심. 교수님 좋으심. 출튀 몇번 잡음. 열심히하면 할만 함.,,,
2749235-003,https://everytime.kr/lecture/view/2749235,2749235,논리회로,이윤명,25년 1학기 수강자,5,막학기 타학과인데 ㄱ교수님 말씀만 들어도 이해가 돠요..,,,
2749235-004,https://everytime.kr/lecture/view/2749235,2749235,논리회로,이윤명,25년 1학기 수강자,4,논리회로가 처음에 되게 낯설어서 그렇지 하다보면 그럭저럭 나옴,,,
2749235-005,https://everytime.kr/lecture/view/2749235,2749235,논리회로,이윤명,24년 1학기 수강자,1,별로였습니다……… 내용도 어렵고 강의실력도 그닥,,,
2749235-006,https://everytime.kr/lecture/view/2749235,2749235,논리회로,이윤명,25년 1학기 수강자,1,강의력 정말 좋으십니다. 내용이 흡수가 잘 돼요. 과제만 열심히 풀고 공부하다 보면 시험 잘 칠 수 있습니다.,,,
2749235-007,https://everytime.kr/lecture/view/2749235,2749235,논리회로,이윤명,25년 1학기 수강자,5,강의력 되게 좋으시고 과제 열심히 하면 시험공부하기 편해요 절대 출튀하지 마세요,,,
2749235-008,https://everytime.kr/lecture/view/2749235,2749235,논리회로,이윤명,24년 1학기 수강자,5,교슈님이 강의를 잘하십니다 성적이 너그러워서 좋아요,,,
2749235-009,https://everytime.kr/lecture/view/2749235,2749235,논리회로,이윤명,25년 1학기 수강자,5,교수님 강의력 좋으심 과제가 있지만 과제에서 나온 문제 그대로 퀴즈에 나옴 시험은 실수하지 않는 게 중요한 것 같음,,,
2749235-010,https://everytime.kr/lecture/view/2749235,2749235,논리회로,이윤명,25년 1학기 수강자,5,좋아요 과제만 잘 하시면 돼요 다들 꼭 들으시길 출튀 한번 잡으시,,,
2749235-011,https://everytime.kr/lecture/view/2749235,2749235,논리회로,이윤명,25년 1학기 수강자,5,손에 꼽는 설명 잘하시는 교수님 그냥 수업만 들어도 적당히 나옴,,,
2749235-012,https://everytime.kr/lecture/view/2749235,2749235,논리회로,이윤명,25년 1학기 수강자,5,교수님이 기본 예제에 기반하여 시험문제 내십니다. 각 단원별 핵심적인 부분만 공부하면 충분히 좋은점수 받으실 수 있습니다.,,,
2749235-013,https://everytime.kr/lecture/view/2749235,2749235,논리회로,이윤명,25년 1학기 수강자,5,시험 두번 퀴즈 두번 보는데 모두 숙제 문제만 잘 풀 수 있을 정도면 어렵지 않음 매주 숙제가 있긴 한데 부담스럽지 않은 양이고 강의 들은거 복습하기에 좋음 플립러닝이라 온라인 듣고 가면 오프라인 수업에서 한번 더 정리해주는 방식이었는데 교수님 강의력도 좋아서 만족스러웠음,,,
2749235-014,https://everytime.kr/lecture/view/2749235,2749235,논리회로,이윤명,25년 1학기 수강자,4,"퀴즈, 시험 모두 쉬움. 다만, 다같이 잘해서 그런지 은근 성적 받기 까다로움에 주의.",,,
2749235-015,https://everytime.kr/lecture/view/2749235,2749235,논리회로,이윤명,25년 1학기 수강자,5,"강의 방식이 플립러닝이어서 오프라인 수업 전에 미리 강의 내용을 듣고 올 수 있어 좋음. 오프라인 강의를 하지만, 영상을 미리 안 보고 오면 어렵긴 때문에 미리 보고 오는 것을 추천. 퀴즈는 과제에서 똑같이 나오고, 과제는 답 틀려도 제출만 해도 됨. 교수님이 학생들을 신경 많이 써주셔서 듣기 좋은 수업임!!!",,,
2749235-016,https://everytime.kr/lecture/view/2749235,2749235,논리회로,이윤명,25년 1학기 수강자,5,1학년들이 들어서 그런가 그냥 날먹하는 강의 시험이고 과제고 교제 기본문제 수준인데 평균은 높지않음 ㅋㅋㅋ,,,
2749235-017,https://everytime.kr/lecture/view/2749235,2749235,논리회로,이윤명,25년 1학기 수강자,5,"올해부터 플립러닝으로 바뀌어 학습하기에는 더 좋아진 것 같습니다. 영상으로 이론 학습하고 오프라인으로 다시 한번 복습해주십니다. 중간 전에 1번, 기말 전에 1번 퀴즈 보고 과제도 자주 있지만 그만큼 효과는 확실합니다.",,,
2749235-018,https://everytime.kr/lecture/view/2749235,2749235,논리회로,이윤명,24년 1학기 수강자,5,정말 강의력이 좋으신 교수님이라고 생각합니다. 그냥 무난하게 홈워크 하고 수업 적당히 따라가면 에이쁠 받을 것 같습니다. 시험이 쉬워서 실수를 안 하는게 중요할 것 같아요.,,,
2749235-019,https://everytime.kr/lecture/view/2749235,2749235,논리회로,이윤명,24년 1학기 수강자,5,교수님 너무 친절하시고 강의력도 좋으십니다. homework가 좀 많고 시험 전에 quiz를 보시지만 그리 어렵지 않아 괜찮았습니다.,,,
2749235-020,https://everytime.kr/lecture/view/2749235,2749235,논리회로,이윤명,24년 1학기 수강자,5,"강의를 잘하시고 시험도 공부한 사람이 잘볼수있도록 적절하게 변별력 있습니다. 강의는 같은 내용 계속 반복해서 설명해주시고, 설명도 매우 자세하셔서 대부분의 내용이 이해되고 내용을 다 떠먹여 주십니다. 말하는 속도는 느리신데 중간중간 필기할수 있어 오히려 좋고, 복습영상 볼때도 2배속으로 볼수있어서 오히려 좋습니다. 다른 과목도 이 교수님 수업으로 듣고 싶습니다.",,,
2749235-021,https://everytime.kr/lecture/view/2749235,2749235,논리회로,이윤명,24년 1학기 수강자,5,에이쁠 개꿀 학점미화는 아니고 열심히 했음 그래도 개꿀,,,
2749235-022,https://everytime.kr/lecture/view/2749235,2749235,논리회로,이윤명,24년 1학기 수강자,5,학점도 후하시고 출결도 널널하게 보신다. 매주 과제가 귀찮다 느껴질 수는 있으나 그것만 열심히 해두면 시험 어렵지 않음. 강의력 매우 좋으심.,,,
2749235-023,https://everytime.kr/lecture/view/2749235,2749235,논리회로,이윤명,24년 1학기 수강자,5,반시공 최고의 교수님이십니다 대신 출튀하시면 안되고(개뜬금으로 한 번 잡으심) 매주 과제도 하나씩 해야돼요 수업퀄리티는 정말 좋습니다,,,
2749235-024,https://everytime.kr/lecture/view/2749235,2749235,논리회로,이윤명,24년 1학기 수강자,5,수업이 친절하고 재미있음 성적 너그러움 차피 들어야되는거 ㅎㅇㅌ,,,
2749235-025,https://everytime.kr/lecture/view/2749235,2749235,논리회로,이윤명,24년 1학기 수강자,5,최고의 교수님. 강의력 너무좋으시고 인자하시고 매주 과제가 있어서 덕분에 공부 안밀리고 꾸준히 할 수 있었음 시험문제도 이상한거 안나오고 각 단원마다 가장 중요한 부분에서 한 개씩 내시는 것 같음,,,
2749235-026,https://everytime.kr/lecture/view/2749235,2749235,논리회로,이윤명,24년 1학기 수강자,5,수업 잘하심 자료가 좋을듯 매주 과제 있는데 이것만 잘풀면 퀴즈 시험 잘 볼 수 있음,,,
2749235-027,https://everytime.kr/lecture/view/2749235,2749235,논리회로,이윤명,24년 1학기 수강자,5,강의력이 뛰어남. 공부 조금만 해도 학점 따기 쉬움.,,,
2749235-028,https://everytime.kr/lecture/view/2749235,2749235,논리회로,이윤명,24년 1학기 수강자,5,이윤명 교수님이 강의력이 정말 좋으시고 시험도 적절하게 내주십니다. 매주 과제가 있는게 단점입니다.,,,
2749235-029,https://everytime.kr/lecture/view/2749235,2749235,논리회로,이윤명,24년 1학기 수강자,5,"매주 문제풀이 과제, 쪽지시험 2번 하는데 교수님이 워낙 좋으신 분으로 유명해서 할만합니다.",,,
2749235-030,https://everytime.kr/lecture/view/2749235,2749235,논리회로,이윤명,24년 1학기 수강자,5,교수님이 친절하고 강의력이 좋다. 학습자료도 보고 공부하기 편하다. 과제가 일주일에 하나씩 나간다. 퀴즈는 총 2번 있다. 교수님이 내주시는 숙제 열심히 하고 논회 연습문제 많이 풀면 좋은 학점 받을 수 있을듯,,,
2576621-001,https://everytime.kr/lecture/view/2576621,2576621,논리회로설계실험,박준은,26년 1학기 수강자,3,강의 자체는 온라인 수업에 코딩 자율학습. 시험이 함번밖에 없지만 매주 레포트에 기말은 조별과제,,,
2576621-002,https://everytime.kr/lecture/view/2576621,2576621,논리회로설계실험,박준은,26년 1학기 수강자,5,보고서는 웬만하면 변멸되지 않고 텀프랑 시험에서 갈리는거같아요,,,
2576621-003,https://everytime.kr/lecture/view/2576621,2576621,논리회로설계실험,박준은,25년 1학기 수강자,4,학점은 에제까지는 무난하고 텀프에서 갈립니다. 대충 디자인하고 연결부분 ai로 해도 뭐 에제는 받는 거 같은데 너무 어렵네요,,,
2576621-004,https://everytime.kr/lecture/view/2576621,2576621,논리회로설계실험,박준은,26년 1학기 수강자,4,학점은 잘 채워주시는 듯 하지만 첫 강의부터 성적공시후 학점에 대한 질문 및 의견 안 받는다 하십니다,,,
2576621-005,https://everytime.kr/lecture/view/2576621,2576621,논리회로설계실험,박준은,25년 1학기 수강자,5,마지막 팀프로젝트가 진짜 너무 어려웠다 팀원의 역량이 정말 중요한 과목 물론 성적은 잘 준다,,,
2576621-006,https://everytime.kr/lecture/view/2576621,2576621,논리회로설계실험,박준은,25년 1학기 수강자,5,디지털시스템 안들으면 하기힘들어요 50프로 이상 a주심,,,
2576621-007,https://everytime.kr/lecture/view/2576621,2576621,논리회로설계실험,박준은,25년 1학기 수강자,2,음...학점을 잘주시는건 사실입니다 쁠은 안 채워주시지만 에제로는 되게 후하십니다 그걸 감안해도 이번 학기 과제는 말도 안되는 난이도에 지피티 사용은 엄격하게 잡으신다고 하셔서 다른 분반에서 편하게 들으심이 더 좋을듯합니다. 텀프도 알아서 공부하셔야해요~,,,
2576621-008,https://everytime.kr/lecture/view/2576621,2576621,논리회로설계실험,박준은,25년 1학기 수강자,1,"같은 담당교수로 이 과목이 또 개설될지 모르겠으나 학생들이 이 점들은 알아두어 경계하면 좋겠다 1. 주차 과제는 점수가 100 아니면 99점으로 사실상 변별을 하지 않으며 매우 기초적인 내용이다. 교수 스스로가 AI로 영어 리포트를 쓰라는 식으로 말한다. AI로 리포트를 복사해 내도 문제가 없다. 2. Term Project에서 조원들은 모두 같은 점수를 받는다. 단 0.1점도 차이가 없이 동등하다. 꼭 친구들과 들어야 하고, 모르는 사람들과 하면 구제가 안된다. 3. 가장 문제적인데, 담당교수가 매우 권위적이다. Term Project 주의사항이 학생들에게 잘 전달이 되지 못한 점이 주위에 물어본 결과 사실이며, 앞으로는 수업자료에도 글로써 포함되면 괜찮겠다는 의견을 말씀드리자 이런 정신, 태도로는 이후 사회생활을 못한다는 말을 여러차례 들었다. 기본적으로 교수 학생 관계를 군대식 장교 병사 관계로 생각하는 사람이고 무조건적인 수긍을 요구하는 권위적 사람이다. 성적에도 태도를 큰 비중으로 두어 final grade에 이의를 제기하면 알파벳을 하나 낮추겠다고 여러번 공지하는데, 학생들이 자기에게 어떤 이의 제기하는거 자체를 못참는 것을 넘어 그것을 벌줄려는 스타일이다.",,,
2576621-009,https://everytime.kr/lecture/view/2576621,2576621,논리회로설계실험,박준은,25년 1학기 수강자,4,힘들었습니다.. 그래도 배워가는게 많았던거 같네요 나름 만든거 보는 재미도 있었구,,,
2576621-010,https://everytime.kr/lecture/view/2576621,2576621,논리회로설계실험,박준은,25년 1학기 수강자,5,배우는거에 비해서 텀프 난이도가 높아요 진짜 이번학기부터 지피티 고려해서 난도 좀 높였다고 하셨는데 정말 쉽지않습니다.. 그래도 교수님과 조교님들은 좋으심,,,
2576621-011,https://everytime.kr/lecture/view/2576621,2576621,논리회로설계실험,박준은,25년 1학기 수강자,5,텀프 난이도가 쉽지 않긴했지만 그만큼 스스로 배우는것도 많앗습니다,,,
2576621-012,https://everytime.kr/lecture/view/2576621,2576621,논리회로설계실험,박준은,24년 1학기 수강자,5,학점 폭격기 ㄹㅇ 그러나 어느정도 마음 맞는 친구들이랑 만나서 열심히 하긴 해야 함,,,
2576621-013,https://everytime.kr/lecture/view/2576621,2576621,논리회로설계실험,박준은,24년 1학기 수강자,5,10주차까지 자잘한거 배우다가 갑자기 텀프 난이도가 확 뜁니다. 10주차까지는 혼자서 열심히 고민하시고 보고서 분량 잘 지켜서 내시면 되는데 텀프는... 팀원이 모두 열심히 참여하면 A+ 나옵니다.,,,
2576621-014,https://everytime.kr/lecture/view/2576621,2576621,논리회로설계실험,박준은,24년 1학기 수강자,3,얻어가는 것 많긴함 (독학임) 10주차까지의 보고서는 제출만 하시면 크게 변별이 없습니다. 그러나 만일 하나라도 제출 안하시거나 완성하지 않으시면 최종 성적에서 생각보다 뒤로 밀리게 됩니다. 텀프는 지옥이었습니다. 도움 안되는 팀원 만나서 엄청 고생했습니다. 정말 맨땅에 헤딩하는 기분이었습니다. 조금만 더 알려줬으면 좋았을텐데 학생들이 검색해가며 기본 기능을 알아봐야하는 게 맞나 싶네요,,,
2576621-015,https://everytime.kr/lecture/view/2576621,2576621,논리회로설계실험,박준은,24년 1학기 수강자,4,10주차의 공통 Verilog 수업을 진행하시고 나머지 기간 동안 텀프로젝트를 진행합니다. 텀프 주제는 시계였는데 적절한 수준의 난이도였던 것 같습니다. 다만 vivado와 텀프에 대한 설명이 조금 더 있었으면 어땠을까 하는 아쉬움이 있습니다.,,,
2576621-016,https://everytime.kr/lecture/view/2576621,2576621,논리회로설계실험,박준은,24년 1학기 수강자,5,에플 에제 합처서 70퍼인가 그래요 보고서는 거의 만점주시고 텀프로 갈렸어요,,,
2576621-017,https://everytime.kr/lecture/view/2576621,2576621,논리회로설계실험,박준은,24년 1학기 수강자,5,모든 분반이 10주간 같은 실험을 진행하니 소스 구해두는 것 추천함 이 교수님은 다른 분반과 공통으로 나오는 과제에서 살짝 변형된 내용을 요구하기도 하심 대신 공통적으로 가르치는 내용 포함해서 도움되 고 참고할 만한 내용도 많이 알려주셔서 좋았음 마지막 한달 동안은 실험없이 텀프로젝트를 진행하는데 나는 좋은 팀원들 만나서 재밌게 했음 좋은 팀원들 미리 구하는 게 제일 중요한 것 같음 vga 구현하는 게 꽤 까다로운데 나눠주는 fpga 자료 잘 참고해서 만들면 됨 결과물은 팀마다 천차만별인데 우리 팀이 제일 잘함v 성적도 절반 가까이 a+ 주시고 fpga 접해보는 수업이 많이 없는데 디지털 설계 관심 있는 사람은 얻어갈 게 많으니 열심히 하는 거 추천,,,
2576621-018,https://everytime.kr/lecture/view/2576621,2576621,논리회로설계실험,박준은,24년 1학기 수강자,5,"텀프로젝트 전에 report 10개가 있습니다. combinational, sequential logic, counter, fsm 등에 관한 것이고요 논리회로는 flip flop쪽이랑 fsm 정도만 다시 보고 오시면 될 것 같아요 report도 8쪽?7쪽 이내로 부담 적은 편이지만 꼼꼼히 쓰시는 것을 추천드리고 미리 해가서 실험시간에는 검사만 받는것이 좋아요. 처음에는 verilog 쓰는 것에 익숙해지시고 텀프로젝트는 vivado를 이용해서 fpga 구현을 하는데 진짜 제발 미리 팀원 어떻게든 구하세요 이거 때문에 이번학기가 힘들었습니다.. 이번에는 게임이 아니라 vga 상에서 아날로그 시계를 띄우는게 목표였는데 디지털시계를 띄우냐, vga가 아닌 7segment라던가 그런걸 이용해서 시계를 구현하냐에 따라 grade가 달라진다고 하셨어요 거의 모든 조가 그래서 아날로그를 구현한 것 같고요 열심히 한거 어필하면 성적은 매우 잘주셔서 팀원 잘 구하시고 텀프할때 밤좀 새시면 될 것 같습니다.",,,
2576621-019,https://everytime.kr/lecture/view/2576621,2576621,논리회로설계실험,박준은,24년 1학기 수강자,4,"주차 실험에선 딱히 배워갈 만한 건 없었고, 그래서 별 1개 깎았음. 이번 학기에는 모든 팀이 시계를 주제로 텀프로젝트를 진행했는데 제법 난이도가 있어서 좋았음. 프로젝트는 5주인데 그동안 내내 바쁘진 않았고 한 3주 정도 집중하면 무난하게 A+ 나올 정도까진 구현할 수 있었음.",,,
2576621-020,https://everytime.kr/lecture/view/2576621,2576621,논리회로설계실험,박준은,24년 1학기 수강자,5,"11주차까지 아캠 수업 듣고 과제 코딩 및 주차별 보고서 제출로 이루어지고 그 뒤로 종강까지 텀 프로젝트가 진행됩니다. 학점 비율은 A+ 44%, A0 26%, B+ 13%, C 15% 이렇게 주셨습니다.",,,
2576621-021,https://everytime.kr/lecture/view/2576621,2576621,논리회로설계실험,박준은,24년 1학기 수강자,5,절반 넘게 A+ 주시고 75~80퍼까지 A 주십니다. 텀프로젝트가 많이 어렵긴 하지만 얻어가는 건 확실히 있습니다.,,,
2576621-022,https://everytime.kr/lecture/view/2576621,2576621,논리회로설계실험,박준은,24년 1학기 수강자,5,"1~10주차: 매주 강의 올라오는 거 듣고 코드 작성, 결과레포트 작성 그 이후부터 fpga 가지고 텀프 진행 가장 중요한 건 좋은 팀원 미리 구하셔야 합니다. 친구 없어서 미리 구해놓는 것과 안 구해놓는 것 차이 없을 거라 생각하시면 큰일나요. 꼭 에타나 오카방에서라도 미리 팀원 구하시는 게 중요합니다. 모든 건 다 독학이라 보시면 돼서 정말정말정말 빡셉니다. 특히 코딩 어려워하시면 눈물나게 어러워요. 대신 학점을 엄청 너그럽게 주십니다. 정말 객관적으로 봐도 학점은 엄청 잘 주세요. 그나마 고생한 거 학점으로 보상받는 기분입니다. 학점을 보통 다른 교수님들처럼 주셨다면 평점은 3점으로 깎였을 것 같네요.",,,
2576621-023,https://everytime.kr/lecture/view/2576621,2576621,논리회로설계실험,박준은,24년 1학기 수강자,5,평소 실험 실습 내용은 어렵지 않지만 fpga 활용한 텀프로젝트가 만만치 않음. 미리 fpga에 대해 공부할 필요까지는 없지만 좋은 학점을 위해서는 조원들과 충분히 시간을 투자해야 할 것임.,,,
2576621-024,https://everytime.kr/lecture/view/2576621,2576621,논리회로설계실험,박준은,24년 1학기 수강자,5,교수님이 일단 넘 좋음 완전 젠틀하시구 설명도 잘하시고 젊으셔서 그런가 의사소통도 잘되는편입니다 조교님들이 잘 모르실때가 있어서 당황스럽지만 과제나 보고서도 크게 안어렵두 두세시간이면 끝낼수있어요 소스가 있으면 좋습니다 집에서 해오면 수업땐 출석만하고 끝낼수 있어요 시험도 없습니다 다만 텀프가 부담이 클수가있으니 친구끼리 같이해서 들으시길,,,
2576621-025,https://everytime.kr/lecture/view/2576621,2576621,논리회로설계실험,박준은,22년 여름 수강자,3,교수님의 강의는 모두 시험장이 됩니다서명하고 숙제를 끝내는 것을 잊지 마세요,,,
2576621-026,https://everytime.kr/lecture/view/2576621,2576621,논리회로설계실험,박준은,23년 1학기 수강자,5,배워가는 것은 많지만 마지막 플젝이 꽤 힘들어서 바쁠 수 있어요,,,
2576621-027,https://everytime.kr/lecture/view/2576621,2576621,논리회로설계실험,박준은,24년 1학기 수강자,5,듣고있는데 수업도 잘하시고 아직까진 무리가없어요 텀프는 조금 두렵네용,,,
2576621-028,https://everytime.kr/lecture/view/2576621,2576621,논리회로설계실험,박준은,23년 2학기 수강자,5,"텀프 몰빵 과목이긴합니다. 레포트는 중요사항 빼먹지만 않으면 만점 주시고, 요령생기면 2시간 안으로 다씁니다. 텀프로 fpga 사용해서 게임만들기가 주제였는데, VGA(모니터 출력) 사용하는 팀에게 가산점 주신다고했습니다. 어렵다고들 하지만 개인적으로는 같이 주시는 VGA 예제코드 우선 돌려보고 3~4시간투자해서 하나하나 분석하면 금방 응용가능할 수도 있을것 같습니다.",,,
2576621-029,https://everytime.kr/lecture/view/2576621,2576621,논리회로설계실험,박준은,23년 2학기 수강자,5,난이도 빡세고 vga부터 시작입니다 다른 분반에 비해 시간 세배는 더 들인거같네요 그래도 배우는 건 많았습니다 다만 그걸 교수님이 알려주시는게 아니라 스스로 배워야하지만요 학점은 잘주시네요,,,
2576621-030,https://everytime.kr/lecture/view/2576621,2576621,논리회로설계실험,박준은,23년 2학기 수강자,4,"전체적으로 좋습니다. 다만 1-10주차까지 기본 베릴로그 문법만을 가르친 상태에서, 기말 과제를 하게 된다면 꽤나 높은 벽을 마주할 것입니다. 주제가 fpga로 게임 개발인데, 수업시간에 배우지 않은 주제들이 많이 나옵니다..허허 안 배운 주제만 리스팅을 하자면 - top module 아래에 다양한 모듈을 두어 관리 - VGA i/o 제어 (A받으려면 필수) - Buzzer module 설명 및 구현 - toggle된 신호, 1cycle만 켜진 신호 등 개발 중에 원하는 논리를 만족하게 만들어야 하는 과정에서 필요한 중간-과정의 신호들 이 정도 있겠네요. 그러므로 수강생 여러분들은 베릴로그가 처음이시라면 학기 초부터 혼자 fpga에 대해 공부하시는 게 많이 이롭습니다. 중간 기말도 안보니까요.",,,
2576621-031,https://everytime.kr/lecture/view/2576621,2576621,논리회로설계실험,박준은,23년 2학기 수강자,5,난이도가 빡센것도 아닌데 굳이 학점미화까지 시켜주시는 갓교수님 챙겨들으세요,,,
2576621-032,https://everytime.kr/lecture/view/2576621,2576621,논리회로설계실험,박준은,23년 2학기 수강자,5,마지막 텀프가 진짜 쉽지 않습니다. 좋은 팀원을 미리 구하세요.,,,
2576621-033,https://everytime.kr/lecture/view/2576621,2576621,논리회로설계실험,박준은,23년 1학기 수강자,3,레포트나 평소 과제는 쉬운 편이나 학기 말 짤막한 프로젝트 시간동안 학점이 판별납니다 어떤조는 이분야에 경험있는 사람들이 많으면 놀라운걸 만들기도 하지만 그렇지 못할 확률이 더 높아 힘듭니다,,,
2576621-034,https://everytime.kr/lecture/view/2576621,2576621,논리회로설계실험,박준은,23년 1학기 수강자,4,시험 없고 레포트는 열심히 쓰면 거의 다 만점 주셔서 변별력 없을것 같습니다. 매주 실습주제도 다른 분반과 똑같고 (살짝 추가된게 있긴함) 애초에 내용 자체가 안어려워서 부담 없습니다. 다만 텀프는 다른 분반과 달리 fpga 구현까지 해야하고 주제 난이도에 따른 가산점이 큰거 같아서 결국 팀운이 중요하긴 합니다.....,,,
2576621-035,https://everytime.kr/lecture/view/2576621,2576621,논리회로설계실험,박준은,23년 1학기 수강자,3,시험이 없고 레포트 기준도 굉장히 후하다보니 너무 작은 차이로도 학점이 쭉쭉 갈림. 초중반에 하는 코딩들은 전부 한번쯤은 해본 코딩들이라 어려울게 없지만 FPGA는 설명서랑 소스코드 몇 들고 하나하나 직접 해나가야하니 쉽지는 않습니다. 교수님 친절하심.,,,
2576621-036,https://everytime.kr/lecture/view/2576621,2576621,논리회로설계실험,박준은,23년 1학기 수강자,5,"솔직히 나쁘지 않은 것 같습니다. 학점도 꽤 잘 주신 것 같고 verilog 실습 자체는 어렵지 않습니다. 보고서도 필요한 부분을 다 채우면 넉넉히 주시는 것 같아요 다만 문제는 텀프인데, 너무 학기말에 시작해서 셤기간이랑 겹치기도 했고 fpga도 처음 시행하는 거라 어려움이 많았습니다. 다만 FPGA를 막 어려운거 보단 요구사항만 만족시키면 점수를 잘 주시는 것 같네요",,,
2576621-037,https://everytime.kr/lecture/view/2576621,2576621,논리회로설계실험,박준은,23년 1학기 수강자,4,과제는 뭐 거의 만점 주시고 텀프가 좀 할 게 많은데 튜토리얼 올려준 거 대충 이해하면 FPGA 구현 가능합니다. 거기에 주제 정하고 쉬운 알고리즘을 짜서 구현하면 되는데 다른 교수님 분반보다 구현 난이도는 훨씬 낮은듯. 시간도 덜 뺏기고,,,
2576621-038,https://everytime.kr/lecture/view/2576621,2576621,논리회로설계실험,박준은,23년 1학기 수강자,3,새로오신 교수님이라 걱정반기대반이었는데 일단 레포트는 들어갈내용이랑 tb작성만 잘 하면 거의 만점 받을 수는 있음. 그럼에도 불구하고 3점 준 이유는 일단 주위를 살펴보니 성적이 생각보다 잘 안나온 거 같음,,,
2576621-039,https://everytime.kr/lecture/view/2576621,2576621,논리회로설계실험,박준은,23년 1학기 수강자,3,꼭 들어가야할 내용만 적으면 레포트 점수는 잘 주는듯 다만 피드백없이 학기말에 점수만 통보해주는데 난 이게 맘에 안들었다. +잘 안달아주는듯,,,
2576621-040,https://everytime.kr/lecture/view/2576621,2576621,논리회로설계실험,박준은,23년 1학기 수강자,3,교수님은 좋으신 분인 것 같습니다. 다만 주차 보고서는 필요한 것만 들어가면 분량은 크게 상관없다고 하시는데 신경 좀 많이 쓰셔야할 것 같습니다. 보고서를 잘 요약해서 썼다고 생각해도 점수가 많이 깎여 의아하실 수 있습니다. 무엇 때문에 깎였는지도 말씀은 안해주십니다~,,,
2576621-041,https://everytime.kr/lecture/view/2576621,2576621,논리회로설계실험,박준은,23년 1학기 수강자,4,민교수님 퇴임하신건지 뭔지 현재 수업 안하셔서 관련수업들이 다 VHDL인걸로 아는데 이분은 베릴로그로 수업하십니다 그것만으로 가치는 있습니다. 제가 미천해서 성적에 불만 있진 않은데 플을 채워주시진 않는것 같습니다 챙길거 다 챙기고 기말플젝 주제를 쉽게 해서 점수 안나올거 아는데 B0뜸 교수님이 이번에 새로 부임하신분이고 수업 열성적이시고 학생들 가르치는것에 열의는 있으십니다 다만 FPGA는 설명서만 주시고 플젝하라고 하셔서 베릴로그 초보분들은 좀 고생하실겁니다 제가 그랬습니다 ㅠ 이것 때문에 별 하나 깠습니다,,,
2576621-042,https://everytime.kr/lecture/view/2576621,2576621,논리회로설계실험,박준은,23년 1학기 수강자,2,개인적으로 겁나 별로였다 걍 3주남기고 fpga툭 던져주고 수업동안 배웠던거가 10이라면 fpga만드는데 필요한 실력은 90임 학점도 본인은 후하다 하셨는데 그다지.. 본인이 코딩 실력이 뛰어나고 fpga만져보적 있다면 들으시길,,,
2576621-043,https://everytime.kr/lecture/view/2576621,2576621,논리회로설계실험,박준은,23년 1학기 수강자,4,텀프에서 팀플이 지옥임을 깨달음 신설교과라 학점에 대한 정보는 없음 본인 A0,,,
2576621-044,https://everytime.kr/lecture/view/2576621,2576621,논리회로설계실험,박준은,23년 1학기 수강자,5,"실습 내용을 이론부터 코딩까지 깔끔하게 짚어주셔서 배우는 데 어려움이 없고 난이도도 적절했습니다. 프로젝트의 경우 비바도와 FPGA를 이용해 자유주제로 진행되었는데, 배운 것을 적용하는 것이 상당한 시간을 잡아먹고 난이도가 있었지만 정말 많은 것을 배울 수 있습니다. 절대평가로 학점을 주셨고, 적당히 너그럽게 주시는 것 같습니다. 난이도, 시간소모, 배움, 학점 모두 만족스러우니 논회실을 듣게 된다면 꼭 이 수업을 추천합니다!",,,
2576621-045,https://everytime.kr/lecture/view/2576621,2576621,논리회로설계실험,박준은,23년 1학기 수강자,5,교수님 친절하시고 강의력도 좋으십니다. 매주 온라인 강의 듣고 코딩해서 수업에 가서 검사 맡고 가는 시스템이라 코딩 미리 해오면 검사만 받고 집에 갑니다. 매주 레포트 있지만 힘들지 않습니다. 마지막 텀프가 fpga이용한 자유주제 였는데 시간 좀 걸리겠지만 결과물 잘 나오면 성적 잘 주시는 듯 합니다.,,,
2576621-046,https://everytime.kr/lecture/view/2576621,2576621,논리회로설계실험,박준은,23년 1학기 수강자,4,교수님 호감입니다. 조교들도 괜찮습니다만 한 명은 문제가 좀 있었어요. 수업때 매번 이번 주 내용 미리 못 보고 왔다고 양해를 구했고 프로젝트 발표 날에도 교수님 옆에서 어리버리~,,,
2576621-047,https://everytime.kr/lecture/view/2576621,2576621,논리회로설계실험,박준은,23년 1학기 수강자,4,"학점은 아직 안 받았지만 교수님의 상세한 설명, 조교님들의 열정에 베릴로그를 진정으로 배우기에 좋았고, 마지막 텀프로젝트 또한 의미 있는 과제라서 배워가는건 많았다.",,,
2576621-048,https://everytime.kr/lecture/view/2576621,2576621,논리회로설계실험,박준은,23년 1학기 수강자,5,학점 아직 안 받았는데 교수님이랑 조교님들 너무 친절하시고 텀프 과제가 자유주제라 족보가 없다는 것도 장점중 하나인 것 같습니다! 물론 강의력도 좋으십니다,,,
2576621-049,https://everytime.kr/lecture/view/2576621,2576621,논리회로설계실험,박준은,23년 1학기 수강자,5,성적은 어케 주실지 모르겠는데 교수님이 너무 좋으십니다,,,
2576621-050,https://everytime.kr/lecture/view/2576621,2576621,논리회로설계실험,박준은,23년 1학기 수강자,5,아직 학점을 받지는 않았지만 베릴로그에 대해서 많은 것을 알 수 있어 좋았습니다. 굿굿,,,
2576621-051,https://everytime.kr/lecture/view/2576621,2576621,논리회로설계실험,박준은,23년 1학기 수강자,5,"옆동네 소스가 판치는 교수님 논회실보다 개인적으로 교수님 열정이 넘치시는 이쪽 논회실이 너 괜찮은 것 같습니다. 텀프도 자유주제라 팀별로 개성 넘치게 FPGA 디자인 가능하고 강의도 엄청 열심히, 꼼꼼하게 하셔서 배울 점이 많은 수업이었습니다.",,,
2576621-052,https://everytime.kr/lecture/view/2576621,2576621,논리회로설계실험,박준은,23년 1학기 수강자,5,그냥 교수님이 착하셔서 좋았습니다 추천드릴게용,,,
2576621-053,https://everytime.kr/lecture/view/2576621,2576621,논리회로설계실험,박준은,23년 1학기 수강자,5,"아직 학점은 받지도 않았지만 지금 적어도 될 것 같습니다. 교수님의 꼼꼼한 설명과 친절함에 있어서 만족도가 높았습니다. 텀프는 자유주제이고, 조교님들께서 매우 친절하셔서 많이 배웠습니다. 학점은 과연 잘 주실련지가 관건이네요",,,
2377029-001,https://everytime.kr/lecture/view/2377029,2377029,논리회로설계실험,전일용,26년 1학기 수강자,5,유익했다. 베릴로그의 기본은 할 줄 알게 됐다.,,,
2377029-002,https://everytime.kr/lecture/view/2377029,2377029,논리회로설계실험,전일용,26년 1학기 수강자,4,나쁘지 않습니다.... 근데 힘드러요ㅜㅜ 흑흑,,,
2377029-003,https://everytime.kr/lecture/view/2377029,2377029,논리회로설계실험,전일용,26년 1학기 수강자,5,개꿀 족보 있음 더 개꿀 시험 없음. 그냥 무조건 들어라 이게 개꿀 맞다,,,
2377029-004,https://everytime.kr/lecture/view/2377029,2377029,논리회로설계실험,전일용,26년 1학기 수강자,5,아 진짜 좋네요~~~ 무조건 논회실은 이거 들어요,,,
2377029-005,https://everytime.kr/lecture/view/2377029,2377029,논리회로설계실험,전일용,26년 1학기 수강자,5,과제 족보대로 하면 만점임. 날먹 과목인듯하다. 그런 대신 얻어가는게 없다.. 그래도 본인이 열심히하면 수업 내용은 알차기 때문에 얻어가는것이 있을것,,,
2377029-006,https://everytime.kr/lecture/view/2377029,2377029,논리회로설계실험,전일용,25년 2학기 수강자,5,제대로 프로젝트 준비하신다면 얻어갈게 많습니다 다만 과제 한 번이라도 안내면 에이플은 날아갈겁니다,,,
2377029-007,https://everytime.kr/lecture/view/2377029,2377029,논리회로설계실험,전일용,25년 2학기 수강자,4,교수님 절대 건들면 안 돼요.. 엄청나게 예민하셔서 작은 일에도 발작하심. 대신 텀프는 도움 많이 됐어요. 성적도 잘 주셨습니다.,,,
2377029-008,https://everytime.kr/lecture/view/2377029,2377029,논리회로설계실험,전일용,26년 1학기 수강자,4,강의자료 재탕하면서 오류도 매번 그대로인 수업 내용 학습보다는 교수님이 주신 조건을 만족해서 점수가 안깎이는 싸움,,,
2377029-009,https://everytime.kr/lecture/view/2377029,2377029,논리회로설계실험,전일용,25년 2학기 수강자,5,"교수님 설명은 장황하나 매년 강의, 과제 재탕임 족보 표절 검사 안해서 꿀",,,
2377029-010,https://everytime.kr/lecture/view/2377029,2377029,논리회로설계실험,전일용,25년 겨울 수강자,3,"스스로 프로젝트 하게 된다면 얻어가는 건 많을 수 있는 강의입니다. 그러나 족보가 정말 많이 돌고 그러다 보니 과제 점수가 다들 높습니다. 그리고 커트라인을 총 점수를 내서 95점, 90점 이런 식으로 성적 커트를 나누어서 과제에서 한 번 잘 못 깎이면 에이쁠 받기가 정말 어려워집니다. 학점 잘 받으려면 형식 잘 확인하고 족보 보면서 빠진 건 없는지 계속 확인 해야할 것 같습니다.",,,
2377029-011,https://everytime.kr/lecture/view/2377029,2377029,논리회로설계실험,전일용,25년 2학기 수강자,4,"족보가 있어야 수월하지만, 지피티써도 쉽게 해결됩니다. 초반에 과제형식 맞추느라 힘들지만, 나중가서는 익숙해졌습니다. 배운 verilog 디지털 설계에 도움되서, 이 분야로 나갈때 처음 배우기 좋았던 거 같습니다",,,
2377029-012,https://everytime.kr/lecture/view/2377029,2377029,논리회로설계실험,전일용,25년 여름 수강자,5,텀프에 가장 많은 노력을 기울여야 해요. 학점은 잘 주시는 것 같습니다.,,,
2377029-013,https://everytime.kr/lecture/view/2377029,2377029,논리회로설계실험,전일용,25년 2학기 수강자,5,팀프빼면 과제는 족보 없어도 크게 어렵진 않습니다. 조 잘만나는게 중요한 거 같습니다.,,,
2377029-014,https://everytime.kr/lecture/view/2377029,2377029,논리회로설계실험,전일용,25년 2학기 수강자,1,평가가 제대로 이루어지고 있는지 의문인 수업입니다. 마지막 텀프의 경우 코드에 대해서는 어떻게 평가가 이루어지는지 모르겠습니다.,,,
2377029-015,https://everytime.kr/lecture/view/2377029,2377029,논리회로설계실험,전일용,25년 겨울 수강자,4,텀프전까지 나오는 과제는 할만했지만 텀프는 좀 버거웠습니다. 공부하기에 시간도 살짝 부족했던것같네요,,,
2377029-016,https://everytime.kr/lecture/view/2377029,2377029,논리회로설계실험,전일용,25년 2학기 수강자,5,다른건 다 날먹이지만 마지막 텀프에 많은 신경을 써야함,,,
2377029-017,https://everytime.kr/lecture/view/2377029,2377029,논리회로설계실험,전일용,25년 겨울 수강자,4,"날먹수업임. 주차과제는 은근히 깎이는게 많음. 그래서 최대한 뭐라도 많이써서 내면될듯. 텀프가 문젠데. 저는 족보없이 진짜 requirement 다 만족해서 짰지만(자신할수있음) 보고서에 그 내용을 제대로 전달못해서 감점당함. 근데 웃긴건 코드를 검사안하시는 듯 하니 만점레포트 족보가 있으면 그거대로 쓰면 될것같음ㅋㅋ. 즉, 레포트 잘써야 점수가 나온다는뜻.",,,
2377029-018,https://everytime.kr/lecture/view/2377029,2377029,논리회로설계실험,전일용,25년 2학기 수강자,5,텀프 족보를 구하면 3일 빡세게 해서 완성할 수 있음 학점을 잘줌,,,
2377029-019,https://everytime.kr/lecture/view/2377029,2377029,논리회로설계실험,전일용,26년 1학기 수강자,5,절대평가에 수업은 영상으로 보고 10주차까지 코딩하고 매주 보고서 쓰면됨 오프라인때는 출석만하고 나가도 됨 개꿀임. 텀프도 족보 구해서 하면 굳굳,,,
2377029-020,https://everytime.kr/lecture/view/2377029,2377029,논리회로설계실험,전일용,25년 겨울 수강자,4,계절로 후딱 끝내는게좋은거같아요 텀프는 제대로 구현하는 팀이 없는거같고 채점기준도 사실 잘 모르겠네요 그래도 과제랑 출석 만점이면 A+ 받을만해요,,,
2377029-021,https://everytime.kr/lecture/view/2377029,2377029,논리회로설계실험,전일용,25년 겨울 수강자,5,보고서 어느정도 쓰고 과제점수 잘나오면 에이까지는 무난하게 받는것같다 족보있으면 그냥 날먹가능인듯,,,
2377029-022,https://everytime.kr/lecture/view/2377029,2377029,논리회로설계실험,전일용,25년 2학기 수강자,5,보고서만 잘쓰고 텀프만 구현성공하면 무난하게 받아갈수 있습니다,,,
2377029-023,https://everytime.kr/lecture/view/2377029,2377029,논리회로설계실험,전일용,25년 겨울 수강자,5,"학점 너그러운 편이지만 95이상 에쁠, 90이상 에제 이런 식으로 5점 단위로 끊기 때문에 에이 비율은 학기마다 들쭉날쭉합니다. 이번 겨울 계절때는 에이쁠 절반, 에제 75%정도 나왔어요. 팀플 기여도평가같은거 없이 모두 동일점수니까 최대한 회로설계 유경험자랑 팀 짜세요. 2학년 갓 마친 4인방이 텀프 한다고 하면 생각만해도 아찔합니다.",,,
2377029-024,https://everytime.kr/lecture/view/2377029,2377029,논리회로설계실험,전일용,25년 2학기 수강자,4,"10주차까지 총 9번의 레포트 (각 5점) + 11주차부터 4주간 FPGA 프로젝트(총 35점) 온라인 출석 10점, 오프라인 출석 10점이고 총 100점 만점에 95점까지 A+, 90점까지 A0 이런식으로 학점을 주십니다. 레포트는 평가 항목이 전부 작성됐는지, 코드가 정상 작동하는지로 평가하시는 것 같습니다. 족보 참고해서 쓸 내용 다 작성하면 A+ 받으실 수 있습니다. 팀원은 꼭 아는 사람으로, 열심히 참여할 사람으로 구하세요. 안그랬다간 힘들어집니다.",,,
2377029-025,https://everytime.kr/lecture/view/2377029,2377029,논리회로설계실험,전일용,25년 2학기 수강자,3,조 잘 만나야합니다.. 아는 사람이어도 생각보다 빌런일수도 있다는 걸 이번에 처음 알았어요 에이쁠은 보통 절평이니까 60퍼정도 주신다고 하셨는데 실제로는 20퍼정도 주십니다! 참고하세요,,,
2377029-026,https://everytime.kr/lecture/view/2377029,2377029,논리회로설계실험,전일용,25년 2학기 수강자,4,텀프가 꽤나 어렵지만 실험치고는 스트레스 안 받은 편. 팀원을 잘 만나세요,,,
2377029-027,https://everytime.kr/lecture/view/2377029,2377029,논리회로설계실험,전일용,25년 2학기 수강자,5,족보 있으면 주차 과제는 비교적 쉽게 할 수 있는데 텀프가 생각보다 더 힘들었어요. 모델심도 처음 사용하면 적응하는데 좀 걸리실 거예요 시험 안보는건 좋았어요,,,
2377029-028,https://everytime.kr/lecture/view/2377029,2377029,논리회로설계실험,전일용,25년 2학기 수강자,4,2학점이지만 시간 투자는 4학점 급으로 한듯...,,,
2377029-029,https://everytime.kr/lecture/view/2377029,2377029,논리회로설계실험,전일용,25년 1학기 수강자,4,족보있으면 텀프 쉽게 끝낼수 있어요 조금 화내시기는 하지만 성적은 잘 주김,,,
2377029-030,https://everytime.kr/lecture/view/2377029,2377029,논리회로설계실험,전일용,25년 2학기 수강자,5,시험없는거는 정말 좋습니다 매주 주차과제는 하다보면 익숙해져서 편하고 마지막 텀프가 좀 스트레스 받습니다,,,
2377029-031,https://everytime.kr/lecture/view/2377029,2377029,논리회로설계실험,전일용,25년 2학기 수강자,5,주차과재는 족보로 쉽게 날먹 가능하지만 마지막 텀프는 족보 있어도 꽤나 빡셉니다...,,,
2377029-032,https://everytime.kr/lecture/view/2377029,2377029,논리회로설계실험,전일용,25년 2학기 수강자,5,"매주 있는 과제만 버티고, 텀프만 잘 하면 됩니다. 성적 잘 주시고 족보 있으면 난이도가 매우 낮아집니다.",,,
2377029-033,https://everytime.kr/lecture/view/2377029,2377029,논리회로설계실험,전일용,25년 2학기 수강자,4,족보 많이 타요 텀프 미리 알려주신다 했는데 늦게 알려주심 그리고 족보만 있다고 되는 건 아닌 것같아요…,,,
2377029-034,https://everytime.kr/lecture/view/2377029,2377029,논리회로설계실험,전일용,25년 2학기 수강자,5,처음 모델심 다운받을 때 벽을 느낌. 모델심 쓰다가 진짜 별 오류 다 보면서 벽을 느낌. 주차별 과제는 나름 따라갈만한데 마지막 텀프는 진짜 설명도 부실하고 학부생 수준으로 할 수 있는게 아님. 성적은 퍼주신다고 하니 부담은 덜 한데 스트레스 끝없이 받는 과목,,,
2377029-035,https://everytime.kr/lecture/view/2377029,2377029,논리회로설계실험,전일용,25년 2학기 수강자,4,아직 매주 레포트 제출중이기는 함 음... 수업 시간에도 호명하면 바로 집 가고 알아서 하는 중인데 팀플 시작하고 나면 악명이 높은 과목,,,
2377029-036,https://everytime.kr/lecture/view/2377029,2377029,논리회로설계실험,전일용,25년 1학기 수강자,5,족보 있으면 개꿀입니다 가끔 화 많이 내시긴 하는데 그냥 그거만 잘 넘기면 낫밷,,,
2377029-037,https://everytime.kr/lecture/view/2377029,2377029,논리회로설계실험,전일용,25년 2학기 수강자,5,교안 재탕이라 잘 확인하고 할 것. 잘못보면 실수할 가능성 농후,,,
2377029-038,https://everytime.kr/lecture/view/2377029,2377029,논리회로설계실험,전일용,25년 2학기 수강자,4,주차과제는 큰 부담은 없지만 교안이 재탕이라 잘 확인해야함,,,
2377029-039,https://everytime.kr/lecture/view/2377029,2377029,논리회로설계실험,전일용,25년 2학기 수강자,5,처음 모델심 쓴다면 익숙하는게 힘들긴 하지만 족보랑 인터넷 검색하면서 하면 점점 쉬워집니다.,,,
2377029-040,https://everytime.kr/lecture/view/2377029,2377029,논리회로설계실험,전일용,25년 1학기 수강자,4,가끔씩 화내시지만 족보있으면 꿀인 과목 화이팅ㅎㅎ,,,
2377029-041,https://everytime.kr/lecture/view/2377029,2377029,논리회로설계실험,전일용,25년 2학기 수강자,5,교수님이 절대적으로 갑인 수업 한학기에 두번 뵀는데 두번 다 소리지르시면서 화내셨다 그럼에도 온라인 강의도 괜찮았고 텀프도 하고 나니 뿌듯했음,,,
2377029-042,https://everytime.kr/lecture/view/2377029,2377029,논리회로설계실험,전일용,24년 1학기 수강자,5,족보를 구하시면 편하실겁니다. 아니 구하셔야 합니다.,,,
2377029-043,https://everytime.kr/lecture/view/2377029,2377029,논리회로설계실험,전일용,25년 1학기 수강자,4,매주 보고서에 마지막에 텀프하는데 텀프 비중이 크긴 하지만 보고서도 너무 소홀히 하면 예상 못했던 부분에서 점수가 깎일 수 있어요,,,
2377029-044,https://everytime.kr/lecture/view/2377029,2377029,논리회로설계실험,전일용,25년 여름 수강자,5,텀프로젝트가 어렵긴 하지만 족보 있으면 편하게 들을 수 있습니다. 학점도 잘 주십니다.,,,
2377029-045,https://everytime.kr/lecture/view/2377029,2377029,논리회로설계실험,전일용,25년 1학기 수강자,4,족보만 구하면 성적은 잘 받을 수 있음. 조교분들도 질문하면 답변 잘 해주셔서 좋음.,,,
2377029-046,https://everytime.kr/lecture/view/2377029,2377029,논리회로설계실험,전일용,25년 1학기 수강자,4,정말 전형적인 학점 미화과목입니다 교수님이 왜 화를 내시는지 납득이 안갑니다 ex) 너네는 수업을 태도가 문제있다고 화를 내심 하지만 교수님은 작년 ppt를 재탕하셔서 ppt 오류를 수정도 안하고 오셨습니다 족보는 필수이고 여러개를 보시는거 추천드립니다,,,
2377029-047,https://everytime.kr/lecture/view/2377029,2377029,논리회로설계실험,전일용,25년 여름 수강자,5,계절로 수강했습니다. 빡세긴 한데 족보 구하면 좀 낫구요 사실상 필수라고 생각합니다 개인적으로 과목 들으면서 여러 가지 일이 있었는데 학점미화가 잘 되는 과목이라고 생각합니다 열심히 한 만큼 돌려받을 수 있는 수업이라 이게 가장 좋았네요 들을 예정인 분들은 짧고 굵게 계절로 들으시길 추천합니다,,,
2377029-048,https://everytime.kr/lecture/view/2377029,2377029,논리회로설계실험,전일용,25년 여름 수강자,5,족보 무조건 구하세요... 그래도 회설 기초 베릴로그를 배울 수 있는 수업이니 들어야 하긴 합니다...ㅎ,,,
2377029-049,https://everytime.kr/lecture/view/2377029,2377029,논리회로설계실험,전일용,25년 여름 수강자,5,족보 봐도 뭔소린지 안읽히는데 이틀정도 꾸역꾸역 읽으면 이해돼요. A+ 많이 주니까 스트레스 받지 마시고..,,,
2377029-050,https://everytime.kr/lecture/view/2377029,2377029,논리회로설계실험,전일용,25년 여름 수강자,4,강의가 짧은건 맞으나 개념을 이해하기엔 충분한 강의였음. 계절이어서 매일매일 과제가 있었는데 족보가 있어서 할만했음 텀프는 악명대로 정말 어렵고 족보를 꼭 구하길... 과제에서도 은근 깎이닌까 조심하시길... A+은 절반이상 채워주시닌까 꿀강이 맞는듯 강의 내용도 알차고 배워가는게 많은 과목이었음 텀프도 어렵긴하지만 배워가는게 많았음.,,,
2377029-051,https://everytime.kr/lecture/view/2377029,2377029,논리회로설계실험,전일용,25년 1학기 수강자,5,텀프로젝트 열심히 하면 얻어가는게 있다. 동영상 강의라서 보기 편하다.,,,
2377029-052,https://everytime.kr/lecture/view/2377029,2377029,논리회로설계실험,전일용,25년 1학기 수강자,4,족보 없으면 진짜 어떻게 하지? 그래도 학점 미화,,,
2377029-053,https://everytime.kr/lecture/view/2377029,2377029,논리회로설계실험,전일용,25년 1학기 수강자,5,학점은 에이쁠 한 6-70프로입니다 마지막 텀프 하나 있는게 이게 좀 시간노력 많이 들어가긴합니다. 족보있으먼 원활할거에요 과제 신경써서 빼먹는거 없게하세요 생각보다 큽니다 시험은 없습니다,,,
2377029-054,https://everytime.kr/lecture/view/2377029,2377029,논리회로설계실험,전일용,25년 1학기 수강자,5,교수님이 가끔 화를 엄청 내시긴 합니다. 족보만 있으면 엄청 편하고 학점은 그냥 뿌리는 수준입니다,,,
2377029-055,https://everytime.kr/lecture/view/2377029,2377029,논리회로설계실험,전일용,25년 1학기 수강자,3,교수님 성격이 이상해서 학점과 별개로 수업에 많이 오시지도 않았지만 올때마다 이해되지 않는 이유로 화만 쏟아내다 가셨습니다. 교수가 머라하던 상관 1도 안쓰이면 꿀강 이 교수님 랩실은 처다도 안볼듯,,,
2377029-056,https://everytime.kr/lecture/view/2377029,2377029,논리회로설계실험,전일용,25년 1학기 수강자,5,이번 학기 교수님이 극대노하고 불친절하긴했지만 학점 만 잘줘서 난 만족,,,
2377029-057,https://everytime.kr/lecture/view/2377029,2377029,논리회로설계실험,전일용,25년 1학기 수강자,5,"매주 있는 과제, 푸는건 어렵지도 않고 족보도 있으니까 쉽게 할 수 있겠지만 보고서를 꼼꼼히 써야 감점받지 않습니다 텀프점수 90점 이상이여야 + 과제만점 (또는 90점넘고 과제감점) 해야 A+권 들어가요 얘도 보고서에서 다들 깎이는듯 systolic array에서의 dataflow를 정확히 명시하세요 안해서 감점된 조 많음",,,
2377029-058,https://everytime.kr/lecture/view/2377029,2377029,논리회로설계실험,전일용,25년 1학기 수강자,5,매주 레포트 있고 마지막에 텀프함. 교수님이 수업에 신경을 안쓰심. 학점은 되게 잘 주시는듯,,,
2377029-059,https://everytime.kr/lecture/view/2377029,2377029,논리회로설계실험,전일용,25년 1학기 수강자,5,족보 꼭 구하세요. 교수님은 무서우신데 학점 잘 주시던 거 같아요.,,,
2377029-060,https://everytime.kr/lecture/view/2377029,2377029,논리회로설계실험,전일용,25년 1학기 수강자,5,족보를 못 구함 = 지옥을 맛보개 될 것임 족보를 구함 = 매주 제출하는 레포트? 족보 대충 보고 코드 슥 고쳐서 한글로 대충 쓰고 gpt로 번역 딸깍 돌리면 끝..이긴 한데 이번 학기 조교님들이 채점을 굉장히 깐깐하게 하셔서 소소한 감점 요소가 있었다. 레포트 쓸 때 꼭 족보랑 waveform 선 하나하나 잘 비교해보면서 실수한 거 없는지 잘 체크해라 텀프도 마찬가지로 족보 보고서 정독하고 3일 정도 gpt랑 멱살 잡고 맞다이 깐 후에 머리털 한 웅큼 정도 쥐어뜯다 보면 결국 구현이 되긴 한다. 그러니까 파이팅입니다 미리. ㅡㅡㅡㅡ그 외 부분에 대한 코멘트ㅡㅡㅡㅡ 교수님이 수업에 딱 두 번 오셨는데 올 때마다 별 희한한 이유로 극대노하셔서 불편했다. 그렇게 미국이 좋고 한국 학생들이 왓더뻑 얼유가이즈빡킹킨더가든? 등록금ㅈ도안내면서이렇게좋은수업제공해주는걸진짜고마운줄알아라미국은말야미국은등록금이얼만지알아너넨진짜이학교이수업들어서인생핀줄알아야해 왜뒷자리에앉아있어수업들을의지가없냐이버르장머리없고게을러터진새끼들아앞으로땡겨서쳐앉으라고상도덕이없냐(근데 앞자리가 이미 꽉 찼음 빈자리가 없으니까 당연히 뒤에 앉았는데 광역으로 욕 두시간 쳐먹음 그럼 뭐 썅 서로 무릎 위에 겹쳐 앉아서 쎄쎄쎄라도 할까요 교수님?) 아무튼 학점은 잘 주고 교수님은 뭐 돌아이 분조장으로 유명하니까 무시하면 되어서 좋은 수업이라 평가함,,,
2377029-061,https://everytime.kr/lecture/view/2377029,2377029,논리회로설계실험,전일용,25년 1학기 수강자,1,언행이 강하시다 화를내심 딱히뭘배우는지 잘모르겟음 독학,,,
2377029-062,https://everytime.kr/lecture/view/2377029,2377029,논리회로설계실험,전일용,25년 1학기 수강자,1,학생에 대한 예의가 진짜 1도 없음. 10주동안 얼굴도 안비치고 그냥 출석만 부르고 끝나더니 11주차때 와서 수업 들을 준비가 안됐다고 화냄. 그러고는 공부 안한다고 급발진하면서 텀프는 언제까지 제출인지 안알려주고 당일날 제출하라 공지올림. 역대 최악의 강의이자 최악의 교수라 생각함.,,,
2377029-063,https://everytime.kr/lecture/view/2377029,2377029,논리회로설계실험,전일용,25년 1학기 수강자,5,족보구해서 공부하면서 하면 잘돼여 텀프는 좀 어려운듯…,,,
2377029-064,https://everytime.kr/lecture/view/2377029,2377029,논리회로설계실험,전일용,24년 2학기 수강자,4,족보 구해서 과제 하시고 팀원들 잘 만나면 좋은 점수 받아가실 수 있습니다,,,
2377029-065,https://everytime.kr/lecture/view/2377029,2377029,논리회로설계실험,전일용,25년 1학기 수강자,5,그냥 레포트는 족보대로 작성하면 무난하게 점수 받아갈 수 있습니다,,,
2377029-066,https://everytime.kr/lecture/view/2377029,2377029,논리회로설계실험,전일용,25년 1학기 수강자,3,크아악 절대평가가 아니었으면 에타 평점 2점 정도 내려갈 강의 대신 교수님께서 학생 편의 봐주시고 친절하십니다,,,
2377029-067,https://everytime.kr/lecture/view/2377029,2377029,논리회로설계실험,전일용,24년 2학기 수강자,2,"족보 있으면 꿀이고, 없으면 지옥임. 마지막 기말프로젝트는 족보없으면 절대 자력으로 못함.",,,
2377029-068,https://everytime.kr/lecture/view/2377029,2377029,논리회로설계실험,전일용,24년 겨울 수강자,4,족보가 없으먼 하기 힘들다는 말에는 동의 교수가 수업을 대충 한다는 말에도 동의 텀프가 빡세다는 말도 동의 얻어가는게 없다는 말에는 완전 비동의 모델심이라는 프로그램은 처음 써보지만 비바도는 이미 써본 경험이 있어서 본인은 프로그램 사용하는거는 어렵지 않았음 족보가 있다면 구현은 베껴서 하더라도 보고서는 충분히 족보 참고해서 본인이 공부하고 이해하고 쓸 수 있음 물론 당연히 어렵기야 하지만 학부생 수준에서 고차원적인 rtl 설계를 경험할 수 있는 기회가 얼마나 될까 싶음 회로설계 직무를 희망한다면 수강하는 것이 분명 도움이 많이 될 것이라 생각함 (물론 족보 구하는건 무조건 필요합니다),,,
2377029-069,https://everytime.kr/lecture/view/2377029,2377029,논리회로설계실험,전일용,24년 겨울 수강자,2,"수업이 전반적으로 나쁘지는 않습니다만, 텀프가 쉽지않아요.",,,
2377029-070,https://everytime.kr/lecture/view/2377029,2377029,논리회로설계실험,전일용,24년 겨울 수강자,1,이 강의 들을 예정이라면 시작 전에 반드시 족보를 구할 것. 학교 다니면서 들었던 강의 중 최악. 그냥 모든 수업이 족보가 필요함. 족보로 레포트 쓰고 족보로 텀프 함. 성적 잘 준다고 하지만 족보 있을 때 기준임. 족보 없이 레포트 점수 까이고 텀프 보고서 족보대로 안 쓰면 A+ 날아간다고 생각하면 됨. 프로그램 사용 방법에 대한 그 어떤 안내도 안하면서 매번 쓰는 레포트에는 이 프로그램 써서 시뮬 결과를 첨부해야 됨. 그리고 교수는 본인은 안내 의무가 없다고 함. 교수는 수업 안하고 강의 영상 올리는데 옛날에 대충 설명한 거 찍은 거임.,,,
2377029-071,https://everytime.kr/lecture/view/2377029,2377029,논리회로설계실험,전일용,24년 겨울 수강자,4,계절학기 특성상 빡셀 수 밖에 없음. 근데 텀 프로젝트 할 때 사용하는 프로그램에 대해 설명이 매우 열악해서 힘들었음. 그래서 4점. 나머지는 그럭저럭,,,
2377029-072,https://everytime.kr/lecture/view/2377029,2377029,논리회로설계실험,전일용,24년 겨울 수강자,3,그냥 무난 1. 교수강의 너무 건성 주차 수업 영상이 20-30분대;; 2. 주차과제 easy 3. 텀프는 5일안에 끝내기 매우 빡셈 but 거의 모든팀 구현 통과하는 걸로봐서 다들 든든한 족보가 있었을거라고 예상 족보없으면 시간안에 구현못함 4. 학점 잘준다니까 good 대학수업 큰 기대안해서 그냥 뭐 학점잘주면 장땡 계절로 듣는거 추천 걍 빠르게집중해서 전공하나 끝낼수있음,,,
2377029-073,https://everytime.kr/lecture/view/2377029,2377029,논리회로설계실험,전일용,24년 겨울 수강자,3,계절학기에 들었습니다. 딴건 괜찮은데 마지막 1주에 FPGA 구현을 몰아서 하려니 빡셈,,,
2377029-074,https://everytime.kr/lecture/view/2377029,2377029,논리회로설계실험,전일용,24년 겨울 수강자,1,"대학교 시스템의 문제를 여실히 보여주는 강의이다. - 옛날에 찍어놓은 강의만 올려놓고 교수는 아무것도 안 함, 심지어 그 동영상 강의조차 대충 - 수업을 하지도 않고, 수업시간에는 질문할 사람만 남고 집에 가도 된다는 조교, 출석만 하고 다 집에 감 - 난이도 조절도 없이 심각하게 어려운 기말 프로젝트를 ppt 몇 개 던저주고 해오라는 뻔뻔함 - 심지어는 쓰는 툴에 대해서 하나도 설명 안해주고 자기들이 설명해줄 의무가 없다고 말함 배운게 없는 건 아니지만 그냥 강의를 안 듣고 혼자 베릴로그 기초 문법부터 공부하는게 낫습니다.",,,
2377029-075,https://everytime.kr/lecture/view/2377029,2377029,논리회로설계실험,전일용,24년 여름 수강자,4,학점느님 텀프는 개빡심 무조건 족보있어야함요,,,
2377029-076,https://everytime.kr/lecture/view/2377029,2377029,논리회로설계실험,전일용,24년 2학기 수강자,5,빠르게 수강하세요. 일년에 네번씩 족보가 돌고 도니 언제 터질지 모르는 폭탄입니다,,,
2377029-077,https://everytime.kr/lecture/view/2377029,2377029,논리회로설계실험,전일용,24년 1학기 수강자,5,족보 있으면 그냥 끝나는 과목 낭낭하게 학점 챙겨가실수 있습니다,,,
2377029-078,https://everytime.kr/lecture/view/2377029,2377029,논리회로설계실험,전일용,24년 2학기 수강자,5,개꿀인데 FPGA가 좀 어려워요 하지만 족보가 있다면 해결가능ㅋㅋ,,,
2377029-079,https://everytime.kr/lecture/view/2377029,2377029,논리회로설계실험,전일용,24년 2학기 수강자,4,예비보고서 없는 점 너무 좋습니다. 마지막 텀프가 어렵습니다.,,,
2377029-080,https://everytime.kr/lecture/view/2377029,2377029,논리회로설계실험,전일용,24년 2학기 수강자,5,"강의 듣는 것에 대한 부담이 없어서 좋은데, 그렇기에 과제랑 텀프는 혼자서 하는 느낌입니다.",,,
2377029-081,https://everytime.kr/lecture/view/2377029,2377029,논리회로설계실험,전일용,23년 2학기 수강자,5,다른 실험에 비해서 학점에 대한 스트레스가 적은 것 같습니다.,,,
2377029-082,https://everytime.kr/lecture/view/2377029,2377029,논리회로설계실험,전일용,24년 2학기 수강자,5,학점 널널하게 준다해서 좋음. 많은 수강생이 동시에 에이플 가능할수도?,,,
2377029-083,https://everytime.kr/lecture/view/2377029,2377029,논리회로설계실험,전일용,24년 여름 수강자,5,시험은 없고 마지막 프로젝트가 있습니다. 근데 프로젝트가 기존 과제랑 연관성이 거의 없어서 정말 힘들었어요… 과제는 매일 나오는데 쉬워서 그냥 수업 때 출첵만 하고 집에 가도 됩니다. 프로젝트 전까지는 개꿀이었는데 프로젝트가 헬이어서 좀 힘들었어요. 하지만 이 정도면 꿀 과목이라고 생각합니다,,,
2377029-084,https://everytime.kr/lecture/view/2377029,2377029,논리회로설계실험,전일용,24년 여름 수강자,5,"매일 주는 과제는 난이도가 높지는 않지만 당일 실험 당일 제출이라 시간적인 여유가 없습니다. 하지만 족보가 있어서 다들 무난하게 하실 수 있습니다. 없더라도 크게 어렵지 않습니다. 텀프는 시간이 매우 빠듯하고, 어렵습니다. 족보를 미리 구해서 숙지하실 것을 추천드립니다.",,,
2377029-085,https://everytime.kr/lecture/view/2377029,2377029,논리회로설계실험,전일용,24년 1학기 수강자,4,만족스럽습니다만 교수님과의 소통이 안되서 조금 힘들었습니다. 조교님들 또한 교수님과 이야기가 안되서 공지나 가이드라인이 정확히 전달이 안되어 조금 불편함을 느꼈습니다.,,,
2377029-086,https://everytime.kr/lecture/view/2377029,2377029,논리회로설계실험,전일용,24년 1학기 수강자,5,딴데에 비하면 텀프 쉬운거같음 우리조는 2주만에 fpga구현까지 끝냈음 다만 텀프시작하고 15주차까지 아무 공지나 소통이 없다는게 아쉬울따름,,,
2377029-087,https://everytime.kr/lecture/view/2377029,2377029,논리회로설계실험,전일용,24년 1학기 수강자,5,텀프가 꽤 빡셌지만 Verilog를 사용하다보니 그만큼 얻어가는게 꽤 있다고 생각한 과목. FPGA가 제대로 작동하는 것을 보고 성취감 씨게 느꼈음.,,,
2377029-088,https://everytime.kr/lecture/view/2377029,2377029,논리회로설계실험,전일용,24년 1학기 수강자,5,기말 프로젝트가 매우 빡셈 족보가 있더라도 바로 이해할 가능성은 없음 어느정도 시간 투자해야함 혼자 못함,,,
2377029-089,https://everytime.kr/lecture/view/2377029,2377029,논리회로설계실험,전일용,24년 1학기 수강자,5,팀 잘 만났다 행복하다 나는 운이 좋은 것 같다 팀원에게 사랑한다고 말하고 싶다,,,
2377029-090,https://everytime.kr/lecture/view/2377029,2377029,논리회로설계실험,전일용,23년 겨울 수강자,5,계절로 들어서 매일 레포트 제출해야하는게 좀 힘들었음 그러나 학점으로 미화됨,,,
2377029-091,https://everytime.kr/lecture/view/2377029,2377029,논리회로설계실험,전일용,23년 겨울 수강자,5,겨울에 들엇는데 정말 유익한 수업이었네요 시스톨릭 어레이 다루는 텀프인데 정말 잘 준비하서야해요 !,,,
2377029-092,https://everytime.kr/lecture/view/2377029,2377029,논리회로설계실험,전일용,23년 겨울 수강자,3,절대계절로듣지마세요 체질이라는게바뀝니다,,,
2377029-093,https://everytime.kr/lecture/view/2377029,2377029,논리회로설계실험,전일용,23년 겨울 수강자,5,"10주차까지는 단순 작업이오, 텀프는 시련이다만 학점은 구원이리니",,,
2377029-094,https://everytime.kr/lecture/view/2377029,2377029,논리회로설계실험,전일용,23년 겨울 수강자,1,학점 퍼주고 말고의 문제가 아닙니다 10주차까지 보고서 쓰는거는 그럴저럭 하면 되는데 팀플이 말이 안됩니다 쭉 모델심만 쓰게 하다가 마지막주에 교안하나 던져놓고 vivado돌리고 합성하라고 시키면서 시연못하면 그걸로 점수 깎는게 아직도 생각하면 어이가 없네요,,,
2377029-095,https://everytime.kr/lecture/view/2377029,2377029,논리회로설계실험,전일용,23년 2학기 수강자,1,매주하는 과제 다해도 마지막 과제 못하면 꽝 자세한 설명 없이 어려운 텀프로젝트 나옴,,,
2377029-096,https://everytime.kr/lecture/view/2377029,2377029,논리회로설계실험,전일용,23년 2학기 수강자,3,"10주차까지는 할만하나, 텀프부터 지옥시작. 특히 모듈을 다 만들었어도 FPGA 연결하는 부분에서 막힘. FPGA 연결에 대해 제대로 알려주지도 않고 그냥 하라는게 너무 무책임한듯. 잘하는 팀원 만나는게 최고의 축복.",,,
2377029-097,https://everytime.kr/lecture/view/2377029,2377029,논리회로설계실험,전일용,23년 2학기 수강자,3,과제는 그냥 할만하고 수업도 출석만 해서 돼서 좋음 텀프 fpga는 하면 알거임.. ㅋ ㅋ ^^ 알려쥬는것도 없고 힘만 들고.. 학점은 잘 준다햇는데아직 안받아봐서 모름,,,
2377029-098,https://everytime.kr/lecture/view/2377029,2377029,논리회로설계실험,전일용,23년 여름 수강자,5,23년 여름 계절 수강 2주 동안 매일 베릴로그 코딩 레포트 하나씩냄 - 거의 다들 만점이니 점수 깎이지 않도록 조교님의 지시사항 잘 지켜서 내시면 됩니다 마지막주에 텀프 진행하는데 5일만에 완성하기 매우 힘들기때문에 2주차부터는 족보보면서 이해하시는거 추천드립니다,,,
2377029-099,https://everytime.kr/lecture/view/2377029,2377029,논리회로설계실험,전일용,23년 1학기 수강자,3,텀프가 정말 시간이 많이 소요됨 열심히 하면 알티엘 설계 능력을 기를수는 있음 합성까지는 안하고 딱 검증까지만 배움 팀원 잘 많나는게 중오,,,
2377029-100,https://everytime.kr/lecture/view/2377029,2377029,논리회로설계실험,전일용,23년 1학기 수강자,3,나머지는 그냥저냥 귀찮아도 할만한데 팀플이 너무너무너무 힘들어요,,,
2749236-001,https://everytime.kr/lecture/view/2749236,2749236,논리회로설계실험,김율화,26년 1학기 수강자,1,그냥 다른거 들으세요. 2주간격으로 다은 프로세스 쓰고 텀프진행하는 verilog는 8주차부터 그냥 찔끔하고 과제는 많고 어렵고 그냥 답없습니다. 그냥 다른거 하세요,,,
2749236-002,https://everytime.kr/lecture/view/2749236,2749236,논리회로설계실험,김율화,26년 1학기 수강자,3,과제 양이 생각보다 더 많습니다. 무엇을 상상하든 그 이상.,,,
2749236-003,https://everytime.kr/lecture/view/2749236,2749236,논리회로설계실험,김율화,26년 1학기 수강자,5,실험 수업이 항상 저녁에 있어서 늦게 끝나면 부담이 되기도 하는데 일찍 끝나면 일찍 끝나는 대로 빨리 보내주셔서 좋습니다 해당 주차 prelab과 postlab을 함께 준비해 두면 더 일찍 갈 수 있습니다,,,
2749236-004,https://everytime.kr/lecture/view/2749236,2749236,논리회로설계실험,김율화,26년 1학기 수강자,5,실험이라 보고서 두번씩 쓰는 건 귀찮긴한데 실험 빨리 끝내면 빨리끝나는 건 좋은듯 조교들도 물어보면 친절히 자세하게 알려줌,,,
2749236-005,https://everytime.kr/lecture/view/2749236,2749236,논리회로설계실험,김율화,26년 1학기 수강자,5,논리회로 과목을 복습할 수 있고 조교님들도 융통성 있게 친절하게 잘 알려주셔서 좋았습니다 보고서를 미리미리 작성해두면 좋을 듯 합니다,,,
2749236-006,https://everytime.kr/lecture/view/2749236,2749236,논리회로설계실험,김율화,26년 1학기 수강자,5,초반에 빵판할때만 시간 오래걸리고 귀찮은데 나중가서 프로그램으로 넘어가면 별로 오래안걸림 이때 조교 확인문제를 미리 준비해놓고가면 바로 확인받고 집가도됨. 다만 일주일에 프리랩 포스트랩 2개 써야한다는건 상당히 귀찮을것 그러니 미리미리 해놓기,,,
2749236-007,https://everytime.kr/lecture/view/2749236,2749236,논리회로설계실험,김율화,26년 1학기 수강자,5,강의도 간략해서 좋고 과제는 어려운거 없음 논회 배우고 왔으면 편하게 할 수 있는 수업,,,
2749236-008,https://everytime.kr/lecture/view/2749236,2749236,논리회로설계실험,김율화,26년 1학기 수강자,5,교수님 강의 잘하십니다. 조교님들도 융통성 있으시고 좋습니다,,,
2749236-009,https://everytime.kr/lecture/view/2749236,2749236,논리회로설계실험,김율화,26년 1학기 수강자,5,실험은 postlab에 있는 내용이라 미리 좀 공부하고 가면 금방 끝나서 좋다.,,,
2749236-010,https://everytime.kr/lecture/view/2749236,2749236,논리회로설계실험,김율화,26년 1학기 수강자,5,나쁘지않은 것 같습니다. 말그대로 직접 공부만해가면서 조교님한테 물어보면 금방해결 할 정도? 조교님이 매우 친절하세요,,,
2749236-011,https://everytime.kr/lecture/view/2749236,2749236,논리회로설계실험,김율화,26년 1학기 수강자,5,그냥 너무 좋다 공부만 좀 해오면 수업 시간은 1시간 밖에 안 걸림 이건 그냥 들어야 함,,,
2749236-012,https://everytime.kr/lecture/view/2749236,2749236,논리회로설계실험,김율화,26년 1학기 수강자,5,아주 쉬워요! 따히 내용이 어렵지 않고...gpt면 복습도 쉬움,,,
2749236-013,https://everytime.kr/lecture/view/2749236,2749236,논리회로설계실험,김율화,25년 1학기 수강자,5,아아 그저 숭배 해야만 해 과제가 많다고 징징댄 제 자신이 부끄럽읍니다...,,,
2749236-014,https://everytime.kr/lecture/view/2749236,2749236,논리회로설계실험,김율화,25년 1학기 수강자,4,강의로 배운 내용으로 실습하기에 좀 빡센 느낌이 있다. 조교님들이 친절하셔서 잘 설명해주시지만 어느정도의 독학은 필요한 것 같다.,,,
2749236-015,https://everytime.kr/lecture/view/2749236,2749236,논리회로설계실험,김율화,25년 1학기 수강자,4,학점은 잘 주는 듯한데 너무 개념 수업 없이 프로젝트에 들어가는 느낌이라 마지막 텀프에서 고생하긴함..,,,
2749236-016,https://everytime.kr/lecture/view/2749236,2749236,논리회로설계실험,김율화,25년 1학기 수강자,4,조교님들이 굉장히 친절하게 잘 알려주심 너무 친절하게 잘 알려주시는데 그냥 랩을 줄이고 베릴로그 강의를 올려주시는게 나을듯 베릴로그를 알아야 프로젝트를 하고 랩을 하는데 거의 기본만 조금 알려주고 어려운 문제를 시킴,,,
2749236-017,https://everytime.kr/lecture/view/2749236,2749236,논리회로설계실험,김율화,25년 1학기 수강자,5,중간고사는 논회 내용이에요! 텀프 많이 힘들지만 치팅 쓰지 않고 주차과제 복습하면서 베릴로그 잘 익혀두면 텀프 어찌저찌 해낼 수 있어요!,,,
2749236-018,https://everytime.kr/lecture/view/2749236,2749236,논리회로설계실험,김율화,24년 1학기 수강자,5,과제 개많은데 그래도 꽤 재밌었음. 글자수 채우기,,,
2576623-001,https://everytime.kr/lecture/view/2576623,2576623,논리회로설계실험,박정우,24년 1학기 수강자,5,학점 잘 채워주심. 프젝 하나로 모든 게 갈리니까 찬찬히 열심히 하기!,,,
2576623-002,https://everytime.kr/lecture/view/2576623,2576623,논리회로설계실험,박정우,24년 겨울 수강자,4,학점을 꽉꽉 채워주시는 수업. ㄹㅇ이게 되네 어케했노,,,
2576623-003,https://everytime.kr/lecture/view/2576623,2576623,논리회로설계실험,박정우,25년 1학기 수강자,5,그냥 실험 과목이 무엇인지 처절하게 느낀 과목 ㅎㅎ,,,
2576623-004,https://everytime.kr/lecture/view/2576623,2576623,논리회로설계실험,박정우,24년 1학기 수강자,5,"10주 정도되는 보고서 + 중간고사대체퀴즈 + 마지막 4-5주 텀프 보고서와 퀴즈는 무난하게 보시고 텀프만 열심히해서 어느정도 제출하시면 A+을 받으실 수 있습니다 이번학기 카피,표절 걸린 인원들이 많아서 난리가 났었던 이슈 때문에 혹시라도 표절은 절대 안하셔야 될것입니다..,,",,,
2576623-005,https://everytime.kr/lecture/view/2576623,2576623,논리회로설계실험,박정우,24년 1학기 수강자,5,"1.시험1번 , 텀프1번 텀프가 중요합니다. 절대 표절,카피 하지마세요 .다 잡힙니다",,,
2576623-006,https://everytime.kr/lecture/view/2576623,2576623,논리회로설계실험,박정우,23년 1학기 수강자,4,학점은 잘 주신다. 매주 보고서 때문에 조금 성가시긴 하다. 이걸 한학기에 다 배우는 게 맞나 싶을 정도로 많을 걸 배운다. 사용하는 툴도 자주 바뀌어서 적응을 좀 했다 싶으면 다음 툴로 넘어간다. 진짜 반도체과 학생이 된 기분은 제대로 느낄 수 있을 것이다. 중간고사를 잘 보려면 논리회로 복습을 잘 해둬야 한다. 기말고사 대신 프로젝트를 하는데 며칠은 투자해야 끝낼 수 있다. Vivado 사용하는 걸 잘 익혀두기를 바란다.,,,
2576623-007,https://everytime.kr/lecture/view/2576623,2576623,논리회로설계실험,박정우,23년 1학기 수강자,5,"교수님을 뵌적이 없기 때문에 논회실 과목 자체에 대한 평?설명?을 남기겠습니다. 매주 prelab이라고 실험 예습 느낌의 보고서 과제가 있고, postlab이라고 실험 보고서 과제가 있어요. prelab만 수기로 작성해야하는데, 엄청 긴 글로 적어야 하는 건 아니어서 크게 힘들지 않아요. 매주 올려주시는 강의 들으면 쉽게 작성할 수 있는 정도의 난이도입니다. 수업 진행방식은 해당 주 postlab에 있는 “조교확인 문제”를 해결하고 실험 결과를 조교님한테 확인받아야 집에 갈 수 있는 방식입니다. 즉, 매주 사실상 실험해야하는 문제는 3-4문제인데 수업 당일날에는 그 중 “조교 확인 문제”만 풀면 나와도 되는 거죠. postlab을 작성해야 하기 때문에 나머지 문제들도 언젠간 무조건 풀어야 하지만 꼭 수업 당일날 풀지는 않아도 돼요. 수업 시간 4시간 안에 조교확인문제를 조교님께 확인받지 못하면 그거에 대한 감점이 또 있기 때문에 일단 조교 확인 문제를 먼저 푸는 것을 추천합니다. 그리고 수업 분위기가 다들 빨리 집에 가고 싶어서 수업 시간 전에 이미 실험을 다해놓고 수업 시작하자마자 조교님께 결과 확인받고 집에 가는 분위기에요. 빨리 가고 싶으면 이 방식도 추천해요. 대신 이 방법은 초반에 기구를 이용해서 해야하는 실험에서는 해당이 안되고 4주차 정도부터는 컴퓨터로만 실험을 진행하기 때문에 이때부터 가능합니다. 저는 prelab과 postlab / 강의와 postlab간 난이도 차가 살짝 크다고 느꼈어요. 갑자기 이런 걸 하라고?? 라는 느낌. 구글링하면서 하거나 친구랑 같이 으쌰으쌰 하는 걸 추천합니다. 시험은 중간고사는 필기시험, 기말은 텀프로젝트로 대체했어요. 중간은 실험에서 배운 내용보단 논리회로 시험에 가까웠고요, 텀프로젝트는 FPGA키트와 9-11주차에 이용한 프로그램으로 문제에 주어진 것을 구현하는 과제입니다. 전년도랑 문제가 다르고 시간이 많이 필요해요. 마지막 3주간 수업 없다고 미루지 말고 미리미리 하는 걸 추천해요.",,,
2846185-001,https://everytime.kr/lecture/view/2846185,2846185,마이크로프로세서,비탈리파노프,26년 1학기 수강자,4,"영어를 알아듣기 힘듭니다. 다만, 시험에 나올 주제들을 설명해주시고, 예시도 조금 들어주십니다.",,,
2846185-002,https://everytime.kr/lecture/view/2846185,2846185,마이크로프로세서,비탈리파노프,26년 1학기 수강자,5,영어가 안들려요. 똑같은 말 반복해요. 그래도 쉬워요,,,
2846185-003,https://everytime.kr/lecture/view/2846185,2846185,마이크로프로세서,비탈리파노프,26년 1학기 수강자,5,좀 얼렁뚱땅 진행되는 느낌이 없지않다.. 교수님 열정이 대단하시지만 그게 수업에서 배우는 것이 많다고 느껴지는가는 또 다른문제다... 그래도 독학한다면 따라갈만함.........,,,
2846185-004,https://everytime.kr/lecture/view/2846185,2846185,마이크로프로세서,비탈리파노프,26년 1학기 수강자,4,영언지 뭔지 못 알아먹겠음 교수님은 매우 친절하심,,,
2846185-005,https://everytime.kr/lecture/view/2846185,2846185,마이크로프로세서,비탈리파노프,26년 1학기 수강자,5,영어 못 알아듣겠음 학점 잘 준다고 하니 그때 다시 남길게요,,,
2846185-006,https://everytime.kr/lecture/view/2846185,2846185,마이크로프로세서,비탈리파노프,25년 1학기 수강자,5,교수님 영어 솔직히 잘 못알아들음. 그래서 독학했는데 학점을 엄청 잘주셔서 학점 미화됨. 시험은 인텔 마이크로프로세서 위주라서 그거 위주로 공부하면 예쁠가능,,,
2846185-007,https://everytime.kr/lecture/view/2846185,2846185,마이크로프로세서,비탈리파노프,25년 1학기 수강자,3,학기내내 모든 수업에 지각을 하시고 늦게 끝내주심. 그리고 수업내내 러시아식 영어발음때문에 수업에 제대로 집중을 못함. 내용 대부분을 자습으로 공부함. 하지만 성적은 엄청 잘주심(과반수 이상이 a+ ),,,
2846185-008,https://everytime.kr/lecture/view/2846185,2846185,마이크로프로세서,비탈리파노프,25년 1학기 수강자,5,"4.5점 단점: 1.수업에 매일 늦고 수업을 10분 정도 더함(기말고사 직전 수업은 50분을 더하는 기적이 일어남. 시험에 뭐나올지 알려주는데 다음 수업있는 학생들은 못 듣고 갔을 거 생각하니 이건 형평성 문제가 심하다 생각함 3시~5시까지 했던걸로 기억). 참고로 매일 늦는다는 말은 과장이 아니라 진짜로 매일 늦음. Everyday. 5분 늦으면 일찍 오신거임. 늦는건 늦었다쳐도 수업을 더 하는건 뒤에 수업 있는 사람들 입장에선 불편할듯. 2. 수업이 정돈되지 않은 느낌, 첫 수업으로 알고 있음. 지각부터 수업 시간 10분 오버까지 대환장 파티. 3. 영어발음이 러시아 특유의 악센트때문에 알아듣기 힘듬. 삼성ai도 인식을 못함. 영어로 수업했는데 러시아어로 ai가 인식함. 빡집중해야 그나마 들림. 필자는 수업중에 딴생각을 엄청 많이 했는데 귀에 안들어와서가 큰듯. 장점: 1. 수업 끝나고 질문하면 엄청 친절하심. 성심성의껏 답변해주고 모르시면 모른다고 하시고 다음시간까지 알아온다고 하고 실제로 알려주심 2. 중간 기말 전에 시험에 나올거 요약해주는데 공부하기 편했음. 오픈 북 시험인데 뭐가 나올지 안다는건 굉장히 큰 메리트임. Ppt 시험에 a4 1면에 2쇄로 추려서 400쪽 뽑아갔는데 오픈북이라서 다행이었음. 암기 시험이면 절대 못할 양. 중간때는 예상 문제들 뽑아주셨는데 거기서 많이 유형을 알 수 있었음. 3. ***성적을 매우 잘주시고*** 즉각적으로 올려주심. 월요일 바로 올려주시고 화요일 아침8시에 성적 분포도 줬는데 50% a+ 75%a 나머지 b+임. 이렇게 성적 퍼주는 교수 나는 전전에서 처음 봄. 통신 최교수님급. 4. 개인적으로 교수님이 수업에 늦고 수업 자료도 늦게 올려줘서 다시는 이 교수 수업 안듣는다 생각했건만 한 학생이 게념 설명만 하니까 응용이 어렵고 시험에 어떻게 나올지 모르겠다고 하자마자 다음 수업에서 문제들 가지고 풀어주심. 학부생들 의견이나 이런거 수용 엄청 빠름. 개인적으로 그 부분에서는 존경함. 수업에 열정적이다라고 하려고 했는데 매일 10분씩 늦는거 보면 그건 또 아닌듯. 암튼 그럼. Arm 마이크로프로세서가 아니라 인텔 프로세서 위주로 하시는데 아무래도 실무랑은 거리가 있고 낯설다는 평가가 있음. 필자도 ㅈㅈㅇ 교수님처럼 arm하는 마프인줄 알고 신청했다가 처음엔 당황했으나 지나고 나니 자습만 잘하면 성적 잘 주는 교수님이 짱이라는걸 다시느낌. 그렇지만 추후에 arm 공부는 따로 필요해보임. 마지막 수업에서 시험문제를 찝어주는데 3시부터 5시까지 수업을 해서 4시30에 수업있는 사람들은 4시20분쯤 갔으나 필자는 수업이 없어 끝까지 들었음. 그 수업을 들은 학생과 안들은 학생의 성적 차이가 유의미 할거라 생각함. 그때 속으로 다시는 러시아 교수님 수업 안들어야지 생각함. 수업도 진짜 발음이 알아듣기 어려웠고 힘들었음. 근데 성적 분포도랑 성적 화요일에 올려준거 보고나니 싹 사라짐. GOAT임. 성적 GOAT라서 6점인데 여타 불편한점때문에 1.5점 깜.",,,
2846185-009,https://everytime.kr/lecture/view/2846185,2846185,마이크로프로세서,비탈리파노프,25년 1학기 수강자,4,교수님께서 아직 수업 하시는게 익숙하지 않으시지만 하지만 열정은 대단하시다 매번 수업 늦게 끝날 각오 하셔야... 학점은 이번에 50퍼 넘게 에이쁠 주시고 2명빼고 에제로까지 주심ㅋㅋㅋㅋㅋㅋ 그냥 독학하고 학점 날먹하실분들만 들으시길,,,
2846185-010,https://everytime.kr/lecture/view/2846185,2846185,마이크로프로세서,비탈리파노프,25년 1학기 수강자,1,"4년 동안 들은 과목 중에 제일 후회됨. 한 학기 동안 대체 뭘 배운 건지 모르겠고, 기억나는 건 러시아식 영어듣기밖에 없음. 내용도 정리가 안 돼 있어서 그냥 수업 듣는 내내 멍 때리다 나옴. 마이크로프로세서라는 과목 자체는 중요하다고 생각하는데, 이렇게 배워도 되나 싶었음.",,,
2846185-011,https://everytime.kr/lecture/view/2846185,2846185,마이크로프로세서,비탈리파노프,25년 1학기 수강자,2,수업 지각 항상 하고 말을 알아들을 수가 없다 비추,,,
2846185-012,https://everytime.kr/lecture/view/2846185,2846185,마이크로프로세서,비탈리파노프,25년 1학기 수강자,5,열정하난 대단 하지만 지각대장에 설명이 끝나질 않지…,,,
2846185-013,https://everytime.kr/lecture/view/2846185,2846185,마이크로프로세서,비탈리파노프,25년 1학기 수강자,5,러시아식 영어를 배워보아요 유학 체험 가능..!,,,
2846185-014,https://everytime.kr/lecture/view/2846185,2846185,마이크로프로세서,비탈리파노프,25년 1학기 수강자,5,"very good, very enthusiastic and looks very smart 👍",,,
2846185-015,https://everytime.kr/lecture/view/2846185,2846185,마이크로프로세서,비탈리파노프,25년 1학기 수강자,1,어셈블리어로 말씀하셔서 이해하기가 좀 어려워요!,,,
2846185-016,https://everytime.kr/lecture/view/2846185,2846185,마이크로프로세서,비탈리파노프,25년 1학기 수강자,3,이제 겨우 4주차까지 들었지만 현재까지론 진심 비추함 우선 억양이 특이하심 영어 못하면 참사 일어날 정도로 특이하심 그래도 강의녹화는 해주신다 외국인 학생이 엄청 많음 70프로 정도는 외국인인듯 근데 수업 중에 떠드는 학생이 있는데 제재를 안 하심 근데 또 폰은 절대 보면 안됨 해본적은 없으나 바로 나가라고 하실 듯 매번 강의를 5분에서 10분 늦게 오시고 10분 늦게 끝내주심 다음 수업 있으면 달려가야함 글 쓰는 지금도 6분 늦으셨다 퀴즈도 본 적은 없는데 보실거라고 하심 교재는 교안부터 전부 pdf 올려주셔서 구할 필요는 없다 강의력은 발음 배제하더라도 그냥저냥이제만 열정적이긴 하시다 내용은 어렵지 않으니 100퍼센트 독학할거면 그냥 들어도 무방하지만 추천은 하지 않는다,,,
42365-001,https://everytime.kr/lecture/view/42365,42365,마이크로프로세서,전재욱,26년 1학기 수강자,4,어렵습니다 과제 많고 매주 고봉밥 질문 매우 잘 받아주시고 설명 잘해주심,,,
42365-002,https://everytime.kr/lecture/view/42365,42365,마이크로프로세서,전재욱,26년 1학기 수강자,4,녹화강의. 강의시간 긴편. 기본 내용이 많음. 과제는 천천히 풀어나가면 어렵지는 않지만 시간이 조금 걸림. 시험은 과제 기반. 과제 매주 있어 귀찮음,,,
42365-003,https://everytime.kr/lecture/view/42365,42365,마이크로프로세서,전재욱,26년 1학기 수강자,5,시험 시간이 엄청 촉박한 것 빼고는 교수님 강의력도 매우 훌륭하신 수업,,,
42365-004,https://everytime.kr/lecture/view/42365,42365,마이크로프로세서,전재욱,26년 1학기 수강자,5,온라인 녹화강의로 진도를 나가고 오프라인 수업으로 질문을 받으십니다. 강의는 잘 하십니다.,,,
42365-005,https://everytime.kr/lecture/view/42365,42365,마이크로프로세서,전재욱,26년 1학기 수강자,5,"양이 좀 많긴하고, 대면수업을 하셨으면 더 좋겠다 싶긴하지만 나름 들을만은 합니다. 올려주시는 영상도 강의는 잘 하심.",,,
42365-006,https://everytime.kr/lecture/view/42365,42365,마이크로프로세서,전재욱,26년 1학기 수강자,5,교수님이 질문을 너무 좋아하신다 온라인이라 좀 꿀이지만 과제가 힘들다,,,
42365-007,https://everytime.kr/lecture/view/42365,42365,마이크로프로세서,전재욱,26년 1학기 수강자,4,어렵진 않은데 뭔가 할 게 좀 많고 신경쓸게 많다. 프로세서 2개를 배우는 건 좋은 것 같다.,,,
42365-008,https://everytime.kr/lecture/view/42365,42365,마이크로프로세서,전재욱,26년 1학기 수강자,4,코딩을 잘 못하는 편인데 어쩌다 보니 듣게됐어요. 그런 저조차도 내용이해가 아주 잘 될 만큼 강의력이 좋으십니다.,,,
42365-009,https://everytime.kr/lecture/view/42365,42365,마이크로프로세서,전재욱,25년 겨울 수강자,5,"교수님께서 어려운 내용을 알기 쉽게 설명해 주시고, 중요한 부분을 명확히 짚어주셔서 학습에 큰 도움이 되었습니다. 유익하고 만족스러운 강의였습니다. 감사합니다!",,,
42365-010,https://everytime.kr/lecture/view/42365,42365,마이크로프로세서,전재욱,26년 1학기 수강자,5,"aRM, x86 에 대해서 상세하게 배울 수 있고, 질문 답변도 잘 해주시고, 보드로 직접 실습까지 해볼 수 있어 좋습니다. 임베디드시스템 분야 생각하시면 꼭 들으시는걸 추천합니다.",,,
42365-011,https://everytime.kr/lecture/view/42365,42365,마이크로프로세서,전재욱,26년 1학기 수강자,5,강의 내용도 쉽고 과제도 제미나이나 지피티 쓰면 되니까 전 너무 좋은데 수업방식이 마음에 안들어요 이럴거면 왜 현장수업하시는지 이해가 안되네요,,,
42365-012,https://everytime.kr/lecture/view/42365,42365,마이크로프로세서,전재욱,26년 1학기 수강자,4,강의량이 많다 과제 난이도는 llm쓰면 쉽지만 시험때문에 직접 해봐야할거같다,,,
42365-013,https://everytime.kr/lecture/view/42365,42365,마이크로프로세서,전재욱,25년 1학기 수강자,4,복습도 중요하지만 시험에서는 과제에서 많이 나옵니다,,,
42365-014,https://everytime.kr/lecture/view/42365,42365,마이크로프로세서,전재욱,26년 1학기 수강자,5,플립러닝에 충실하게 온라인에서 녹화 강의 듣고 오프라인에서 질문하는 구조. 엄청 어렵진 않다,,,
42365-015,https://everytime.kr/lecture/view/42365,42365,마이크로프로세서,전재욱,26년 1학기 수강자,5,플립 러닝으로 온라인 강의 양이 많긴 한데 내용이 어렵지 않습니다 오프라인 때는 교수님이 질문받아주시는 시간입니다 마이크로프로세서에 대해 알아가기 좋은 수업입니다,,,
42365-016,https://everytime.kr/lecture/view/42365,42365,마이크로프로세서,전재욱,26년 1학기 수강자,5,강의 내용이 쉬워요! 아직 듣는중인데 아직까진 어려움없음,,,
42365-017,https://everytime.kr/lecture/view/42365,42365,마이크로프로세서,전재욱,25년 1학기 수강자,5,다 좋은데 강의 영상이 온라인 강의 녹화영상 재탕이라 좀 불편한 감이 있었네요ㅡ 그래도 좋은 강의입니다,,,
42365-018,https://everytime.kr/lecture/view/42365,42365,마이크로프로세서,전재욱,25년 1학기 수강자,5,Arm 프로세서와 x86 프로세서에 대해 1학기 동안 이렇게 알아보기 쉽지 않은데 많은 것을 얻어갑니다.,,,
42365-019,https://everytime.kr/lecture/view/42365,42365,마이크로프로세서,전재욱,25년 1학기 수강자,5,어셈블리를 다루는 과목. Arm이랑 x86둘다 생각보다 할거없고 쉬움. 너무 겁만먹지말길,,,
42365-020,https://everytime.kr/lecture/view/42365,42365,마이크로프로세서,전재욱,25년 1학기 수강자,5,내용은 재밌고 유익함. 과제는 족보만 있다면 부담은 안되고 시험은 솔직히 어렵지 않은데 시간을 적게 줘서 굉장히 집중해서 빨리 풀어야됨. 과제에서 코드 많이 나옴,,,
42365-021,https://everytime.kr/lecture/view/42365,42365,마이크로프로세서,전재욱,25년 1학기 수강자,5,arm과 x86에 대해 배울 수 있어 유익했습니다 시험지 양이 많아서 시험볼때 정신이 없긴한데 과제에서 많이 나오긴 하는 것 같아요,,,
42365-022,https://everytime.kr/lecture/view/42365,42365,마이크로프로세서,전재욱,25년 1학기 수강자,3,이해 못해서 계속 같은 내용이 반복된다고 느끼는데 수업과 자료로 해결하기는 어렵고 선이수과목을 빡세게 하지 않으면 따라가는게 어렵다고 생각함. 실제로도 오프라인에서 질문 받으면 이해한 몇몇 학생들만 모르는 걸 알아가는 수업. 정말 이쪽 분야 알고 싶지 않은 이상 비추,,,
42365-023,https://everytime.kr/lecture/view/42365,42365,마이크로프로세서,전재욱,25년 1학기 수강자,3,"과제가 매주 나오고 시험은 중간, 기말 두 번 봅니다. 강의는 코로나 때 재탕이고 보고서 열심히 작성했는데 거의 모두 만점주시는게 아쉬웠습니다.",,,
42365-024,https://everytime.kr/lecture/view/42365,42365,마이크로프로세서,전재욱,25년 1학기 수강자,5,x86와 ARM에 대한 차이를 이해할 수 있습니다. 다만 과제는 난이도가 있는 편입니다.,,,
42365-025,https://everytime.kr/lecture/view/42365,42365,마이크로프로세서,전재욱,25년 1학기 수강자,5,강의와 교안이 다소 중구난방이고 내용도 방대해서 학습에 어려움은 있지만 학점을 진짜 상상 이상으로 잘주신다.,,,
42365-026,https://everytime.kr/lecture/view/42365,42365,마이크로프로세서,전재욱,25년 1학기 수강자,4,학점은 잘주시는데 좀... 강의가 가독성이 없다. 꽤 오랜기간 재탕해서 그런가... 뭔가 결국 이 방법밖엔 없을거 같으면서도 꼭 이 방법이어야 했을까 정도 생각난다. 강의 내용 자체는 좋다.,,,
42365-027,https://everytime.kr/lecture/view/42365,42365,마이크로프로세서,전재욱,25년 1학기 수강자,5,설명 잘 해주시고 질문도 패들렛으로 받아서 잘 해결해주십니다. 시험이 조금 어려워 공부하는데 시간 좀 잡아먹긴 합니다,,,
42365-028,https://everytime.kr/lecture/view/42365,42365,마이크로프로세서,전재욱,25년 1학기 수강자,5,A+ 체감상 20% ~ 30% 정도로 주시는 것 같습니다.,,,
42365-029,https://everytime.kr/lecture/view/42365,42365,마이크로프로세서,전재욱,25년 1학기 수강자,4,코로나 시절 영상을 최소 5년 이상 재탕 실시간은 왜 하는지 모르겠다 점점 출튀가 많인지는게 보인다 영상 길이가 긴 편인데 다 끝나고 보면 내용은 쉬웠던 것 같다 과제에서 어려운 부분은 그냥 영상으로 답을 알려주기 때문에 난이도는 쉬운편,,,
42365-030,https://everytime.kr/lecture/view/42365,42365,마이크로프로세서,전재욱,25년 1학기 수강자,4,시험 난이도를 떠나서 부분 틀리면 점수 아예 안주는 채점 방식이 이해가 가지않는다. 그럼에도 고득점 받는 괴물들이 있다...,,,
42365-031,https://everytime.kr/lecture/view/42365,42365,마이크로프로세서,전재욱,25년 1학기 수강자,5,과제는 족보 그대로 나와서 족보만 구하면 쉬움. 단 분량이 엄청나서 시험 공부하기 쉽지 않음. 중간 500 page 기말 500 page 겹치는 내용도 별로 없어서 배울 게 많긴 하지만 그만큼 할 것도 많아요,,,
42365-032,https://everytime.kr/lecture/view/42365,42365,마이크로프로세서,전재욱,25년 1학기 수강자,3,"어셈블리 인스트럭션 위주의 수업, 강의는 재탕. qna 오프라인. 과제 많음. 시험 타임어택",,,
42365-033,https://everytime.kr/lecture/view/42365,42365,마이크로프로세서,전재욱,25년 1학기 수강자,5,ARM 과 x86 두 가지 프로세서에 대해 배울 수 있는 좋은 과목입니다. 과제를 통해 공부한 내용을 실습해볼 수 있어 좋았습니다.,,,
42365-034,https://everytime.kr/lecture/view/42365,42365,마이크로프로세서,전재욱,25년 1학기 수강자,4,"ARM과 x86 어셈블리에 관한 수업. 교수님이 설명은 친절하게 잘 해주셔서 이해는 잘 되는데, 코로나시기 온라인강의 녹화본 재탕인데 편집이 따로 안 되어 있어서 같은 내용을 반복해서 설명하거나 잘못된 내용을 설명하고 현강에서 바로잡는 경우가 많음. 영어 강의지만 별로 어렵지 않고, 굉장히 느리게 말하셔서 2배속 켜놨다가 나중에 외부 플러그인으로 3배속 해서 들음. 거의 매주 어셈블리 코딩 과제가 있음. x86 윈도우 컴퓨터가 필요함. AI 도움 받으면서 하면 그다지 어렵지 않음. 매주 반나절정도 걸리는 듯함.",,,
42365-035,https://everytime.kr/lecture/view/42365,42365,마이크로프로세서,전재욱,25년 1학기 수강자,5,"개념강의는 코로나시절 촬영한 영상을 재활용중인게 아쉬운 부분, 교수님 억양이 코리안스타일이라 귀에 쏙쏙 박힌다 그래도 설명 잘 해주시고, 패들렛 이용해서 액티브하게 조교들이 학생들 질문 받아줌 수업시간엔 올라왔던 질문들 다시 자세히 설명해줌. 근데 이거만 해서는 시간이 별로 안걸려서, 5~6개 질문 받으면 수업을 끝내주신다 (위 해브 쓰리 모어 퀘스쳔!) 질문 준비해가면 빠르게 끝낼수있음 과제는 열심히 해보세요 채점을 안해주셔서 자기가 맞았는지 확인도 안되고, 족보라고 떠도는것도 이번학기에 생긴 보고서 작성이 없어서 딱 참고용으로밖에 못봄 시험은 단답형으로 xor나 빅엔디언같은거 개빠르게 푸는거 나오고, 과제 빈칸채우기 나오니까 코드가 어떻게 돌아가는건가 큰 흐름을 완벽히 이해하면 좋을거같음",,,
42365-036,https://everytime.kr/lecture/view/42365,42365,마이크로프로세서,전재욱,25년 1학기 수강자,3,과제가 너무너무 많다. 시험도 과제에서 나오기때문에 과제를 이해하지 못하면 풀수 없다. 그리고 녹강 영상 길이가 너무길다..,,,
42365-037,https://everytime.kr/lecture/view/42365,42365,마이크로프로세서,전재욱,25년 1학기 수강자,5,"교수님께서 학생들 질문 많은것 모두 받아주실만큼 열정적으로 가르쳐주십니다. 양이 굉장히 많은것이 흠이지만, 그만큼 얻는것도 많은것같습니다",,,
42365-038,https://everytime.kr/lecture/view/42365,42365,마이크로프로세서,전재욱,25년 1학기 수강자,4,과제는 족보가 있으면 편하게 하실 수 있을 것 같아요 전체적으로 교안이랑 영상이 오래된 거라 오류도 좀 있어서 듣기 힘들 때가 있었습니다,,,
42365-039,https://everytime.kr/lecture/view/42365,42365,마이크로프로세서,전재욱,25년 1학기 수강자,4,과제가 좀 어렵긴한데.. 하면서 많이 배울 수 있어서 괜찮은 수업인 것 같습니다,,,
42365-040,https://everytime.kr/lecture/view/42365,42365,마이크로프로세서,전재욱,25년 1학기 수강자,4,"완전 instruction 위주로 공부하고, 할 양이 정말 많다고 생각합니다.. 그래도 두 개의 프로세스를 배우니 좋다면 좋죠",,,
42365-041,https://everytime.kr/lecture/view/42365,42365,마이크로프로세서,전재욱,25년 1학기 수강자,3,배울 건 많은데 코로나 강의 재탕이라 너무 길어요. 그리고 오프라인 수업은 솔직히 없어도 될 것 같아요,,,
42365-042,https://everytime.kr/lecture/view/42365,42365,마이크로프로세서,전재욱,23년 1학기 수강자,3,강의 재탕이긴 하지만 내용은 정말 많고 얻어가는 것도 많았습니다. 근데 과제가 많이 어려웠는데 족보가 있었다는 걸 나중에 알고 현타가 .. 오긴 했습니다 족보 구할 수 있으면 꼭 구하세요,,,
42365-043,https://everytime.kr/lecture/view/42365,42365,마이크로프로세서,전재욱,23년 1학기 수강자,5,매주 과제가 나오는데 족보가 있다면 힘들진 않음. 과제랑 수업 내용이랑 미루지 않고 공부를 해야함. (양이 매우 많기 때문에 밀리기 시작하면 끝에 많이 힘듦) 특히 과제에서 시험이 많이 나오기 때문에 과제를 정확히 이해하는게 중요함.,,,
42365-044,https://everytime.kr/lecture/view/42365,42365,마이크로프로세서,전재욱,23년 1학기 수강자,4,강의도 괜찮고 재탕이긴 해도 배울게 많았어요. 과제가 너무 어려웠던거 같아요. 족보 없이는 힘들었네요. 족보 구하시면 괜찮을거 같아요.,,,
42365-045,https://everytime.kr/lecture/view/42365,42365,마이크로프로세서,전재욱,23년 1학기 수강자,5,개인적으로 배울게 많아서 좋았습니다. 강의 영상이 좀 길고 가끔 평소의 2배정도 분량의 영상이 올라오지만 질의응답이 대부분이라 그냥 2배속으로 편안하게 듣고있었습니다. 시험은 과제 응용문제가 배점이 크니까 과제를 제대로 공부해가는게 도움이 많이 될 것 같습니다.,,,
42365-046,https://everytime.kr/lecture/view/42365,42365,마이크로프로세서,전재욱,23년 1학기 수강자,4,"시험은 배점 높은거부터 풀어야 좋음. 문제를 제일 꼼꼼히 봐야함. 과제 변형해서 나오는거긴한데, 과제를 달달 외우는건 별 도움 안 되는듯. 수업영상 너무 김. 시간보면 욕나옴. 근데 내요은 QnA라서 별 도움안되거나 수업과 내용 중복인게 많음. 그래도 ARM 알려주는 수업.",,,
42365-047,https://everytime.kr/lecture/view/42365,42365,마이크로프로세서,전재욱,23년 1학기 수강자,5,"강의 교안이 재탕이긴 했지만, 배우는데는 지장이 없었습니다. 다만 등록금이 좀 아까웠을뿐.. 영상이 매우 길고 많으나, 어셈블리어에 어느정도 친숙하다는 가정하에 해당 영상만 이해하면 어느정도 노력하에 과제를 풀 수 있고, 과제를 다 이해하면서 풀었다면 시험은 쉽게 풀 수 있습니다. 다만, 중간 때 #기호 비중이 너무 커서, 그걸 까먹었으면 대부분의 점수가 날아간 경우가 있었는데, 이건 좀 안타까웠습니다.. 조교님들도 이를 인지했는지 기말때는 양식을 넣어주시긴 했습니다. 개인적으로 교안이 오래되도 이를 재활용할 수 있을만큼 중요한 arm, x86 프로세서에 대한 이해(ISA을 기반으로)가 꽤 재미있었고, 운영체제와 컴퓨터구조개론 과목을 잇는 징검다리 느낌이 나서 좋았습니다. 조교님들도 qna 친절하게 해주십니다. 과제도 내용이 많아서 매주 과제가 있는탓에 복습에 가까운 내용인데, 괜찮았습니다.",,,
42365-048,https://everytime.kr/lecture/view/42365,42365,마이크로프로세서,전재욱,23년 1학기 수강자,5,정말 어렵지만 배운건 많은 수업 작년강의 재탕은 좀 그렇긴 하네요,,,
42365-049,https://everytime.kr/lecture/view/42365,42365,마이크로프로세서,전재욱,23년 1학기 수강자,3,"배운게 많았다..라기엔 뭔가 쓸모없는 걸 많이 배운 느낌이다 처음 이 과목을 신청할때는 ARM과 x86의 아키텍처 및 작동 원리를 중점적으로 배울 것을 기대하고 신청했는데, 막상 들어보니 어셈블리어 계산이 어떻게 이루어지는지를 배우는 게 주였다. 물론 이걸 필요로 하는 분야가 있고 그 분야 지망자들은 도움이 될 것 같지만 나한테는 별로 쓸모가 없었던 것 같다. 어셈블리 코드 익숙하고 잘 읽는 사람이 잘 보는 시험같다. 시험문제의 70%정도가 과제에서 나오는데 (기말기준), 과제는 약간 어셈블리어 떡칠된 곳에서 뭐가 어떻게 점프되고 어떤 디스크립터를 참고하고 등등 아키텍처의 특성보다는 그냥 데이터시트에 있는 내용을 짜집기해서 만든 자료를 배우고 그 자료에 있는 내용 이해를 위한 어셈블리 코딩을 한 느낌이다. 어셈블리 명령어나 코딩에 집중하기보다는 차라리 선수과목으로 운영체제를 두고, 그 내용 기반으로 좀 동작 원리를 깊게 설명해주는 식으로 대대적인 과제 및 교안의 개편이 좀 있었으면 좋겠다. 비슷비슷한 과제가 매주 조금씩 바뀌면서 나오는데 차라리 방식을 바꾸고 난이도를 올려서 2주에 한번 이렇게 냈으면 좋겠다. 그리고 교수 녹화영상으로 꿀빨면서 QnA 세션만 운영하지 말고 위에 말한대로 싹 개편해서 오프라인 강의 했으면 좋겠다... 성적은 나쁘지않게 주시는듯",,,
42365-050,https://everytime.kr/lecture/view/42365,42365,마이크로프로세서,전재욱,23년 1학기 수강자,4,배울게 많은 수업입니다. ARM까지는 재밌게 들을 수 있지만 X86부터는 눈물나게 어렵습니다. 강의를 2021년도 것을 재탕하기 때문에 약간은 짜증나긴합니다. 매주 라이브로 질문 세션을 진행하는데 질문이 적을 경우 질문을 하라고 압박을 주십니다. 시험은 과제에서 많이 나오기 때문에 족보가 있다하더라도 스스로 해보는 것을 추천드립니다.,,,
42365-051,https://everytime.kr/lecture/view/42365,42365,마이크로프로세서,전재욱,23년 1학기 수강자,5,좋았다 아주 유익한 과목. 시험공부보다는 과제공부해야 점수가 잘 나온다,,,
42365-052,https://everytime.kr/lecture/view/42365,42365,마이크로프로세서,전재욱,23년 1학기 수강자,1,듣지마라 니들이 안들어야 강의가 안열리건 수업을 다시찍건 바뀐다,,,
42365-053,https://everytime.kr/lecture/view/42365,42365,마이크로프로세서,전재욱,23년 1학기 수강자,4,"강의 퀄리티는 좀 개선해주셨으면.. 배우는건 많지만, 그만큼 노력해야함",,,
42365-054,https://everytime.kr/lecture/view/42365,42365,마이크로프로세서,전재욱,23년 1학기 수강자,5,진짜 꼭 들어주라 제에발 부탁이야 개꿀 과목입니다,,,
42365-055,https://everytime.kr/lecture/view/42365,42365,마이크로프로세서,전재욱,23년 1학기 수강자,1,"녹화강의: 2~3년전강의라 가끔 익숙한 이름들이 들림, 매주 3~4시간 고봉밥, 정작 시험에는 강의내용 비중이 굉장히 적음 실시간강의: 페들렛으로 질문해도 질문개수 채워야 끝내줌, 마이크로디그리 머릿속에서 맴돔 과제: ctrl c+v 중간고사: #이 300/600점 차지함, #쓰면 평균이상, 안쓰면 회생불가 #안써서 기말고사는 대충 공부하고 넘길 예정",,,
42365-056,https://everytime.kr/lecture/view/42365,42365,마이크로프로세서,전재욱,23년 1학기 수강자,1,2년전 실시간 강의 녹화분을 그대로 올린 강의영상 적어도 19년도부터 바뀌지 않은걸로 추정되는 강의자료와 과제 분명 3학점인데 영상강의만 3시간을 쉽게 넘는 숨막히는 분량 쥐어짜낸 질문만 가득한 실시간 온라인 qna 그마저도 부족하다며 n개만 질문 더 하면 끝내겠다는 교수님 번거로운 질문엔 조교가 답할수 있을거라며 토스하는 교수님 질문이 없으면 완벽히 이해한거라 생각하는 교수님 그놈의 마이크로디그리 이 강의는 학생과 교수 모두 족보를 사용합니다 학생은 과제를 날로 먹을수 있고 교수님은 강의를 날로 드실 수 있어요 윈윈인거겠죠?,,,
42365-057,https://everytime.kr/lecture/view/42365,42365,마이크로프로세서,전재욱,23년 1학기 수강자,5,정말 배우는 건 많은 강의 그러나 배움에 대한 의지가 없고 그냥 듣는 학생들에게는 매우 비추 분량이 엄청나기 때문에 사실상 3학점이 아니라 5학점은 되는 거 같음 그럼에도 불구하고 과목을 듣고 나면 지식의 확장에는 확실히 도움이 되어 이 쪽 분야의 진로를 원한다면 강력 추천합니다.,,,
42365-058,https://everytime.kr/lecture/view/42365,42365,마이크로프로세서,전재욱,23년 1학기 수강자,3,"Arm이 그냥 커피면 x86은 개쌉똥구릉내나는 루왁커피다 수업이 고봉밥 담은듯 꽉꽉차 있지만 약간 올드하다. 다만 교수님께서 질문받으시면 바로 답변해주시고 학생들을 존중해주시는데 느껴지는게 좋다. 직접 과제하고 찾아다니며 삽질하는 맛이 있다. 고통스럽지만 실력증진이 될 것에는 이견이 없다. 코딩트랙이 부실한 전전에서는 전전프나 시스템프로그래밍, ,컴구, 운영체제 등을 배워오면 시너지가 좋다. 중간전에는 arm을, 이후에는 x86을 배운다. 전전프나 시프의 프로시져, 컴구의 플래그레지스터나 범용레지스터, PC레지스터, 스택구조의 push pop, 운영체제의 세그먼트나 페이징, 인터럽트등 많은 지식이 엮여있다. Arm할때 Caller Callee 레지스터나 함수호출규약 같은걸 따로 안배웠던거 같은데 따로 알아두면 좋지 않나 싶다 3-2에 운영체제수업을 들어왔으면 좋았겠다는 아쉬움이 많이 든다.",,,
42365-059,https://everytime.kr/lecture/view/42365,42365,마이크로프로세서,전재욱,23년 1학기 수강자,4,시간을 굉장히 많이 투자해야하지만 얻어가는건 많은 과목같습니다..,,,
42365-060,https://everytime.kr/lecture/view/42365,42365,마이크로프로세서,전재욱,22년 1학기 수강자,4,기말 양 개많아서 다른 전공 다버리고 일주일 내내 공부했는데 헛수고였음 그래도 학점은 ㄱㅊ게 주시는듯,,,
42365-061,https://everytime.kr/lecture/view/42365,42365,마이크로프로세서,전재욱,22년 1학기 수강자,5,매주 과제가 하나씩 나오지만 강의 열심히 듣고 조교님들 설명 들으면 할만합니다 과제만 직접 열심히 했으면 시험도 성적 꽤 잘 나와서 노력한만큼 학점 나오는 과목입니다,,,
42365-062,https://everytime.kr/lecture/view/42365,42365,마이크로프로세서,전재욱,22년 1학기 수강자,2,양이 진짜 어마무시하게 많아서 벼락치기하다가 까무러칠뻔 함 ㄹㅇ로 밑에 나와있듯이 21년도 실시간녹화+몇개 새 영상+과제영상+실시간q&a 를 다 합치면 양이 진짜 너무 많음... 그래도 sw쪽이면 듣는게 도움은 될듯 중간고사는 내용은 어려운데 부분점수를 안줘서 꼼꼼히 공부 안하면 큰일나고 기말고사는 내용이 ㅈㄴ어려운대신 다 부분점수를 줘서 간신히 살았다.. 기말 참고로 545점 만점이었음ㅋㅋㅋㅋ,,,
42365-063,https://everytime.kr/lecture/view/42365,42365,마이크로프로세서,전재욱,22년 1학기 수강자,4,얻어가는게 엄청많고 중간고사까지는 재밌다.. ARM이 그닥 어렵지 않고 중간고사도 어렵지 않기 때문! 다만 x86이 진짜 지옥이다.. 특히 콜게이트 디스크립터 배울때 짜증이 났다. 기말고사가 특히 뭔 시험지 30장이나 되는데 모두가 욕했을 거라 확신한다. 중간기말 둘다 중간값보다 4-50점 높았더니 A+ 주시네요.. 학점은 괜찮게 주시는듯,,,
42365-064,https://everytime.kr/lecture/view/42365,42365,마이크로프로세서,전재욱,22년 1학기 수강자,3,강의 친절하시고 QnA 친절하십니다. 과제 좀 어렵습니다. 조교님이 이번에 하드 캐리하셔서 좀 따라갔지 다른 조교님이 이정도까지는 안 해주실 거 같네요. 감사했습니다. 조교님. 중간고사 난이도와 ARM은 할만합니다. x86이 문젭니다. 정확히는 기말고사가 문제였습니다. 기말고사 430점 만점(400점 정도일 수도?)에 중간고사 채점 기준대로라면 평균 30점 나왔을 거라고 중간고사와 채점 기준을 처음부터 다르게 했답니다. 문제는 이 지점입니다. 중간이든 기말이든 한 문제 안에 새끼 문제가 있고 새끼 문제도 기억으론 문제당 최소 2~5개의 단답을 채워야 합니다. 중간고사 땐 이 중 하나라도 틀리면 새끼 문제 하나 전체에 대해 온전한 credit을 받지 못합니다. 기말고사도 같을 줄 알았습니다. 새끼 문제 안에서 빈 칸 하나라도 채우기 시작했다면 온전한 credit을 받으려고 나머지를 다 풀겠죠. 근데 그게 쉽나요. 중간고사 채점 기준대로 하면 430점 만점에 평균 30점 시험이라니까요 그래서 기말고사 평가 기준은 새끼 문제 안의 여러개의 단답을 다 채우지 않더라도 그냥 뭐가 됐든간에 끄적여서 풀었으면 credit을 줘서 성적을 냈다고 합니다. 그렇게 120점이 평균이 됐습니다. 사전에 이런 사항을 공지한 시험 분반이 있느냐 하면 없습니다. 형평성 문제가 될 건 없습니다. 다만 등수는 확실히 달라지죠. 억울하지만 뭐 어쩌겠습니까 A 비율은 확실히 잘 주시는 것 같습니다 A 나올 줄 몰랐네요 기말 때문에,,,
42365-065,https://everytime.kr/lecture/view/42365,42365,마이크로프로세서,전재욱,22년 1학기 수강자,5,강의가 작년 실시간 강의여서 따라가는게 좀 힘들었던 것 같습니다 과제도 조교님이 배려 많이해주셔서 하기 쉬웠지만 시험이 다소 어려운 편이네요 A+는 잘 안채워주시는듯 합니다.,,,
42365-066,https://everytime.kr/lecture/view/42365,42365,마이크로프로세서,전재욱,22년 1학기 수강자,4,"강의: 작년 강의 녹화하신거 그대로 올려주시는데 작년에 나온 질문까지 전달해주려고 그러신것 같음. 하지만 한국어 강의였으면 더 좋았을것 같네요ㅎ 그래도 하나하나 친절하게 설명해주시고 질문도 잘 받아주십니다. 과제: ARM 4개, x86 5개였던 것 같아요. 어렵긴 한데 조교님께서 자세하게 설명해주는 영상 올려주셔서 도움이 많이 됩니다. 시험: 중간고사는 ARM, 기말고사는 x86인데 기말고사 엄청 어려웠습니다. 중간고사때 점수를 잘 받아놓는게 좋을것 같네요.... 기말은 문제 10장 + x86 어셈블리어 코드 10장 + appendix 10장 인데 애매하게 공부하면 많이 못풀어요ㅎ 과제 코드를 완벽하게 이해해야 풀 수 있을 거라는 생각이 들었습니다. 학점: 중간 평균+40, 기말 평균, 과제 만점으로 A 받음/ 학점이 그렇게 후하지않다는 소문을 들어서 비쁠 예상했는데 에이 받았습니다..! 에이쁠 받는다는게 빡센것 같네요",,,
42365-067,https://everytime.kr/lecture/view/42365,42365,마이크로프로세서,전재욱,22년 1학기 수강자,2,수업 내용과 수업 방식은 괜찮습니다. 하지만 기말고사 시험이 정말 별로였습니다. 시험문제가 어려운건 둘째치고 문제에 오류가 한 두개도 아니고... 문제를 푸는데 있어서 치명적인 오류를 정정도 안해주시는게 말이 안된다고 생각합니다. 또 오류를 겨우 알아서 정정하고 풀었는데 시험 끝나고 나니 오류가 있었던 문제는 전부 정답처리... 하 학생들과의 소통을 중요시 하면서 정작 중요한 시험 방식에 있어서는 불통의 태도를 보이신것은 정말 이중적이지 않나요...? 정말 기말고사 한방이 크게 실망스러운 과목이었습니다.,,,
42365-068,https://everytime.kr/lecture/view/42365,42365,마이크로프로세서,전재욱,22년 1학기 수강자,4,매주나오는 감잡기 힘든 과제 많은 분량의 강의 때문에 시간을 많이 쓰게 됩니다 하지만 강의 분량이 긴 만큼 내용설명도 자세하고 과제 qna와 설명이 잘되서 성실하게 하면 되긴 됩니다 과제 감 잡힐때까지가 고비이니 초반에 화이팅하시기 바랍니다,,,
42365-069,https://everytime.kr/lecture/view/42365,42365,마이크로프로세서,전재욱,22년 1학기 수강자,2,한번 들어보십쇼 수업은 배우는건 많습니다 다만 기말이..하...,,,
42365-070,https://everytime.kr/lecture/view/42365,42365,마이크로프로세서,전재욱,22년 1학기 수강자,3,구글스프레드시트로 qna받는거 불편한데 나만그런가? 실수로 막지워지고 섞이고 보기불편한데 저건 그냥 qna게시판 쓰면 좋지않나 게다가 15주과정으로 고봉밥꽉꽉눌러담긴게 너무 부담스러웠다,,,
42365-071,https://everytime.kr/lecture/view/42365,42365,마이크로프로세서,전재욱,22년 1학기 수강자,1,기말고사 장난하냐? ㅋㅋㅋㅋㅋㅋㅋㅋ 문제량이랑 난이도는 둘째치고 시험문제에 뭔 오류가 그렇게 많지..? 문제 오류난거 때문에 삽질한게 거의 30분은 되는듯. 수업때 배운내용은 거의 안나오고 과제 응용문제가 500점 중에 400점 ㅋㅋㅋ 자알 배우고 갑니다~ ㅋㅋㅋㅋㅋㅋㅋ,,,
42365-072,https://everytime.kr/lecture/view/42365,42365,마이크로프로세서,전재욱,22년 1학기 수강자,4,공부양 상당히 많습니다. 벼락치기하다가 기절했음. 그래도 뭐라도 써서 내면 평균은 나올 듯 화이팅,,,
42365-073,https://everytime.kr/lecture/view/42365,42365,마이크로프로세서,전재욱,22년 1학기 수강자,4,수업은 좋고 재밌고 도움이 많이된다 그러나 기말이 진짜다 그래서 네개만 드립니다,,,
42365-074,https://everytime.kr/lecture/view/42365,42365,마이크로프로세서,전재욱,22년 1학기 수강자,3,과제를 매주 내주시는데 이걸 쉽게 해낼 수 있다면 괜찮은 강의 그러나 일반적인 3학점에 맞지 않는 긴 강의시간 강의시간 도중 대부분을 내용 반복하십니다. 이게 개인적으로는 크게 도움이 되는것 같지 않아서 애매합니다. 그래도 질문이나 모르는 부분에 관해서는 잘 말씀해주셔서 컴구쪽으로 한번 도전해보셔도 나쁘시진 않을것 같습니다.,,,
42365-075,https://everytime.kr/lecture/view/42365,42365,마이크로프로세서,전재욱,22년 1학기 수강자,1,"과제 매주 있고, 수업은 작년꺼에, 영어로 강의하고, 비트다르는 수업인데 헷갈리게 강의하는 것 같다고 느껴지고, 질문 스프레드시트에는 수업주차별로 안해서 뒤죽박죽 질문이 섞여있음. 강의력이 좋다는게 정말 저로써는 완전 의문입니다. 강의 진짜 재미없고 배우는 것도 없고 어렵게 가르쳐주시는 것 같고 (컴구 시프 수강했으면 굳이 수강해야하나 정말 의문.. 수업도 작년꺼 올려주셔서 수업시간에는 질의응답인데 이것도 진짜 잘 모르겠습니다)",,,
42365-076,https://everytime.kr/lecture/view/42365,42365,마이크로프로세서,전재욱,22년 1학기 수강자,5,이런 개꿀강의가 다있나 싶다. 너무 많이 배우고 너무 보람차고 한학기에 프로세서 2개나 다룬다? 이런 가성비 오지는 강의가 또 있을까. 제군들! 무조건 수강하도록 한다 실시,,,
42365-077,https://everytime.kr/lecture/view/42365,42365,마이크로프로세서,전재욱,22년 1학기 수강자,3,"기본 수업 녹화강의 3시간+주 1회 1시간 반 Q&A + 매주 실습과제 + 추가강의 등등. PPT+무수한 Q&A+과제 코드까지 시험 범위도 만만치 않음. 대충 3학점으로 듣는 5~6학점짜리 강의지만, 노력하는 시간에 비해 배우는 내용이 깨달음이 있거나 실용적이진 않다고 생각함. 차라리 ARM, x86에 대해 배우고 싶다면, ARM은 번역본 사서 독학하고, x86은 컴구 듣는게 나을 듯.",,,
42365-078,https://everytime.kr/lecture/view/42365,42365,마이크로프로세서,전재욱,22년 1학기 수강자,3,"밑에도 비슷한 말이 있지만 3학점이 아니라 5학점짜리 수업을 듣는 기분. ARM과 x86 구조를 순서대로 배우는데, arm 보드를 수령해서 직접 코딩을 하고 디버깅을 해보는게 기본적인 수업 진행 방식임. 사실상 보고서만 안쓴다 뿐이지 이론 수업+실험 수업이라고 봐도 됨. 수업 자체는 강의력도 좋으시고 열정도 있으시고 다 좋지만 이쪽에 영혼을 갈아넣어서 공부할 사람이 아니라면 절대 안듣는것을 추천함. 컴구 생각하고 가벼운 마음으로 수강신청하면 땅을 치고 후회하게 될것...",,,
42365-079,https://everytime.kr/lecture/view/42365,42365,마이크로프로세서,전재욱,22년 1학기 수강자,1,질문 잘 받아주셔서 좋은데 작년 실시간 강의 영상 재탕이라 학생들과의 소통 교수님이 실수하시고 바로잡는 과정이 혼재해있음 물론 이런거 좋아하는 사람 있겠지만 난 불호였다. 더 헷갈려서 질문을 많이 할 수 밖에 없음 굴려지는 조교들이 불쌍할 뿐 그리고 이쪽 계열의 수업이 다 그렇듯이 컴구 mk2임,,,
42365-080,https://everytime.kr/lecture/view/42365,42365,마이크로프로세서,전재욱,21년 1학기 수강자,4,과제는 매주 있고 난이도도 있는편입니다. arm/x86 크게 두파트로 나눠서 수업이 진행됩니다. 시험은 배운 내용에 대해 충분히 이해하고 있어야 풀수있으며 시간이 촉박하기 때문에 애매하게 알다가는 큰코다칩니다. 또한 조교님들이 오전 시험 후 오후에 점수를 확인해 줄 수 있을정도로 문제 풀이를 서술하는 대신 중간 과정과 정답을 단답식으로 확인하는 문제들입니다. 수업중에 이해가 되었는지 아니면 질문이 있는지 자주 물어보십니다.,,,
42365-081,https://everytime.kr/lecture/view/42365,42365,마이크로프로세서,전재욱,21년 1학기 수강자,5,"우선 교수님께서 강의를 굉장히 잘 하십니다. 이 강의는 크게 2가지의 마이크로 프로세서를 배우는데, 중간고사 이전에는 ARM, 그 이후에는 x86을 배우게 됩니다. 교수님께서 강의를 잘 하시기도 하고, ARM은 상당히 간단하기에 보통 중간고사는 간단한 문제들을 많이 내셔서 타임어택식으로 내시나, 공부를 제대로 했다는 가정하에 시간내에 풀기는 충분한 수준으로 나옵니다. 그리고 중간고사는 짜잘한 조건을 바꾸는 함정을 자주 파시고, 모든것이 맞아야 정답이 인정되는 문제가 여러개있는데 그 문제문제의 배점이 굉장히 크므로 이를 조심하시기 바랍니다. 기말고사는 x86에 관한 문제를 내시는데, 사실상 여기에서 크게 학점이 갈릴것이라고 생각합니다. interrupt가 끼어있는 아주 긴 코드 하나를 주고(대략 3장에 달했던 것으로 기억합니다.) 메모리에 값을 쓰라는 느낌으로, 혹은 주소를 묻는 문제를 빈칸을 뚫어놓고 많이 내시는데, 이는 x86의 개념을 완벽히 수행하여야하는 것과 더불어, 과제를 완벽하게 이해하고 해냈다는 전제가 되어야 합니다. 과제는 ARM의 경우 키트를 제공하게 되고, 보통 2~3주경부터 과제가 나왔던 것 같습니다. ARM의 과제 역시 간단하지만 시작을 잘못하게 되면, 그 과제 전부를 날릴 위험성도 있기에(연쇄적으로 되어있습니다. 즉 과제 3에서 과제 2를 구현한 상태로 다른 작업을 해야한다던가) 왠만하면 족보를 구하는 것을 추천드리나, 스스로 못할 난이도는 아닙니다. 키트는 중간고사에 반납하게 됩니다. x86의 과제는 역시 복잡합니다. 이는 다행히 연쇄적으로 되어있기는 하나, 그 팸플릿을 과제마다 제공하고, 전 과제의 코드를 이미 거기에 담아서 주므로, 이는 크게 문제가 되지는 않을 것입니다. 그러나, 이 과제는 난이도가 확실히 있기에 이는 족보를 구하는 것을 강추드립니다. 또한 해당 코드는 위에서 언급했다시피 기말고사에 무조건 나오므로, 확실히 코드를 이해한 상태로 기말고사에 참여하는 것을 추천드립니다. 기말고사를 끝내고 들은 사실인데, 사실 과제가 가지고 있는 비율이 그렇게 높지 않습니다. 그러니 몇 개를 수행하지 못했다고 걱정하실 필요는 크게 없습니다. 학점은 잘 채워주시는 걸로 기억합니다만, A+은 해당사항에서 약간 벗어났던 것으로 알고 있습니다. 보통 실시간으로 수업을 진행하시나, 1학기에 있는 몇몇 공휴일이나, 본인의 일정으로 인해서 휴강을 하실때가 있는데 이럴때는 녹화강의를 찍어서 올려주십니다. (문제는 이 강의는 75분 강의가 아닙니다. 2시간 가까이 찍으신 적도 있던걸로...). 위에서 말했다시피 수업을 굉장히 잘하시고, 또한 배우는 내용도 많고, 과제도 많지만, 그 과제가 배우는 내용이랑 어느정도 연관성이 있기때문에 수업을 들으시면 향후 큰 도움이 될것이라고 생각합니다.",,,
42365-082,https://everytime.kr/lecture/view/42365,42365,마이크로프로세서,전재욱,21년 1학기 수강자,5,과제가 매주 나오는데 족보 없이 했던 입장에서 정말 어렵다.. 과제는 시험과 연관되어 있어서 꼭 자기 머리로 이해하고 시험에 들어가야한다. 국제어임에도 교수님 강의력은 하늘을 뚫고 기본적인 질문도 흔쾌히 잘 받아주심. 시간만 많다면 꼭 들어보면 좋을 수업,,,
42365-083,https://everytime.kr/lecture/view/42365,42365,마이크로프로세서,전재욱,21년 1학기 수강자,5,"마이크로 프로세서 명강의! 우선 중간고사 기간에 arm, 기말고사 기간에 x86에 대해서 상세히 배우게 된다. 2개의 프로세서를 한학기동안 배우다 보니 수업량에도 부담감이 어느정도 있고 과제도 매주마다 나오기 때문에 고되긴 하다. 하지만 그만큼 남는것도 많고 교수님께서도 워낙 강의를 잘하셔서 강추한다! 학점도 비율 채워서 주시는 것 같다. 기말이 생각보다 훨씬 어려웠는데 다같이 못보기 때문에 상관없다. 필자는 A+인데 중기말 다 평균보다 꽤 높게 받아야 A+ 주시는듯~",,,
42365-084,https://everytime.kr/lecture/view/42365,42365,마이크로프로세서,전재욱,21년 1학기 수강자,5,"강의력 좋으시고 이해 안될 것을 고려해서 한 내용을 두 세번 반복해서 말해주시는데 이 점 덕분에 집중 잘하면서 한 학기 보낸듯. 다른 국제어 강의는 실시간 강의 보고 녹강 또보거나 녹강 하나보는데 1.5-2배 시간 오래 걸렸는데 이거는 실시간만 듣고도 거의 다 이해했음. 강의 및 질문 답변은 전부 영어로 하시고, 질문하면 이해 잘 가도록 답변해주신다. 중간고사는 amd, 기말고사는 x86 명령어 및 시스템 구조를 배우는데 x86에서는 기말고사가 과제로 냈던것 빈칸 뚫어두는 느낌으로 각 메모리에 몇이 저장될지, descriptor 라벨 주소등은 뭔지 그런거 적는 문제로 과제 못했으면 절대 못풀 문제 나오니 과제는 필수로 해야된다. 과제는 1주일에 하나씩 총 9개정도 나오고 중간 전까지는 각 pin의 data 읽어들이는 방법 pdf보고 알아서 해야되는데 디버깅도 빡세서 많이 어렵고 시간 많이 잡아먹는다. 기말도 마찬가지로 부트로더를 작성하는 식이어서 디버깅이 거의 불가능. 근데 masking같은거는 없어서 상대적으로 x86과제가 더 편했음",,,
42365-085,https://everytime.kr/lecture/view/42365,42365,마이크로프로세서,전재욱,21년 1학기 수강자,2,"교수님 강의력은 좋다 다만 100% 영어로진행하고 과제 설명하는 조교도 100% 영어로 진행한다 한학기내내 영어로 하니까 굉장히 피곤하긴하다 학점은 잘 채워 주시는듯 중간고사까지는 arm 수업한다 arm은 난이도가 평이한편 과제는 보드로 여러가지 코딩하는건데 조교분 설명 들으면서 진행하면 무난하게 성공가능 시험은 각각의 개념들로 빈칸채우기가 나오는편 중간 이후에는 x86을 하는데 어렵다 우선 arm이랑 공통인부분은 빠르게 넘어가고 새로운 부분은 조금 반복하면서 설명하는데 완벽하게 이해하기도 어렵고 교수님도 잘 모르는 부분이있어서 조교한테 물어본다. 과제는 arm에서와 다른 조교가 설명하는데 arm에 비해서 그냥 ppt 적혀있는것만 읽어주고, 난이도도 arm에 비해 상당히 어렵다. 족보가 없으면 힘들어 보이지만, 없어도 2번째 과제까지 하면 그 뒤는 반복이라 할만할 수도 있다. x86 95% 정도가 과제내용에서 나오니 개념보다 과제 잘 읽어보는게 좋을듯 전반적으로 과제도 많고, 수업도 많다. 전부 실시간으로 진행하는데 공휴일이면 보충수업을 올리고 보충수업이 2시간가까이된다. 그리고 시험전에 진도가 덜나가면 실시간 수업은 하면서 2시간이든 3시간이든 영상찍어서 더 올린다. 과제는 매주 나온다. 성적은 잘 받았으나 굉장히 시간을 많이 투자해야하는 과목 굳이 추천은 하고싶지 않은 과목 반시공보다 전전이 많고 회로 설계로 갈거면 굳이 안들어도 상관없을듯",,,
42365-086,https://everytime.kr/lecture/view/42365,42365,마이크로프로세서,전재욱,21년 1학기 수강자,5,"단연 성대에서 만난 교수님 중에 가르치는 열정만큼은 최고가 아닐까 싶습니다. 학생들의 사소한 질문까지도 다 세세하게 대답해주시고 귀찮은 내색은 커녕 더 찾아보고 pdf까지 만들어서 올려주십니다. 저도 이렇게 까지 눈치 안보고 교수님께 질문해본 수업은 처음이었습니다. 덕분에 공부할 때 정말 큰 도움이 되었습니다. 수업시간도 정말 알차게 채우십니다. 교안이 워낙 꼼꼼하게 잘 만들어져 있고 ARM X86모두 배우는 흐름대로 스토리가 있기 때문에 한장 한장 잘 따라가면서 공부를 하면 맥락이 파악이 되고, 효율적으로 공부할 수 있을 겁니다. 아쉬웠던 점이 있다면 실험안내 동영상들이었던 것 같습니다. 코로나학기이기 때문에 오프라인 세션이 없음을 고려해 실험동영상에서 좀 더 상세히 알려주었으먼 좋았을 것 같습니다. 아무런 베이스가 없은 학생들을 고려했을 때 툴 사용법이나 데이터시트 활용법 어떤 플로우로 코드를 짜여하는지 예시등을 실험 동영상에서 조금 더 상세히 알려주었다면 과제를 학생들이 더 수월하게 따라갈 수 있지 않았을까라는 생각합니다. 다 끝내고보면 그렇게 복잡한 코드는 아니었는데 사전설명이 많이 부족한 것 같다고 느꼈습니다. 노력한만큼 성적이 나오는 정직한 수업같고, ARM 프로세서와 x86프로세서가 현재 시장을 점유하고 있는 만큼 이 수업은 컴퓨터 전공을 하고자 하는 사람들뿐만아니라 전자공학을 하는 모든 이들에게 필수적인 수업이 아닌가 생각이 듭니다.",,,
42365-087,https://everytime.kr/lecture/view/42365,42365,마이크로프로세서,전재욱,21년 1학기 수강자,5,교수님 강의력이 정말 좋으시고 수업에 정말 진심으로 임하시는 게 느껴집니다 정말 기본적인 질문에도 친절하게 대답해주시고 질문과 답변을 pdf로 만들어주실만큼 정성이 느껴집니다. 과제는 매주 하나씩 나오는데 좀 부담스러울 수 있습니다 수업 내용을 정확하게 숙지하고 있어야 수월하게 진행할 수 있습니다 시험문제로 지엽적인 부분을 내지는 않습니다 핵심적인 내용을 주로 물어보는데 상당히 어려워서 평균이 만점의 절반도 미치지 못합니다 한가지 팁을 드리자면 특정 메모리 영역에 어떤 값이 들어가는지 채워야하는 문제가 많이 나오는데 어렵거나 시간이 부족해서 못 풀겠다 싶으시면 0으로 채우세요 한 학기동안 꽤 고생한 것 같은데 그만큼 배워가는 게 상당히 많습니다,,,
42365-088,https://everytime.kr/lecture/view/42365,42365,마이크로프로세서,전재욱,21년 1학기 수강자,5,"교수님 열정이 대단하십니다. 질의응답에 이렇게 적극적인 교수님은 처음봤습니다. 매 수업시간마다 다들 이해안간 부분이나 궁금한거 질문하는 분위기이고, 교수님은 PDF 파일까지 만들어서 답변 올려주십니다. 강의내용이 매우 알차고 꼭 들어야하는 수업인거 같습니다. 과제는 꼭 필요한 내용들로 다하고보면 그렇게 어렵지도 않지만 설명이 아쉬웠던것 같습니다. ARM 과제는 설명 영상 돌려보면 필요한 내용 다 나와있고 데이터시트 참고해서 할 수 있어지만 x86과제는 수업과는 다른 실습적인 내용임에도 설명이 많이 부족했던것 같습니다. 과제 자체가 잘못된건 아니라고 생각합니다. 시험은 중간고사처럼 독립적인 문제들이 좋을텐데 기말에서는 엄청 긴 하나의 코드를 물어봐서 어려운편이었던것 같습니다. 그래도 점수분포는 상위권부터 하위권까지 확실하게 갈리고, 성적은 꽉 채워주시지는 않지만 잘 주시는거같습니다. 최고점에 비해 중간값 평균은 200점 가까이 낮아 적당한 점수대에서 끊으신거지 학점을 잘 주지 않는건 아닌거같습니다.",,,
42365-089,https://everytime.kr/lecture/view/42365,42365,마이크로프로세서,전재욱,21년 1학기 수강자,2,진짜 미친 수업이었다...3학점이 아니라 5학점짜리 수업임. 거의 실험+일반수업 느낌으로 과제가 많다. 과제가 많다고 난이도가 쉬운가 하면 그것도 아니다. 최소 하루는 꼬박 잡아야 하고 감을 못잡아서 이틀 날려먹은적도 있다. 강의 자체는 매우 자세하고 강의력도 훌륭하다. 학생이 질문을 하면 전부 대답해주시고 시험 전에 질문을 받는 시간을 따로 만든다. 다만 이렇게 하기 위해서 중간고사때는 실시간 강의와 별개로 거의 4시간분량의 녹화 영상을 따로 올리시고 기말고사때도 휴일이라서 실시간 강의가 없으면 미친 분량의 녹화강의를 올리신다. 성적은 중간값보다 훨씬 높게 나왔는데 왜 a인지 모르겠다. 그만큼 상위권 경쟁은 치열하고 하위권 갈수록 깔아주는 사람도 많아서 b~a는 나름 받을만 한것 같다.,,,
42365-090,https://everytime.kr/lecture/view/42365,42365,마이크로프로세서,전재욱,21년 1학기 수강자,2,"강의력: 좋음 수업 시간에 학생 질문도 잘 받아주시고 설명도 잘 해주심. 복습만 잘 한다면 시간은 오래 걸리지만 수업 내용은 이해할 수 있음. 과제: 비상식적으로 많고 어려움 (사실 어렵다기 보다는 가르쳐주지 않은 것을 작성하라고 하는데 어떻게 하라는거야?) arm과제는 어느정도 할 수 있겠는데, x86과제는 절대 수업 내용만으로 할 수 없는 것을 내줌. 과제 설명 영상도 조교가 찍어서 올리는데 5분도 안됨(설명이 너무 빈약함). 아무리 구글링을 해도 결국 완성을 못하고 제출하게됨. 교수님은 모르는 것을 아이캠퍼스 문의게시판에 올리라고 하지만 조교님 피드백이 바로바로 오는 것도 아니고, 내가 모르는 것을 정확히 가르쳐 주지도 않음. 과제하느라 일주일에 평균 10시간은 쏟았지만 과제를 한다고 하여 실력이 크게 느는 것은 아니다. 왜냐하면 내가 작성하지 못한 코드는 배운 적이 없는 부분이기 때문이다. 수강신청을 하기 전에 과제 소스를 구한다면 이 수업을 들어도 좋다고 생각한다. 하지만 과제 소스를 구하지 못했다면, 이 과목을 수강 하지 않기를 바란다. *19년을 포함한 이전 강의평을 보면 그래도 좋은 의견이 많지만 그 이유는 코로나 학기 전에는 매주 금요일에 과제 help session을 오프라인으로 열었기 때문이다. 모르는 것을 조교에게 물어보며 금요일에 본인이 잘 하지 못한 부분을 실시간으로 도움을 받아 할 수 있기 때문에 과제의 양이 많아도 할 수 있었다. 하지만 코로나 학기 이후부터는 오프라인 help session을 열지 않기 때문에 이런 도움을 전혀 받을 수 없다. 참고하기 바란다. *글쓴이 본인 성적은 A가 나왔으며, 과제 채점 방식에 대해 추가적으로 알려줄 것이 있다. 한 학기 동안 과제는 총 10번정도 나오며 각 과제마다 만점은 10점이다. 작성하지 못한 부분에 대해서는 2점씩 감점한다. x86과제에서 완성하지 못한 코드는 모두 8점을 준 것을 보면, 어느 정도 코드를 작성하였지만 주어진 조건을 만족 시키지 못한다면 8점을 주는 것 같다.",,,
42365-091,https://everytime.kr/lecture/view/42365,42365,마이크로프로세서,전재욱,21년 1학기 수강자,2,"잘 가르치시지만 수업과 과제의 수준 차이가 너무 많이 난다고 느꼈습니다. 족보 있는 사람들은 뚝딱 해내는 거 같던데, 족보 없는 저는 아무리 열심히 고민해도 해결하기 어려운 경우가 대부분이었습니다. 지각 제출은 아예 0점으로 처리됩니다. 중간고사에 비해 기말고사의 난이도가 극악입니다.",,,
42365-092,https://everytime.kr/lecture/view/42365,42365,마이크로프로세서,전재욱,21년 1학기 수강자,5,얻어가는게 많았던 수업 하지만 과제는 힘들다..,,,
42365-093,https://everytime.kr/lecture/view/42365,42365,마이크로프로세서,전재욱,21년 1학기 수강자,4,"Good afternoon~. Can you hear me? arm과 x86의 대략적인 동작원리와 구조, 그리고 assembly instruction를 배울 수 있습니다. 비대면일 때 웹엑스 실시간 강의로 진행되기 때문에 시간 맞춰서 듣기가 조금 귀찮습니다. 교수님이 질문을 많이 받으려고 노력하시고, 많이 알려주시려고 하셔서 그 점은 좋았습니다. 과제는 완전 쉬운편은 아니지만, 밑에서 말하는 것처럼 그렇게 어렵지도 않습니다. 수업을 잘 이해했다면 최대 하루정도 투자하면 충분히 할 수 있다고 생각합니다. 시험의 경우 문제 양이 많아서 시간이 부족한 편입니다. 이론적인 지식을 묻기보다는 실제 코드를 해석하거나 작성하는 문제가 비중이 큰 편입니다. 정말 당부드리고 싶은 점은 16진수를 쓸 때 0x나 h를 붙여서 명시해주지 않으면 부분점수 없이 0점을 준다는 것입니다. 사소한 거라도 긴가민가한 부분이 있다면 무조건 조교에게 물어보는 것을 추천드립니다. 부분점수가 굉장히 짜므로 조심하십쇼.",,,
42365-094,https://everytime.kr/lecture/view/42365,42365,마이크로프로세서,전재욱,21년 1학기 수강자,3,정말 너무 어렵습니다... 실시간 강의 듣고 나서 녹화 강의 올라온 것 까지 총 두번씩 들었는데 과제 손도 못 댔습니다... (솔직히 말해서 어려워봤자 얼마나 어렵겠어 라는 생각으로 수강신청했는데 ㅋㅋㅋ 6시간동안 코드랑 눈싸움하고 구글링 유튜브서칭 다 해봤는데도 단 한줄도 못 썼습니다.. 진짜 쥰~내 어려움 걍 족보 없으면 안 듣는걸 추천) 시험 문제는 코드 주고 주소나 저장된 값 찾는 문제가 나옵니다 ㅎㅎ 과제 못하면 시험 문제도 못 푼다고 생각하시면 될듯합니다... 교수님 강의력은 좋으신것 같음... 킹치만 저는 시간을 되돌려서 이 과목을 수강신청 하기 전으로 가고싶네요... ㅠㅠ,,,
42365-095,https://everytime.kr/lecture/view/42365,42365,마이크로프로세서,전재욱,21년 1학기 수강자,3,arm x86 두가지에 대해서 배웁니다. 생각보다 커리큘럼이 빡빡한편 족보 없이 혼자서 했는데 x86부터는 진짜 답도 없습니다... 과제 손도 못댈정도 족보 + 컴구개 두가지 조건을 만족한다면 진짜 괜찮은 과목일듯? 교수님 강의력은 굿,,,
42365-096,https://everytime.kr/lecture/view/42365,42365,마이크로프로세서,전재욱,21년 1학기 수강자,3,진짜 겁.나.어.렵.습.니.다 만약 소스가 없으면 과제를 못한다? 시험 나락갑니다,,,
42365-097,https://everytime.kr/lecture/view/42365,42365,마이크로프로세서,전재욱,21년 1학기 수강자,4,소스없어도 과제 할 수는 있습니다. 시간은 좀 걸리지만 수업만 잘 따라가도 충분합니다.,,,
42365-098,https://everytime.kr/lecture/view/42365,42365,마이크로프로세서,전재욱,21년 1학기 수강자,3,x86 과제 소스없는 사람들은 어떻게 했을까? 순수 100% 소스없이 해낸 사람들은 정말 리스펙... 수강신청하기 전에 소스부터 구하시길,,,
42365-099,https://everytime.kr/lecture/view/42365,42365,마이크로프로세서,전재욱,21년 1학기 수강자,4,"교수님이 질문에 대한 대답을 열심히 해주시고, 배우는 것도 많습니다",,,
42365-100,https://everytime.kr/lecture/view/42365,42365,마이크로프로세서,전재욱,21년 1학기 수강자,5,먼가 과제가많아서 힘들긴한데 그만큼 배워가는게많. 습니다,,,
2827355-001,https://everytime.kr/lecture/view/2827355,2827355,디지털시스템,임완수,26년 1학기 수강자,4,"RTL 설계에 대한 기초를 다룰 수 있어 좋았습니다. 간단한 회로부터 복잡한 회로까지 다 다루는데, 10주차 쯤부터 난이도가 급상승합니다. 이번 WAVE는 10bit cpu였는데, 기본적인 아키텍처 지식이 없으면 힘들것같기도 합니다. 그 외 과제들은 어렵긴 하지만 할만했습니다",,,
2827355-002,https://everytime.kr/lecture/view/2827355,2827355,디지털시스템,임완수,25년 2학기 수강자,5,교수님 친절하시고 성적잘줘요. 실습위주라 배우는 것도 많아요.,,,
2827355-003,https://everytime.kr/lecture/view/2827355,2827355,디지털시스템,임완수,25년 2학기 수강자,5,너그러우시고 인격적으로 훌륭하십니다. 실습하면서 진행해서 재밌습니다.,,,
2827355-004,https://everytime.kr/lecture/view/2827355,2827355,디지털시스템,임완수,25년 2학기 수강자,5,시험잘보고 마지막 프로젝트만 잘하면 좋은 성적 받을 수 있습니다!,,,
2827355-005,https://everytime.kr/lecture/view/2827355,2827355,디지털시스템,임완수,26년 1학기 수강자,5,수업이 실습위주라서 논리회로 실험하고 같이 들으면 겹치는 부분이 많아서 수월해진다. 그리고 재밌다.,,,
2827355-006,https://everytime.kr/lecture/view/2827355,2827355,디지털시스템,임완수,26년 1학기 수강자,5,수업이 실습 위주로 좋았음. 실제로 베릴로그도 써보고 교수님 강의는 짧고 수업 시간엔 와서 실습 평가만 받으먄 됨. 조교님들도 엄청 친절하셔서 좋았음,,,
2827355-007,https://everytime.kr/lecture/view/2827355,2827355,디지털시스템,임완수,25년 1학기 수강자,5,베릴로그 관심있으면 무조건 듣는게 좋습니다 조교님들도 친절하시고 얻어가는게 많습니다,,,
2827355-008,https://everytime.kr/lecture/view/2827355,2827355,디지털시스템,임완수,25년 1학기 수강자,4,실습과제가 매주 나오는데 코드도 알려주셔서 보고 따라하면 문제없음. 교수님이랑 조교님도 질문하면 잘받아주심.,,,
2827355-009,https://everytime.kr/lecture/view/2827355,2827355,디지털시스템,임완수,25년 1학기 수강자,5,"절대평가에 실습 정답 코드 다 알려주시고 친절한 교수님인 것 같다. 그러나 학생들의 실력을 과대평가하시는 건지 주간 과제가 꽤 어렵 다. WAVE로 나오는 내용과 과제는 정말 어렵다. 중간 기말은 선택 형, 주관식이고 정말 교안과 lab만 보면 되는 난이도이다.",,,
2827355-010,https://everytime.kr/lecture/view/2827355,2827355,디지털시스템,임완수,25년 2학기 수강자,4,"다 너무 좋은데 시험이 참 애매하다. 물론 교수님도, 과정도 너무 좋았다",,,
2827355-011,https://everytime.kr/lecture/view/2827355,2827355,디지털시스템,임완수,26년 1학기 수강자,5,교수님이 친절하시고 학생들 편의도 많이 봐주십니다. 실습 위주의 수업이라 경험을 많이 쌓을 수 있어서 좋아요.,,,
2827355-012,https://everytime.kr/lecture/view/2827355,2827355,디지털시스템,임완수,26년 1학기 수강자,5,Fpga보드에 직접올려보는 경험에 조교분들도 유도리 있으십니다..,,,
2827355-013,https://everytime.kr/lecture/view/2827355,2827355,디지털시스템,임완수,25년 2학기 수강자,3,"Verilog를 활용하여 FPGA보드에서의 RTL설계를 배울 수 있습니다. 덕분에 관련분야 지식을 많이 배워갈 수 있습니다. 다만, 과제량이 조금은 많은 듯 합니다.",,,
2827355-014,https://everytime.kr/lecture/view/2827355,2827355,디지털시스템,임완수,25년 2학기 수강자,4,베릴로그를 제대로 배워갈수 있었습니다. 과제가 많은편이나 성적에 반영비율은 없다봐도 무방합니다. 이부분이 조금 아쉽네요. 암기 자신있으시면 좋은 성적 가져가시긴 쉬울거에요. 반면에 암기가 모자라면 좋은 성적 가져가긴 어려운편,,,
2827355-015,https://everytime.kr/lecture/view/2827355,2827355,디지털시스템,임완수,25년 2학기 수강자,4,실습위주 수업이라 툴을 체득하기 좋고 보고서 on off 방식이라 부담이 적습니다. 다만 시험 출제방식이 조금 지엽적이라 이런 것까지? ..그런 거 다 외워가셔야합니다..,,,
2827355-016,https://everytime.kr/lecture/view/2827355,2827355,디지털시스템,임완수,25년 2학기 수강자,5,학생들 배려 많이해주시고 부담되지 않은 수업이라 좋았음. 다만 다들 시험을 잘보는 편이라 의외로 평균이 높음.,,,
2827355-017,https://everytime.kr/lecture/view/2827355,2827355,디지털시스템,임완수,25년 2학기 수강자,4,"출석은 사실상 안보는 대신 실습 진행 정도를 확인합니다. 실습마다 데드라인이 있으므로 꾸준히 진행해 검사 받으시길 바랍니다. 참고로 실습은 매주 나옵니다 이론적 내용에 대한 설명을 영상 및 현장에서 짧게 교수님이 설명해 주십니다. 다만, 기말 이후의 내용은 너무 빠르게 넘어가는 경향이 있어(이 점 때문에 별 하나 뺐습니다) 시험 공부에 약간 어려움이 있기도 하였습니다. Wave는 매우 어려우므로, ai의 도움이 많이 요구됩니다. 또한 중간고사 성적이 기말과 같이 나오니 참고하시길 바랍니다. 조교님들은 매우 친절하시고 유도리 있으십니다. 적절한 사정이 있으면 기한 연장 해주시는 경우도 있으니 어려움이 있다면 주저 말고 상의하시길 추천드립니다.",,,
2827355-018,https://everytime.kr/lecture/view/2827355,2827355,디지털시스템,임완수,25년 2학기 수강자,5,실습 많아서 호불호가 있겠지만 난 좋았고 도움 많이 됐음 RTL은 원없이 다뤄봤다,,,
2827355-019,https://everytime.kr/lecture/view/2827355,2827355,디지털시스템,임완수,25년 2학기 수강자,5,은근 과제가 많아 할게 많습니다 그래도 성적은 적당하게 주시고 교수님도 친절하십니다,,,
2827355-020,https://everytime.kr/lecture/view/2827355,2827355,디지털시스템,임완수,25년 2학기 수강자,5,교수님이 진짜 좋으시고 내용도 크게 어렵지 않아요. 중간 까지는 괜찮은데 기말 범위 랩은 쫌 어렵긴해요,,,
2827355-021,https://everytime.kr/lecture/view/2827355,2827355,디지털시스템,임완수,25년 2학기 수강자,5,교수님이 친절하시고 배우는 내용도 매우 유익합니다,,,
2827355-022,https://everytime.kr/lecture/view/2827355,2827355,디지털시스템,임완수,25년 1학기 수강자,5,교수님이 좋으시고 성적도 너그럽게 주십니다.,,,
2827355-023,https://everytime.kr/lecture/view/2827355,2827355,디지털시스템,임완수,25년 2학기 수강자,3,교수님 열정이 대단하시고 매우 착하신 분이심. 코딩 과목 특성상 본인이 노력하는게 제일 중요한듯. 과제양이 생각보다 많고 시험은 시간이 좀 부족했음,,,
2827355-024,https://everytime.kr/lecture/view/2827355,2827355,디지털시스템,임완수,25년 2학기 수강자,5,처음부터 아주 쉽개 알려주시고ㅠ조교분들 친절하세요,,,
2827355-025,https://everytime.kr/lecture/view/2827355,2827355,디지털시스템,임완수,25년 2학기 수강자,5,"교수님이 친절하고 성적도 좋게 주신다고 합니다. 다만, 주차별 과제가 번거로운 편입니다.",,,
2827355-026,https://everytime.kr/lecture/view/2827355,2827355,디지털시스템,임완수,25년 2학기 수강자,5,학생들 편의 많이 봐주십니다. 조교님도 되게 친절하게 해주셔서 편하게 들을수 있었네요. 주마다 코드짜서 과제제출하고 그 코드에 대한 fpga 구현을 금요일마다 조교님한테 검사받습니다. 마지막 wave가 시간을 많이 잡아먹긴했는데 많이 배워갈 수 있었네요.,,,
2827355-027,https://everytime.kr/lecture/view/2827355,2827355,디지털시스템,임완수,25년 2학기 수강자,5,교수님이 정말 인품이 좋으시고 시험 난이도가 쉽습니다 물론 과제 난이도는 어려워요ㅜㅜ,,,
2827355-028,https://everytime.kr/lecture/view/2827355,2827355,디지털시스템,임완수,25년 2학기 수강자,5,수업도 널널하고 교수님 인픔도 좋으십니다. 시험 난이도도 쉽습니다,,,
2827355-029,https://everytime.kr/lecture/view/2827355,2827355,디지털시스템,임완수,25년 2학기 수강자,5,베릴로그를 익히는데 아주 우수한 강의. 큰 도움이되었다,,,
2827355-030,https://everytime.kr/lecture/view/2827355,2827355,디지털시스템,임완수,25년 1학기 수강자,5,시험은 객관신 위주로 나옵니다. 헷갈리는게 많지만 성적은 잘 주시는 것 같습니다. 과제 전부 제출하고 시험 평균보다 조금 높았는데 에이쁠 받았습니다.,,,
2827355-031,https://everytime.kr/lecture/view/2827355,2827355,디지털시스템,임완수,25년 1학기 수강자,5,성적느님입니다..조교님들도 많이 도와주시고. 근데 wave 수업에서 진행하는 팩맨은 어려웠습니다,,,
2827355-032,https://everytime.kr/lecture/view/2827355,2827355,디지털시스템,임완수,25년 1학기 수강자,5,교수님께서 수업 준비를 정말 열심히 하셨다는게 느껴졌고 열심히만 하면 많은 것을 얻어갈 수 있는 수업입니다,,,
2827355-033,https://everytime.kr/lecture/view/2827355,2827355,디지털시스템,임완수,25년 1학기 수강자,5,성적을 ㅈㄴ 잘준다 말도 안된다 그렇게까지 열심히 항 필요는 없는 과목 같다 그냥 실습 열심히 하고 시험 중간 이상만 치면될듯,,,
2827355-034,https://everytime.kr/lecture/view/2827355,2827355,디지털시스템,임완수,25년 1학기 수강자,5,베릴로그에 대해 전반적으로 배웁니다. 후반부에는 조금 많이 어렵습니다 하지만 학점을 매우 잘주십니다 들을수있으면 들으세요,,,
2827355-035,https://everytime.kr/lecture/view/2827355,2827355,디지털시스템,임완수,25년 1학기 수강자,5,Vivado 사용하고 베릴로그 언어를 배울 수 있습니다. FPGA 보드에 올리는것까지 합니다. 과제는 매주 랩과 보고서 작성입니다. 혼자 풀지 못해도 그 다음주 수업에 답을 올려주셔서 공부하는데 도움이 됩니다. 시험은 교안 또는 과제로 풀었던 랩 안의 내용이 대부분이라 수업 열심히 따라가고 과제 열심히 했으면 문제없습니다.,,,
2827355-036,https://everytime.kr/lecture/view/2827355,2827355,디지털시스템,임완수,25년 1학기 수강자,4,열심히 하는 만큼 얻어가는 것도 많을듯. 학점은 굉장히 잘 주심. 매주 lab 따라가는건 좀 벅차긴 하지만 덕분에 많이 배웠습니다,,,
2827355-037,https://everytime.kr/lecture/view/2827355,2827355,디지털시스템,임완수,25년 1학기 수강자,5,학점은 매우 너그럽게 주십니다 실습위주의 수업이여서 배운갓도 많고 재밌게 들었습니다,,,
2827355-038,https://everytime.kr/lecture/view/2827355,2827355,디지털시스템,임완수,25년 1학기 수강자,5,학점 고트. 근데 솔직히 강의를 이런 식보다 더 효율적으로 좋게 진행할 수 있다는 생각이 들긴 함.,,,
2827355-039,https://everytime.kr/lecture/view/2827355,2827355,디지털시스템,임완수,25년 1학기 수강자,5,학점 잘주심. 자기주도적 자세가 많이 필요하긴 함.,,,
2827355-040,https://everytime.kr/lecture/view/2827355,2827355,디지털시스템,임완수,25년 1학기 수강자,3,과제가 막판에 어려워졌는데 과제 비율이 매우 작아 아쉬웠어요,,,
2827355-041,https://everytime.kr/lecture/view/2827355,2827355,디지털시스템,임완수,25년 1학기 수강자,5,학점은 진짜 딱 열심히만 했으면 A+ 주시고 분반 추가개설 해주시고 학생들 뭐라도 얻어가게 하려고 노력해주신다 성대와서 본 교수님들 중 단연 1등,,,
2827355-042,https://everytime.kr/lecture/view/2827355,2827355,디지털시스템,임완수,25년 1학기 수강자,5,"실습 위주 수업으로 rtl 코딩부터 하드웨어 검증까지 경험해 볼 수 있는 좋은 수업임. 초보자 입장에서 후반부 과제가 힘들 수 있으나, 해설도 따로 해주셔서 충분히 따라갈 수 있음. 그리고 무엇보다 전전 전공 과목에서 이만큼 학점을 잘 주시는 교수님이 또 계실까 싶을 정도로 성적도 후하게 챙겨주심. 고민한다면 무조건 수강 추천!",,,
2827355-043,https://everytime.kr/lecture/view/2827355,2827355,디지털시스템,임완수,25년 1학기 수강자,5,일단 교수님이 엄청 좋으심. 12주차 과제부터 난이도가 갑자기 올라가긴 하는데 학점을 엄청 잘 주신다,,,
2827355-044,https://everytime.kr/lecture/view/2827355,2827355,디지털시스템,임완수,25년 1학기 수강자,5,사소한 불만이 있을 수 있지만 학점을 받으면 철학이 보인다,,,
2827355-045,https://everytime.kr/lecture/view/2827355,2827355,디지털시스템,임완수,25년 1학기 수강자,5,설명을 정말 잘해주시고 질문도 잘 받아주십니다. 학점도 잘 주십니다. 꽤 도움되는거 같아요,,,
2827355-046,https://everytime.kr/lecture/view/2827355,2827355,디지털시스템,임완수,25년 1학기 수강자,5,"초반에는 베릴로그 노베도 충분히 따라갈 만큼 기초부터 시작하지만, 중간 이후부터는 난이도가 급상승합니다. 과제 소요시간도 상당히 오래 걸려서 학기중에는 힘들지만, 스스로 해결한다면 얻어가는 것도 많고, 무엇보다 말도 안되게 학점을 잘주셔서 전부 치료되는 과목. 교수님께서는 논회와 논회실이 선행과목이라고 하긴 하셨는데, 논회실은 안들어도 충분할 것 같아요",,,
2827355-047,https://everytime.kr/lecture/view/2827355,2827355,디지털시스템,임완수,25년 1학기 수강자,5,실습 밀리지 않고 하면 도움되구요 시험 점수에 좀 의문이 들었는데 학점을 엄청 잘주셨네요 추천드려요,,,
2827355-048,https://everytime.kr/lecture/view/2827355,2827355,디지털시스템,임완수,25년 1학기 수강자,5,성적 엄청 잘 주시고 강의력도 아주 좋으십니다. 엄청 추천합니다.,,,
2827355-049,https://everytime.kr/lecture/view/2827355,2827355,디지털시스템,임완수,25년 1학기 수강자,5,베릴로그에 대해 많이 배울수있지만 자습해야하고 fpga많이 사용할수있어요 출석안보시고 과제들 해서 검사만 받으면 돼요 기한도 없음 시험문제가 별로임 문제오류들을 이겨내고 출제자의 의도를 잘 파악해서 잘찍어야함,,,
2827355-050,https://everytime.kr/lecture/view/2827355,2827355,디지털시스템,임완수,25년 1학기 수강자,5,"디회설을 생각하고 있다면 프론트엔드의 가장 기초인 RTL 설계에 대해 제대로 접해볼 수 있는 수업입니다. 다만 실습 위주인 것에 비해 실습 반영 비율이 낮고, 중간 고사가 끝나고 이후로 진행하는 실습들의 볼륨이 커 이것을 혼자서 완벽하게 수행하려면 정말 많은 시간 박치기가 필요합니다. 나중에 반영 비율에 대한 피드백이 적용된다면 ㄹㅇ 갓수업이 될 것 같습니다. 출석도 자유롭고, 실습도 따라올 수 있도록 나중에 모범 답안에 대해 설명해 주는 것은 이 수업의 최대 장점입니다.",,,
2827355-051,https://everytime.kr/lecture/view/2827355,2827355,디지털시스템,임완수,25년 1학기 수강자,5,베릴로그에 대해 많이 배울 수 있어서 유익했고 마지막에는 랩이 많이 어려웠지만 학점을 매우 잘주신다,,,
2827355-052,https://everytime.kr/lecture/view/2827355,2827355,디지털시스템,임완수,25년 1학기 수강자,5,없던 토요일 강의도 만들어 주시고 친절하십니다 성적도 잘 주시는 것 같습니다,,,
2827355-053,https://everytime.kr/lecture/view/2827355,2827355,디지털시스템,임완수,25년 1학기 수강자,5,배워가는게 확실히 많습니다. 랩검사 비중 얼마 안되니 시험 준비를 잘하시는게 중요할 것 같습니다.,,,
2827355-054,https://everytime.kr/lecture/view/2827355,2827355,디지털시스템,임완수,25년 1학기 수강자,4,논리회로를 좋아하지 않았지만 논회실이랑 같이 수강했었습니다. 교수님 강의 다 올려주시고 설명도 자세하게 해주십니다. 시험은 타임어택 및 정확하게 풀어내야하고 이를 위해서는 평소에도 실습열심히하고 틀린 부분을 고치면서 스스로 많이 터득해야합니다. 참고로 조교분들은 검사만 맡아주시지 오류코드의 원인을 모르셔서 그냥 gpt랑 논의하면서 실습하시면 됩니다,,,
2827355-055,https://everytime.kr/lecture/view/2827355,2827355,디지털시스템,임완수,25년 1학기 수강자,5,배우는 내용이 너무 좋고 gpt 덕분에 주차 과제 부담도 크지 않아요. 다만 문제 오류가 많은게 쫌 그러네요;; (그래서인지 중간고사는 공부한 대로 점수가 나오지 않은 느낌... ) 그래도 학점 매우 잘 주신다고 했고 fpga도 다뤄 볼 기회가 많아서 강추합니다.,,,
2827355-056,https://everytime.kr/lecture/view/2827355,2827355,디지털시스템,임완수,25년 1학기 수강자,1,학점 퍼준다고? ㅋㅋ 전전 이쪽으로 취업하고 싶으면 듣지마라 난 분명 경고했다,,,
2827355-057,https://everytime.kr/lecture/view/2827355,2827355,디지털시스템,임완수,25년 1학기 수강자,4,"실습 중심의 강의이고, 과제랑 시험이 크게 부담되지 않아요.",,,
2827355-058,https://everytime.kr/lecture/view/2827355,2827355,디지털시스템,임완수,25년 1학기 수강자,5,성적 퍼주세요 실습이랑 시험이랑 크게 상관 없는듯요 학생들 엄청 배려해주시는게 보여요. 실습은 뒤로 갈수록 엄청 어렵긴 한데 공부 많이 되는 거 같아요.,,,
2827355-059,https://everytime.kr/lecture/view/2827355,2827355,디지털시스템,임완수,25년 1학기 수강자,4,FPGA 실습 많이 할 수 있어서 좋았어요. 다만 중간 이후로 실습 난도가 급상승하는 구간이 있어요. 시험은 엄청 어렵다고 안 느꼈는데 시험에 오류가 너무 많아서 좀 당황스러웠어요. 특히 시험 종료 5분 전에 오류가 있다고 문제 수정했다가 3분 전에 다시 원래대로 풀라고 공지했을 때 많이 당황했습니다.,,,
2827355-060,https://everytime.kr/lecture/view/2827355,2827355,디지털시스템,임완수,25년 1학기 수강자,3,"수업은 친절하게 해주는데 교안에서 모르는걸 물어봐도 뭔가 제대로 안알려주시고 본인도 모르고 넘어갈때가 가끔있다. 매주 과제가 있지만 12주차정도까지는 어렵지 않은 수준이고, 13주차부터 갑자기 난이도가 불같이 뛰어서 시간 투자를 좀 해야한다. 그리고 중간 기말은 코테가 아니라 고등학교 내신처럼 나오기도 하고 오류가 너무 많아서 문제풀때 온전히 집중을 하기가 힘들다. 그래도 스스로 열심히 하면 얻어가는건 많으니 잘 선택해서 듣기를 바람",,,
2827355-061,https://everytime.kr/lecture/view/2827355,2827355,디지털시스템,임완수,25년 1학기 수강자,2,다들 좋다하지만 막상 들으면 뭔가 붕뜨는 수업. 과제점수도 비중이 없고 fpga 검사도 제대로 안하심. 사실상 시험으로 다 갈리는데 시험에 오류가 너무나도 많음.,,,
2827355-062,https://everytime.kr/lecture/view/2827355,2827355,디지털시스템,임완수,25년 1학기 수강자,5,과제가 매주있긴하지만 거의다 복붙하면되는 수준이고 디지털회로설계에 관심이있다면 굉장히 흥미롭게 들을수있는 수업이라고 생각합니다,,,
2827355-063,https://everytime.kr/lecture/view/2827355,2827355,디지털시스템,임완수,25년 1학기 수강자,3,다 좋긴좋은데 시험 문제에 오류가 너무 많음..,,,
2827355-064,https://everytime.kr/lecture/view/2827355,2827355,디지털시스템,임완수,25년 1학기 수강자,5,베릴로그랑 fpga 관련해서 배워가는게 많습니다. 단점이라면 매주 보고서 내야하고 실습 검사맡는게 좀 부담스러운거 정도? Wave 과제가 어렵긴했는데 최소기준만 맞추면 차등 평가는 없어서 굳이 시간 많이 쓸 이유 없었던거같아요,,,
2827355-065,https://everytime.kr/lecture/view/2827355,2827355,디지털시스템,임완수,25년 1학기 수강자,5,기말쪽 갈수록 내용 어렵고 랩 따라가기 힘듬. 텀프도 구현 어려움. 그치만 얻는건 많은듯,,,
2827355-066,https://everytime.kr/lecture/view/2827355,2827355,디지털시스템,임완수,25년 1학기 수강자,2,과제 부담이 ㅈ되는데 비율이 10퍼면 그거대로 문제있는거 아님? fpga 보드 많이 써볼수있는건 장점인데 이게 이론강의 포지션이라 시험 비중이 너무 큼 교안도 사실은 지피티가 쓴거같다,,,
2827355-067,https://everytime.kr/lecture/view/2827355,2827355,디지털시스템,임완수,25년 1학기 수강자,5,뭐 강의평 보니까 찡찡이들 많은데 그냥 FPGA실습에 의의를 두면 될듯ㅋㅋ절대 평가라서 성적에 부담없고 과제 10펀데 지들이 열심히 안하고 찡찡찡~ 베릴로그 관련서 기초를 완벽하고 간단하게 잡을수있는 수업이라고 생각,,,
2827355-068,https://everytime.kr/lecture/view/2827355,2827355,디지털시스템,임완수,25년 1학기 수강자,1,실습이 말이 안되게 어려움. wave로 외국 대학 교수님의 강의를 듣는데 취지는 좋으나 과제가 어렵고 도움 받을 수 있는 부분이 하나도 없어서 혼자서 해결해야함. 심지어 기말 시험기간에 난이도가 급상승해서 사간이 많이 뺐기고 다른 과목 공부에 지장이 감.,,,
2827355-069,https://everytime.kr/lecture/view/2827355,2827355,디지털시스템,임완수,25년 1학기 수강자,2,베릴로그를 교수님급으로 잘하면 좋은 강의 설명은 간결하지만 과제가 어렵습니다 저는 과제 하는데 10시간정도 잡아놓고있습니다 이게 일주일에 한번씩 나갑니다 논회실도 하고왔는데 많이 힘들었습니다 교수님이 편의를 많이 봐주시긴 하지만 상당히 힘듭니다,,,
2827355-070,https://everytime.kr/lecture/view/2827355,2827355,디지털시스템,임완수,25년 1학기 수강자,5,교수님니 착하십니다. 그치만 시험이 쉬워서 평균이 아주 높습니다..,,,
2827355-071,https://everytime.kr/lecture/view/2827355,2827355,디지털시스템,임완수,25년 1학기 수강자,5,레전드 강의 오브 레전드 강의 입니다. 교수님 착하시고 수업 빠르지만 설명 굿 코딩만 타닥타닥 굿,,,
2827355-072,https://everytime.kr/lecture/view/2827355,2827355,디지털시스템,임완수,25년 1학기 수강자,5,강의편의를 많이 봐주십니다 실습 위주 수업이라 만족,,,
2827355-073,https://everytime.kr/lecture/view/2827355,2827355,디지털시스템,임완수,25년 1학기 수강자,5,교수님이 학생들을 정말 많이 배려해줘요 도움도 많이 되고 좋은 강의입니다,,,
2827355-074,https://everytime.kr/lecture/view/2827355,2827355,디지털시스템,임완수,25년 1학기 수강자,5,최고의 강의입니다 너무 좋은 수업이에요 다들 꼭 들으세요!,,,
2827355-075,https://everytime.kr/lecture/view/2827355,2827355,디지털시스템,임완수,25년 1학기 수강자,4,크게 부담없이 수강 가능합니다! 과제가 조금 난이도가 있는 편이지만 과제점수에 대한 부담이 없어서 좋아요,,,
2827355-076,https://everytime.kr/lecture/view/2827355,2827355,디지털시스템,임완수,25년 1학기 수강자,5,디지털회로설계를 배우기에 최고의 강의였습니다! 교수님께서도 매우 친절하셨어요!,,,
2827355-077,https://everytime.kr/lecture/view/2827355,2827355,디지털시스템,임완수,25년 1학기 수강자,5,매주 베릴로그 실습과 fpga실습을 할 수 있어서 얻어가는게 많습니다,,,
2827355-078,https://everytime.kr/lecture/view/2827355,2827355,디지털시스템,임완수,25년 1학기 수강자,5,부담없는데 자잘한 과제거 좀있습니다! 절평입니다,,,
2827355-079,https://everytime.kr/lecture/view/2827355,2827355,디지털시스템,임완수,25년 1학기 수강자,5,베릴로그 배우기 아주 좋은 수업입니다. 난이도도 괜찮고 과제같은부분도 p/f로 하기만 하면 됩니다. 수강전에 논리회로 복습정돈 하는걸추천드립니다,,,
2827355-080,https://everytime.kr/lecture/view/2827355,2827355,디지털시스템,임완수,25년 1학기 수강자,5,교수님이 편의를 많이 봐줘 편합니다. 크게 어렵지도 않아요,,,
2827355-081,https://everytime.kr/lecture/view/2827355,2827355,디지털시스템,임완수,24년 2학기 수강자,5,"실습위주의 강의입니다. wave 과제와 lab이 어려운 편이였지만, 학생들이 포기하지 않도록 교수님께서 최대한 편의를 봐주십니다. 덕분에 베릴로그와 fpga에 대해 잘 배운 것 같습니다.",,,
2827355-082,https://everytime.kr/lecture/view/2827355,2827355,디지털시스템,임완수,24년 2학기 수강자,5,"기존의 디시 수업 과 다르게 vhdl이 아닌 베릴로그를 배웁니다. 학점 후하게 주시고, 시험 과제에 대한 부담도 줄여주시려고 노력합니다. 마지막 CPU 구현 텀프가 어렵다고 하는 사람들도 있지만, 교수님께서 코드도 공유하셔서 끝까지 모든 학생들 다 따라갈 수 있게 도와주셨습니다.",,,
2827355-083,https://everytime.kr/lecture/view/2827355,2827355,디지털시스템,임완수,24년 2학기 수강자,5,논리회로에서 다루는 모든 회로를 베릴로그로 구현하는 수업입니다. 시험도 그렇게 어렵지 않고 학점도 잘 주시니 추천하지 않을 수 없습니다. 매주 나가는 lab과 wave 강의 과제는 좀 어렵지만 도전해볼만 합니다.,,,
2827355-084,https://everytime.kr/lecture/view/2827355,2827355,디지털시스템,임완수,24년 2학기 수강자,4,"절대평가에 실습 정답 코드 다 알려주시고 친절한 교수님인 것 같다. 그러나 학생들의 실력을 과대평가하시는 건지 주간 과제가 꽤 어렵다. WAVE로 나오는 내용과 과제는 정말 어렵다. 중간 기말은 선택형, 주관식이고 정말 교안과 lab만 보면 되는 난이도이다.",,,
2827355-085,https://everytime.kr/lecture/view/2827355,2827355,디지털시스템,임완수,24년 2학기 수강자,5,"베릴로그 코딩을 통해 각종 논리회로를 설계해볼 수 있는 수업입니다. 특히 FPGA를 많이 다뤄볼 수 있어서 디지털 회로설계나 FPGA에 관심이 있다면 정말 좋은 수업이라고 생각합니다. 그리고 중간고사 이후에 외국대학 교수님의 디지털 회로 강의를 듣고 과제를 하게 되는데, 이번 학기의 경우 16-bit CPU를 설계하고 FPGA에서 동작시키는 과제가 주어졌습니다. 정말 어려운 과제였지만 그만큼 설계하는 과정에서 많은 것을 배울 수 있었다고 생각합니다.",,,
2827355-086,https://everytime.kr/lecture/view/2827355,2827355,디지털시스템,임완수,24년 2학기 수강자,5,베릴로그 코딩 & fpga 실습 위주의 수업입니다. 매주 아캠 강의 미리 듣고와서 수업시간에는 강의에서 나온 모듈들과 그것과 유사한 lab 과제를 직접 설계해보고 fpga에 구현하는 방식으로 진행됩니다. 교수님께서 매우 친절하시고 학생들 편의를 많이 봐주셔서 좋았고 절대평가 과목이라 성적도 너그럽게 주신 것 같습니다.,,,
2827355-087,https://everytime.kr/lecture/view/2827355,2827355,디지털시스템,임완수,24년 겨울 수강자,5,최고의 강의 그냥 역대급 교수님이 등장함을 알려버림 짱,,,
42413-001,https://everytime.kr/lecture/view/42413,42413,마이크로프로세서실험,전재욱,26년 1학기 수강자,4,시간 많이 잡아먹습니다 생각보다 많이 얻어가는 건 많습니다.,,,
42413-002,https://everytime.kr/lecture/view/42413,42413,마이크로프로세서실험,전재욱,26년 1학기 수강자,3,"중간고사 전 주간과제, 중간대체과제, 파이널과제, 기말시험 이렇게 구성되고 중간대체부터는 빡셉니다.. 수업은 좋지만 난이도가 높아 학생들 모두 ai 의존도가 높아요 조교님들은 정말 친절하게 도와주십니다",,,
42413-003,https://everytime.kr/lecture/view/42413,42413,마이크로프로세서실험,전재욱,26년 1학기 수강자,5,"강의는 어렵지만, 조교님들이 친절해요. 과제 난이도가 높지만 다들 ai 써서 잘 해내는 것 같습니다.",,,
42413-004,https://everytime.kr/lecture/view/42413,42413,마이크로프로세서실험,전재욱,26년 1학기 수강자,5,배울 점이 많고 조교분들이 친절하셔서 모르는거 여쭤보면 잘 해주세요 수업 자체에서 ai활용을 권장하는 분위기인듯 과제는 기한 넘어가면 얄짤없으니 주의,,,
42413-005,https://everytime.kr/lecture/view/42413,42413,마이크로프로세서실험,전재욱,26년 1학기 수강자,5,"임베디드 경험하기에 좋고, 조교님들이 너무 친절하십니다.",,,
42413-006,https://everytime.kr/lecture/view/42413,42413,마이크로프로세서실험,전재욱,26년 1학기 수강자,5,양은 많지만 임베디드에 대해 배울게 많은 수업 추천합니다~~,,,
42413-007,https://everytime.kr/lecture/view/42413,42413,마이크로프로세서실험,전재욱,25년 1학기 수강자,5,임베디드 프로그래밍에 대해 배울 수 있는 좋은 수업입니다,,,
42413-008,https://everytime.kr/lecture/view/42413,42413,마이크로프로세서실험,전재욱,25년 1학기 수강자,5,"2회의 프로젝트, 1회의 기말 프로젝트는 평소 실습 열심히 하면 하루이틀 낑낑대면 거의 만점 받는다. 시험도 교안 잘 읽고 수업시간에 내시는 퀴즈같은 유형으로 내시지만 단답형인 특성상 실수하면 점수가 없다. 하지만 학점을 진짜 후하게 배터질정도로 주셔서 5점 드립니다.. 기말프젝 조금씩밖에 안깎이고 평균 언저리가 a+인 사람도 있었음",,,
42413-009,https://everytime.kr/lecture/view/42413,42413,마이크로프로세서실험,전재욱,25년 1학기 수강자,5,"체감 4학점 고봉밥 코딩 잘하는 편이었으나 과제량이 넘 많아서 쉽진 않았어요 과제는 친구꺼 받아서 수정해서 내고 중간 텀프 기말 텀프부터 공부하면서 했는데 각각 3일 2일 정도 걸렸습니다. 기말은 현장에서 데이터 시트 보고 코딩하는 느낌으로 진행됩니다. 어려워서 500점 만점에 평균 193, 중간값 197 입니다.",,,
42413-010,https://everytime.kr/lecture/view/42413,42413,마이크로프로세서실험,전재욱,25년 1학기 수강자,4,임베디드 하실꺼면 듣는게 좋음.기말 볼륨이 좀 큼,,,
42413-011,https://everytime.kr/lecture/view/42413,42413,마이크로프로세서실험,전재욱,25년 1학기 수강자,5,반시공 실험 치고 꽤 할만한 수준입니다 주차과제도 생각보다 할만하고 프젝은 주차과제만 잘했으면 코드 재활용 가능해서 생각보다 쉽습니다 시험은 좀 어렵습니다. 학점 욕심 없으시면 추천합니다,,,
42413-012,https://everytime.kr/lecture/view/42413,42413,마이크로프로세서실험,전재욱,25년 1학기 수강자,5,임베디드 시스템과 관련된 분야로 취업하고 싶다면 정말 듣기 좋은 과목입니다.,,,
42413-013,https://everytime.kr/lecture/view/42413,42413,마이크로프로세서실험,전재욱,25년 1학기 수강자,3,"임베디드 및 스마트카 할 분들에게는 마스터하면 더할 나위 없이 좋은 과목인 것 같지만, 다른 쪽으로 생각하시는 분은 절대절대 비추천입니다. 이거 때문에 그 시기에 정말 중요한 것을 소홀히 할 수 있음..",,,
42413-014,https://everytime.kr/lecture/view/42413,42413,마이크로프로세서실험,전재욱,25년 1학기 수강자,5,할게 정말 많은데 배울것도 많습니다. 매주 과제에만 서너시간은 기본으로 썼던것같네요 코딩은 좀 못해도 상관없습니다,,,
42413-015,https://everytime.kr/lecture/view/42413,42413,마이크로프로세서실험,전재욱,25년 1학기 수강자,5,주차 과제 오래걸리고 텀프 2개도 오래걸리지만 임베디드 활용능력은 확실하게 향상됩니다!,,,
42413-016,https://everytime.kr/lecture/view/42413,42413,마이크로프로세서실험,전재욱,25년 1학기 수강자,5,"임베디드를 희망한다면 이 과목을 추천합니다. 학부생이 쉽게 경험하기 힘든 경험들을 제공하며, 펌웨어 개발을 통해 능력 향상이 가능한 과목.",,,
42413-017,https://everytime.kr/lecture/view/42413,42413,마이크로프로세서실험,전재욱,25년 1학기 수강자,5,프로젝트 총 2회 매주 과제 (중간 이후 없음) 기말 시험 임베디드 관심 있으시면 듣는 걸 추천합니다!!,,,
42413-018,https://everytime.kr/lecture/view/42413,42413,마이크로프로세서실험,전재욱,25년 1학기 수강자,5,"임베디드 관심있다면 꼭듣! 초반 주차에 볼륨이 크고 뒤로 갈수록 작아짐! 조교님 수업이고, 다들 친절한듯!",,,
42413-019,https://everytime.kr/lecture/view/42413,42413,마이크로프로세서실험,전재욱,25년 1학기 수강자,5,임베디드 뭐하는건지 잘 알 수 있는 수업 열심히만 하면 얻어가는거 많은듯,,,
42413-020,https://everytime.kr/lecture/view/42413,42413,마이크로프로세서실험,전재욱,24년 2학기 수강자,1,매주 과제가 있습니다. 정말 너무너무너무 힘들었어요. 이거 때문에 주말에 본가를 못간 적도 있구요 실습 키트를 들고 서울로 올라간적도 있습니다. 주간 과제 볼륨이 너무 큰데 생각보다 학점엔 크게 영향이 없는 거 같아서 많이 속상하네요…,,,
42413-021,https://everytime.kr/lecture/view/42413,42413,마이크로프로세서실험,전재욱,24년 2학기 수강자,5,조교님들 모두 친절하시고 할 거 많은 만큼 배워가는 건 정말 많았어요. 마지막에 기말시험 만만하게 보고 대충했다가 시험 심하게 말아먹었는데 학점 잘 주셔서 감사합니다..,,,
42413-022,https://everytime.kr/lecture/view/42413,42413,마이크로프로세서실험,전재욱,24년 2학기 수강자,5,배우는 것많고 얻어가는 것들 많음 근데 그만큼 많이 힘듬 나머지 수강생들이 완전 빡셈,,,
42413-023,https://everytime.kr/lecture/view/42413,42413,마이크로프로세서실험,전재욱,24년 2학기 수강자,5,임베디드 지망을 한다면 이거 이상의 수업이 있을지 잘 모르겠음. 무조건 들어야하는 필수 과목! 학점도 잘주심 ㅎㅎ.,,,
42413-024,https://everytime.kr/lecture/view/42413,42413,마이크로프로세서실험,전재욱,24년 2학기 수강자,5,"중간까지는 매주 과제가 나오고 중간프로젝트 이후부터는 2~3주 정도 과제 있음. 중간 프로젝트, 기말 프로젝트, 기말고사가 점수에서 큰 비중을 차지함. 잘하는 사람만 수강하는 건지 프로젝트 과제의 중간값이 굉장히 높다. 기말고사가 500점에 부분점수가 없어서 이걸로 변별될 것 같다. c언어 원래도 못했고 프기실 과제를 다시 시켜도 못할 수준인데 스켈레톤 코드+실습 교안이면 주간 과제는 가능. 프로젝트 과제는 추가적인 노력이 필요하다. 그래도 완성 못할 난이도는 아님. 조교님들이 정~~~~말 친절하심. 대학원에 대한 환상이 생길지도 모를정도로 친절하심ㅋㅋㅋㅋㅋ",,,
42413-025,https://everytime.kr/lecture/view/42413,42413,마이크로프로세서실험,전재욱,24년 2학기 수강자,5,"매주마다 과제가 나오는데, 스켈레톤 코드가 나와서 할만함. 추가적으로 중간 프로젝트와 기말 프로젝트도 있음. 중간고사는 안 보지만 기말은 봄. 시험 난이도는 평소 하던대로 하면 ㅈ되고 이러면 어떻게 될까? 라는 질문을 계속 던지면서 공부해야함. 그리고 조교님이 착한데 변태임. 욕해도 좋아하니까 소용없음. 그래도 배운건 많은듯!!",,,
42413-026,https://everytime.kr/lecture/view/42413,42413,마이크로프로세서실험,전재욱,24년 2학기 수강자,2,임베디드 할거 아니면 듣지 마세요 과제 개많고 중간프로젝트 기말프로젝트 기말고사까지 부담이 너무 큼 오프라인은 왜 부르는지도 잘 모르겠고 걍 이거때매 다른거 아무것도 못함,,,
42413-027,https://everytime.kr/lecture/view/42413,42413,마이크로프로세서실험,전재욱,24년 2학기 수강자,5,스켈레톤 코드를 줘서 할만해요 그렇게 오래걸리지 않음 그리고 프로젝트도 설명 잘해줘서 모두 다 하는 듯…시험에서 변별될거 같아요,,,
42413-028,https://everytime.kr/lecture/view/42413,42413,마이크로프로세서실험,전재욱,24년 2학기 수강자,5,"지금껏 배운 컴구, 디지털 신호처리. 논회실 등등을 다 버무려놓은 과목 같습니다. 이론으로만 알고있던걸 실제로 돌려보면서 더 깊게 이해할 수 있어 좋았던 것 같아요. 조교님들이 진짜 열일하시고 친절하십니다. 시간이 많이 쓰이긴 하는데 그만큼 많이 배우고 얻을 것도 많은 과목이라고 생각해요. 무엇보다도 레포트 작성 없이, 코드로만 승부보는 과목이라 레포트 쓰기 너무 힘들다 하시는 분들은 들어도 좋을 것 같습니다.",,,
42413-029,https://everytime.kr/lecture/view/42413,42413,마이크로프로세서실험,전재욱,24년 2학기 수강자,5,힘들긴 한데 잘 해내기만 하면 경쟁력 있을 것 같습니다.,,,
42413-030,https://everytime.kr/lecture/view/42413,42413,마이크로프로세서실험,전재욱,24년 2학기 수강자,3,배우는 건 많은데 할 것도 개많아서 삼성 드림 귀찮아 죽겟슴 오프라인 수업은 너무 비효율적이라 왜 하는지 의도를 모르겠고 투표는 왜 하는지 더 모르겟슴 그냥 온라인 강의 듣고 알아서 과제 하는 거임,,,
42413-031,https://everytime.kr/lecture/view/42413,42413,마이크로프로세서실험,전재욱,24년 2학기 수강자,5,조교님들 친절하십니다. 온라인 강의 + 플립러닝해서 체감상 4학점같은 수업이에요.. 학점 미화 되길 바라며 얻어가는거는 많습니다! 당연히 많을 수 밖에 없어요 하하,,,
42413-032,https://everytime.kr/lecture/view/42413,42413,마이크로프로세서실험,전재욱,24년 2학기 수강자,4,시간을 너무 많이 쓰긴합니다 마치 이 수업만 존재하는것처럼.. 대신 가르쳐주는것도 많습니다 조금 더 효율적인 수업 방식을 사용했으면.좋았겠지만 그래도 괜찮습니다,,,
42413-033,https://everytime.kr/lecture/view/42413,42413,마이크로프로세서실험,전재욱,24년 2학기 수강자,5,"할게 좀 많지만,, 그만큼 얻어가는 수업입니다 열심히 하는민큼 조교님들도 도와주세요! 과제마다 피드백도 달아주십니다 임베디드로 진로를 설정하면 이만한 수업이 없습니다..!",,,
42413-034,https://everytime.kr/lecture/view/42413,42413,마이크로프로세서실험,전재욱,24년 1학기 수강자,5,최고의 수업입니다 강의력 좋으시고 얻어갈거많아요,,,
42413-035,https://everytime.kr/lecture/view/42413,42413,마이크로프로세서실험,전재욱,24년 2학기 수강자,1,작년도 온라인으로 진행해서 이번년도도 그런줄 알았지만 아니었다. 플립러닝으로 온라인 강의도 다 올리면서 오프라인 수업을 하는 이유를 모르겠음,,,
42413-036,https://everytime.kr/lecture/view/42413,42413,마이크로프로세서실험,전재욱,24년 2학기 수강자,1,"할게 너무 많다. 내 스트레스의 대부분이 여기서 온다. 리얼타임 3시간+플립러닝 2시간반+매주 있는 과제인데 2학점인거부터 말이 안된다. 거기에 프로젝트 2번에 기말고사도 있다. 좀 너무하다 싶을정도로 할게 많다. 조교님들은 친절하시지만, 보드에 익숙해질 시간도 부족한데 레지스터 과제가 바로 들어가고, C를 알아도 코드가 너무 복잡해서 솔직히 너무 힘들다. 무엇보다, 수업만 듣고선 내야하는 심화 과제를 할 수 없다고 생각하며, 베이스가 없다면 내용파악+디버깅에 시간도 너무 오래걸린다. 학생 부담이 너무 심한 실험이라 생각한다. 난이도 완화가 없다면 나는 이 수업을 절대 추천하지 않는다.",,,
42413-037,https://everytime.kr/lecture/view/42413,42413,마이크로프로세서실험,전재욱,22년 2학기 수강자,1,실험채우려고 공부할맘도 없는거 신청해서 출석다하고 시험다 응시하고 과제도 두번빼고 다냈는데 f... d라도 줄 수 있는거 아닌가,,,
42413-038,https://everytime.kr/lecture/view/42413,42413,마이크로프로세서실험,전재욱,23년 1학기 수강자,5,"조교님 하드 캐리 과목입니다. 교수님께서 이론을 설명해주시고 실질적인 부분은 조교님께서 알려주시는데, 상당히 알기 쉽게 잘 설명해주셔서 좋았습니다. 학생들과 소통도 열정적으로 해주셨지만 다음 학기부턴 조교가 바뀐다는 얘기가 있으니.. 참고만 하면 좋겠네요. 과목 난이도는 생각보다 쉬웠습니다.",,,
42413-039,https://everytime.kr/lecture/view/42413,42413,마이크로프로세서실험,전재욱,23년 1학기 수강자,5,조교님이 최곱니다. 근데 이번학기를 마지막으로 졸업한다고 하셔서 어떻게 될지 모르겠습니다. 그냥 매주 수업 열심히 듣기만 하면 과제나 시험이나 어렵지 않게 할 수 있습니다. 실험과목 중 시간 많이 안 잡아먹는 좋은 과목입니다.,,,
42413-040,https://everytime.kr/lecture/view/42413,42413,마이크로프로세서실험,전재욱,23년 1학기 수강자,5,프로젝트 동작된다고 바로 내지말고 꼭 세부사항 확인해보고 제출하세요. 여기서 깎인 점수가 많이 큽니다. 그래도 학점은 매우 잘 주니까 이건 좋은듯,,,
42413-041,https://everytime.kr/lecture/view/42413,42413,마이크로프로세서실험,전재욱,23년 1학기 수강자,5,"진짜 들었던 수업 중에 이렇게 알차고, 많이 배워가는 수업은 드물었던 것 같습니다. 과제의 구성이나 난이도, 소통방식들도 너무 만족스러웠습니다. 조교님이 강의평을 보신다면, 다시 한 번 감사의 인사를 드리고 싶습니다.",,,
42413-042,https://everytime.kr/lecture/view/42413,42413,마이크로프로세서실험,전재욱,23년 1학기 수강자,5,다시는 만나보지 못할 역대급 실험수업 조교님의 눈부신 활약으로 이루어진 수업,,,
42413-043,https://everytime.kr/lecture/view/42413,42413,마이크로프로세서실험,전재욱,23년 1학기 수강자,5,"정말 좋은 조교님과 함께한 양질의 수업이었습니다. 과제가 총 4번(10점짜리 3번, 중간대체과제 30점)이 있는데 한번 한번 양이 적지 않아 쉽지 않을 수도 있습니다. 그런데 조교님께서 올려주신 소스코드와 수업내용만 잘 따라간다면 적절한 시간투자로 과제는 만점을 받을 수 있을 것 같습니다. 기말시험은 난이도가 꽤 있는 편이었는데, 실습강의를 들으면서 레지스터 기반의 동작을 이해한다면 잘 풀 수 있는 것 같습니다.",,,
42413-044,https://everytime.kr/lecture/view/42413,42413,마이크로프로세서실험,전재욱,23년 1학기 수강자,5,수업 설계가 굉장히 세밀하다. 실험 과목 중 가장 유익한듯 조교님은 능력 좋은 대학원생 표본같은 사람 문제는 그만큼 학생들 수준이 너무 높다 진짜 말도 안되니 안일한 마음으로 수강신청 하면 큰일난다,,,
42413-045,https://everytime.kr/lecture/view/42413,42413,마이크로프로세서실험,전재욱,23년 1학기 수강자,5,그는 신인가. 신은 그인가. 2학기는 어떻게 될지 모르겠지만 내용만 그대로여도 좋은 수업 하지만 완벽했던 23-1학기,,,
42413-046,https://everytime.kr/lecture/view/42413,42413,마이크로프로세서실험,전재욱,23년 1학기 수강자,5,지금까지 학교다니면서 최고의 수업이었습니다. 조교님 덕분에 어려운 과목을 정말 재밌게 공부했습니다.,,,
42413-047,https://everytime.kr/lecture/view/42413,42413,마이크로프로세서실험,전재욱,23년 1학기 수강자,5,이 강의는 23-1학기 전 후로 완전히 다른 수업일 것이다. 왜냐하면 '그'가 이번 학기를 끝으로 졸업을 하시기 때문이다. 강의를 잘 하는가? -> O 소통을 잘 하는가? -> O 목소리가 감미로운가? -> O 교수인가? -> X 한 학기동안 정말 감사했습니다 졸업 축하드립니다 조교님,,,
42413-048,https://everytime.kr/lecture/view/42413,42413,마이크로프로세서실험,전재욱,23년 1학기 수강자,5,내러티브와 스타일을 완전히 장악한 조교의 눈부신 활공 (☆☆☆☆☆),,,
42413-049,https://everytime.kr/lecture/view/42413,42413,마이크로프로세서실험,전재욱,22년 1학기 수강자,4,"중간/기말 term project, 기말 이론 시험, 주차별 과제 중 기말 이론 시험으로 학점이 갈립니다.",,,
42413-050,https://everytime.kr/lecture/view/42413,42413,마이크로프로세서실험,전재욱,22년 1학기 수강자,5,조교님들 너무 친절하심.. 조교님들 최고 진짜 과제 변별력 없고 시험에서 다 갈린다고 했는데 난 과제는 다 제출하고 거의 다 만점 받았고 시험은 딱 평균이었는데 A+ 나옴. 사실 이 학점 안나왔으면 나도 ㅈㄴ 화났을것 같긴함. 그만큼 과제에 투자한 시간도 많았어서...,,,
42413-051,https://everytime.kr/lecture/view/42413,42413,마이크로프로세서실험,전재욱,22년 1학기 수강자,5,조교님들 너무 친절하다!!! 최고다!! 진짜로,,,
42413-052,https://everytime.kr/lecture/view/42413,42413,마이크로프로세서실험,전재욱,22년 1학기 수강자,5,앞으로 살면서 이보다 친절한 조교님들을 만날일은 없을 것 같다. 중간 기말 프로젝트에 기말시험까지 뒤지는줄 알았지만 조교님들의 친절함과 고생에 감복하여 5점드립니다. 아마 첫 보드로 하는 과제와 프로젝트라 다음학기부터는 조금 보완이 되서 더 완성도있는 과목이 되지 않을까 합니다.,,,
42413-053,https://everytime.kr/lecture/view/42413,42413,마이크로프로세서실험,전재욱,22년 1학기 수강자,3,과제랑 프로젝트에 시간 다 갈아넣었는데 다 봐준다고 변별도 거의 없고 비중도 적게 차지해서 결국 기말시험 한번으로 다 갈림. 기말프로젝트에 기말시험까지 봐서 개부담스러움; 다시 돌아가면 과제 프로젝트 다 대충해서 낼듯ㅋㅋ,,,
42413-054,https://everytime.kr/lecture/view/42413,42413,마이크로프로세서실험,전재욱,22년 1학기 수강자,5,신형 보드라 누적된 데이터가 없다보니 조교님들도 발생하는 문제로 엄청 고생하시는 것 같았음. 중간/기말 프로젝트랑 이론 시험이 따로 있어서 부담이 큼. 프로젝트 난이도가 쉽지만은 않았던거 같은데 듣는 사람들이 다 잘해서 점수대가 높게 나옴. 임베디드에 관심있는 사람들한테는 배울게 많은 수업같음. 기말 이론 비중이 높아져서 아쉽지만 조교님들 소통력은 이제까지 들은 전공 중에서 최고의 수업이었음.,,,
42413-055,https://everytime.kr/lecture/view/42413,42413,마이크로프로세서실험,전재욱,22년 1학기 수강자,5,매주 과제에 5~6시간 소모. 과제를 열심히 했어도 기말로 성적이 갈림. 기말에 개념적인 내용 은근히 나옴. 조교님들이 매우 친절하심.,,,
42413-056,https://everytime.kr/lecture/view/42413,42413,마이크로프로세서실험,전재욱,22년 1학기 수강자,5,새로 지원받은 보드에 코딩하느라 조교분들께서도 완벽하게 꿰고 있지는 않으셨지만 그만큼 소통을 너무 잘 해주셨습니다. 솔직히 조교분들께 미안할 정도로 의견 반영도 잘 해주시고 qna도 편해서 수업 듣기는 정말 좋았어요. 대신 그만큼 실습 난이도가 쉬워져서 기말 비중이 높아진 느낌은 있었네요.,,,
42413-057,https://everytime.kr/lecture/view/42413,42413,마이크로프로세서실험,전재욱,21년 1학기 수강자,4,과제는 시간이 좀 걸리는데 스켈레톤코드 있어서 할만함 시험한번으로 학점 갈림,,,
42413-058,https://everytime.kr/lecture/view/42413,42413,마이크로프로세서실험,전재욱,21년 1학기 수강자,4,"임베디드시스템 쪽으로 많이 배우고 싶다면 꼭 들어야 하는 강의입니다. 혼자서 삽질하면서 많이 배우긴 하는데, 아쉬운 점을 꼽으라면 강의 퀄리티가 별로 좋지 못합니다. 좋은 과제를 던져주기 때문에 과제 족보를 보지 않고 스스로의 힘으로 한다면 깊게 생각하며 펌웨어 구조를 설계할 수 있지만, 사실 저는 개발할 때 현업에서는 어떻게 하는지, 더 우수한 기법이 있는지에 대한 조언을 듣고 싶었습니다. 강의의 양도 매주 이론과 실습강의가 합쳐 40분이 되지 않습니다.",,,
42413-059,https://everytime.kr/lecture/view/42413,42413,마이크로프로세서실험,전재욱,21년 1학기 수강자,3,"학점은 A 40% 좀 안되게 주신 것 같습니다. 실습 쉽다는 후기가 많은 것 같은데, 포트마다 다른 변수 사용법을 찾는 과정이 처음이라 마냥 쉽진 않았고, 5주차 부터는 개인적으로 많이 어려웠습니다. 중간 프로젝트는 스켈레톤이나 방법이 전혀 주어지지 않아서 진짜 포기할 뻔 했고 중간부터 기말 플젝 전 까지 주차 과제들도 빡셌습니다ㅠ 학기 내내 과제에 시간 정말 많이 투자했는데 생각보다 점수 편차가 없었고 기말고사로 학점이 갈린 것 같았습니다. 투자한 시간과 스트레스에 비해 과제 반영 비율이 적었고 쁠도 못받아서 아쉬웠던 수업... 마냥 쉬운 꿀강의 절대절대절대 아닙니다. +보드 뽑기운 안좋으면 원인도 모르고 삽질할 가능성 다분.",,,
42413-060,https://everytime.kr/lecture/view/42413,42413,마이크로프로세서실험,전재욱,21년 1학기 수강자,5,C언어 좀 할 줄 알고 데이터시트 쫌 볼 줄 알면 개꿀실험입니다. 기본적으로 스켈레톤 코드가 주어지고 기본 헤더 잘 살펴보면 이 변수가 이 레지스터에 맵핑되어있구나가 바로 눈에 들어옵니다. 레포트도 기말실험때 한번 빼곤 없었고 과제 자체도 크게 어렵진 않습니다. 다만 아래에서 말이 나왔듯이 보드 복불복이 조금 있고 인터럽트가 가끔 예상치 못한 형태로 동작하기도 하니 조심하세요. 시험은 어렵진 않았는데 여기서 나오겠어? 싶었던 부분들이 나온 바람에 낭패를 좀 봤네요.,,,
42413-061,https://everytime.kr/lecture/view/42413,42413,마이크로프로세서실험,전재욱,21년 1학기 수강자,3,"창공 들은사람은 알거임. 보드 복불복이 있다. 비대면 수업이지만 보드에 문제가 많을경우 대면수업마냥 매주 학교에 가는 자신을 볼수도 있다. 매주 나오는 과제+중간,기말과제+기말시험 있음. 매주 나오는 과제는 보통 반나절이면 전부 할수 있지만 간혹 막힐때가 있는데 이럴때 조교한테 물어봐도 대답이 1주일은 걸리기 때문에 난감하다. A+ 받고싶으면 기말 잘보는게 필수임. 과제 전부 제출하고 나쁘지 않은 성적 나왔는데 기말이 평균점수 나오면 A가 나온다.",,,
42413-062,https://everytime.kr/lecture/view/42413,42413,마이크로프로세서실험,전재욱,21년 1학기 수강자,5,코로나로 인해 온라인으로 실습을 진행했습니다. 스켈레톤 코드가 제공되며 이를 바탕으로 코드를 작성하고 보드를 구동시키는 방식으로 수업에 참여할 수 있습니다. 실습을 통해 배운 내용으로 프로젝트 2개와 기말시험을 봅니다.,,,
42413-063,https://everytime.kr/lecture/view/42413,42413,마이크로프로세서실험,전재욱,21년 1학기 수강자,3,"비대면 학기였기 때문에 온라인으로 진행됐습니다. 혹시 아두이노같이 보드에서 코딩을 해보고싶다면 이 과목을 듣는 것을 추천한다. 보드에 여러가지 주변 기기들을 연결해서 코딩할 수 있다. 보드가 꽤 오래됐기 때문에 상태가 영 꽝인 보드들이 종종 있다. 만약 상태가 이상한 보드를 받았다면... X... 매주 과제가 나오고 중간, 기말 프로젝트, 그리고 기말 고사가 있다. 다행히 스켈레톤 코드를 주기 때문에 코딩해야하는 양이 많지는 않다. 보드와 레지스터들의 동작을 알고 있어야 하기 때문에 코딩을 잘하더라도 큰 메리트가 없다고 느꼈다. C언어를 알고 있는 정도면 사전지식으로는 충분하다. 과제 난이도는 할만했다. 토론방을 운영해서 과제마다 질문을 받는데, 질문에 대한 답변이 매우 늦다. 과제 수행에 지장이 있을 정도이므로 이 점을 유의할 것. 과제 설명이 모호해서 중간에 답변이 달린 후에 끝냈던 과제를 다시 수정하는 일이 비일비재했음. 그 외에는 아직 학점이 나오지 않아서 과제, 프로젝트, 기말의 비중을 잘 모르겠음. 기말고사는 레지스터의 사용법을 외워가야 풀 수 있음. 아래 글들과 다르게 올해는 납땜을 하지는 않았음.",,,
42413-064,https://everytime.kr/lecture/view/42413,42413,마이크로프로세서실험,전재욱,21년 1학기 수강자,5,"매주 과제, 프로젝트 2번, 기말고사 봄 실험과목주제에 되게 재미있음 ㅋㅋ 보고서 없는것도 굿 c언어 할줄알고 키트 만지는거 좋아하면 꼭들으세요",,,
42413-065,https://everytime.kr/lecture/view/42413,42413,마이크로프로세서실험,전재욱,21년 1학기 수강자,4,C를 기반으로 한 과목 코딩 실력이 있다면 그다지 부담스럽지 않을것같네요 보고서가 없는건 개꿀,,,
42413-066,https://everytime.kr/lecture/view/42413,42413,마이크로프로세서실험,전재욱,21년 1학기 수강자,5,상황이 상황인지라 컨택이 어렵긴 했지만 조교님들 엄청 친절하셔서 좋았음 전전프(C언어)를 잘 들었으면 코딩에서 막히는 부분은 아마 없을 거라고 생각합니당 개발 툴로는 코드워리어를 사용하는데 보통의 컴파일러들이 잡아주는 에러를 코드워리어가 잘 못 잡아주는 경향이 있고 무엇보다 바로바로 돌려보기가 힘들어서 디버깅하기가 까다로웠습니다 그래도 보고서가 없어서 재밌었네요b,,,
42413-067,https://everytime.kr/lecture/view/42413,42413,마이크로프로세서실험,전재욱,21년 1학기 수강자,4,기말 프로젝트를 끝내고 기말 강의평가 기간에 작성합니다. 코로나학기에 수업 듣는 것을 비추천합니다... 모르는 것을 질문했을때 돌아오는 피드백 시간이 오래 걸리고 공개 게시판에 올려야해서 질문하기가 조금 망설여지더라구요. 그래서 몇 배로 오래 걸렸다고 생각합니다. 과제는 내용 이해가 2할 c 언어 코딩이 8할이고 프로젝트는 백프로 코딩이라고 생각합니다 지난학기들처럼 납땜한다느니 이런 프로젝트는 없었고 2~3일 정도 투자하면 혼자 끝내기에 충분했습니다. 저는 전전인데 논회실+전회실 들을걸 후회하는중입니다. 다만 임베디드 시스템이나 자동차에 관심있다면 정말 들을만합니다. 코로나 학기라면 웹엑스로 출석체크하는 주차가 있는데 공지가 늦게 올라오는 경우도 있으니 수업시간때마다 수시로 확인하세요,,,
42413-068,https://everytime.kr/lecture/view/42413,42413,마이크로프로세서실험,전재욱,19년 1학기 수강자,4,프로젝트가 막막하지만 그래도 스켈레톤을 잘이해하면 못할정도는 아님. 납땜이 낯설고 고통스럽지만 그래도 하루만 고생하면 됨. C언어 기반이라 익숙한 사람이면 괜찮을듯. 키트운빨 중요함. 잘못걸리면 잘못한거 없이 벌받는 느낌. 프로젝트도 중요하지만 시험도 못지않게 중요하다느낌. 열심히하면 한만큼 성적받고 배우는거도 많은 수업이라 생각함,,,
42413-069,https://everytime.kr/lecture/view/42413,42413,마이크로프로세서실험,전재욱,19년 1학기 수강자,5,"C언어가 자신있으면 꿀실험. HCS12 보드를 다루는 실험 과목입니다. 마이크로프로세서 수업하고는 별로 연관이 없습니다. 가끔 양쪽에 같은 용어가 나오는 정도입니다. 대략 중간고사 전까지는 교수님이 한 시간 정도 수업을 하십니다. 끝나면 실습을 합니다. 평소 실습은 C 코딩해서 보드를 제시된 대로 동작시키는 것입니다. 코딩을 어느 정도 해보신 분이면 어렵지는 않습니다. 그리고 가장 중요한 건 보고서가 없어서 그냥 월요일마다 8~9시 정도에 돌아가면 그대로 끝이라 편합니다. 수업 시간엔 트위터 퀴즈라는 걸 봅니다. 수업 진행하다가 뜬금없이 퀴즈가 나와서 풀어야하는데 정답 여부 상관없이 선착순으로 점수를 준다고 합니다. 자기 점수도 모르고 문제 정답도 안 알려주는데 왜 하는지는 의문입니다. 저는 초반에 양식을 실수로 다 어겨서 좀 날아갔는데 여기서 점수 차이는 크게 안 난 것 같습니다. 시험은 퀴즈 3번과 기말고사를 봤습니다. 첫 퀴즈는 코딩해서 동작시키는 시험, 나머지는 지필시험이었습니다. 처음 코딩 시험은 시간을 25분 주셨는데 제가 평소에 비교적 빨리 완성하고 귀가하는 편이었는데도 시간이 부족했습니다. 아마 다들 똑같이 못 했을 것 같습니다. 지필시험은 교안의 이론적인 내용들과 어떤 레지스터의 비트를 어떻게 설정해야하는지, 소소한 계산 문제, 손코딩 등이 나왔습니다. 모든 레지스터의 비트를 달달 외울 것까진 없고 실습 시간에 해본 거나 중요하다고 생각하는 것, 간단한 LED 동작 코드 정도는 알고 가셔야 합니다. 저는 sample point 1개를 하려면 비트가 0인지 1인지가 헷갈렸네요. (정답은 0이 1개, 1이 3개였습니다.) 평소 수업 제대로 듣고 실습이 어렵지 않았다면 하루컷 가능합니다. 프로젝트가 두 개가 있는데 이게 좀 시간이 걸립니다. 새로 LCD 패널을 받고 기판에 납땜을 하고 키보드를 붙여서 이거로 동작하는 GUI 프로그램을 만드셔야 합니다. 전 납땜을 아예 처음 해봐서 시간이 좀 오래걸렸습니다. 하루 꼬박 써서 완성했는데 마감이 중간고사 기간이니 좀 빨리 시작하는 것을 추천합니다. 저는 마감 이틀전 재료를 날려먹어서 만능 기판이랑 헤더 사러 용산전자상가까지 가서 가게 연 곳 겨우 하나 찾아서 사왔거든요...(주말이라 조교님한테 받지도 못함) 중간 프로젝트 코딩은 대충 반나절 정도 걸린 것 같습니다. 아래 강의평가들을 보니 예전엔 굉장히 힘들었던 것 같은데 이번엔 스켈레톤 코드를 많이 주셔서 소스 없이 했는데도 아무 문제가 없었습니다. 기말 프로젝트는 중간 때 납땜한 거 그대로 쓰시면 되기 때문에 중간 때 안 던지셨다면 코딩만 하시면 됩니다. 이건 좀 소소한 기능들이 많아서 설렁설렁해서 코딩이 4일 정도 걸렸습니다. 프로젝트 분량을 구체적으로 비유하자면 대충 마이크로프로세서 과목의 숙제 두 개치 정도 되는 것 같습니다. 그리고 보드가 고장난게 많아서 뭔가 제대로 했는데 작동이 안 된다 싶으면 조교님을 무조건 호출하세요. 저 이번 학기에만 보드 세 번쯤 교체한 것 같네요. 결론적으로 C언어에 자신있으면 보고서를 안 써서 꿀실험이고 HCS12 보드 만져보는 것도 재밌는 수업입니다만 만약 나중에 방식이 바뀌어서 다시 스켈레톤 코드를 안 주시면 좀 힘들 것 같습니다.",,,
42413-070,https://everytime.kr/lecture/view/42413,42413,마이크로프로세서실험,전재욱,16년 1학기 수강자,3,"시험점수가 학점을 좌우한다. 중간프로젝트는 2명 팀플, 기말은 개인과제로 진행했었는데 솔직히 선배들 소스 없었으면 어떻게 했을려나 싶다. 소스 반드시 있어야 과제 손대는게 가능할 듯. 아예 skeleton code조차 없이 no base 상태로 과제는 절대 못함. 간혹가다 반도체말고 다른 과 학생들이 이거 듣는 경우도 있던데, 소스 없어서 과제를 손도 못대는 것 같았음.. 이런 점은 올바른 방향이 아니라고 생각함.",,,
42413-071,https://everytime.kr/lecture/view/42413,42413,마이크로프로세서실험,전재욱,18년 1학기 수강자,3,"실습 난이도는 쉬우나 프로젝트 난이도가 상당히 높습니다. 실습 키트를 하나씩 주는데 상당히 무겁습니다. 퀴즈 두번에 기말 시험 한번 있었습니다. 난도는 그렇게 높진 않습니다. 중간 프로젝트와 기말 프로젝트가 연계되어 있으나, 중간 프로젝트는 프로젝트 이후 코드를 올려주셔서 기말때 어느정도 커버가 가능합니다. 다만 프로젝트 자체가 시간이 매우 오래걸립니다. 코딩에 자신 있으시거나 소스가 있다면 못할 건 아닌데 그게 아니라면 생각해보시는 걸 추천합니다...",,,
42413-072,https://everytime.kr/lecture/view/42413,42413,마이크로프로세서실험,전재욱,18년 1학기 수강자,4,소스 못구하면 듣지맙시다 ㄹㅇ 작년 소스 이름만바꿔내도 카피 안잡히던데 소스없는 사람들은 개빡셉니다 소스를 구하고 기말고사 공부 하루 올인하면 거저주는 과목일듯한데 소스를 못구함....ㅠ,,,
42413-073,https://everytime.kr/lecture/view/42413,42413,마이크로프로세서실험,전재욱,18년 1학기 수강자,4,"프로젝트 조금 어려움. 시험이랑 퀴즈는 평상시 쉅 들엇으면 하루 공부하면 됨. 퀴즈 2번에 기말고사 1번이고, 프로젝트는 중간/기말인데 기말 프로젝트는 중간프로젝트 연장이라 보면 됨. 중간 프로젝트 실패햇는데 검사 끝나고 중간 코드 올려줘서 그거 기반으로 기말은 만점가능.",,,
42413-074,https://everytime.kr/lecture/view/42413,42413,마이크로프로세서실험,전재욱,18년 1학기 수강자,2,프로젝트가 어렵습니다. 평소에 실습도 좀 어렵습니다. 중간고사는 중간 프로젝트로 대체하고 플젝2개 +기말 그리고 트위터로 퀴즈봅니다. 굉장히 빡셉니다. 그리고 마프 마프실 같이 들으면 많이 힘듭니다.,,,
3058322-001,https://everytime.kr/lecture/view/3058322,3058322,종합설계프로젝트,정조운,26년 1학기 수강자,4,교수님이 최대한 편의 봐주셔서 할만했습니다. 대신 사업단이 일처리 좀 늦게 해주는거 때문에 시간이 촉박하긴했습니다,,,
3058322-002,https://everytime.kr/lecture/view/3058322,3058322,종합설계프로젝트,정조운,26년 1학기 수강자,5,왜 수업을 부르시는지는 모르겠지만 그래도 최대한 조교님들이 편의봐주시고 좋습니다,,,
2009908-001,https://everytime.kr/lecture/view/2009908,2009908,종합설계프로젝트,유재천,26년 1학기 수강자,4,다른 종설에 비하면야 편하긴 한데 조원 랜덤이라 운을 많이 타요 AI활용 종설이라 하기나름인듯,,,
2009908-002,https://everytime.kr/lecture/view/2009908,2009908,종합설계프로젝트,유재천,26년 1학기 수강자,4,종설 치곤 편한데 교수님이 원하시는게 뭔지 잘 모르겠음,,,
2009908-003,https://everytime.kr/lecture/view/2009908,2009908,종합설계프로젝트,유재천,26년 1학기 수강자,5,ai좋아하면 선택지가 이거밖에 없는듯 근데 왜 매트랩 강요하시는지 모르겠음,,,
2009908-004,https://everytime.kr/lecture/view/2009908,2009908,종합설계프로젝트,유재천,26년 1학기 수강자,5,종설프치고 하는게 많이없는거같아서 좋아요 부담감없이 졸업요건채우기 굿,,,
2009908-005,https://everytime.kr/lecture/view/2009908,2009908,종합설계프로젝트,유재천,25년 1학기 수강자,5,딥러닝을 주제로 하여 프로젝트를 진행할 수 있었고 이를 통해 AI에 대한 지식과 경험을 쌓을 수 있어 좋았습니다!,,,
2009908-006,https://everytime.kr/lecture/view/2009908,2009908,종합설계프로젝트,유재천,25년 1학기 수강자,5,주제가 ai인 점이 제일 좋았습니다. 교안 따라서 학습 시키는 것도 어렵지는 않고 아이디어 기획과 어떻게 발전시킬지를 계속 고민해보면서 재밌게 들었습니다,,,
2009908-007,https://everytime.kr/lecture/view/2009908,2009908,종합설계프로젝트,유재천,25년 1학기 수강자,5,확실히 부담이 적어서 아이디어만 잘 정하시고 교수님 피드백대로만 진행 잘 하신 다음에 발표를 좀 부풀려서 하시면 됩니다,,,
2009908-008,https://everytime.kr/lecture/view/2009908,2009908,종합설계프로젝트,유재천,25년 1학기 수강자,3,물론 상대적으로 다른 종설은 학기 시작부터 프로젝트를 진행하는것과는 다르게 마지막 한달정도만 프로젝트를 진행한다는건 메리트가 있지만 학점이랑 평가는 오로지 교수 마음대로이기 때문에 납득하기 힘든 학점을 받을 수도 있습니다...,,,
2009908-009,https://everytime.kr/lecture/view/2009908,2009908,종합설계프로젝트,유재천,25년 1학기 수강자,5,"교수님께서 앞서 강의해주시고 남은 시간에 조교님들과 실습 진행하는데, 개인적으로 프로젝트 진행하는데 꽤 도움 많이 됐어요.",,,
2009908-010,https://everytime.kr/lecture/view/2009908,2009908,종합설계프로젝트,유재천,25년 1학기 수강자,5,부담이 진짜 거의 없습니다. 다 알려주시고 충분한 이해가 없더라도 프로젝트를 진행하는데 큰 어려움이 없어요,,,
2009908-011,https://everytime.kr/lecture/view/2009908,2009908,종합설계프로젝트,유재천,25년 1학기 수강자,5,부하가 확실히 적긴 한것같습니다. 주제만 잘 잡으세요,,,
2009908-012,https://everytime.kr/lecture/view/2009908,2009908,종합설계프로젝트,유재천,25년 1학기 수강자,4,솔직히 나쁘지않은듯 ai 처음부터 찬찬히 배워서 주제만 잘 선정하면 꽤나 나쁘지않은 강의인 듯 하다 무난한 종설프,,,
2009908-013,https://everytime.kr/lecture/view/2009908,2009908,종합설계프로젝트,유재천,24년 1학기 수강자,1,교수 노답이고 뚱뚱한 조교님 더 노답임 ㄹㅇ 둘이 환장의 콜라보,,,
2009908-014,https://everytime.kr/lecture/view/2009908,2009908,종합설계프로젝트,유재천,24년 1학기 수강자,2,중간까지는 cnn관련 이론을 배웁니다 물론 도움이 되진 않지만요 프로젝트는 주제 선정이 반도 아니고 90%인것 같습니다 교수님에 마음에 드는 주제선정을 하는것이 가장 중요합니다 어차피 기술적인건 모든 조가 거기서 거기라서 교수님이 피드백을 주시면 반박하지 말고 무조건 따르셔야 좋은 학점을 받을수 있습니다...,,,
2009908-015,https://everytime.kr/lecture/view/2009908,2009908,종합설계프로젝트,유재천,24년 1학기 수강자,2,조 이름순 배정이고 조원배정 잘 되는 것과 주제선정 잘하는게 반 이상인 것 같습니다 학점 잘주시는지 모르겠는데 저는 생각보다 안나왔고 주제는 ai 딥러닝으로 cnn하는 종설입니다 부담은 다른 종설에 비해 확실히 적은 것 같고 부담적은 종설 생각하시거나 분야에 흥미 있으시면 듣는 것 추천드리지만 아니라면 비추천합니다 시험과제는 따로 없고 중간발표 기말발표만 있습니다,,,
2009908-016,https://everytime.kr/lecture/view/2009908,2009908,종합설계프로젝트,유재천,24년 1학기 수강자,1,"다른 종설 듣는 걸 추천. 학점에 대한 소명을 하고 싶어도 못 함. 조교, 교수와 소통이 안 됨 아캠, 메일을 아예 안 읽는 거 같음",,,
2009908-017,https://everytime.kr/lecture/view/2009908,2009908,종합설계프로젝트,유재천,24년 1학기 수강자,4,"교수님 스타일은 지는 걸 싫어하시는 스타일이십니다. 알아두시면 아마 좀 도움이, 이해가 되실 겁니다. 다른 종설에 비해 부하가 적은 건 맞습니다. 대신 무슨 학점을 받아도 이해가 잘 안되실 수 있습니다. 팀은 원하는 사람끼리 하는 것이 아니고 이름순으로 나누니 주의하세요.",,,
2009908-018,https://everytime.kr/lecture/view/2009908,2009908,종합설계프로젝트,유재천,24년 1학기 수강자,4,"인공지능 강의 해주시고 중간 끝나고부터 실습 및 프로젝트 시작, 인공지능을 처음 배우는 입장이라 많이 어려웠음. 조원을 잘 만나는 게 굉장히 중요. 참고로 조는 이름순. 학점은 잘 주신다. 주제 선정이 굉장히 중요하다.",,,
2009908-019,https://everytime.kr/lecture/view/2009908,2009908,종합설계프로젝트,유재천,24년 1학기 수강자,5,딥러닝을 처음 접해봤는데 이를 응용해서 어떤 결과물을 만들어 낸게 뿌듯합니다. 학점도 나름 괜찮게 주시는 것 같습니다. 부담이 덜한 종설프로 추천드립니다.,,,
2009908-020,https://everytime.kr/lecture/view/2009908,2009908,종합설계프로젝트,유재천,24년 1학기 수강자,5,"4월까지는 CNN 강의 하시고, 5월부터 프로젝트 시작. 프로젝트 시작 전에 주제를 미리 생각해놓으면 편할 것이다. 완성도는 다들 거기서 거기라 주제 잘 잡는게 중요해보인다. 그런데 어떤 주제를 생각하든 어처피 구글링 해보면 다 있을거다. 진짜로 웬만해선 뭐든 다 있다. 그러니 이미 있고없고는 주제선정하는데 고려하지 말기를 바란다. 학점은 잘 주시는 듯.",,,
2009908-021,https://everytime.kr/lecture/view/2009908,2009908,종합설계프로젝트,유재천,23년 2학기 수강자,5,주제 잘잡고 팀원 잘만나면 에이쁠 갠적으로 교수님 스타일은 불혼데 종설치고 편한편,,,
2009908-022,https://everytime.kr/lecture/view/2009908,2009908,종합설계프로젝트,유재천,23년 2학기 수강자,4,걍 잘 모르겠음. 에이쁠뜨긴했는데 열심히 하긴 했다만 딱히 다른사람과 나의 차별점이 있었나 싶음.,,,
2009908-023,https://everytime.kr/lecture/view/2009908,2009908,종합설계프로젝트,유재천,23년 2학기 수강자,5,"적당한 주제를 잡는다면, 프로젝트 자체를 인당 10시간도 안하고 끝낼 수 있습니다. 만약에 주제를 잘못 잡는다면? 그때부터 조원들간의 bus driver 안하기 게임을 학기 내내 즐기실 수 있습니다. 그러니 ai에 대한 지식이 있으신 학우분들은 캐리한단 생각으로 빠르게 쉬운 주제 잡아서 끝내십시오. 아 그리고 파이썬 자체를 못쓰고 매트랩으로만 가능하니 익숙해질 시간이 필요합니당",,,
2009908-024,https://everytime.kr/lecture/view/2009908,2009908,종합설계프로젝트,유재천,23년 2학기 수강자,4,적당한 난이도와 친절한 조교들 그냥 머신러닝 실습하고 졸업하고 싶으신 분들 들으세요! 취직 확정되고 들으니까 이만한 꿀이 없네...,,,
2009908-025,https://everytime.kr/lecture/view/2009908,2009908,종합설계프로젝트,유재천,21년 겨울 수강자,1,당최 수업을 하는건지 뭘하는건지 알 수가 없음. 학생을 너무 막대함. 교수의 자질이 있는지 궁금함,,,
2009908-026,https://everytime.kr/lecture/view/2009908,2009908,종합설계프로젝트,유재천,22년 1학기 수강자,4,아이디어가 중요한 것 같다. 학기중에 image classification을 어디에 쓸수 있을지 생각해보면 좋을것 같다. 물론 무엇을 생각해도 구글에 이미 있다.,,,
2009908-027,https://everytime.kr/lecture/view/2009908,2009908,종합설계프로젝트,유재천,22년 1학기 수강자,5,편하게 졸업할 수 있네요! 팀원 잘 걸리는게 중요,,,
2009908-028,https://everytime.kr/lecture/view/2009908,2009908,종합설계프로젝트,유재천,22년 1학기 수강자,5,"머신러닝 cnn 종합설계프로젝트가 아니라 맘만 먹으면 머신러닝 실습으로 편하게 졸업할 수 있습니다. 일단 거추장스러운 보고서 제출이 없고, 뭔가를 별도로 구매할 필요도 없으니 근본이 편합니다. 실습도 코드 전부 다 제공해주시고, 중간발표 한번, 최종발표 한번. 팀은 직접 짜주셔서 잘하는 사람들끼리 뭉치긴 힘들어요. 머신러닝 처음하는 학생들은 초반에 못따라가면 마지막까지 이해 못하실수도 있음. 교수님이 학생들 생각 많이 하셔서 잘 도와주십니다. 주제 선정에 따라 꿀종설이 될수도 있고, 고생은 하지만 얻어가는게 많은 종설이 될수도 있습니다. 아이디어가 좋은 팀은 여름방학동안 교수님과 함께 특허를 내는 기회를 주시기 때문에 자소서거리도 됩니다. 머신러닝 관심있거나 희망하는 학생, 그냥 종설 조금이라도 편하고 싶은 학생 모두 들을만한 수업입니다. 편한 종설 듣고싶은 분들은 한번 더 생각해보시는 것도 좋아요 그래도 종설이 큰 자소서거리가 되기 때문에 종설만큼은 관심분야에 맞춰서 하는게 장기적으로 이롭습니다.",,,
2009908-029,https://everytime.kr/lecture/view/2009908,2009908,종합설계프로젝트,유재천,22년 1학기 수강자,4,"프로젝트 결과로 학점을 주십니다. 주제 선정이 가장 중요하고, 한달 동안 그 프로젝트에 많은 시간을 들이는 게 중요합니다. 매트랩을 잘 다룰 줄 아시는 분이면 더 수월하게 진행할 수 있습니다. 교수님께서 소통을 좋아하셔서 모르는 부분은 바로바로 연락해서 물어보는 걸 추천드립니다. 교수님만의 평가 기준이 있으셔서 그 기준을 충족시키는 게 중요한데, 완성도 보다는 창의적이고 실용적인 주제를 선점하는게 가장 중요한것 같습니다.",,,
2009908-030,https://everytime.kr/lecture/view/2009908,2009908,종합설계프로젝트,유재천,22년 1학기 수강자,4,쁠 안달아줌 종설 중에는 하기 쉽고 노력의 인풋이 적은 편 인공지능에 관심 있다면 할 것 완벽하게 구현하지 않아도 교수님의 피드백을 적극 반영하여 발표로 메꿀 수 있음,,,
2009908-031,https://everytime.kr/lecture/view/2009908,2009908,종합설계프로젝트,유재천,22년 1학기 수강자,5,7주 수업&예제실습 - 2주 주제선정 - 4주 프로젝트 커리큘럼 주제가 절반은 먹고 들어가니 신경 많이 써야함 전반부 수업에서 나오는 코드와 용어는 이해할 정도가 돼야 최종프로젝트에서 개고생 안할 수 있음,,,
2009908-032,https://everytime.kr/lecture/view/2009908,2009908,종합설계프로젝트,유재천,22년 1학기 수강자,5,"걍 종설프 최고 중에 최고 인듯 다른 종설프는 얘기만 들었는대 재미도 있었고, 보람찼음!!",,,
2009908-033,https://everytime.kr/lecture/view/2009908,2009908,종합설계프로젝트,유재천,22년 1학기 수강자,4,마지막 1달만 빡세게 하면 돼서 편하긴 한데 학점 기준을 잘 모르겠음. 코딩은 실습이랑 구글링 바탕으로 하면 어떻게든 됨,,,
2009908-034,https://everytime.kr/lecture/view/2009908,2009908,종합설계프로젝트,유재천,22년 1학기 수강자,5,마지막 1달만 열심히 + 최소한 실습 내용은 이해하기,,,
2009908-035,https://everytime.kr/lecture/view/2009908,2009908,종합설계프로젝트,유재천,22년 1학기 수강자,4,메트랩으로 CNN 만들기 다른IDE로 CNN이외의 것을 해도 되나 아무도 그렇게 하지 않았다,,,
2009908-036,https://everytime.kr/lecture/view/2009908,2009908,종합설계프로젝트,유재천,21년 1학기 수강자,4,과제는 마지막 한달정도만 하면 되고 생각보다 제로도 주십니다..ㅜ,,,
2009908-037,https://everytime.kr/lecture/view/2009908,2009908,종합설계프로젝트,유재천,21년 1학기 수강자,5,종설 개꿀빨기 가능한 수업 다만 학점은 팀 운이 큰듯 함,,,
2009908-038,https://everytime.kr/lecture/view/2009908,2009908,종합설계프로젝트,유재천,21년 1학기 수강자,4,무난한 종설. 주제 잘잡는게 중요하고 초반엔 아주 쉽게쉽게감. 솔직히 딥러닝에 대해 어느정도 알고 있었고 코딩도 많이해봤어서 수월하게 진행한편. 코딩이 익숙하지 않으면 초반 수업때 열심히 해두지 않으면 꽤나 고생할수있음.,,,
2009908-039,https://everytime.kr/lecture/view/2009908,2009908,종합설계프로젝트,유재천,21년 1학기 수강자,4,종설 중에는 무난한 편 모든 종설이 그렇듯 팀원을 잘 만나는 게 중요,,,
2009908-040,https://everytime.kr/lecture/view/2009908,2009908,종합설계프로젝트,유재천,21년 1학기 수강자,5,교수님 성격도 좋으시고 학점도 잘주심 타 종설에 비하면 편하긴 하나 그래도 종설은 종설인듯,,,
2009908-041,https://everytime.kr/lecture/view/2009908,2009908,종합설계프로젝트,유재천,21년 1학기 수강자,5,"학기 시작하자마자 숨쉴틈도 없이 몰아치는 다른 종설에 비해 사정이 낫다곤 하지만, 그렇다고 종설 이름값 못하는건 아니다. 마지막 한달동안 플젝하고 그 전까진 인공지능에 관한 수업과 실습이며, 종설이니 당연히 시간 많이 들어가고 힘든건 여전하다. 특히 전전이라면 신시에서나 한두번 다뤄봤을까 말까한 matlab으로 코딩을 해야되서 추가로 매트랩 공부를 해야되는게 함정임 교수님이 플젝 중간평가때 투머치토킹을 하시면서 여러 아이디어를 제시해 주시는데 다 반영할 필요는 없고 자기 팀 능력상 구현 가능한 일부 아이디어만 취해서 반영하면 됨. 교수님도 말씀해주시지만 단기 프로젝트고 우리 능력 다 고려해서 평가해주신다. 그래도 교수님 성격도 좋으시고 학점도 잘주시는데 이정도면 ㄹㅇ혜자강의 아닐까?",,,
2009908-042,https://everytime.kr/lecture/view/2009908,2009908,종합설계프로젝트,유재천,21년 1학기 수강자,5,주제선정 꿀팁 : 이 아이디어로 사업을 할 수 있는가 없는가를 생각해보세요 돈이 된다고 생각되고 딥러닝데이터만 충분히 구한다면 A+가 보입니다.,,,
2009908-043,https://everytime.kr/lecture/view/2009908,2009908,종합설계프로젝트,유재천,21년 1학기 수강자,5,"컴퓨터 비전에 대해 배우고, 팀원과 같이 프로젝트를 진행하는 수업이다. 인공지능의 원리가 컴퓨터 비전에 어떻게 사용되는지, 원리는 어떻게 되는 지에 대한 강의가 학기의 절반 정도 된다. 나머지는 팀원끼리 주제를 정하고 배운 것을 바탕으로 프로젝트를 진행하는 것이다. 인공지능 네트워크를 학습시키려면 고성능 컴퓨터가 있어야 하는데, 실습실을 수업 시간 외에 빌리는 것이 힘들었다.(조교님을 통해 빌릴 수는 있다.) 만약 팀원 중 좋은 GPU를 갖고 있는 사람이 있다면 인공지능 학습을 시키기 훨씬 수월할 것이다. 팀끼리 프로젝트를 진행할 때 팁을 알려주겠다. 어차피 프로젝트 평가 기준은 창의성(40%), 실용성(30%), 완성도(30%)이다. ""주제 선정""을 할 때 꼭 '창의성'과 '실용성'을 생각하여 정해야 한다. 이것만 잘해도 반이 아니라 70%는 먹고 들어간다. 또한 주제 선정을 한 후 학습 시킬 데이터를 모으는 것이 아니라, 데이터가 이미 잘 정리되어 있는 것을 보고 그것을 바탕으로 주제를 선정하는 것이 더 효율적인 방법이다. 완성도(30%)는 실제로 다른 사람들에게 뭔가를 보여줄 수 있는 것을 만들어야 좋은 점수를 받는 것 같다. 단순히 인공지능 네트워크를 잘 학습 시킨 것 만으로는 부족하다.",,,
2009908-044,https://everytime.kr/lecture/view/2009908,2009908,종합설계프로젝트,유재천,21년 1학기 수강자,3,걍 팀운빨 수업 팀 잘만나면 a+ 못 만나면 b+,,,
2009908-045,https://everytime.kr/lecture/view/2009908,2009908,종합설계프로젝트,유재천,21년 1학기 수강자,4,종설임에도 불구하고 이론수업이 대부분이지만 내용은 흥미롭다. 실습에서 배우는게 많고 프젝은아직안해봐사모르겠다,,,
2009908-046,https://everytime.kr/lecture/view/2009908,2009908,종합설계프로젝트,유재천,20년 2학기 수강자,3,팀원 잘 만나면 에이쁠 못만나면 비쁠 Matlab기반 수업인데 프로젝트 내내 안돌려보는 팀원이 있을 수 있음,,,
2009908-047,https://everytime.kr/lecture/view/2009908,2009908,종합설계프로젝트,유재천,20년 2학기 수강자,4,"교수님도 학생들한테 큰 기대를 안 하시는 것 같고, 학생들도 그냥 저냥하는 종설입니다. 이미 많은 추천수가 증명하듯, 맘만 먹으면 편하게 하실 수 있습니다.",,,
2009908-048,https://everytime.kr/lecture/view/2009908,2009908,종합설계프로젝트,유재천,20년 2학기 수강자,3,에이쁠 받음 애들 수준이 그닥 높지 않아서 부담 되는건 없을거에요 솔직히 졸업이니까 잘하고싶어서 갈아넣었는데 다른 팀들 주제와 결과 발표 하는거보고 실망 많이 했음 한달빠짝한 이런거로 졸업하나 싶을 정도로 논문 쓸걸 후회많이 합니다. 하지만 적당히 해서 적당히 졸업하고 싶으면 들으세요,,,
2009908-049,https://everytime.kr/lecture/view/2009908,2009908,종합설계프로젝트,유재천,20년 2학기 수강자,5,거의 실습 수업에 가까운 종설입니다. 한 학기를 거의 이론과 실습으로만 진행하고 마지막 1달 동안만 프로젝트 빡쎄게 하시면 됩니다..학점은 에이 받았는데 느낌상 최종발표 때 교수님한테 개선점 보다도 칭찬을 많이 받은 팀이 학점 잘 받을 것 같음,,,
2009908-050,https://everytime.kr/lecture/view/2009908,2009908,종합설계프로젝트,유재천,20년 2학기 수강자,5,길게 쓰고 싶지 않다. 믿어라. 그리고 들어라,,,
2009908-051,https://everytime.kr/lecture/view/2009908,2009908,종합설계프로젝트,유재천,20년 2학기 수강자,5,학점은 잘 모르겠다. 수강생들의 결과물이 독보적인 한 두팀을 제외하면 거기서 거기라 예측이 잘 안간다. 종설 중에선 가장 부담이 적을 종설이다.,,,
2009908-052,https://everytime.kr/lecture/view/2009908,2009908,종합설계프로젝트,유재천,20년 2학기 수강자,5,딥러닝으로 종합설계프로젝트 진행. 실습 내용을 바탕으로 주제 정하고 데이터셋 미리 모은 뒤 프로젝트를 진행하면 어느정도 수월함. 문제는 작년에 비해서 모든 조의 프로젝트 수준이 꽤 높아진 느낌이라 만만히 보면 안될 듯 느낌상 교수님이 관심을 보이실 주제나 혹은 교수님 랩실에서 연구하는 주제와 유사한 주제로 선정하는 게 좋은 거 같음.,,,
2009908-053,https://everytime.kr/lecture/view/2009908,2009908,종합설계프로젝트,유재천,19년 2학기 수강자,5,종설프는 무조건 유재천교수님. 따른종설프 듣는애들 다 자살말릴때 나는행복했다. 허니오브허니 유종설은 무조건1픽넣고 기도해야함 4학년1학기에 이수업을 듣는다는건 전전의 신이 당신의 손을들어주었다는것 꼭성공해라얘들아,,,
2009908-054,https://everytime.kr/lecture/view/2009908,2009908,종합설계프로젝트,유재천,19년 2학기 수강자,3,"다른 분들께서 적으신대로 종설프 치곤 편한 수업인건 맞는데 제발 조교가 좀 명확하게, 헷갈리지 않게만 공지해주셨으면 좋았겠다 제발..., 난 평점 높게 못 주겠음",,,
2009908-055,https://everytime.kr/lecture/view/2009908,2009908,종합설계프로젝트,유재천,19년 2학기 수강자,5,"가성비최고, 역시 처음 강의를 맡는 교수님쉅은 꿀이란걸 보여준 수업. 머리에 남는 건 없어도 별거 한거없이 적당한 학점, 졸작pass 개꿀띠",,,
2009908-056,https://everytime.kr/lecture/view/2009908,2009908,종합설계프로젝트,유재천,19년 2학기 수강자,5,딥러닝관련 과목임. 중간고사직후까지는 아무것도 안 해도됨. 다만 주제선정이랑 데이터베이스만 미리 해놓으면 11월한달이 무지 편해질꺼 11월한달만 고생하면된다... 기말이랑 겹치지도 않고 좋음!,,,
2009908-057,https://everytime.kr/lecture/view/2009908,2009908,종합설계프로젝트,유재천,19년 2학기 수강자,2,"그냥 종설이다. 해야 졸업한다고 하니 한다. 다만 유재천 교수님의 랩실은 전체적으로 이번 종설 진행을 상당히 귀찮아 했다. 주제가 머신러닝이었는데, 국가 프로젝트를 딴 기념으로 학부생 대상으로 프로젝트를 진행한 것으로 보인다. 그거 때문인지 이미 랩실에 일이 너무 많아 석박 조교들이 종설 진행을 진짜 너무 힘들어 했다. 처음에는 의료에 관련된 머신러닝이 주제였는데, 최종 발표 한 달 남을 때까지 교수님과 연구실이 아무것도 정해주지 않았다. 결국 자유주제로 바뀌었고, 중간점검, 중간발표, 최종제출이 한 주 마다 진행되면서 전체 과정이 사실상 3주만에 끝났다. 졸업을 날로 할 수 있어서 참.. 좋았다(?). 느낌이 애매하다. 마지막에 프로젝트 발표회에 학생 투표가 들어가는데 (...) 지인이 없으니 정말 초라하고 자괴감이 많이 들었다. 어찌하랴 종설이 원래 그런거를...",,,
2009908-058,https://everytime.kr/lecture/view/2009908,2009908,종합설계프로젝트,유재천,19년 2학기 수강자,4,매트랩으로 코딩해서 작품 만드는건데 다른 분반에 비해서 확실히 편한거 같다 적당히 하면 비플은 나오는 대신 다른 능력자들을 이기긴 조금 힘들듯,,,
2249427-001,https://everytime.kr/lecture/view/2249427,2249427,스마트카공학개론,전재욱,26년 1학기 수강자,5,아침 수업이라ㅜ힘들고 시험은 중간기말 2번이에요,,,
2249427-002,https://everytime.kr/lecture/view/2249427,2249427,스마트카공학개론,전재욱,26년 1학기 수강자,5,과제 한번 잇고 중기말 한번씩 봐요 일교시라 힘들지만 ㅜ,,,
2249427-003,https://everytime.kr/lecture/view/2249427,2249427,스마트카공학개론,전재욱,25년 2학기 수강자,4,교안 암기한만큼 성적 나옵니다. 열심히 암기하시면됩니다.. 그게 다 입니다,,,
2249427-004,https://everytime.kr/lecture/view/2249427,2249427,스마트카공학개론,전재욱,25년 겨울 수강자,4,시험한번에 결정되는거라 공부량이 조금 많을수도 있지만 온라인이라 편했습니다. 성적도 A는 많이 주시는것 같습니다.,,,
2249427-005,https://everytime.kr/lecture/view/2249427,2249427,스마트카공학개론,전재욱,26년 1학기 수강자,5,"마디 , 미래차 부트캠프 , 암기 잘하면 추천, 과제는 비교과 실습/ 논문 중 택1",,,
2249427-006,https://everytime.kr/lecture/view/2249427,2249427,스마트카공학개론,전재욱,25년 2학기 수강자,5,굿굿굿구수구숫. 아주 훌륭합니다. 굿굿굿구수구숫. 아주 훌륭합니다.,,,
2249427-007,https://everytime.kr/lecture/view/2249427,2249427,스마트카공학개론,전재욱,25년 2학기 수강자,5,시험은 거의 대부분이 암기입니다. 계산도 나오긴한데 안 복잡해요. 시험 문제 모두 고르시오는 좀 악랄하긴하네요…,,,
2249427-008,https://everytime.kr/lecture/view/2249427,2249427,스마트카공학개론,전재욱,25년 겨울 수강자,4,계절 때 수강했습니다. 온라인이라 편했고 계절은 시험 한번으로 결정이라 마지막에 공부할 양이 좀 있었습니다.,,,
2249427-009,https://everytime.kr/lecture/view/2249427,2249427,스마트카공학개론,전재욱,25년 2학기 수강자,5,자동차 수업인데 시대가 시대인만큼 ai 주제가 엄청 많아서 기계학습개론을 선수강하는 등 머신러닝에 대한 전반적인 개념을 알면 좋을 거 같습니다. 대면 때 맘편히 듣고 시험 직전에 녹강 다시 다 돌려보면서 강조하신거 위주로 공부하면 됩니다. 시험 스타일이... 4지선다 이라지만 하나만 틀려도 꽝이라 T/F 동시에 4~5개 한번에 맞춰야 점수를 받는 느낌입니다.. 어중간하게 알면 답 없습니다...,,,
2249427-010,https://everytime.kr/lecture/view/2249427,2249427,스마트카공학개론,전재욱,25년 겨울 수강자,3,계절 수업으로 듣는 것을 추천합니다. 과제가 하나 있는데 미리 끝내는 것을 추천합니다. 시험 범위가 매우 넓어 힘들지만 시험 직전 2~3일만 열심히 공부하면 충분합니다. 학점도 잘 주시는 편인 것 같습니다.,,,
2249427-011,https://everytime.kr/lecture/view/2249427,2249427,스마트카공학개론,전재욱,25년 겨울 수강자,3,"하루만에 강의 내용 잊어먹을 자신 있음 암기 잘해야함 56문제에서 41문제 맞추고 A+받음 최고점수: 44, 평균 31",,,
2249427-012,https://everytime.kr/lecture/view/2249427,2249427,스마트카공학개론,전재욱,25년 겨울 수강자,5,"전공 중 무난한 편입니다. 다만,배우는 양 자체는 많아서 꾸준히 공부하는게 좋을 듯 합니다.",,,
2249427-013,https://everytime.kr/lecture/view/2249427,2249427,스마트카공학개론,전재욱,25년 겨울 수강자,4,일단 공부할때 꼼꼼하고 확실하게 공부해놓으시는걸 추천드립니다. 애매하게 아는 부분은 문제풀때 오히려 더 틀리기 좋아요. 전체적으로 개념과 이해와 흐름 파악을 잘하면 큰 무리없이 공부할 수 있는 것 같아 추천합니다,,,
2249427-014,https://everytime.kr/lecture/view/2249427,2249427,스마트카공학개론,전재욱,25년 2학기 수강자,5,스마트카에 대한 전반적인 내용을 다룹니다. 시험이 객관식에 여러개 고르는거라 꼼꼼하게 외우는게 중요해요.학점은 채워 주시는거 같습니다,,,
2249427-015,https://everytime.kr/lecture/view/2249427,2249427,스마트카공학개론,전재욱,25년 겨울 수강자,4,내용이 많고 매주 다른 교수님들이 수업하셔서 매주 난이도가 다르다. 외울 것도 많지만 응용이 필요할 정도의 이해까지는 하지 않아도 된다. 성적은 잘 주시는 것 같다. 2주동안 놀다가 마지막주부터 강의 듣기 시작했는데도 불구하고 괜찮은 결과가 나와서 계절에 전공 채우고싶으면 들으면 좋을 것 같다.,,,
2249427-016,https://everytime.kr/lecture/view/2249427,2249427,스마트카공학개론,전재욱,25년 겨울 수강자,5,계절로 들을 수 있으면 들으십쇼 평균보다 90점 좀 더 높게 받고 에쁠 받아갑니다 족보 꼭 보고 그 기반으로 암기하시면 좋은 결과 받아가실 수 있을 거에요,,,
2249427-017,https://everytime.kr/lecture/view/2249427,2249427,스마트카공학개론,전재욱,25년 겨울 수강자,3,"겨울 계절로 수강했습니다. 우선 저는 이틀 벼락치기 했는데 적당히 힘들었어요. 양이 적지는 않지만 전공과목 치고 좀 날로 먹는? 과목인 것 같습니다. 일단 개론인 만큼 다루는 내용이 크게 어렵지 않습니다. 다만 몇몇 부분은 (레이더 계산 , DNN CNN) 강의, 교안만 보고는 따라가기 상당히 어려웠습니다. 강의도 녹화 강의라 좀 난해한 부분이 있는 것 같아요. 하지만 그 외 부분은 거의 단순 암기라서 외우는 것을 좋아하는 저는 좋았습니다. 시험에 대해서는 좀 전략적으로 공부하셔야 합니다. 우선 족보에서 정말 많이 나오고, 족보 문제를 한번 풀어보셔야 교안에서 어느 부분을 외워야 할지 감이 옵니다. 그리고 매년 똑같은 문제 그대로 우르르 내는 교수님 있으셔서 꼭 보시는 것을 추천드립니다. 그리고 옳은 것 or 틀린 것 모두 고르시오 문제가 정말 많이 나오기 때문에 암기를 잘 하셔야 합니다.. 개인적으로 모두 고르시오 문제는 상당히 어려웠습니다... 어쨌든 전자나 기계 ai 모두 베이스가 없었는데 수강하는데 큰 무리없었습니다. 추천추천",,,
2249427-018,https://everytime.kr/lecture/view/2249427,2249427,스마트카공학개론,전재욱,25년 겨울 수강자,3,"계절 온라인으로 들었는데, 영상이 중간에 끊기거나 오프라안 강의 중 영상을 올려 아예 안 들리는 강의가 많았음. 추가 영상도 없고 공지로만 ‘영상에 없어도 교안 있으면 시험범위니깐 공부하세요~’라고 알려줌.. - 기말 한 번에 성적 80% 반영 - 560점 만점 56문제 (단답형 한두 개 있었고 나머지 객관식) - 개수 안 정해져 있는 모두 고르시오 문제가 반 이상이라 사실상 객관식이 아닌 느낌..",,,
2249427-019,https://everytime.kr/lecture/view/2249427,2249427,스마트카공학개론,전재욱,25년 겨울 수강자,3,시험 스타일이좀 별로임 56문제중에 30개 정도가 모두고르는 문제인데 국어 표현도 좀 애매하고 B+까지는 괜찮아보이는데 에플 에제 받고싶은 사람들은 좀 비추,,,
2249427-020,https://everytime.kr/lecture/view/2249427,2249427,스마트카공학개론,전재욱,25년 겨울 수강자,4,"자동차 산업에 대한 도메인 지식을 쌓고 싶어서 수강했는데, 그뿐 아니라 반도체/AI/컴퓨터 비전 등 최근 기술의 동향에 대해서도 배워갈 수 있었습니다. 물론 기성차/전기차/레이더/라이다와 같은 모빌리티 요소들도 잘 가르쳐 주십니다. 다소 지엽적인 암기 위주 시험은 아쉬웠지만, 넓고 얇게 배워야 하는 과목 특성상 어쩔 수 없는 것 같기도 합니다. 가볍게 학점 채우기에도, 다양한 분야를 알아가며 관심을 넓히기에도 추천하고 싶습니다.",,,
2249427-021,https://everytime.kr/lecture/view/2249427,2249427,스마트카공학개론,전재욱,25년 겨울 수강자,4,"계절로 듣기 나쁘지 않은데, 시험이 한 번이라 50문제 이상 출제되고 범위가 많습니다. 지엽적인 문제도 많이 출제되고 ‘모두 고르시오’ 식의 문제가 많습니다. 몇몇 문제 빼고는 철저히 암기 위주 과목입니다",,,
2249427-022,https://everytime.kr/lecture/view/2249427,2249427,스마트카공학개론,전재욱,25년 겨울 수강자,4,"자동차와 각종 인공지능, 네트워크 등 차량 관련된 내용을 폭 넓게 배울 수 있어서 좋았던 수업이지만 반대로 계절로 소화하기엔 너무나 방대한 내용이었다. 내용이 너무 많으므로 미리미리 공부할것을 강력히 추천합니다.",,,
2249427-023,https://everytime.kr/lecture/view/2249427,2249427,스마트카공학개론,전재욱,25년 겨울 수강자,3,내용이 엄청 많아서 외우기에 자신있는분에게 추천합니다.,,,
2249427-024,https://everytime.kr/lecture/view/2249427,2249427,스마트카공학개론,전재욱,25년 겨울 수강자,4,내용이 상당히 많아보여서 암기에 자신있다면 들어도 될 듯,,,
2249427-025,https://everytime.kr/lecture/view/2249427,2249427,스마트카공학개론,전재욱,25년 2학기 수강자,5,내용이 많습니다 그래도 벼락치기 할 정도고요 수업 열심히 들으면 정말 널널합니다 족보 영향 받아요,,,
2249427-026,https://everytime.kr/lecture/view/2249427,2249427,스마트카공학개론,전재욱,25년 2학기 수강자,5,과제도 거의 없는 수준이고 시험도 다 객관식이라 암기 그렇게 열심히 안해도 학점은 잘 나옵니다. 편해요,,,
2249427-027,https://everytime.kr/lecture/view/2249427,2249427,스마트카공학개론,전재욱,25년 2학기 수강자,5,시험 며칠전부터 빡세게 외우면 A+ 가능한 것같습니다.,,,
2249427-028,https://everytime.kr/lecture/view/2249427,2249427,스마트카공학개론,전재욱,25년 2학기 수강자,5,"이해만 잘 하면, 외울 게 많다는 느낌은 크게 안 듦. 다양한 분야 배울 수 있었음. 다만, 시험 때 말도 안되게 지엽적인 문제랑 이상한 말장난만 안 치면 참 좋을 듯.",,,
2249427-029,https://everytime.kr/lecture/view/2249427,2249427,스마트카공학개론,전재욱,25년 2학기 수강자,5,중간고사는 할만한데 기말 암기량은 정말 많습니다. 그래도 학점은 잘 채워줍니다.,,,
2249427-030,https://everytime.kr/lecture/view/2249427,2249427,스마트카공학개론,전재욱,25년 2학기 수강자,4,진짜 말그대로 개론. 시험은 모두 고르시오 때문에 평균 낮음. 꼭 기계과 아니어도 할만한 과목이었음. 대신 시험 공부할 때 교수님들께서 어떤건 안나온다고 말씀하시는거 있는데 그런거 잘 체크해두면 수월하게 공부 가능,,,
2249427-031,https://everytime.kr/lecture/view/2249427,2249427,스마트카공학개론,전재욱,25년 2학기 수강자,4,강의구성이 좀 중구난방스러움 스마트카에 대해 맛보기로 듣기엔 좋은데 마이크로디그리 아닌 학생은 굳이 들을 필요있나 싶음 시험은 지엽적으로 나오긴하는데 난이도는 적당함,,,
2249427-032,https://everytime.kr/lecture/view/2249427,2249427,스마트카공학개론,전재욱,25년 2학기 수강자,4,시험이 나무 지엽적입니다...... 공부하기 빡세메요,,,
2249427-033,https://everytime.kr/lecture/view/2249427,2249427,스마트카공학개론,전재욱,25년 2학기 수강자,3,시험이 지엽적이고 배우는 내용들이 휘발성이 짙다,,,
2249427-034,https://everytime.kr/lecture/view/2249427,2249427,스마트카공학개론,전재욱,25년 여름 수강자,3,온라인강의 그냥 쭉 들어면 됨 내용이 좀 많긴해요,,,
2249427-035,https://everytime.kr/lecture/view/2249427,2249427,스마트카공학개론,전재욱,25년 2학기 수강자,4,교양 같은 전공과목이라는 말이 맞는것같다 암기만 잘하면 되는데 양이 굉장히 많음,,,
2249427-036,https://everytime.kr/lecture/view/2249427,2249427,스마트카공학개론,전재욱,25년 2학기 수강자,5,시험이 다지선다라 굉장히 어려운 것 같습니다.,,,
2249427-037,https://everytime.kr/lecture/view/2249427,2249427,스마트카공학개론,전재욱,25년 2학기 수강자,5,수업은 가볍게 들으며 이해하려고 하고 나중에 본격적으로 암기하면서 시험대비하면 편한 과목입니다,,,
2249427-038,https://everytime.kr/lecture/view/2249427,2249427,스마트카공학개론,전재욱,25년 2학기 수강자,3,수업으로 배울수 있는것은 많으나 시험이 너무 지엽적이다 과연 전장에서 부속물 포함 여부 등이 이 과목에 대한 이해정도를 평가하는데 중요한 평가요소인지 의문을 들게한다.,,,
2249427-039,https://everytime.kr/lecture/view/2249427,2249427,스마트카공학개론,전재욱,25년 2학기 수강자,5,자동차에 관심 많으면 들을만함 그리고 교수님들이 계속 달라서 온오프 왔다갔다함,,,
2249427-040,https://everytime.kr/lecture/view/2249427,2249427,스마트카공학개론,전재욱,25년 2학기 수강자,5,"교양같은 전공과목. 평소에 열심히 듣자, 그러면 시험기간에 덜 힘들다.",,,
2249427-041,https://everytime.kr/lecture/view/2249427,2249427,스마트카공학개론,전재욱,25년 2학기 수강자,4,"중간고사 전까의 강의들은 한 번 들어볼만 한 것 같습니다. 내연기관 차량, 전기차, LADAR, RIDAR, 차량용 네트워크 내용을 다뤘는데 꽤나 유익했습니다.",,,
2249427-042,https://everytime.kr/lecture/view/2249427,2249427,스마트카공학개론,전재욱,25년 2학기 수강자,4,매주 다른 교수님이 다른 주제로 강의하십니다 차 좋아하면 흥미롭게 들을 만한 내용인 것 같아요 근데 매주 다른 내용이라 시험은 통암기 해야 할 듯,,,
2249427-043,https://everytime.kr/lecture/view/2249427,2249427,스마트카공학개론,전재욱,25년 2학기 수강자,5,기계공학부학생으로서 한번쯤은 들어볼만한 과목입니다. 얻어가는 것도 많고 암기에 자신있다면 들어보세요,,,
2249427-044,https://everytime.kr/lecture/view/2249427,2249427,스마트카공학개론,전재욱,25년 1학기 수강자,4,조금 지엽적으로 시험나옴 암기잘하면 이거 들으셈,,,
2249427-045,https://everytime.kr/lecture/view/2249427,2249427,스마트카공학개론,전재욱,25년 여름 수강자,5,공부 좀만 하면 에쁠 가능 스마트카에 대해 배우고 모르고 있어도 가능,,,
2249427-046,https://everytime.kr/lecture/view/2249427,2249427,스마트카공학개론,전재욱,25년 여름 수강자,4,강의는 매일 다른 내용으로 진행되는 스타일. 양이 많으나 이해보다는 암기를 위주로 공부하는 사람한테는 매우 편함. 그리고 모두 객관식에 암기위주다 보니 생각보다 시험 평균이 낮고 학점은 풀로 채워줘서 적당히 들을거 없을때 들으면 좋은과목,,,
2249427-047,https://everytime.kr/lecture/view/2249427,2249427,스마트카공학개론,전재욱,25년 여름 수강자,4,차 좋아해서 재미있게 들었는데 너무 지엽적이라 어디서 쓸 수 있을지 모르겠음,,,
2249427-048,https://everytime.kr/lecture/view/2249427,2249427,스마트카공학개론,전재욱,25년 1학기 수강자,4,매주 교수님 바뀌고 진짜 넓게 가르치는 개론이지만 전공에서 이렇게 쉬운게 없으므로 금요일 오전을 희생하면 들을만함,,,
2249427-049,https://everytime.kr/lecture/view/2249427,2249427,스마트카공학개론,전재욱,25년 1학기 수강자,4,외울게 너무 많은데 은근 사람들이 다 공부해와서 생각보다 평균이 높았어요.,,,
2249427-050,https://everytime.kr/lecture/view/2249427,2249427,스마트카공학개론,전재욱,25년 여름 수강자,5,에쁠을 받으려하면 고통받는과목 적당히 비쁠 에제받고자하면 개꿀과목,,,
2249427-051,https://everytime.kr/lecture/view/2249427,2249427,스마트카공학개론,전재욱,25년 여름 수강자,5,암기위주긴한데 나쁘지않았습니다 들으시는거 괜찮을것같아요,,,
2249427-052,https://everytime.kr/lecture/view/2249427,2249427,스마트카공학개론,전재욱,25년 여름 수강자,5,"계절인데 너무 양이 많다 적당히 공부하면 오히려 더 틀림 최신 복기본, 족보를 구할 수 있다면 구할 것 강의력 좋으신 분들 들으면 진짜 도움이 많이 되는데 안좋으신 분들은 너무 지엽적인 문제를 많이내서 문제풀다가 어이가 없었음 커넥티드카 제외하고 문제 내는거는 다들 합리적으로 내셨음 모두 고르시오가 좀 많아서 반타작이 평균이였네요 성적은 너그럽게 주네요 560점 만점에 470 최고값 290이 평균 +90점으로 에이플 받고 갑니다",,,
2249427-053,https://everytime.kr/lecture/view/2249427,2249427,스마트카공학개론,전재욱,25년 여름 수강자,5,계절로 듣느라 기말 한방이라 범위가 너무 많아 빡샜지만 학점은 엄청 잘주셔요,,,
2249427-054,https://everytime.kr/lecture/view/2249427,2249427,스마트카공학개론,전재욱,25년 여름 수강자,5,암기 위주라 공부할 때는 좀 힘들어도 학점은 잘 주세요,,,
2249427-055,https://everytime.kr/lecture/view/2249427,2249427,스마트카공학개론,전재욱,25년 여름 수강자,5,강의가 조금 오래돼서 개편이 필요해보임 ADAS라고 지금 상용차에 거의 다 들어있는 기능을 (당시) 미래기술이라고 배우고 있음 교안에 곰플레이어까지 00년대생의 향수를 자극함 시험 지엽적이라고 하는데 교수님이 언급한 부분에서 거의 다 나옴 걱정 ㄴㄴ,,,
2249427-056,https://everytime.kr/lecture/view/2249427,2249427,스마트카공학개론,전재욱,25년 1학기 수강자,4,그냥 저냥 공부해서 비쁠 받았어요. 과제는 양식이 까다로워서 조금 귀찮아요,,,
2249427-057,https://everytime.kr/lecture/view/2249427,2249427,스마트카공학개론,전재욱,25년 1학기 수강자,5,공부할 맘만 있다면 수업 빠지지 말고 듣고 셤공부 한 3일만하면 암기 과목이라 A+ 받아갈 수 있음. 중간까지는 다 외워야할 정도로 지엽적이고 기말범위는 흐름이랑 원리만 알면 됨. 중+30 기+50 으로 A+ 가져감,,,
2249427-058,https://everytime.kr/lecture/view/2249427,2249427,스마트카공학개론,전재욱,25년 1학기 수강자,4,차량에 대하여 얕고 넓은 지식을 배웁니다. 전공인데 교양느낌 양은많음,,,
2249427-059,https://everytime.kr/lecture/view/2249427,2249427,스마트카공학개론,전재욱,25년 1학기 수강자,4,"성적은 되게 잘 주시는 것 같습니다. 수업 하시는 교수님들은 다들 대부분 잘 가르치시고 좋은 내용도 많았는데, 수업 특성상 얕은 내용에 많은 범위에 연계성 없는 내용들이라 그냥 암기과목입니다.",,,
2249427-060,https://everytime.kr/lecture/view/2249427,2249427,스마트카공학개론,전재욱,25년 1학기 수강자,4,음 수업 잘 듣거나 족보 구하시먄 최소한의 공부로 에제 가능,,,
2249427-061,https://everytime.kr/lecture/view/2249427,2249427,스마트카공학개론,전재욱,25년 1학기 수강자,4,스마트카에 요구되는 여러 기술의 이론을 배웁니다. 그래서 본인의 전공과 관련 없는 주제는 이해하기 어려울 수도 있습니다. 교수님마다 강의 스타일이 다르셔서 전공 지식만 전달하시는 분도 계시고 자동차와 연결해서 설명해주시는 분도 계십니다. 자동차와 관련하여 어떤 분야를 선택해야 할지 고민되시는 분은 도움이 된다고 생각합니다. 반면 이미 분야를 정하신 분은 큰 도움이 될 것 같아 보이진 않습니다.,,,
2249427-062,https://everytime.kr/lecture/view/2249427,2249427,스마트카공학개론,전재욱,25년 1학기 수강자,2,시험문제에서 중요하지 않은 걸로 변별하려니까 왜 공부해야하나 싶음,,,
2249427-063,https://everytime.kr/lecture/view/2249427,2249427,스마트카공학개론,전재욱,24년 2학기 수강자,4,시험은 지엽적으로 나옵니다. 학점은 줄만큼 주긴 하는데 금요일 아침에 수업이라는게 좀 짜증나긴 합니다,,,
2249427-064,https://everytime.kr/lecture/view/2249427,2249427,스마트카공학개론,전재욱,25년 1학기 수강자,4,아침 9시에 학교 가는 게 제일 힘들다. 온라인으로 해도 될 수업을 굳이 오프라인으로 하는 게 이해가 안 감. 그거 빼고는 다 괜찮은듯.,,,
2249427-065,https://everytime.kr/lecture/view/2249427,2249427,스마트카공학개론,전재욱,25년 1학기 수강자,1,"중간고사랑 성적만 보고 작성하는 강의평입니다. 기말도 똑같을 것 같아서 먼저 적습니다. 시험은 도대체 1주차에서 사진도 찍지 말라고 한 강의를 왜 문제로 내는겁니까? 전 첫주차 주말에 수강신청해서 그나마 있는 1주차 97페이지짜리 교안 꾸역꾸역 공부했는데, 이건 수업도 제대로 안했다면서요 늦게 수업을 신청하면 그냥 틀려야 하는 건가요? 공부할 수 있는 방법은 있어야 하는거 아닌가요? 모두고르시오 문제들 엄청 헷갈리게 써두고 거의 수능 국어 수준으로 출제자의 의도를 분석하고 답을 유추해서 풀어야합니다. 마이크로디그리 이수할라면 강제인 과목이라 들었는데, 지금까지 이만큼 불쾌한 과목은 본적도 없네요. 레이더는 진짜 선녀에요. 그리고 성적 확인하라고 불러놓고서는 문제의 답은 꽁꽁 숨겨두고 물어봐야 알려줍니다. 조교님들 채점하시느라 너무 고생하시는 건 알겠는데 시스템좀 개선해주세요.. 누가 생각한 방법인진 모르겠지만 솔직히 너무 답답했습니다. 금요일 시험이라 다들 밤새고 시험보러 온거 아시잖아요.. 수업은 너무너무 재밌고, 진짜 자동차 관심 하나도 없는 학생도 수업 들으면 빠져들게 만드는데 이 개같은 시험 하나가 인식을 박살나게 만드네요.",,,
2249427-066,https://everytime.kr/lecture/view/2249427,2249427,스마트카공학개론,전재욱,25년 1학기 수강자,5,시험 굉장히 지엽적으로 나옵니다. 교수님들마다 문제내시는 스타일이 달라서 각 챕터마다 공부방식이 조금씩 다릅니다. 자동차 관심있으시면 흥미있게 들을 수 있는데 아니라면 좀 힘드실 수 있어요,,,
2249427-067,https://everytime.kr/lecture/view/2249427,2249427,스마트카공학개론,전재욱,25년 1학기 수강자,1,모두 고르시오 문제 많이 나오고 시험도 일부러 핵심 내용이 아닌 지엽적인 내용 위주로 낸 느낌이 들 정도로 지엽적으로 나와요 수업 출튀 한번도 안하고 끝나자마자 올라온 영상으로 복습까지해도 처음 보는듯한 내용이 많네요 스마트카에 관심이 많거나 교안을 통째로 외울 수 있는 사람 제외하고는 비추천합니다,,,
2249427-068,https://everytime.kr/lecture/view/2249427,2249427,스마트카공학개론,전재욱,25년 1학기 수강자,4,수업의 범위가 굉굉굉장히넓고 2시간반쉅이라 뇌가 녹아내릴거같아요. 시험은 객관식이라 찍을수잇다는점 좋습니다,,,
2249427-069,https://everytime.kr/lecture/view/2249427,2249427,스마트카공학개론,전재욱,25년 1학기 수강자,5,많이힘듭니다..시험이 굉장히 지엽적으로 나오며 과제는 한번 있어요,,,
2249427-070,https://everytime.kr/lecture/view/2249427,2249427,스마트카공학개론,전재욱,25년 1학기 수강자,5,저는 자동차 좋아해서 이과목 잘맞네요 화이팅!!!!,,,
2249427-071,https://everytime.kr/lecture/view/2249427,2249427,스마트카공학개론,전재욱,24년 2학기 수강자,4,자동차에 관심많으면 재밌고 그렇지 않고 학점 채우기 위한 용도로 수강한거라면 곁다리식으로 양이 많아서 약간은 힘들수도 있음,,,
2249427-072,https://everytime.kr/lecture/view/2249427,2249427,스마트카공학개론,전재욱,25년 1학기 수강자,5,그냥 진쩌 자동차 관련 교양 느낌. 그냥 라디오 듣는다고 생각하묜 재밌음,,,
2249427-073,https://everytime.kr/lecture/view/2249427,2249427,스마트카공학개론,전재욱,24년 2학기 수강자,3,외우면 잘 본다는데 외웠다고 생각했는데 내가 부족한건지 잘 못 못봣다. 에이는 50퍼까지 주니까 나름 할 만하긴 한듯,,,
2249427-074,https://everytime.kr/lecture/view/2249427,2249427,스마트카공학개론,전재욱,24년 2학기 수강자,4,쌩 암기 시험입니다. 시험공부 조금 편하게 하고싶으시면 수업듣는게 좋아보입니다. 특별히 강조하시거나 금방 넘어가는 부분을 알 수 있어요.,,,
2249427-075,https://everytime.kr/lecture/view/2249427,2249427,스마트카공학개론,전재욱,24년 2학기 수강자,3,"1교시, 팀티칭, 넓고 얕은 범위 최악의 조건을 모두 갖춘 수업 분위기도 별로고 중간범위까지 내용도 너무 재미없었다, ai 딥러닝 이쪽은 조금 재미있었음 그리고 소논문 과제 있음",,,
2249427-076,https://everytime.kr/lecture/view/2249427,2249427,스마트카공학개론,전재욱,24년 2학기 수강자,4,교양같은 전공강의 매주 9시 수업인게 제일 힘들다 강의는 교수님마다 돌아가면서 하셔서 차이가 크다,,,
2249427-077,https://everytime.kr/lecture/view/2249427,2249427,스마트카공학개론,전재욱,24년 2학기 수강자,2,"과목 자체가 개편이 필요하다고 생각됩니다. 자동차라는 단어에 의해서 묶일 수만 있지 주차 별로 관계성 떨어지는 내용을 아주 피상적으로 다룹니다. 과목 취지가 스마트카에 대해 개괄적으로 배우는 것이고, 수업 구조상 어쩔 수 없는 부분이 있어서 교수님들 나름대로의 고충은 있을 것 같습니다. (소수의 어떤 수업은 유익하긴 했습니다.) 평가 방식도 수업한 여러 교수님들이 내기 때문에 일관되지 않고(2D conv, 수업 들은 사람은 알 듯), 문제들도 그냥 단순 암기 위주인데 과연 이 내용을 공부한다고 해서 해당 분야에 대해 안다고 할 수 있을지 모르겠습니다.",,,
2249427-078,https://everytime.kr/lecture/view/2249427,2249427,스마트카공학개론,전재욱,24년 2학기 수강자,3,"솔직히 뭘 배우는지 모르겠습니다. 각 주차의 수업 간에 연계성도 없고, 도움이 되는 내용도 없습니다. 해당 분야의 기본 지식이 있다면 너무 얕은 내용만을 다루고, 기본 베이스가 없다면 뭔소리를 하는지 모를 내용을 강의합니다. 수업의 구조상 어쩔 수 없는 것이라곤 하나, 배운 것 없이 한 학기가 마무리 된 것 같습니다. 마이크로디그리 이수 필수 요건이 아니었다면 듣지도 않을 것 같습니다.",,,
2249427-079,https://everytime.kr/lecture/view/2249427,2249427,스마트카공학개론,전재욱,24년 2학기 수강자,3,마이크로디그리 할거 아니면 듣지말자.. 아니면 암기 좋아하는 사람이면 듣자..,,,
2249427-080,https://everytime.kr/lecture/view/2249427,2249427,스마트카공학개론,전재욱,24년 2학기 수강자,5,여러 주제들을 배울수 있어서 좋았습니다. 전날 벼락치기만 했지만..ㅎㅎ 과제는 딱 한개고 형식만 지키면 만점인거 같아요 전자출결이고 출튀 많이 합니다,,,
2249427-081,https://everytime.kr/lecture/view/2249427,2249427,스마트카공학개론,전재욱,24년 2학기 수강자,5,수업 듣는게 힘듬.. 다만 미리 수업시간에 집중 한다면 그만큼 a+ 쉽게 가능. 다들 집중을 안해서 ㅋㅋㅋ..,,,
2249427-082,https://everytime.kr/lecture/view/2249427,2249427,스마트카공학개론,전재욱,24년 2학기 수강자,4,다른 전공보다 부담 적긴한데 밀리면 감당 어려우니 미리미리 해두세요..,,,
2249427-083,https://everytime.kr/lecture/view/2249427,2249427,스마트카공학개론,전재욱,24년 2학기 수강자,5,저학년 때 수강하고 흥미 있는 분야 찾기에 좋은 수업같음 시험은 객관식으로 모두 고르시오도 있고 하나만 고르는 것도 있음,,,
2249427-084,https://everytime.kr/lecture/view/2249427,2249427,스마트카공학개론,전재욱,24년 2학기 수강자,5,"주차별로 강의하시는 교수님마다 달라 수업이 좋고 나쁘고를 일반화 하기 어렵습니다 너무 얕아 그냥 유튜브 보는게 나은 강의, 좀 어려워서 그냥 수식을 그냥 외우게 되는 강의, 진짜 재밌고 의미깊은 강의 등 그냥 정말 다양합니다. 그냥 사람 수준이나 흥미에 따라 평가가 갈릴 것 같습니다 시험은 지엽적으로 나온다고는 하는데 제 생각에는 전혀 그렇지 않습니다. 이번학기까지의 기준으로 역사문제 같이 좀 짜치는건 안나왔습니다",,,
2249427-085,https://everytime.kr/lecture/view/2249427,2249427,스마트카공학개론,전재욱,24년 2학기 수강자,5,내가 시험 잘 봤으므로 5점 드림 쉅 시간에 잘 들으면 반은 감,,,
2249427-086,https://everytime.kr/lecture/view/2249427,2249427,스마트카공학개론,전재욱,24년 2학기 수강자,4,공부할 양이 좀 많은듯 넓고 얕게 배우기 좋음 시험은 2번 객관식,,,
2249427-087,https://everytime.kr/lecture/view/2249427,2249427,스마트카공학개론,전재욱,24년 2학기 수강자,4,"교수님마다 다른 수업방식. 넓고 얇게, 그리고 많은양을 알려주시는듯",,,
2249427-088,https://everytime.kr/lecture/view/2249427,2249427,스마트카공학개론,전재욱,23년 1학기 수강자,3,교안에서 시험문제가 많이나오니 단순암기에 자신 있으면 괜찮을 수 있습니다.,,,
2249427-089,https://everytime.kr/lecture/view/2249427,2249427,스마트카공학개론,전재욱,23년 2학기 수강자,4,과제는 개강하자마자 한 번 나오는거 빼고 없다. 시험이 모두 고르세요랑 지엽적인 것들을 물어봐서 달달 외워야한다.,,,
2249427-090,https://everytime.kr/lecture/view/2249427,2249427,스마트카공학개론,전재욱,23년 1학기 수강자,3,시험은 꼼꼼히 외우는 거 말고는 방법이 없슴니다.. 이것저것 얇고 넓게 듣는 수업이에요,,,
2249427-091,https://everytime.kr/lecture/view/2249427,2249427,스마트카공학개론,전재욱,23년 2학기 수강자,3,내용은 자동차 관련된 기술 이것저것 찍먹이라 재밌지만 시험이 에바 모두 고르시오이고 엄청 지엽적으로 나와서 강의랑 교앙 싹다 외워야 좋은 학점 받음,,,
2249427-092,https://everytime.kr/lecture/view/2249427,2249427,스마트카공학개론,전재욱,22년 2학기 수강자,5,과제 없고 전공인데 내용 안어렵고 시험도 쉬움 A+은 좀 깐깐한거 같음,,,
2249427-093,https://everytime.kr/lecture/view/2249427,2249427,스마트카공학개론,전재욱,23년 2학기 수강자,5,다름 외우기만 하면 좋은 점수얻을 수 있음 나이스함,,,
2249427-094,https://everytime.kr/lecture/view/2249427,2249427,스마트카공학개론,전재욱,23년 2학기 수강자,3,진짜 의미 없는 수업 시험 문제 예측하기 쉬워서 3번 돌리면 A+은 나옴,,,
2249427-095,https://everytime.kr/lecture/view/2249427,2249427,스마트카공학개론,전재욱,23년 2학기 수강자,3,자동차 관련해서 폭넓게 배울수있음 교수님들 강의력은 천차만별 시험이 객관식인것은 좋으나 모두고르시오 인데 답이 몇개인지 모르는 애매한 선지구성으로 은근 스트레스받음,,,
2249427-096,https://everytime.kr/lecture/view/2249427,2249427,스마트카공학개론,전재욱,23년 2학기 수강자,4,다양한 분야를 넓고 얇게 배워가는 강의 다만 문제를 조금 이상하게 내요 지엽적으로요 객관식이라 어쩔 수가 없는 것 같아요,,,
2249427-097,https://everytime.kr/lecture/view/2249427,2249427,스마트카공학개론,전재욱,23년 2학기 수강자,4,"평소 수업 때 필기 잘해놓고 중간 기말 둘 다 전날 저녁 6시부터 밤새서 벼락치기해서 중간 평균+30 기말 평균 +60으로 A+받음. 기말 문제의 절반 이상이 모두 고르시오+ 애매한 선지 조합으로 나와서 개념을 정확히 이해안하면 맞추기 쉽지 않음. 그대신 그만큼 평균도 낮아서 역전 노려볼만할지도 수업 내용은 자동차랑 직접적으로 관련된 주차는 몇주 안되고 주로 ai, 센서, 컴퓨터비전 맛보기 정도로 보면 됨",,,
2249427-098,https://everytime.kr/lecture/view/2249427,2249427,스마트카공학개론,전재욱,23년 2학기 수강자,4,솔직히 말하자면 이건 3학년이 아니라 2학년이 들을 필요가 있다고 봅니다 자동차쪽이 아니더라도 뭔가 관심분야를 설정하고싶다면 이걸 듣고 생각해볼 계기가 됩니다 시험은 개인적으로 중간이 공부로 점수따기는 쉬우니까 중간에 비중을 두는게 좋을것 같습니다,,,
2249427-099,https://everytime.kr/lecture/view/2249427,2249427,스마트카공학개론,전재욱,23년 2학기 수강자,3,수업만 들어도 에이제로는 그냥 받을 수 있음. 금요일 공강 포기할 수 있으면 들을만함. 평균만 맞아도 에이제로 넉넉하게 받을 수 있음.,,,
2249427-100,https://everytime.kr/lecture/view/2249427,2249427,스마트카공학개론,전재욱,23년 2학기 수강자,4,시험문제 많이 지엽적이고 풀기도 어려움 배우는 내용은 괜찮은데 시험이 아쉬운 느낌.. 금요일 아침이라 조금 힘드네요..,,,
1612232-001,https://everytime.kr/lecture/view/1612232,1612232,기계학습개론,전재욱,26년 1학기 수강자,4,과제는 2주에 한번정도 있고 시험은 모두 고르시오가 많아서 개념 모르면 다틀림,,,
1612232-002,https://everytime.kr/lecture/view/1612232,1612232,기계학습개론,전재욱,26년 1학기 수강자,4,시험 문제가 모두 고르시오 문제라서 개념을 확실히 알아야 함,,,
1612232-003,https://everytime.kr/lecture/view/1612232,1612232,기계학습개론,전재욱,26년 1학기 수강자,4,나쁘지 않다 하지만 독학을 곁들인…. 영어수업이라..,,,
1612232-004,https://everytime.kr/lecture/view/1612232,1612232,기계학습개론,전재욱,26년 1학기 수강자,4,그냥 무난하게 학점채우는 과목. 시험은 4지선다 복수선택 문제 많으니 개념은 확실하게 아셔야합니다.,,,
1612232-005,https://everytime.kr/lecture/view/1612232,1612232,기계학습개론,전재욱,26년 1학기 수강자,4,수업이 밀도가 낮다. 그래도 과제 부담은 없음. 무난한듯,,,
1612232-006,https://everytime.kr/lecture/view/1612232,1612232,기계학습개론,전재욱,25년 1학기 수강자,3,독학하고 싶다면 좋은 과목 과제는 ai 딸깍 가능 시험은 무난무난,,,
1612232-007,https://everytime.kr/lecture/view/1612232,1612232,기계학습개론,전재욱,25년 1학기 수강자,5,온라인 강의 오프라인 질문 유튜브랑 번갈아가며 학습하자,,,
1612232-008,https://everytime.kr/lecture/view/1612232,1612232,기계학습개론,전재욱,26년 1학기 수강자,5,교수님 수업 덕분에 앤드류 응 강의를 알게되어서 그걸로 거의 수강을 했는데 강의력이 좋았고 교수님 교안으로 다시 한번 복습한다는 느낌으로 보면 좋을 것 같습니다.,,,
1612232-009,https://everytime.kr/lecture/view/1612232,1612232,기계학습개론,전재욱,26년 1학기 수강자,5,과제 적당하고 시험 2번 적당함. 과제도 시간 좀만 쓰면 다 할 수 있는 정도,,,
1612232-010,https://everytime.kr/lecture/view/1612232,1612232,기계학습개론,전재욱,26년 1학기 수강자,5,과제도 금방하고 머신러닝에 관한 찍먹할수있는 강의. 나쁘지않음. 공부 부담도 적은듯,,,
1612232-011,https://everytime.kr/lecture/view/1612232,1612232,기계학습개론,전재욱,25년 1학기 수강자,5,교수님 강의가 잘 이해되고 교안이 잘 정리되어있음,,,
1612232-012,https://everytime.kr/lecture/view/1612232,1612232,기계학습개론,전재욱,25년 1학기 수강자,5,성적 잘주심 대신 강의에서 배워간다기 보단 인터넷 뒤져서 공부한게 대부분인게 아쉬움,,,
1612232-013,https://everytime.kr/lecture/view/1612232,1612232,기계학습개론,전재욱,25년 1학기 수강자,5,모두 고르시오 문제로 시험을 봅니다. 전반적인 흐름정도만 이해하는 수업인 것 같습니다.,,,
1612232-014,https://everytime.kr/lecture/view/1612232,1612232,기계학습개론,전재욱,25년 1학기 수강자,4,뭔가 이수업들을바에 그냥 유튜브에서 기계학습론에 대해 헌자 공부하면 4주정도면 끝낼수있습니다. 시간아까워요 비추.,,,
1612232-015,https://everytime.kr/lecture/view/1612232,1612232,기계학습개론,전재욱,25년 1학기 수강자,4,"강의실이 좀 멀고, 수업 때마다 질문 필수로 몇개 하고 가라 하지만, 다른 누군가가 질문해주니까 수업이 늦게 끝날 일은 없습니다. 성적은 공부한만큼 그대로 나옵니다. 꼼꼼하게 준비하시길.",,,
1612232-016,https://everytime.kr/lecture/view/1612232,1612232,기계학습개론,전재욱,25년 1학기 수강자,1,매주 과제 2개씩. 과제 설명을 안해줌 지피티로 다 하고 과제로서 배우는게 없음 시험 공부 열심히 해서 A0 받긴 했지만 솔직히 시험도 교양처럼 나옴 전공과목이라기보다는 영어시험같음 엄청 촘촘해서 성적 차이 별로안나는데도 B0나 C+ 받은 사람 있었음,,,
1612232-017,https://everytime.kr/lecture/view/1612232,1612232,기계학습개론,전재욱,25년 1학기 수강자,4,강의력은 좋은 듯하나 수업시간에 앉아있는게 조금 힘드네요,,,
1612232-018,https://everytime.kr/lecture/view/1612232,1612232,기계학습개론,전재욱,25년 1학기 수강자,3,교안은 andrew ng교수꺼 복붙한거여서 구성이 이상합니다.. 수업시간땐 질문시간이어서 사실상 독학을 해야하는 부분이 힘들었습니다,,,
1612232-019,https://everytime.kr/lecture/view/1612232,1612232,기계학습개론,전재욱,25년 1학기 수강자,1,"1점을 줘야 할지, 5점을 줘야 할지 정말 많은 고민을 했습니다. 우선, 이 수업을 추천하냐고 묻는다면 ""매우 추천한다""고 말씀드릴 수 있습니다. 매주 녹화 강의를 시청하면 되고, 오프라인 수업은 일주일에 한 번 Q&A 형식으로만 진행됩니다. 사실 유튜브에서 Andrew Ng 교수님의 강의를 찾아보면, 98% 정도 동일한 교안으로 진행되는 영상을 쉽게 찾을 수 있습니다. 솔직히 녹화 강의를 듣지 않고 유튜브 영상만 봐도 전혀 문제가 없을 정도입니다. 시험 문제도 난이도가 높게 출제되는 편은 아니고(물론 고득점을 맞기엔 다소 까다로울 수 있지만, A+를 받는 데 큰 지장은 없습니다), Andrew Ng 교수님의 강의력은 인공지능계의 GOAT답게 훌륭합니다. 과제도 파이썬을 전혀 몰라도 ChatGPT의 도움을 받으면 충분히 해결할 수 있는 수준입니다. 그럼에도 불구하고 1점을 주는 이유는, 이 교수님께서 수업 준비를 위해 별다른 노력을 기울인 흔적이 전혀 보이지 않기 때문입니다. 과제 역시 다른 강의 과제를 거의 그대로 가져다 사용하고(물론 PyTorch 실습은 자체 제작하신 것 같기도 합니다만…), 교안도 그대로 사용하며, 강의 영상 역시 과거에 녹화한 영상을 계속 반복해서 사용하십니다. 정작 위상이나 강의력 측면에서 훨씬 우수하신 Andrew Ng 교수님께서는 지속적으로 강의를 업데이트한다는 점에서 이는 상당히 대조적이고, 이런 점에서 왜 스탠포드는 명문대이고, 우리 학교는 어째서 그 수준에 미치지 못하는지를 느끼게 되었습니다. 오랜 기간 이런 방식으로 수업이 진행되어 온 만큼, 제가 이런 평가를 남긴다고 해서 크게 바뀔 것 같지는 않지만, 아쉬운 마음에 이런 글을 남깁니다.",,,
1612232-020,https://everytime.kr/lecture/view/1612232,1612232,기계학습개론,전재욱,25년 1학기 수강자,5,"오프라인 수업 방식이 썩 도움 되는 것 같지는 않으나, 기계학습개론에 대한 전반적인 이해도를 높이기에는 괜찮은 강의였다고 생각합니다. 과제로 python 코딩 문제가 나가는데 난이도는 높지 않으나 이 부분이 시험에까지 출제됩니다. 이론적인 내용과 코딩으로 이를 구현하는 과정에 집중하시면 python에 익숙하지 않아도 쉽게 해결하실 수 있습니다. 성적 관련해서는 중기합 600점 만점에 평균 +120점으로 A+ 받았으며 대략적으로 상위 15 - 20 퍼 정도의 성적입니다. 추가로 매 시험마다 통계까지 알려주십니다.",,,
1612232-021,https://everytime.kr/lecture/view/1612232,1612232,기계학습개론,전재욱,25년 1학기 수강자,4,교안이랑 qna ppt만 확실하게 익히시고 선대 개념 나오는 부분만 따로 더 공부하면 괜찮을 것 같네요 학점은 잘 주시는 것 같습니다!,,,
1612232-022,https://everytime.kr/lecture/view/1612232,1612232,기계학습개론,전재욱,25년 1학기 수강자,4,"온라인 사전제작 강의 듣고 일주일에 한 번 가서 질문수업함 교수님이 모든 질문에 친절히 답변해 주셔서 잘 활용하면 얻어갈 게 많음. 근데 한 주에 봐야되는 강의가 좀 많음 시험에 선대 내용 나오니까 전날에 선대 복습 ㄱㄱ. 교수님 스타일이 간단한 예시로 이론 내용 수식 적용해서 푸는 문제 좋아하시는 듯. 중요한 개념은 보자마자 수식으로 표현해서 풀 줄 알아야 함 응용문제는 풀다보면 내가 아는 내용 짱구굴리면서 푸니까 재밌는데 부분점수X, 교안 및 수업에는 거의 다루지 않는 응용문제, 화면 보고 푸는 문제들 등 시험보기 힘들게 만드는 여러 장치들이 눈에 띄게 많이 보이니까 기분이 썩 유쾌하진 않음 숨막힘.. 이렇게까지 해야 했을까? 그리고 무엇보다 시험지 확인 방식이 너무 비효율적임 시험지 확인이 이의제기뿐만 아니라 모르는 문제에 대해 질문할 수 있는 시간인 줄 알았는데 조교는 답만 알려줌 답이 이해가 안돼도 설명해줄 사람은 없음.. 조교는 그냥 답지보고 채점만 해서 대답을 못함 핸드폰도 못 꺼내게 하니 궁금한 문제들 머리로 다 기억해와야함 ㅋㅋㅋ 맘에 안든 것도 있었지만 이 수업 듣느라 공부도 많이 하게 돼서 만족함 많이 배운 것 같음",,,
1612232-023,https://everytime.kr/lecture/view/1612232,1612232,기계학습개론,전재욱,25년 1학기 수강자,1,강의가 담고 있는 내용에 비해 길이가 너무 길다 강의력 또한 본인 기준에 불만족스러움 제일 불만족스러운건 수업 방식임 padlet으로 질답하는 통로를 열어놓고는 도대체 왜 오프라인 강의를 또 다시 교수도 학생도 힘든 ‘질문을 쥐어 짜내는 형식’ 으로 진행하는지 도무지 이해가 안됨. 2주에 과제 한 개는 덤임,,,
1612232-024,https://everytime.kr/lecture/view/1612232,1612232,기계학습개론,전재욱,25년 1학기 수강자,4,수업 시간은 좀 힘들지만 대체로 질문을 받으시는데 다른 학생들 질문 들어보고 생각해고 검색해보고 하면서 추가적으로 얻는 것들이 좀 있었습니다.,,,
1612232-025,https://everytime.kr/lecture/view/1612232,1612232,기계학습개론,전재욱,25년 1학기 수강자,3,이정도면 그냥 독학하는게 낫지 않을까 싶을 정도로 수업시간이 아깝습니다,,,
1612232-026,https://everytime.kr/lecture/view/1612232,1612232,기계학습개론,전재욱,25년 1학기 수강자,5,기계학습의 정말 기초를 배우는 수업. 온라인 강의듣고 오프라인에서 질문함. 진짜 편하게 질문할 수 있어서 난 좋았음. 과제 딱히 어렵지도 않고 쉽게 쉽게 할만한 것들이어서 기계학습 입문자나 한번 다시 보려는 사람 모두에게 좋은 강의.,,,
1612232-027,https://everytime.kr/lecture/view/1612232,1612232,기계학습개론,전재욱,25년 1학기 수강자,4,그냥 무난하게 기계학습에 대해 배울 수 있는 것 같아요.,,,
1612232-028,https://everytime.kr/lecture/view/1612232,1612232,기계학습개론,전재욱,25년 1학기 수강자,3,"깊게 들어가는 부분이 다소 부족하다. 강의에 커다란 flow를 주셨으면 좋겠다. 이 부분 저부분 따로 나오고, 강의가 기존 줌 영상으로 제공되어, 중복되거나 진도가 느린 부분이 있다. 유튜브나 다른 강의가 고퀄리티인 경우가 많아서, 질의응답으로 진행하시는 부분 좋다. 복학하고 ml이 가물가물한 분들에게 제일 추천하고 싶다.",,,
1612232-029,https://everytime.kr/lecture/view/1612232,1612232,기계학습개론,전재욱,25년 1학기 수강자,3,"시간이 개아깝다. 수업의 밀도가 너무 낮다. 강의는 공장식으로 재탕하는 듯 하다. 강의를 잘하는 편도 아니다. 다 그렇다 쳐도, 시간 아깝게 만드는 수업 방식이다.",,,
1612232-030,https://everytime.kr/lecture/view/1612232,1612232,기계학습개론,전재욱,25년 1학기 수강자,4,수업을 듣다보면 계속 같은 내용을 다른 방법으로 접근하는 것들을 배우는 느낌입니다. 개론이라 내용 자체는 안 어려운데 여러방법들을 이해하고 구분하는게 핵심 같아요. 대신 과제때문에 이것저것 해야하고 제출 방법이 귀찮습니다...그리고 수업마다 질문 하나정도는 생각해가는게 좋습니다.,,,
1612232-031,https://everytime.kr/lecture/view/1612232,1612232,기계학습개론,전재욱,25년 1학기 수강자,4,강의를 잘 하시는지는 모르겠습니다. 매 수업마다 질문있냐고 물어보시는데 이렇게 낭비되는 시간만 절반 이상입니다. 근데 나쁘지만은 아닌것 같습니다. 무난합니다.,,,
1612232-032,https://everytime.kr/lecture/view/1612232,1612232,기계학습개론,전재욱,23년 1학기 수강자,5,코세라 강의 보는게 끝이긴 한데..무난하고 시험도 크게 어렵지 않아요 공식들 잘 보면 됩니다,,,
1612232-033,https://everytime.kr/lecture/view/1612232,1612232,기계학습개론,전재욱,22년 1학기 수강자,5,"한 주는 유투브 강의를 시청하고, 다음 수업에 공부한 것을 교수님께 질문을 하는 방식으로 수업은 진행됩니다. 머신러닝의 기초 알고리즘들의 원리를 쉽고 자세하게 이해할 수 있는 수업이기 때문에 만족감도 높고, 자신감도 얻을 수 있습니다. 머신러닝에 처음 입문한 학생들도 무리없이 수업을 따라갈 수 있습니다. 시험 또한 난이도가 높지 않기 때문에, 좋은 성적 받을 수 있습니다.",,,
1612232-034,https://everytime.kr/lecture/view/1612232,1612232,기계학습개론,전재욱,23년 1학기 수강자,5,유튜브로 수업을 듣고 교수님은 질문자 수 채워질 때까지 답답한 실강 진행하십니다… 그래도 공부는 됐어요 과제 버전이 안맞아서 하나하나 고치기 어려웠어요,,,
1612232-035,https://everytime.kr/lecture/view/1612232,1612232,기계학습개론,전재욱,23년 1학기 수강자,4,학점은 평균 조금 넘으면 잘주시는 듯 합니다. 과제가 많아서 힘들었고 교수님이 하시는 강의는 질문에 대하여 답을 정확하게 해주셔서 괜찮았습니다.,,,
1612232-036,https://everytime.kr/lecture/view/1612232,1612232,기계학습개론,전재욱,23년 1학기 수강자,5,교수님 수업이 중요합니다. 유투브 영상+블로그로 평소에 개념정리하고 시험때는 교수님 수업한것들 위주로 공부했습니다. 꼼꼼하게 공부하세요.,,,
1612232-037,https://everytime.kr/lecture/view/1612232,1612232,기계학습개론,전재욱,23년 1학기 수강자,5,3학점 등록금 아깝게 여기다 쓰지마시고 유튜브로 배우세요 앤드류응 교수님이 잘 가르쳐 주십니다!,,,
1612232-038,https://everytime.kr/lecture/view/1612232,1612232,기계학습개론,전재욱,23년 1학기 수강자,5,"앤드류 응 강의를 듣긴 했지만, 언제 시간 내서 기계학습개론의 정수로 통칭되는 이 강의를 듣겠나 싶긴 하다. 명성대로 앤드류 응 강의는 정말 좋다. 기계학습 부분은 대소니 티스토리, 딥러닝은 별준코딩 티스토리에 한글해설이 있으니 참고하고, 과제는 구글링하면 다 나온다. 중간은 빡셌고 기말은 쉬웠다. 기말에 간단한 코딩 문제가 나왔다. 중간고사때에는 역함수 구하는 법, 디터미넌트, singular value decompostion 구하는 법 익혀서 들어가라.",,,
1612232-039,https://everytime.kr/lecture/view/1612232,1612232,기계학습개론,전재욱,23년 1학기 수강자,2,앤드류응 강의는 들을만해요 근데 과제가 라이브러리나 그래프 출력 같은게 제대로 안 돼 있고 시험은 앤드류응 교수님은 그냥 몰라도 된다고 한 행렬관련해서 냅니다 그냥 머신러닝 딥러닝이 뭔지 알기 위한 수업인것 같아요,,,
1612232-040,https://everytime.kr/lecture/view/1612232,1612232,기계학습개론,전재욱,23년 1학기 수강자,1,제발 과제 라이브러리 버전 관련 코드 수정 좀; 진심 개열받는 수준이 아니라 화가 남,,,
1612232-041,https://everytime.kr/lecture/view/1612232,1612232,기계학습개론,전재욱,23년 1학기 수강자,1,강의는 앤드류응 유튜브 과제도 앤드류응 코세라 심지어 오래된 코세라라 뭐만하면 다운그레이드해서 안돌리면 에러난다하고..ㅎ 날먹이다 날먹이다 소리는 들었지만 에이~하고 고했는데 진짜 이거도 본인 수업인가요 교수이름 앤드류응으로 바꿔야함 잘배웠습니다 갓 교수 앤드류응!,,,
1612232-042,https://everytime.kr/lecture/view/1612232,1612232,기계학습개론,전재욱,22년 1학기 수강자,5,앤드류 응 강의를 바탕으로 해서 이해하지 못한 내용들을 수업시간에 주로 다룹니다 시험의 방식이 성적을 내기에 적합하다고 생각합니다,,,
1612232-043,https://everytime.kr/lecture/view/1612232,1612232,기계학습개론,전재욱,22년 1학기 수강자,2,"막연하다고 느꼈던 머신 러닝이 어떠한 방식으로 구성되는지, 알고리즘은 어떠한 형태인지 알 수 있어서 흥미로웠습니다. 새로 배우는 게 많습니다. 그치만 그건 앤드류 응 교수님 유튜브 영상이 좋기 때문이지 이 수업이 좋기 때문이 아닙니다. 등록금이 매우 아깝습니다ㅠ",,,
1612232-044,https://everytime.kr/lecture/view/1612232,1612232,기계학습개론,전재욱,22년 1학기 수강자,4,앤드류응 교수님의 강의력이 정말 좋다. 머신러닝을 처음 배우는 입장에서 아주 쉽게 알려준다. 솔직히 교수님 수업이 앤드류응 교수님 수업을 듣고 질의응답 하는 거라 좀 돈이 아까울 수 있으나 워낙 답변도 잘해 주시고 나는 좋았다. 과제도 솔직히 코드를 한 줄씩 뜯어서 보면 별로 어렵지도 않고 배운 것을 직접 구현해 볼 수 있어서 꽤 괜찮았다. 시험은 가끔 수업 외적인 부분이 나오기도 한다. 학점은 그럭저럭 주시는 것 같고 전체적으로 나는 좋았다.,,,
1612232-045,https://everytime.kr/lecture/view/1612232,1612232,기계학습개론,전재욱,22년 1학기 수강자,4,"앤드류 응 교수님 강의력 완전 좋습니다 과제도 구현연습 할 수 있어서 좋았습니다 특히 검색하면 해설이 나오기에 스트레스 안받고 해서 좋았네요 다만, 외부강의 듣고 과제 싹 배끼는 거에 등록금 내는 회의감 느끼실 순 있습니다 회의감 안받으면 내용 자체는 아주 좋았습니다",,,
1612232-046,https://everytime.kr/lecture/view/1612232,1612232,기계학습개론,전재욱,22년 1학기 수강자,1,듣지마세요.. 그냥..제발..앤드류응씨 강의 혼자찾아들으세요,,,
1612232-047,https://everytime.kr/lecture/view/1612232,1612232,기계학습개론,전재욱,22년 1학기 수강자,3,"실강을 들었더라면 좀 나았을까 모르겠다. 과제는 별 의미없고 중간, 기말 2개로 결정되는데 중간고사는 강의내용 그 이상으로 나왔음. 어떻게 나올지 예상이 잘안감 사실 강의 내용요약은 neural network이전까진 대소니 티스토리에 머신러닝 정리된거보면 되고 신경망 부분은 별준코딩 찾아서보면 한글로 잘풀어진게 나와서 오히려 실강보다 나을듯ㅋㅋ",,,
1612232-048,https://everytime.kr/lecture/view/1612232,1612232,기계학습개론,전재욱,22년 1학기 수강자,1,그냥 구글에 앤드류 응 교수님 찾아서 강의들으세요 거기에 과제 강의 문제 다있어요,,,
1612232-049,https://everytime.kr/lecture/view/1612232,1612232,기계학습개론,전재욱,22년 1학기 수강자,1,"교수명이 잘못 써져 있네요 앤드류 응 교수님으로 바꿔주시기 바랍니다. 솔직히 말해서 수업도 유튜브로, 과제도 구글에 나와있는거로 하면 이게 등록금주고 들어야하는 수업인지 모르겠네요",,,
1612232-050,https://everytime.kr/lecture/view/1612232,1612232,기계학습개론,전재욱,22년 1학기 수강자,1,"강의는 앤드류 응 강의 유튜브에서 그대로 들으라하고, 매주 말 같지도 않은 파이썬 과제 내주는데 그냥 구글링해서 과제 내는걸 추천. 강의는 다 개념 위준데 시험에는 계산 문제도 섞여 있음. 어렵지는 않은데 막상 풀면 안 풀림. 계산 연습할 문제같은 거 찾기도 쉽지 않다. 매주 Qna하는데 진짜 왜 하는지 모르겠음. 1시간 15분 풀로 채워서하는데 진짜 모르겠다...",,,
1612232-051,https://everytime.kr/lecture/view/1612232,1612232,기계학습개론,전재욱,22년 1학기 수강자,1,앤드류응 강의를 몇년째 쓰시는지... 학생 하나씩 찍어서 궁금한거없냐고까지 하시면서 항상 풀타임 QnA를 하시는 이유는 뭔지.. 말도 안되는 진도양과 매주 과제까지 구글링 안하고 매주 과제하려면 진짜 이 과목에 매주 얼마를 박아야하는지.. 이거 개론 수업 맞나요ㅋㅋ 는 여기까지가 다 구라고 최고의 소통왕 갓교수님이니깐 수강신청 1픽하세욧!,,,
1612232-052,https://everytime.kr/lecture/view/1612232,1612232,기계학습개론,전재욱,22년 1학기 수강자,1,"한국어 수업이지만, 시험뿐만이 아니라 수업이 영어입니다. 아 수업은 영어가 아닐 수 있어요 수업을 안하시고 엔드류응강의를 듣고오라고 하시거든요",,,
1612232-053,https://everytime.kr/lecture/view/1612232,1612232,기계학습개론,전재욱,22년 1학기 수강자,1,앤드류응의 강의가 좋은것이지 이 수업이 좋은것은 아니다.,,,
1612232-054,https://everytime.kr/lecture/view/1612232,1612232,기계학습개론,전재욱,22년 1학기 수강자,4,정말 강평이 좋은데 나랑은 정말 안맞는 수업이다.. 내 문젠가 싶긴하다,,,
1612232-055,https://everytime.kr/lecture/view/1612232,1612232,기계학습개론,전재욱,21년 1학기 수강자,5,ai쪽을 처음 공부하는 입장에서 이 수업을 들은건 정말 최고의 선택이었습니다. 어떤 질문이 들어와도 차근차근 알려주시고 가끔 좋은 질문을 하면 베리 굿 퀘스천 하하!! 환하게 웃으며 좋아하시는데 짱 귀여우세요 정말 열심히 수업하시는데 잘 따라가기만 하면 수업시간에 다 이해할 수 있습니다 화이팅,,,
1612232-056,https://everytime.kr/lecture/view/1612232,1612232,기계학습개론,전재욱,21년 1학기 수강자,5,인공지능개론을 들은적이 있다? 3학점이 공짜 선대도 들은적이 있다? a+이 공짜,,,
1612232-057,https://everytime.kr/lecture/view/1612232,1612232,기계학습개론,전재욱,21년 1학기 수강자,5,"학교다니면서 어떤 교수님이 제일 좋았냐고 듣는다면 이분입니다 여러분!!! 이강의는 코세라의 앤드류 응 머신러닝을 거의 대부분 차용하여 진행하는데 챕터 순서만 달라요. 앤드류 응 강의가 워낙 명강의로 유명해서 그런지 이 강의도 명강의입니당 사실 강의내용이 좋아서 5점이기도 하지만 교수님이 진짜 참교수님이에요. 처음엔 랜덤으로 ""○○○ 두유헤브 애니 퀘스쳔?""을 남발하셔서 조금? 당황했지만 정말 학생들과 소통하는걸 좋아하시고 밝고 배려심 넘치는 분입니다. 조금 바보같은질문을 해도 처음부터 차근차근 설명해주시고 몇번이고 다시 설명해주시며 녹화된 수업으로 리뷰하는 학생을 위해 웹엑스에 올라온 질문을 직접 다시 읽어주세요!! 어쩌다 웹엑스문제로 강의녹화본이 사라진적이 있었는데, 따로 교수님이 녹화하서서 올려주셨습니다...★ 그리고 뭐 시험문제 스타일은 다른분들이 이미 적어주신것 같고, 배운내용만 정확하게 알아도 시험에서 평균이상은 나옵니다! 시험점수도 시험본날 바로 나오기때문에 편했습니당. 근데 고득점을 받으려면 확통이랑 선대는 들었어야 해요. 이게 뒤에 서술형이나 고득점문제가 수업외 지식으로 많이 나와서(+부분점수 없으심....ㅠ) 꼭 저 두과목 들으신분만 수강하셨으면 좋겠습니다. 뭐 둘다안들어도 수업내용을 따라가는데는 전혀문제가 없는데 시험문제를 보고 당황할거에요 ㅋㅋㅋㅋㅋ 확통 선대 안들었는데 이과목 듣기로 결정하신분은 수업에 나오는 부분은 꼭 인터넷이나 블로그 설명글 보면서 개념보세요 그리고 시험관련해서 질문을 많이 받으시는데 그냥 단도직입적으로 이내용 나오나요? 어떤 유형으로 나오나요? 이런거 다 알려주십니다. 질문하고 또 질문하세요 제일 인상깊었던점 ㅎㅎㅎ 시험에 다지선다형문제가 나온다고 예시를 들어주시는데 ㅋㅋㅋㅋㅋ 1번 교수님은 잘생겼다 2번 교수님 수업은 재밌다 3번 ~~~ 적으시면서 여기서 옳은것을 모두 고르면 뭐냐고 물으셨던것... 2번만 적으면 틀리고 1,2번을 모두 적어야 정답처리된다면서 말씀하시는데 귀여웠다 ㅎㅎ 나이가 꽤 있어보이시는데 열정과 수업은 웬만한 신임교수님들보다 뛰어나십다! 꼭 잡으세요(+조교님 영어발음 엄청 좋아서 두근거려본건 처음입니다)",,,
1612232-058,https://everytime.kr/lecture/view/1612232,1612232,기계학습개론,전재욱,21년 1학기 수강자,5,"과제가 기말 3주전쯤 3개 한꺼번에 나왔는데 함수명 그대로 소스가 있습니다. 강의는 전부 영어, 질의응답도 영어인데 두 세번 설명해주셔서 이해는 쉽습니다. 계산보다 이론적인 내용이 많았는데 시험에는 계산문제도 몇문제 나오니 이거 계산하는건 나오겠다 싶으면 ppt 예제정도는 직접 한 번 풀어봐야합니다.",,,
1612232-059,https://everytime.kr/lecture/view/1612232,1612232,기계학습개론,전재욱,21년 1학기 수강자,4,"개인적으로 따로 AI쪽을 많이 공부하고 들은과목이라 수월하게 들었습니다. 근데 시험 문제보면 전반적으로 어렵지는 않은데, 확통이랑 선형대수학 개념이 부족하면 변별하는 문제는 못푸실 수 있겠다는 생각이 들었습니다. (기본문제만 다풀어도 점수는 꽤나오지만 어려운 문제는 다 솔직히 수업시간에 배운 것 이외 개념으로 풀었습니다.)",,,
1612232-060,https://everytime.kr/lecture/view/1612232,1612232,기계학습개론,전재욱,21년 1학기 수강자,5,"우선 이 강의를 듣기 전에 먼저 들어야 할 과목이 있다. ""선형대수학""(공학수학에서 선대 부분을 들었다면 상관 없음) and ""확률 및 통계"" 위 과목을 이수하지 않고 이 강의를 수강한다면 이해가 안 되는 부분이 많을 것이다. 기계학습의 기초가 되는 알고리즘을 설명하시면서 수학적인 부분이 나오는데 이 부분의 원리를 일일이 다 자세하게 설명해주시지는 못한다. 기말고사 쯤에 파이썬 코딩 과제를 하나 내주시는데 <https://github.com/arturomp/coursera-machine-learning-in-python>여기에서 그대로 내주시니 알아서 보고 조금 변형하여 과제를 하기 바란다.",,,
1612232-061,https://everytime.kr/lecture/view/1612232,1612232,기계학습개론,전재욱,21년 1학기 수강자,3,솔직힉게 말합니다. 듣지마세요. 긴 말 안할게요.,,,
1612232-062,https://everytime.kr/lecture/view/1612232,1612232,기계학습개론,전재욱,19년 1학기 수강자,5,투자 대비 학점 따긴 좋은거 같음 걍 수업 잘 듣고 이론만 이해하면 응용 문제 같은건 별로 요구하지 않는 느낌 과제는 매틀랩인데 다른 강평 말대로 구글에서 그냥 다 베끼면 됨 기말 시험에 코드 쓰는거 내기도 하는데 본인은 매틀랩 1도 몰라서 그냥 빈칸채우는거 대충 외워감,,,
1612232-063,https://everytime.kr/lecture/view/1612232,1612232,기계학습개론,전재욱,19년 1학기 수강자,5,시험시간에 계산실수 안하도록 주의하세요 풀이 맞아도 답 틀리면 부분점수 안주십니다. 깃허브 보시면 앤드류 응 수업 퀴즈가 있는데 그거 걍 다 풀어가세요. 거의 문제 보자말자 답 바로 튀어나올정도로 풀어가셔야 됩니다. ox시험은 문제를 30초만 보여주고 바로 넘기시기때문에 영어 해석하고 생각하고 앉아있으면 이미 다음 문제로 넘어가있습니다. ox문제가 배점이 총점 250점 중 80점 정도기때문에 다른거 못해도 ox 완벽하게 푸시면 점수 뒤집을 수 있습니다. 수업시간에 학우분들이 질문한 내용 시험문제에 많이 나옵니다. 음~ 댓츠 어 인터레스팅 퀘스쳔... 이런 말씀 하시면 꼭 집중해서 받아적으세요.,,,
1612232-064,https://everytime.kr/lecture/view/1612232,1612232,기계학습개론,전재욱,19년 1학기 수강자,5,애블 바디 언더 스탠댓? 하~~? 애블 바디 언더 스탠 디스 쁠로우? 하~~? 남바 완~~~,,,
1612232-065,https://everytime.kr/lecture/view/1612232,1612232,기계학습개론,전재욱,18년 1학기 수강자,4,무난무난. 코세라 앤드류 응 강의 그대로 수업하심. 정말 그대로다. 과제도 똑같고 시험도 거기 퀴즈에서 좀 나오더라(비율은 몰겠음). 다만 앤드류응 강의가 워낙 명강의기에 그거 그대로 수업하시니까 이것도 명강의임(?). 셤대비할때 앤드류응 강의 배속해서 들으면 완벽 대비 된다. 덤으로 certificate까지 받을 수 있으니 1석2조.,,,
1612232-066,https://everytime.kr/lecture/view/1612232,1612232,기계학습개론,전재욱,18년 1학기 수강자,5,교수님 잘가르치시고 배울점 많음. 근데 과제가 많아서 빡심,,,
1612232-067,https://everytime.kr/lecture/view/1612232,1612232,기계학습개론,전재욱,18년 1학기 수강자,5,교수님이 굉장히 친절하시고 조언을 구할일이 있다면 성심껏 도와주실 것이다. 그것만으로도 5점을 받아 마땅한 수업이다. 과제가 좀 많고.. 시험이 어려운듯 안어려운듯한데 어렵다.,,,
1612232-068,https://everytime.kr/lecture/view/1612232,1612232,기계학습개론,전재욱,18년 1학기 수강자,2,"돌아가서 들을거야? 하면 안들을거임 과제는 매틀랩임 매틀랩 모르면 일단 과제는 다 복붙해야함 구글링 하면 다 나옴(외국 강의를 차용해서 강의한다.) 시험은 객관식 , 주관식 다 나오고 크게크게 묶여져서 나옴 모든 강의를 영어로 하시는데 이해 못할수 있음 그리고 말이 빠르고 필기할 시간 안줌 그냥 쓰고 지우고 쓰고 지우고 열정있게 가르치시지만 그냥 개인적으로 너무 안맞았음",,,
1612232-069,https://everytime.kr/lecture/view/1612232,1612232,기계학습개론,전재욱,17년 1학기 수강자,5,받은학점 : 에이쁠 선대나 통계관련 내용이 많고 시험범위가 정말 어마어마합니다. 정말로.. 하지만 머신러닝쪽으로 배우고 싶다. 하시는 분들은 꼭 들으세요 많이 배웁니다 또 교수님이 정말 좋으신 분입니다.,,,
3058325-001,https://everytime.kr/lecture/view/3058325,3058325,기계학습개론,권민혜,26년 1학기 수강자,5,강의력이 좋습니다. 과제가 1번 있습니다 시험은 객관식과 간단한 계산 문제가 있습니다,,,
3058325-002,https://everytime.kr/lecture/view/3058325,3058325,기계학습개론,권민혜,26년 1학기 수강자,1,수업 볼륨이 너무 작음. 전공수업을 듣는 기분이 아님. 가끔씩15분 넘게 지각함. 시험 변별이 전혀 안됨.,,,
3058325-003,https://everytime.kr/lecture/view/3058325,3058325,기계학습개론,권민혜,26년 1학기 수강자,4,강의력 좋고 머신러닝에 대한 기초를 알아가기에는 좋음,,,
3058325-004,https://everytime.kr/lecture/view/3058325,3058325,기계학습개론,권민혜,26년 1학기 수강자,2,AI 기초와 활용 듣는 기분이었습니다. 기초 머신러닝 개념을 주로 다루시는데 내용을 깊게 안 들어가고 겉핥기식으로만 하십니다. 그리고 휴강을 너무 자주하시는 것 같습니다. 시험 변별력 없음.,,,
3058325-005,https://everytime.kr/lecture/view/3058325,3058325,기계학습개론,권민혜,26년 1학기 수강자,4,강의력 좋고 컴팩트 있게 이 분야내용 배우기 좋아요 교수님 자랑은 좀 ..,,,
3058325-006,https://everytime.kr/lecture/view/3058325,3058325,기계학습개론,권민혜,26년 1학기 수강자,4,강의 진도가 너무 느림. 강의력은 그저그런듯 가끔 출튀잡음,,,
3058325-007,https://everytime.kr/lecture/view/3058325,3058325,기계학습개론,권민혜,26년 1학기 수강자,3,강의력 좋으신거랑 별개로 불필요한 말이 많으심. 굳이 안해도 될 부분도 있고 시험문제는 쉽습니다 냉정하게 근데 시험 중간부터 질문 안받아주는거랑(애들이 시험문제에 직결된 질문 많이했다고) 수업에 자리 없는 거 등등 아쉬움이 많음,,,
3058325-008,https://everytime.kr/lecture/view/3058325,3058325,기계학습개론,권민혜,26년 1학기 수강자,2,"강의 시간을 허비하는게 너무많아요,, 강의량이 매우 적습니다",,,
3058325-009,https://everytime.kr/lecture/view/3058325,3058325,기계학습개론,권민혜,26년 1학기 수강자,3,교수님 성격과 강의력은 좋으신 편입니다. 학생들 수업 성취도가 높다고 판서하시는 걸 좋아하시는데 아무말 없이 하는 판서로 인해 수업 밀도가 낮아져서 공부량이 적어져서 그런거 아니었나 싶습니다. 판서도 그렇게 가독성 있게 잘하시는 지는 모르겠습니다. 과목 자체가 가볍긴 한데 머신러닝 기초 배우기에는 괜찮은 것 같습니다.,,,
3058325-010,https://everytime.kr/lecture/view/3058325,3058325,기계학습개론,권민혜,26년 1학기 수강자,4,기초 부터 천천히 알려주시는데 수업중에 판서하는 시간이 많이 차지해서 진도는 많이 나가지는 않는 편인거 같습니다. 판서가 많아서 뒷자리에서 보기 불편합니다. 사진을 올려주시긴 하지만 아쉽습니다.,,,
3058325-011,https://everytime.kr/lecture/view/3058325,3058325,기계학습개론,권민혜,26년 1학기 수강자,2,숭실스럽다 수업이 목적이 아닌 수업 연구 프로젝트를 살펴봤는데 잘 모르겠다,,,
3058325-012,https://everytime.kr/lecture/view/3058325,3058325,기계학습개론,권민혜,26년 1학기 수강자,5,강의력 좋으셔요 진도 빡세게 안 나가셔요 머신러닝 입문과목으로 강추해요,,,
3058325-013,https://everytime.kr/lecture/view/3058325,3058325,기계학습개론,권민혜,26년 1학기 수강자,1,아무리 잘나고 대단한 사람이라도 자기자랑을 대놓고 하면 볼폼없어진다는 것을 깨달았습니다. 늘 겸손하게 삶을 대해야겠다는 마음 가짐을 기를 수 있었습니다.,,,
3058325-014,https://everytime.kr/lecture/view/3058325,3058325,기계학습개론,권민혜,26년 1학기 수강자,5,"강의력 매우 좋으시고, 판서하시는데 잘 안 보여서 앞자리에 앉는 걸 추천합니아",,,
3058325-015,https://everytime.kr/lecture/view/3058325,3058325,기계학습개론,권민혜,26년 1학기 수강자,5,ai에 대해 처음들어보는수업인데 수학적으로 연산어떻게하는지ㅜ배워서 좋아ㅛ음,,,
3058325-016,https://everytime.kr/lecture/view/3058325,3058325,기계학습개론,권민혜,26년 1학기 수강자,2,머신러닝에 대해서 좀 깊이 있게 배우고 싶었는데 adsp 이론 공부하는 수준과 비슷하게 강의하십니다. (수학 거의 사용 안함.) 그리고 아무말 없이 판서를 20분동안 적으시는데 이것 때문에 수업시간에 많이 잡아 먹어요 ㅠ. 공부하기에는 편할것 같아요! 과제도 많이 없고 수업 내용도 복잡한 내용을 안다루시는것 샅아요,,,
3058325-017,https://everytime.kr/lecture/view/3058325,3058325,기계학습개론,권민혜,26년 1학기 수강자,5,딥러닝을 듣기전 베이스를 쌓고자 하는 분들에게는 최적의 고ㅡ목입니다. 머신 러닝뿐만 아니라 딥러닝에서도 쓰이는 내용을 강조해주면서 강의해주십니다. 판서 위주의 수업이라 일찍 가서 앞에 앉으셔야 하지만 판서는 사진으로 또 올려주십니다. 과제 매우 적고 강의도 복습을 꼭 해주시면서 진도를 나가셔서 좋습니다. 녹화 영상이 올라오지 않는 것을 제외하면 강의력이 매우좋으셔서 좋습니다. 시험기간에는 수업을 앞 뒤로 다 빼주시는 점도 좋습니다,,,
3058325-018,https://everytime.kr/lecture/view/3058325,3058325,기계학습개론,권민혜,26년 1학기 수강자,5,교수님 강의력은 씹고트 근데 조금 깐깐하신 느낌이 없지 않아 있어요 과제도 개적은데 진짜 도움되는 것만 조금 내주셔요 출튀는 안 하는 게 좋아요 가끔가다 한번씩 잡으시고 녹강을 안 올려주시기에...,,,
2893111-001,https://everytime.kr/lecture/view/2893111,2893111,자율주행캡스톤디자인,전재욱,26년 1학기 수강자,5,시간투자를 많이해야하지만 그만큼 얻어가는게 많은 수업,,,
2893111-002,https://everytime.kr/lecture/view/2893111,2893111,자율주행캡스톤디자인,전재욱,26년 1학기 수강자,5,되게 재밌습니다. 자율주행 관심 있으면 들어보세요!,,,
2893111-003,https://everytime.kr/lecture/view/2893111,2893111,자율주행캡스톤디자인,전재욱,26년 1학기 수강자,5,기초부터 저새히 설명해주셔서 좋습니다. Ros2 사용합니다,,,
2893111-004,https://everytime.kr/lecture/view/2893111,2893111,자율주행캡스톤디자인,전재욱,26년 1학기 수강자,5,일단 기초적인 자율주행 지식있으면 되게 편할거고 강의를 처음 하는 사람들 기준으로 설명해줘서 좋음. 조교들도 고트,,,
2893111-005,https://everytime.kr/lecture/view/2893111,2893111,자율주행캡스톤디자인,전재욱,25년 2학기 수강자,5,성적 엄청 잘 주시고 조교님들도 잘 도와주십니다,,,
2893111-006,https://everytime.kr/lecture/view/2893111,2893111,자율주행캡스톤디자인,전재욱,25년 2학기 수강자,5,족보 코드를 구하셈 개꿀 설명은 불친절 조교님은 친절,,,
2893111-007,https://everytime.kr/lecture/view/2893111,2893111,자율주행캡스톤디자인,전재욱,25년 2학기 수강자,5,시간 많이 들지만 얻어가는 내용이 많음. 시험도 부담 없음 꼭 들으세영,,,
2893111-008,https://everytime.kr/lecture/view/2893111,2893111,자율주행캡스톤디자인,전재욱,25년 2학기 수강자,4,힘들고 학점 잘 주고 할게 많고 조교님들 좋으시고 어렵고 재밌고,,,
2893111-009,https://everytime.kr/lecture/view/2893111,2893111,자율주행캡스톤디자인,전재욱,25년 1학기 수강자,5,주행시험에서 조져도 시험잘보면 된다. 학생들이 열심히 참여한 정도에 따라 비율이 달라지는 듯하다. 개꿀강,,,
2893111-010,https://everytime.kr/lecture/view/2893111,2893111,자율주행캡스톤디자인,전재욱,25년 1학기 수강자,5,"할때는 진짜 미친듯이 큰 로드에 당황했지만 하고나니, 학부수업으로 얻을 수 있는 최고의 경험을 얻었습니다.. 덕분에 낭낭하게 자소서에 써먹었습니다",,,
2893111-011,https://everytime.kr/lecture/view/2893111,2893111,자율주행캡스톤디자인,전재욱,25년 1학기 수강자,5,학점도 잘주시고 조교분들 착해요 시험은 기말한번 봅니다굳굳ㅎㅎ,,,
2893111-012,https://everytime.kr/lecture/view/2893111,2893111,자율주행캡스톤디자인,전재욱,25년 1학기 수강자,5,학점도 잘 주시고 조교분들도 잘해주시심 재미있음 ㅎㅎ,,,
2893111-013,https://everytime.kr/lecture/view/2893111,2893111,자율주행캡스톤디자인,전재욱,25년 1학기 수강자,5,자율주행차 만드는건데 이해만 하면 생각보다 쉬워요 학점을 진짜 미친듯이 퍼줌,,,
2893111-014,https://everytime.kr/lecture/view/2893111,2893111,자율주행캡스톤디자인,전재욱,25년 1학기 수강자,4,"졸업평가 대체로 해당 과목을 수강하는 입장에서는 졸업평가 발표 준비(포스터 및 발표 영상), 주행평가 준비, 연구노트 작성, 기말고사, 최종보고서 모두 작성해야 하여 학기말에 빠듯한 감이 있습니다. 주행평가의 경우 이번 학기 수업부터 기존 자캡디 평가 방식에서 변경을 주었는데, 내용은 다음의 2가지입니다. (1) 시간 측정 경기 - 기존 out 코스 2바퀴 주행에서 out / in 코스 변경 주행으로 변경 (2) 장애물 회피 - 정적 장애물 회피에서 동적 장애물 회피 미션으로 변경 해당 교수님이 계속해서 본 수업을 맡으신다면, 계속해서 주행평가 방식에는 변경 사항이 존재할 것으로 예상됩니다. 그리고 타 교수님의 경우에는 기말고사나 최종 보고서 없이 주행평가만을 수행했던 것으로 아는데, 해당 교수님 분반은 기말고사를 치릅니다. 25-1 학기에 기말시험 내용은 ROS2 / 자율주행과 관련하여 아이캠퍼스로 업로드된 강의를 베이스로 객관식으로 출제되었습니다.",,,
2893111-015,https://everytime.kr/lecture/view/2893111,2893111,자율주행캡스톤디자인,전재욱,25년 1학기 수강자,4,조교님들이 자세하게 과정을 알려주셔서 따라갈 수 있고 재밌어요,,,
3058326-001,https://everytime.kr/lecture/view/3058326,3058326,시계열데이터처리개론,심규홍,26년 1학기 수강자,5,저는 일단 시험 망했는데요 그거랑은 별개로 트랜스포머의 강의 교안은 나중에 헷갈리면 다시 볼 것 같습니다. 강의력 좋으십니다,,,
3058326-002,https://everytime.kr/lecture/view/3058326,3058326,시계열데이터처리개론,심규홍,26년 1학기 수강자,5,교수님 강의력 진짜 좋으시고 녹화영상은 공부하기 편하라고 쓸데없는 이야기 날리고 자막까지 달아주십니다. 그래서인지 단점이라면 시험 점수 평균이 난이도에 비해 꽤나 높은 편입니다... 밑에 강의평에 교수님이 계산 문제를 좋아한다고 까는 글이 있는데 오히려 그 반대입니다. 원래 수식과 계산이 많은 과목임에도 최대한 수식 암기나 계산에 부담이 없게 문제 내십니다!,,,
3058326-003,https://everytime.kr/lecture/view/3058326,3058326,시계열데이터처리개론,심규홍,26년 1학기 수강자,5,교수님 설명 너무 잘해주시고 학생들 배려도 많이 해주셔요 정말 강의력도 짱짱맨입니다,,,
3058326-004,https://everytime.kr/lecture/view/3058326,3058326,시계열데이터처리개론,심규홍,26년 1학기 수강자,5,트랜스포머 모델을 이렇게 자세하고 깊게 배울 수 없습니다. 랜덤 퀴즈 준비하는거 빡세고 사람들이 다 잘 하는게 흠이지만 유익해요,,,
3058326-005,https://everytime.kr/lecture/view/3058326,3058326,시계열데이터처리개론,심규홍,26년 1학기 수강자,3,퀴즈 때문에 스트레스 받아서 휴학까지 고민함... 교수님이 계산 문제 너무 좋아하심. 사칙연산 계산 실수 때문에 자괴감 장난 아님,,,
3058326-006,https://everytime.kr/lecture/view/3058326,3058326,시계열데이터처리개론,심규홍,26년 1학기 수강자,5,배워가는 것이 굉장히 많습니다. 내용은 어렵지만 강의력이 좋으시고 교안 정리가 잘 돼 있어 생각보다 따라갈 만합니다. 저는 인공지능 수업 하나도 안 듣고 들었는데 평균보다 항상 높은 성적 받았습니다.,,,
3058326-007,https://everytime.kr/lecture/view/3058326,3058326,시계열데이터처리개론,심규홍,26년 1학기 수강자,5,사람들 다 열심히해서 경쟁 빡세고 내용 자체도 어렵지만 교수님이 강의 편집해서 올려주시고 학생들이랑 소통도 많이 하시고 강의력 좋다는 점에서 꼭 들어보면 좋을 것 같은 수업,,,
3058326-008,https://everytime.kr/lecture/view/3058326,3058326,시계열데이터처리개론,심규홍,26년 1학기 수강자,5,교수님 강의력 좋으시고 수업 내용 개빡세지만 얻어가는거 많음. 내용 자체가 어려워서 기학원이랑 심신개 듣고 듣는걸 추천,,,
3058326-009,https://everytime.kr/lecture/view/3058326,3058326,시계열데이터처리개론,심규홍,26년 1학기 수강자,5,"CNN, RNN, 트랜스포머 등 잘 알려진 모델들을 시계열의 관점에서 배우게 됩니다. 저는 기학원 베이스만 있고 심신개는 안 들어서 이 모델들은 전혀 알지 못했는데, 크게 문제가 되진 않았습니다. 오히려 심신개랑 같은 학기 때 들어서 편한 거 같아요 심신개는 거의 따로 공부 안 해도 되거든요",,,
3058326-010,https://everytime.kr/lecture/view/3058326,3058326,시계열데이터처리개론,심규홍,26년 1학기 수강자,5,들었던 인공지능 강의 중에 제일 좋은 것 같아요 되게 자세히 다뤄주셔서 만족스럽게 듣고 있습니다! 그래서 내용이 쉽지는 않지만 열심히 공부하기에 좋아요 퀴즈가 꽤 부담이긴한데 덕분에 미리미리 공부하게 됩니다,,,
3058326-011,https://everytime.kr/lecture/view/3058326,3058326,시계열데이터처리개론,심규홍,26년 1학기 수강자,5,수업 내용은 상당히 알차다. 심층신경망개론의 내용을 대부분 포함하면서 딥러닝에 관한 더욱 많은 것을 배우기에 인공지능에 관심 있다면 꽤 좋은 커리큘럼이라 생각됨. 퀴즈가 네 번 랜덤으로 진행되는데 전공심화 과목인만큼 다들 상당히 열심히 해서 평균이 높다.,,,
3058326-012,https://everytime.kr/lecture/view/3058326,3058326,시계열데이터처리개론,심규홍,26년 1학기 수강자,5,중간고사 전 인데 한 학기 수업 다 들은 것 같이 알참..,,,
3058326-013,https://everytime.kr/lecture/view/3058326,3058326,시계열데이터처리개론,심규홍,26년 1학기 수강자,5,아직 중간고사를 보지 않은 시점이지만 이렇게 말안되는 수업은 처음입니다. 강의력 좋으신건 둘째치고 강의를 그냥 올리시는게 아니라 편집해서 올리시는분은 처음이네요. 교안도 쓸데 없는거 없이 압축해서 만드셔서 보기도 좋습니다.,,,
3058327-001,https://everytime.kr/lecture/view/3058327,3058327,오픈소스AI실습,심규홍,26년 1학기 수강자,5,시험 없어서 굿 주차 과제랑 프로젝트 두개로 평가되는데 크게 시간 많이들지 않음,,,
3058327-002,https://everytime.kr/lecture/view/3058327,3058327,오픈소스AI실습,심규홍,26년 1학기 수강자,5,"중간고사, 기말고사 모두 없고 대체 프로젝트로 진행됩니다. AI학습을 직접 시켜볼 수 있는 수업입니다. 코랩 프로 플러스도 지원해줌!!! 시간을 꽤 많이 들여야 하는 프로젝트라서 변별도 괜찮게 되는것 같습니다. 친구와 같이 수강하는 것을 추천합니다.",,,
3058327-003,https://everytime.kr/lecture/view/3058327,3058327,오픈소스AI실습,심규홍,26년 1학기 수강자,5,과제와 프로젝트 두개가 메인 과제도 8개중 top 6 개 점수 사용하고 프로젝트 시간 괜찮아서 할만함,,,
2749232-001,https://everytime.kr/lecture/view/2749232,2749232,인공지능윤리,박진영,26년 1학기 수강자,1,"The course itself is bullshit. The professor always changes his schedule during the semester. Whenever we go to class, he always comes up with crazy ideas. I would not suggest taking this course. I learned some AI ethics, but the course content is still messed up. Also, remember to be careful with attendance. Never fake your attendance; a couple of students failed the class because of it. The course schedule is highly disorganized.",,,
2749232-002,https://everytime.kr/lecture/view/2749232,2749232,인공지능윤리,박진영,26년 1학기 수강자,1,할말하않................,,,
3058328-001,https://everytime.kr/lecture/view/3058328,3058328,확률그래프모델,박호건,26년 1학기 수강자,4,첨엔 겁 먹었는데 듣다보니까 나름 괜찮은 것 같아요 추천합니다,,,
3058329-001,https://everytime.kr/lecture/view/3058329,3058329,통계분석,이종욱,25년 2학기 수강자,5,교수님은 정말 좋으세요! 근데 너무 어려워서 탈주하고싶지만 해야되니까 ㅎㅎ 과제가 넘 많아요……….,,,
3058329-002,https://everytime.kr/lecture/view/3058329,3058329,통계분석,이종욱,26년 1학기 수강자,4,중간고사까지는 할만 했는데 기말고사부터 난이도 급상승함...,,,
3058329-003,https://everytime.kr/lecture/view/3058329,3058329,통계분석,이종욱,26년 1학기 수강자,5,수업 내용은 흥미롭고 재밌는데 과제가 별로 재미가 없습니다. 머리 좀 쓰면 할 수 있긴 한데 뭔가 LLM 결제해서 쓰는 사람들은 후딱 끝낼 수 있을 것 같은 과제들만 나오는 것 같아서 아쉽습니다.,,,
3058329-004,https://everytime.kr/lecture/view/3058329,3058329,통계분석,이종욱,26년 1학기 수강자,3,난이도가 날뜁니다 앞부분은 너무 쉬운데 갑자기 시험직전 진도는 너무 어려움 과제는 수업이랑 관련도없고 솔직히 확랜프나 확통 들었으면 굳이싶음,,,
3058329-005,https://everytime.kr/lecture/view/3058329,3058329,통계분석,이종욱,26년 1학기 수강자,5,교수님 강의력이 좋으셔서 재밌게 수업 듣고 있습니다 과제가 좀 빡세긴 합니다,,,
3058329-006,https://everytime.kr/lecture/view/3058329,3058329,통계분석,이종욱,26년 1학기 수강자,5,"뒤로 갈 수록 내용이 어려워지는 것 같아요. 확률분포까지는 bsm 확통에서 배운 내용과 겹치고, 통계적 추정과 가설 검정부터 본격적으로 통계 분석에 대해 배우신다 생각하면 될 것 같아요. 깊게 들어가면 많이 어렵다보니 시험 공부할 때는 적당한 선까지 공부하고 여유 있을 때 깊게 공부하는게 좋아보입니다.",,,
3058329-007,https://everytime.kr/lecture/view/3058329,3058329,통계분석,이종욱,26년 1학기 수강자,5,어렵다는 평이 많은데... 확실히ㅡ도움은 되는 것 같아요. 출튀는 좀 잡으셨으면...,,,
3058329-008,https://everytime.kr/lecture/view/3058329,3058329,통계분석,이종욱,26년 1학기 수강자,5,수업내용이 뒷부분이 너무 어렵고 교수님은 친절하신데 이해할 시간을 안 주심 내용도 어려운데 빠르기까지하니까 힘들다 과제도 좀 스트레스받음,,,
3058329-009,https://everytime.kr/lecture/view/3058329,3058329,통계분석,이종욱,26년 1학기 수강자,4,3주차까지는 고등학교 내용이라 왜이렇게 강의를 짜셨지 했는데 6 7강 난이도로 1 주차부터 하셧으면 드랍했습니다.,,,
3058329-010,https://everytime.kr/lecture/view/3058329,3058329,통계분석,이종욱,26년 1학기 수강자,4,교수님이 확통 개념을 처음부터 자세히 알려주십니다. 과제는 캐글 형태로 나오는데 llm사용시 어떻게 사용했는지를 함께 제출하라고 하십니다.,,,
3058329-011,https://everytime.kr/lecture/view/3058329,3058329,통계분석,이종욱,26년 1학기 수강자,5,"앞부분 확통부분 쉬운부분은 천천히 설명하시다가 통계부분에서 갑자기 어려워지고, 진도가 개빨라요 과제도 너무 많고 힘들고 지쳐요",,,
3058329-012,https://everytime.kr/lecture/view/3058329,3058329,통계분석,이종욱,26년 1학기 수강자,4,수업이 너무 어렵고 과제도 너무 많아요... 그래도 들으면 도움은 될 것 같아요,,,
1772012-001,https://everytime.kr/lecture/view/1772012,1772012,스마트팩토리캡스톤디자인1,정종필,26년 1학기 수강자,5,팀 잘 만나면 좋습니다. 과제 하다보면 얻어가는 것도 꽤 많을 것이라고 생각합니다. 교수님이 기본적으오 기대치가 낮아서 과제도 무난하게 할 수 있습니다,,,
1772012-002,https://everytime.kr/lecture/view/1772012,1772012,스마트팩토리캡스톤디자인1,정종필,26년 1학기 수강자,5,팀장님에 따라 분위기가 다른거같아요 논문 읽으면서 지식 얻고 경험쌓기 좋은듯! 다만 수업이 늦게있다는게 단점?,,,
1772012-003,https://everytime.kr/lecture/view/1772012,1772012,스마트팩토리캡스톤디자인1,정종필,26년 1학기 수강자,4,팀바팀인 것 같습니다. 과제도 귀찮을뿐 그리 어렵지 않습니다.,,,
1772012-004,https://everytime.kr/lecture/view/1772012,1772012,스마트팩토리캡스톤디자인1,정종필,26년 1학기 수강자,5,팀 잘 만나야돼요 과제 많지만 에쁠 준다는 거 많으로 꿀수업이라 생각함,,,
1772012-005,https://everytime.kr/lecture/view/1772012,1772012,스마트팩토리캡스톤디자인1,정종필,26년 1학기 수강자,5,팀바팀인 느낌이 강합니다 플젝과 학점을 동시에 들을 수 있다는 게 가장 좋습니다 근데 대신 짜잘한 과제가 좀 있습니다,,,
1772012-006,https://everytime.kr/lecture/view/1772012,1772012,스마트팩토리캡스톤디자인1,정종필,26년 1학기 수강자,4,솔직히 수업에서 뭘하는지는 모르겠지만 자소서에 분량 채우기용으로는 좋아요,,,
1772012-007,https://everytime.kr/lecture/view/1772012,1772012,스마트팩토리캡스톤디자인1,정종필,26년 1학기 수강자,5,"과제는 많지만, 얻어갈 수 있는것은 많은 것 같습니다.",,,
1772012-008,https://everytime.kr/lecture/view/1772012,1772012,스마트팩토리캡스톤디자인1,정종필,25년 1학기 수강자,1,힘들어요.. 그래도 에이쁠 받아서 만족합니다,,,
1772012-009,https://everytime.kr/lecture/view/1772012,1772012,스마트팩토리캡스톤디자인1,정종필,25년 1학기 수강자,5,"팀장님 잘 만나셔야됩니다 팀원들 잘 만나셔야됩니다 주제를 잘 정하셔야합니다 학점은 잘 주시지만.. 의미가 하나도 없고, 시키는게 정말 많고, 할 일이 정-말 많습니다. 진짜로요.",,,
1772012-010,https://everytime.kr/lecture/view/1772012,1772012,스마트팩토리캡스톤디자인1,정종필,25년 1학기 수강자,5,"팀장님, 팀원들 잘 만나서 성공한 케이스 정말 많은 걸 배우고 경험하고 갑니다 논문, 특허, 솦웨등록까지 스펙도 한 학기만에 쌓아갈 수 있는 물론~ 과제도 많고 30분짜리 논문 리뷰 영상 2번 올리는 것도 힘들었고, 교수님 말 번복 진짜 열받긴 함니다 ,, 그래도 해야하는 것만 잘 제출하면 다 에쁠달아줍니다",,,
1772012-011,https://everytime.kr/lecture/view/1772012,1772012,스마트팩토리캡스톤디자인1,정종필,25년 1학기 수강자,1,0점을 못주는게 세상에서 제일 아쉬운 과목. 다시는 듣고싶지 않은 과목.,,,
1772012-012,https://everytime.kr/lecture/view/1772012,1772012,스마트팩토리캡스톤디자인1,정종필,24년 2학기 수강자,5,팀을 잘만나면 좋은 수업이 될수 있는거 같은데 팀별로 분위기가 매우 달라 편차가 심함,,,
1772012-013,https://everytime.kr/lecture/view/1772012,1772012,스마트팩토리캡스톤디자인1,정종필,24년 2학기 수강자,1,교수의 수준이 너무 떨어짐. 교수는 치매가 의심될 정도로 말 바꾸는게 심함 쓰레기 교수 쓰레기 수업 쓰레기 강의 교수전에 인간이 덜 돼었음 나이값 부터 해야함,,,
1772012-014,https://everytime.kr/lecture/view/1772012,1772012,스마트팩토리캡스톤디자인1,정종필,25년 1학기 수강자,1,할게 너무너무너무 많네요. 논문 발표영상에 코드분석 영상에 중간 기말 발표까지 그냥 너무 할게 많아요.,,,
1772012-015,https://everytime.kr/lecture/view/1772012,1772012,스마트팩토리캡스톤디자인1,정종필,25년 1학기 수강자,1,듣지마세요. 한달듣고 수강평은 처음 남기는데 교수가 역대급 joat입니다. 꼰대+자기멋대로함 수시로 날짜 바꾸고 그냥 듣지마세요. 무능력한 교수와 무의미한 수업입니다,,,
1772012-016,https://everytime.kr/lecture/view/1772012,1772012,스마트팩토리캡스톤디자인1,정종필,24년 1학기 수강자,4,"팀플 과목이고, 적당히 에이플 받아가기엔 나쁘지 않아요",,,
1772012-017,https://everytime.kr/lecture/view/1772012,1772012,스마트팩토리캡스톤디자인1,정종필,24년 1학기 수강자,1,팀을 잘 만나야 함… 특히 팀장 대학원생을… 여러모로 너무 힘들었던 과목,,,
1772012-018,https://everytime.kr/lecture/view/1772012,1772012,스마트팩토리캡스톤디자인1,정종필,24년 1학기 수강자,1,"힘듭니다 솔직히 A+받는 건 플젝이 멀쩡히만 굴러가면 됩니다 다만 팀에 잉여들이 좀 많은 경우였어서... 논문읽기, 코드 분석 각 1번씩만 하면 되서 그건 쉬운데 코엑스 가는 것도 귀찮긴해도 갔다오기만 해서 시간 많이. 안 걸리지만 그리고 교수님 수업 걍 그 시간에 딴 거 해도 큰 문제는 없겠지만 가장 힘든 건 팀에 코딩 못하는 사람이 많아서 팀 인원의 절반 이상이 pytorch는 고사하고 파이썬도 못해서 그나마 코딩 가능한 인원들이 모델구조부터 실험까지 다 만들어야 했어요 (모델 구조도 코드 작성하는 쪽에서 설계할 수밖에 없더라고요) 이게 스마트팩토리 라서 시경 쪽에서 많이 오시는 건데. 또 막상오면 건드리는 건 걍 AI입니다 주로 비전모델 다룰 거고 AI관련 경험이 제일 중요해요 파이토치는 다룰 줄 알아야 와서 낭패보지 않을 것 같아요 결국 모델 코드부터 데모도 학부생들이 참여를 해야 완성본이 나오더라고요...",,,
1772012-019,https://everytime.kr/lecture/view/1772012,1772012,스마트팩토리캡스톤디자인1,정종필,24년 1학기 수강자,1,"* 스마트팩토리캡스톤디자인2, AI캡스톤디자인1＆2와 동일한 수업 * 이름만 다릅니다, 담당 교수, 커리큘럼 동일 이 수업을 추천하는 사람들은 다음과 같습니다. -> 팀장님과 아는 사이라서 팀장님 졸업요건을 채워주고 싶은 사람 -> 저녁6시에 시작해서 9시에 끝나는 수업이 좋은 사람 이 수업을 들을 필요가 없는 사람: -> 쉽게 A+준다고 꿀이라는 소리에 수강하는 사람 (A+주는 건 맞음, 꿀은 아님) -> AI 스펙이 전혀 없어서 이거라도 해야겠다 하는 사람 비추천 하는 이유 1. ★★★이 모든 문제는 수업 자체보다는 교수님의 문제임★★★ 2. 뜬금없고 의미없는 과제들: 코엑스에서 열리는 전시회 2번 필수 참가(의미 불명), ""오픈소스"" 연구 논문 분석(오픈소스여야 한다는 점을 무척 강조) 3. 질 낮은 AI 수업 수준: 뉴스틀어줍니다ㅋㅋ 이상입니다.",,,
1772012-020,https://everytime.kr/lecture/view/1772012,1772012,스마트팩토리캡스톤디자인1,정종필,24년 1학기 수강자,1,최악의 수업 학점만 잘 주고 나머지는 기대하지 마세요 석사생 잘 만나는 것 아닌 이상 1학기 고생합니다,,,
1772012-021,https://everytime.kr/lecture/view/1772012,1772012,스마트팩토리캡스톤디자인1,정종필,24년 1학기 수강자,1,스트레스 내성이 강한분만 듣길 추천합니다. 수업에 알맹이가 전혀 없어요,,,
1772012-022,https://everytime.kr/lecture/view/1772012,1772012,스마트팩토리캡스톤디자인1,정종필,24년 1학기 수강자,1,"별 1점도 아까운 거지같은 과목. 1. 지독히도 안 지켜지는 교수의 언급들 학기 초에 교수는 학부생 단독으로 제출할 것은 별로 없을 것 같이 수업계획서를 읊어 놓고는 학기가 진행하면서 실시간으로 말이 바뀝니다. 학기 말에 되돌아보니 논문 요약 / 논문 요약에 대한 발표자료 / 오픈소스 분석 보고서 등 별 걸 다 내야 했습니다. 최종 발표는 초기엔 팀장이 하라 했다가, 중간 즈음엔 팀장 + 학부생 1명 이상 조합으로 하라 했다가, 막판에는 팀원 전체가 나와서 발표 하랍니다. ㅋㅋ 기억력이 주간으로 갱신되는게 아니신가 싶을 정도로 줏대 없이 수업의 전체적인 방향이 우왕좌왕 합니다. 2. 말이 정말 많다. 전체 수업을 잘 듣고 있다보면 영양가 있는 말이 10%가 될까 말까입니다. 많이 있지도 않는 수업의 태반이 쓸모 없는 말로 구성되어 있습니다. 3. 캡스톤 활동에 초점을 맞춘게 아닌 실적을 위한 수업 교수는 계속 지켜보니 석사생의 논문 / 수업에서 발생시킬 수 있는 실적에 목을 메는 것 같습니다. 팀장에게는 계속해서 논문 작성 측면에서 압박을 주는 것 같으며, 학부생에게는 초반에 그냥 가산점 부여 요소라고 언급하던 특허 / 발명 신고서를 학기 말에 가서는 무조건 쓰라는 식으로 강조합니다. 4. 의미도 없는 견학이 강제된 구조 중간고사 전과 후로 2번 정도 코엑스를 다녀오게 하는데, 가서 참석 인증 사진을 찍고 팀 단위 보고서를 쓰는 것이 과제로 존재합니다. 가서 뭐 참관을 하라는 것도 아니고, 시험 기간 한창 바쁠 때 가서 사진 한 장 찍고 돌아 오는 길에 느끼는 감정은 꽤나 색다르게 느껴집니다. 안가면 또 과제 점수 측면에서 치명적이니, 성적이 걱정되어 안가기도 뭐합니다. ------------------------------------------ 석사생의 졸업 요건을 위해 개설되는 학석 과목이어서 그러한지, 학부생의 관리는 1도 되지 않는 수업 같습니다. 올라오는 모집 공모의 연구 주제에 대해 자신이 정말로 관심이 있거나, 본인이 실력적으로 우수해서 누가 팀이 되건 간에 전체적인 프로젝트를 휘어 잡을 수 있는 사람은 도전해 보세요. 이번 학기 들은 과목 중에 단연 최악의 경험이었으며, 시간 낭비라고 느껴졌습니다. 뭐 교수는 A+/A가 아니면 과락으로 팀 전체가 F라는 식의 성적 부여 기준을 갖고 있는 듯 한데, 어떻게든 하면 성적은 다 잘 주는 것 같습니다. 그런데 성적을 잘주던 F를 주던 간에, 한 학기 기분 나쁜 경험으로 채워갑니다. 뭐 이딴 수업이 다 있는지.",,,
1772012-023,https://everytime.kr/lecture/view/1772012,1772012,스마트팩토리캡스톤디자인1,정종필,24년 1학기 수강자,1,"팀장 잘 걸리면 ㄱㅊ음. 학기 시작 전에 대학원생 분들이 에타에서 팀원 모집하니까 원하는 주제 있으면 연락해서 하세요. 주위 친구들 보면 팀장 잘못걸리면 그냥 지옥이거나 아예 아무것도 배워가는게 없을 수도 있음. 대학원생이 코딩 못하는 경우엔 코딩노예 될수도 있음. 별개로 교수는 쓰레기임. 굳이 불러서 5분이면 할 얘기 2-3시간 내내 하고 있으며, 특허와 논문 실적에만 목말라있음. 애초에 이 수업에서 단기간에 논문 내게하는 꼬라지 보면 양산형 논문임. mdpi랑 ieee access 정도 수준이 대부분임. 의미없는 코엑스 박람회 2-3번 필수 참석.",,,
1772012-024,https://everytime.kr/lecture/view/1772012,1772012,스마트팩토리캡스톤디자인1,정종필,24년 1학기 수강자,1,맞는말 개추 아래글 다 틀린거 없다 학부생들은 팀장이 뭐하는 사람인지 알아보고 꼭 하세요,,,
1772012-025,https://everytime.kr/lecture/view/1772012,1772012,스마트팩토리캡스톤디자인1,정종필,24년 1학기 수강자,4,팀원 잘 만나면 좋은데 아니면 개힘들어요. 교수님은 딱히 뭘 해주시는 느낌은 없어요. 오프라인 강의도 꽤 많아요.,,,
1772012-026,https://everytime.kr/lecture/view/1772012,1772012,스마트팩토리캡스톤디자인1,정종필,24년 1학기 수강자,3,그냥 그래요. 팀플 과목이라서 조원을 잘 만나는 것이 제일 중요,,,
1772012-027,https://everytime.kr/lecture/view/1772012,1772012,스마트팩토리캡스톤디자인1,정종필,24년 1학기 수강자,1,배울것 없음 교수 자기 자랑만 하면서 시간 보냄 의미없는 시간들,,,
1772012-028,https://everytime.kr/lecture/view/1772012,1772012,스마트팩토리캡스톤디자인1,정종필,24년 1학기 수강자,1,그냥 개쓰레기 같은 과목. 배울게 없는 최악의 교수. 말한마디조차 지키지못하는 교수. 5분이면 될 쓸데없는 말을 3시간동안 할 수 있는 최고의 능력.,,,
1772012-029,https://everytime.kr/lecture/view/1772012,1772012,스마트팩토리캡스톤디자인1,정종필,24년 1학기 수강자,1,학점을 떠나 굉장히 기분 나쁜 과목입니다. 교수님이 굉장히 무례합니다. 수업 공지 내용은 항상 바뀌고 지켜지는 것이 없습니다. 스스로에 대한 자부심이 대단하시고 자랑을 많이 하시는데 솔직히 부럽다는 생각이 든 적은 없었습니다.,,,
1772012-030,https://everytime.kr/lecture/view/1772012,1772012,스마트팩토리캡스톤디자인1,정종필,24년 1학기 수강자,4,대학원 희망하는 사람은 들으면 좋다고 생각합니다 논문 쓰는 과정 체험 팀바팀,,,
1772012-031,https://everytime.kr/lecture/view/1772012,1772012,스마트팩토리캡스톤디자인1,정종필,22년 1학기 수강자,5,팀을 잘 만나서 수월했습니다. 사실상 수업이 없었고 팀플인데 대학원생이 팀장이고 보통 학부생 2명 정도가 팀원입니다. 교수님이 학부생은 웬만하면 거의 다 에이쁠 주신다고 했어요. 프로젝트도 흥미로웠고 논문 작성에도 참여하는 좋은 경험이었어요.,,,
1772012-032,https://everytime.kr/lecture/view/1772012,1772012,스마트팩토리캡스톤디자인1,정종필,21년 1학기 수강자,1,듣지마세요... 사람 잘 못 만나면 한 학기가 힘듭니다. 아는 대학원생이나 친구랑 들으면서 으쌰으쌰할거 아니라면 비추천입니다.,,,
1772012-033,https://everytime.kr/lecture/view/1772012,1772012,스마트팩토리캡스톤디자인1,정종필,19년 1학기 수강자,1,"생에 이런 엿같은 수업은 처음 들어봅니다. 이걸 수강하시는 분들의 최종 성적은 학기 초 교수님의 마음대로 정해지는 팀결성에서부터 이미 정해진 것입니다. 기본적으로 대학원생 분들은 나태하기 그지없고, 아무것도 하려고 하질 않으며 극 소수의 대학원생분들만 뜻이 있어서 열심히 하기 때문에 스마트팩토리에 대해 제대로 배우실 분들은 이런 등록금 낭비하는 수업은 일체 들으시면 안됩니다. 물론 좋은 팀에 배정돼서 이미 거의 완성되어있는 프로젝트에 msg첨가만 하면 개꿀입니다. 하지만 그런 팀이 아니라면 주제로 새로 정해야하고, 스마트팩토리에 대해 얼핏 아는 상태로 주제에 대해 주장할 수도 없습니다. 애초에 팀이 결성되면 팀장에 따라 출발점이 다르다는 얘기입니다. 출발선에서 출발하는 팀은 아무리 노력해도 미달성적에서 벗어나질 못하고, 도착선에서 3보 떨어진 곳에서 출발하는 팀은 조금의 노력으로 가볍게 높은 성적을 취득할 수 있습니다. 개념에 대해 물어봐도 회사때문에 시간이 없다는 둥 개인적 논문때문에 시간이 없다는 둥 변명만 늘어놓고 일은 하려고도 하지 않는 모습들이 너무나 역겨웠고, 이런 사람들이랑 같은 학교라는게 너무 부끄러웠습니다.",,,
1772012-034,https://everytime.kr/lecture/view/1772012,1772012,스마트팩토리캡스톤디자인1,정종필,19년 1학기 수강자,1,똥도 이런똥이 없다. 과목이름을 스마트팩토리융합학과학생따까리 로 바꿔야될거같은과목 가르쳐주는것도 없고 팀도 본인관심분야로 가는게 아니라 그냥 교수님이 정함 공부를 하려면 프로젝트 맞춰서 본인이 따로 독학해야되는데 교수님이 특허에 목매기 때문에 학문적인 내용 하나도 모르고 오픈소스 긁어와서 될때까지 코드 깔짝깔짝 수정해서 일단 제출 원리도 몰라 이게 어디다쓰일지도 몰라 그냥 수업이라 하기 민망한 수업,,,
1772012-035,https://everytime.kr/lecture/view/1772012,1772012,스마트팩토리캡스톤디자인1,정종필,18년 1학기 수강자,5,스마트팩토리학과 대학원생들이랑 같이 팀프로젝트 함 한학기동안 수업 4번인가밖에 안함 시험 없음 대학원생들이 대부분 맡아서 진행하므로 부담없음 학점 그냥 거지같이만 안하면 A+주시는듯 학점따기 핵꿀과목 혼자 공부좀 하면 나름 얻는것도 있음,,,
77983-001,https://everytime.kr/lecture/view/77983,77983,기초전기회로1,공배선,26년 1학기 수강자,1,교수님이 학생들 공부안한다고 퀴즈보겠다하는데 학생들 사정을 생각 안하는듯 자꾸 영어로 수업하는데 오히려 더 이해가 안됨,,,
77983-002,https://everytime.kr/lecture/view/77983,77983,기초전기회로1,공배선,26년 1학기 수강자,1,밑에 퀴즈 충분히 풀만하다고 했는데 지금까지 1문제라도 맞춘 사람이 겨우 1/3 정도일듯 나머지는 다 0점 게릴라 퀴즈가 문제가 아니라 학생을 이해를 잘 못함 강의력은 좋은지 안좋은지 모르겠다만 당연히 하나를 가르쳐주면 열을 알것이라 생각 그리고 비호감 스택이 너무 많음,,,
77983-003,https://everytime.kr/lecture/view/77983,77983,기초전기회로1,공배선,26년 1학기 수강자,2,그냥 자기 꼴리면 퀴즈 보는걸 학생탓을 하는듯.,,,
77983-004,https://everytime.kr/lecture/view/77983,77983,기초전기회로1,공배선,26년 1학기 수강자,5,퀴즈를 많이보시긴함 26-1만 왜 별점 씹창난지 이해안됌 퀴즈 충분히 다 풀만하고 시험도 배운내용에서 강조한거 나옴 영어수업인거만 빼면 굳 과제도 없어서 좋음,,,
77983-005,https://everytime.kr/lecture/view/77983,77983,기초전기회로1,공배선,25년 여름 수강자,4,강의력 좋으십니다 별개로 시험은 어려웠던걱 같습니다,,,
77983-006,https://everytime.kr/lecture/view/77983,77983,기초전기회로1,공배선,26년 1학기 수강자,5,강의력 좋으시고 열정 있으십니다. 질문은 많이 하십니다.,,,
77983-007,https://everytime.kr/lecture/view/77983,77983,기초전기회로1,공배선,26년 1학기 수강자,5,전 아무것도 몰라용교슈님... 넘 어령웡웡 다들 화이팅!! 열공합시다잉ㅇ,,,
77983-008,https://everytime.kr/lecture/view/77983,77983,기초전기회로1,공배선,26년 1학기 수강자,1,"교수님이 학생을 과대평가하십니다 배운지 얼마 안된 내용이라면 모를 수 있고 새로운걸 배우면 헷갈리고 당황할 수 있는데 그 부분에 대해서 이해를 못하시는지 질문 폭격에, 대답 못하면 퀴즈 그렇다고 퀴즈 난이도가 낮은지도 모르겠습니다",,,
77983-009,https://everytime.kr/lecture/view/77983,77983,기초전기회로1,공배선,26년 1학기 수강자,2,질문 폭격기 수업의 70퍼는 학생이 답해야함 대답 못하면 다음시간에 퀴즈봄 ps.중앙에 앉아라 벽쪽 맨뒤 맨앞위주로 질문함,,,
77983-010,https://everytime.kr/lecture/view/77983,77983,기초전기회로1,공배선,24년 1학기 수강자,4,수업 시간마다 학생들에게 질문하심. 교재에 없는 내용 설명하시는데 시험에 한문제 나옴,,,
77983-011,https://everytime.kr/lecture/view/77983,77983,기초전기회로1,공배선,24년 1학기 수강자,4,학점컷은 좀 있음. 과제 직접하고 강의 들으면 그래도 좋은 성적 받을 수 있음. 교수님 좋으심 ㅎㅎ,,,
77983-012,https://everytime.kr/lecture/view/77983,77983,기초전기회로1,공배선,24년 1학기 수강자,5,"부담있는 수준의 강의는 아니고, 중간 기말고사만 잘 보면 돼요",,,
77983-013,https://everytime.kr/lecture/view/77983,77983,기초전기회로1,공배선,24년 1학기 수강자,4,한글판 책을 사서 독학을 하는것을 추천한다 영어 수업은 쉽지 않다..중간고사 범위는 일물2랑 크게 다르지 않아서 중간을 잘봐놓는 것을 추천한다 기말고사 RLC부분은 공식 암기보다는 기공수에서 배운 ODE 푸는 방식으로 접근하면 어떤 유형이든 쉽게 풀 수있다 다만 학점은 쁠을 잘 안주는것 같다..,,,
77983-014,https://everytime.kr/lecture/view/77983,77983,기초전기회로1,공배선,24년 1학기 수강자,4,일단 학점은 깐깐하시나 영어를 알아들을 줄만 안다면 매우 좋은 강의력이 느껴진다. 개념만 열심히 공부하고 이해하면 높은 학점이 보장되나 교재 연습문제 정도는 풀고 들어가는 것을 권장한다.,,,
77983-015,https://everytime.kr/lecture/view/77983,77983,기초전기회로1,공배선,24년 1학기 수강자,3,일단 영어로 수업하셔서 집중이 안됨 학점도 꽤 깐깐하신 것 같고,,,
77983-016,https://everytime.kr/lecture/view/77983,77983,기초전기회로1,공배선,21년 2학기 수강자,5,시험도 그리어렵지 않고 교수님도 설명을 잘하는 편이심. 학점도 나쁘지 않게 주시는듯??,,,
77983-017,https://everytime.kr/lecture/view/77983,77983,기초전기회로1,공배선,23년 1학기 수강자,5,강의력도 좋고 소단원마다 딸려있는 문제들만 풀 수 있으면 시험도 충분히 잘 볼 수 있습니다.,,,
77983-018,https://everytime.kr/lecture/view/77983,77983,기초전기회로1,공배선,23년 1학기 수강자,4,열심히 공부해야한다. 수업은 차근차근 잘 해주신다.,,,
77983-019,https://everytime.kr/lecture/view/77983,77983,기초전기회로1,공배선,23년 1학기 수강자,5,그냥 공부하면 A+딸수있는 개꿀과목. 진짜 조금만 공부하면 무조건 남들보다 잘할 수 있는 과목임.,,,
77983-020,https://everytime.kr/lecture/view/77983,77983,기초전기회로1,공배선,23년 1학기 수강자,4,시험을 잘 치시는게 가장 중요한 거 같습니다. 성적은 아쉽지만 강의력 좋고 유익한 수업이었습니다.,,,
77983-021,https://everytime.kr/lecture/view/77983,77983,기초전기회로1,공배선,23년 1학기 수강자,5,교수님 수업 잘들고 복습 하면 충분히 점수 나옵니다. 개념이 엄청 중요해요!,,,
77983-022,https://everytime.kr/lecture/view/77983,77983,기초전기회로1,공배선,22년 1학기 수강자,3,강의력은 좋은데 성적 좀 깐깐하심. 이거 때문에 학점 평균 많이 말아먹음,,,
77983-023,https://everytime.kr/lecture/view/77983,77983,기초전기회로1,공배선,22년 1학기 수강자,4,무난무난한 강의였음 개념 위주로 열심히 설명해주십니다,,,
77983-024,https://everytime.kr/lecture/view/77983,77983,기초전기회로1,공배선,22년 1학기 수강자,3,현강 실시간 녹강 중 선택이었습니다. 교수님 말투도 그렇고 그냥 수업이 재미가 없었습니다 저하곤 안맞는 강의였네요,,,
77983-025,https://everytime.kr/lecture/view/77983,77983,기초전기회로1,공배선,22년 1학기 수강자,5,좋은 강의. 난이도는 쉬움. 중기말 합 평균에서 80+로 A+ 획득,,,
77983-026,https://everytime.kr/lecture/view/77983,77983,기초전기회로1,공배선,22년 1학기 수강자,2,"중간 기말 두번 보고 과제 총 세번 있었어요 중간평균 57, 기말평균 4x 개인적으로는 저랑 굉장히 안 맞는 교수님 같았습니다...",,,
77983-027,https://everytime.kr/lecture/view/77983,77983,기초전기회로1,공배선,22년 1학기 수강자,5,bsm공부 하듯이 독학하는 것 보다 수업을 꼭 듣는걸 추천 !!! 배울게 많은 과목임 중간은 개념적이었다면 기말은 계산이 위주였음 중기말 합쳐 평균보다 40점 높았고 에이쁠 받음,,,
77983-028,https://everytime.kr/lecture/view/77983,77983,기초전기회로1,공배선,22년 1학기 수강자,5,아직 코로나가 끝나지 않아서 그런지 오프라인/온라인 실시간/온라인 영상 시청 3가지 중 하나만 해도 출석을 인정해주셨다. 작년에는 딱히 과제가 없었다고 했는데 올해는 과제가 3개 있었다. 문제 3개 풀기/테브난 회로 증명하기/문제 3개 풀기 였던 거 같다. 학점이 나왔는데도 과제는 채점되지 않았다.(아마 내는게 중요하지 않을까?) 수업은 평소에 안 듣고 시험 때 몰아들었는데 강의는 잘 해주시는 것 같았다. 시험은 중간 4문제 / 기말 4문제 였는데 중간 평균이 교수님이 예상하신 것보다 20점 정도 낮게 나와서 기말은 쉽게 내주신다 하셨는데 기말 평균이 더 낮더라. 그리고 중/기말이 각각 40%여서 과제 대충하고 시험 잘치면 학점 잘 주신다. 나는 둘 다 평균 조금 넘어서 A 주시더라.,,,
77983-029,https://everytime.kr/lecture/view/77983,77983,기초전기회로1,공배선,21년 1학기 수강자,5,과제도 없고 시험도 안어렵고 적당히 공부하면 좋은 학점 받아가실 수 있을겁니다.교수니 헛기침 소리가 엄청 거슬리긴 했네요.,,,
77983-030,https://everytime.kr/lecture/view/77983,77983,기초전기회로1,공배선,21년 1학기 수강자,4,과제는 2번 있었는데 둘다 수업 내에서 작성해서 내면 되는 것들이었음 시험은 그렇게 어렵지도 않고 쉽지도 않았는데 개념이 확실하지 않으면 풀기 어려움 점수는 시험보고나서 생각하는것보단 잘나오는것 같다,,,
77983-031,https://everytime.kr/lecture/view/77983,77983,기초전기회로1,공배선,21년 1학기 수강자,5,교수님께서 개념을 이해하기 쉽게 자세하게 가르쳐 주신다. 강추,,,
77983-032,https://everytime.kr/lecture/view/77983,77983,기초전기회로1,공배선,21년 1학기 수강자,5,"강의가 역동적이진 않지만 필요한 내용을 이해시키기 위해 최선을 다하심. 시험은 중기말 두번인데 3-4문제거 나온다. 이 중 매우 쉬운 문제 1, 난이도 있는 문제 1, 다시 봐도 모르겠는 문제 1 정도로 나온다. 채점은 교수님이 직접 하시는 것 같은데, 부분점수그 매우 후하기 때문에 모르겠더라고 일던 적고 보면 좋다.",,,
77983-033,https://everytime.kr/lecture/view/77983,77983,기초전기회로1,공배선,21년 1학기 수강자,5,"그냥 열심히 듣고 연습문제는 미래를 위해 푸시구요. 수업에서 개념이랑 원리를 잘 설명해주시니 잘 들으시고, 중간 때 처음 보는 회로가 나와서 당황했는데 평소에 전압원, 전압차, 접지 개념을 잘 이해해 두신거로 푸시면 될듯 합니닥",,,
77983-034,https://everytime.kr/lecture/view/77983,77983,기초전기회로1,공배선,21년 1학기 수강자,5,진짜 기전회는 공배선 교수님한테 들어야해요... 수업에선 정의와 개념만을 강조하십니다 시험에서도 그렇거든요 정의랑 개념 확실히 알면 풀 수 있게 츨제하십니다 연습문제 같은거 안 풀어봐도 돼요 그냥 진짜 원리랑 기본적인거만 알아도 다 됩니다 그리고 항상 학생들 생각만 하셔요 조교들보단 교수님께 직접 질문하는걸 추천합니다 교수님 어려워 하지 말고... 근데 2차 회로 부분은 좀 연습문제 몇개 풀어보세요 그부분은 수업만 듣고 시험 풀기엔 좀 힘들었네요,,,
77983-035,https://everytime.kr/lecture/view/77983,77983,기초전기회로1,공배선,20년 1학기 수강자,5,중간대체과제가 있었지만 반영이 거의 안된 것 같다. 성적은 모르나 중간대체과제 100점 만점 20점인데 기말고사 보고 성적보니까 a플이다 사실 등수랑 성적을 몰라서 성적 잘주는 지는 모르겠으나 기말 비율이 큰건 확실한 것 같다,,,
77983-036,https://everytime.kr/lecture/view/77983,77983,기초전기회로1,공배선,20년 1학기 수강자,1,학점은 그낭 채워주지만 2019년 온라인수업그대로 올려둠 인강밑이 시간뜨는게 2019년도 3월 16일.. 수업이 너무성의없엇음 ㅎㅎ,,,
77983-037,https://everytime.kr/lecture/view/77983,77983,기초전기회로1,공배선,20년 1학기 수강자,5,학점은 잘 주시는데 내 점수는 모르겠다. 수업은 잘하신다,,,
77983-038,https://everytime.kr/lecture/view/77983,77983,기초전기회로1,공배선,20년 1학기 수강자,5,중간 대체과제 1번 기말고사 있고 과제도 1번 있었습니다 교수님의 강의는 명강의이시고 학점도 잘 주십니다 ㅎ,,,
77983-039,https://everytime.kr/lecture/view/77983,77983,기초전기회로1,공배선,20년 1학기 수강자,4,뭔지 잘 모르겠다. 의미없는 과제 1개에 중간고사는 과제로 대체하고 기말고사를 본게 다다. 물론 강의를 열심히 들었지만 내 지능탓인지 강의와 시험의 난이도차이가 너무 심하다고 느꼈고 내가 몇점인지도 모르고 학점을 받았다. 그래도 예상보다 잘줘서 별4개.,,,
77983-040,https://everytime.kr/lecture/view/77983,77983,기초전기회로1,공배선,16년 1학기 수강자,4,"전 씨쁠이었지만... 성실히한 학생들은 비쁠이나 에이는 받더군요, 기초과목이라 탄탄히 다지는게 중요합니다",,,
77983-041,https://everytime.kr/lecture/view/77983,77983,기초전기회로1,공배선,19년 1학기 수강자,1,"""거기 뒤에 자는 학생, 나와서 이 문제 풀이해봐."" ""그 옆에."" ""아무래도 오늘 퀴즈를 봐야겠군요.""",,,
77983-042,https://everytime.kr/lecture/view/77983,77983,기초전기회로1,공배선,19년 1학기 수강자,5,"시험은 중간기말 총 2번인데 퀴즈를 자주보십니다. 매단원 끝날때마다 퀴즈보시고 퀴즈30%니까 퀴즈 잘 보세요. 수업은 100%영어로 진행하시고, 공부하고자 하시면 좋은 교수님입니다. 과제는 없었어요. 시험도 4문제 나오면 1개정도만 어렵고 나머지는 풀만하니 문제 많이푸시고 개념위주로 공부하세요. 에이플은 어려운거 푸셔야 노려볼 만 할겁니다. 학점은 적당히 나름 비율 채워서 주시는 것 같아요.",,,
77983-043,https://everytime.kr/lecture/view/77983,77983,기초전기회로1,공배선,17년 1학기 수강자,5,조금 꼰대같은 마인드만 제외하면 다 좋음. 퀴즈가 중요합니다.,,,
77983-044,https://everytime.kr/lecture/view/77983,77983,기초전기회로1,공배선,17년 1학기 수강자,4,"수업정말 잘하시고, 이해도 잘되게 잘 알려주심 다만 교수님이 좀 융통성이없어서 무조건 과제는 많음 그거말고는 학점도 나쁘지않고 뭐 낫밷",,,
77983-045,https://everytime.kr/lecture/view/77983,77983,기초전기회로1,공배선,17년 1학기 수강자,4,수업은명강의지만 비율은 A가 30프로 A+이 한 5프로라생각하시면편함 비뿔은채워주시는듯 퀴즈중요해요 ㅇㅇ,,,
77983-046,https://everytime.kr/lecture/view/77983,77983,기초전기회로1,공배선,17년 1학기 수강자,5,수업자체가 질문을 던질 수있는 환경을 많이 주셔서 궁금증을 해결하기 좋고 쨋든 좋음,,,
77983-047,https://everytime.kr/lecture/view/77983,77983,기초전기회로1,공배선,17년 1학기 수강자,4,단원마다 과제에 퀴즈 그리고 중간 기말 영어수업이지만 알아듣기 좋음 괜찮은 교수님이신듯!!,,,
77983-048,https://everytime.kr/lecture/view/77983,77983,기초전기회로1,공배선,16년 1학기 수강자,5,학점 안줄것 같이 말해놓고 꽉채워 주시는 츤데레,,,
1772065-001,https://everytime.kr/lecture/view/1772065,1772065,시스템프로그램,우홍욱,26년 1학기 수강자,5,강의 열심히 하시고 친절하십니다. 플립러닝인데 온라인에서 자세히 다루고 오프라인에서는 그 강의에서 필요하거나 중요한 부분 다시 다뤄주십니다,,,
1772065-002,https://everytime.kr/lecture/view/1772065,1772065,시스템프로그램,우홍욱,26년 1학기 수강자,5,교수님이 친절하십니다. 플립만 잘 따라가면 무난하게 잘 배우실 수 있습니다.,,,
1772065-003,https://everytime.kr/lecture/view/1772065,1772065,시스템프로그램,우홍욱,26년 1학기 수강자,5,교수님 친절하시고 과제도 열심히 하면 충분히 잘 받을 것 같습니다. 플립 러닝이라 출석을 한전만 해도 돼서 좋습니다. 하지만 거의 독학 느낌이..,,,
1772065-004,https://everytime.kr/lecture/view/1772065,1772065,시스템프로그램,우홍욱,26년 1학기 수강자,5,교수님 친절하십니다 중요한 부분은 한국어로 추가설명해주십니다,,,
1772065-005,https://everytime.kr/lecture/view/1772065,1772065,시스템프로그램,우홍욱,26년 1학기 수강자,3,이 수업 영어가 뭔가 잘 안들리고 과제가 hpfp 과제거 참 라기 귀찮다.,,,
1772065-006,https://everytime.kr/lecture/view/1772065,1772065,시스템프로그램,우홍욱,26년 1학기 수강자,5,"매주 퀴즈가 있긴한데 부담은 없고, 이해하기 좋게 잘 가르쳐 주신다",,,
1772065-007,https://everytime.kr/lecture/view/1772065,1772065,시스템프로그램,우홍욱,26년 1학기 수강자,5,교수님이 거의 매수업마다 생각해볼만한 퀴즈를 내심 흥미를 느끼해줘서 좋은 듯,,,
1772065-008,https://everytime.kr/lecture/view/1772065,1772065,시스템프로그램,우홍욱,26년 1학기 수강자,5,우시프 말해 뭐해~ 직배인데 너무 좋아요! TA 분들도 친절하신거 같아여,,,
1772065-009,https://everytime.kr/lecture/view/1772065,1772065,시스템프로그램,우홍욱,26년 1학기 수강자,5,교수님이 매우 친절하시고 영어강의인데 중요한 부분은 한국어로 설명해주십니다,,,
1772065-010,https://everytime.kr/lecture/view/1772065,1772065,시스템프로그램,우홍욱,24년 1학기 수강자,5,꽤나 편안한 수업이었어요 교수님 과제나 수업에 대한 부담더 적었습니다,,,
1772065-011,https://everytime.kr/lecture/view/1772065,1772065,시스템프로그램,우홍욱,24년 1학기 수강자,5,좋은 강의! 교수님 정말정말정말 감사합니다!,,,
1772065-012,https://everytime.kr/lecture/view/1772065,1772065,시스템프로그램,우홍욱,24년 1학기 수강자,5,온라인에다가 과제도 할만 하고 시험도 족보 있으면 잘 보기 굉장히 쉽습니다 무난무난한 과목,,,
1772065-013,https://everytime.kr/lecture/view/1772065,1772065,시스템프로그램,우홍욱,24년 1학기 수강자,5,"과제3개, 셤은 중간 기말 봤습니다 족보에서 많이 나오니 족보 꼭 구하세요 그리고 과제는 인터넷 서칭 잘하면 무난하게 할수있습니다",,,
1772065-014,https://everytime.kr/lecture/view/1772065,1772065,시스템프로그램,우홍욱,24년 1학기 수강자,5,"첫번째 과제가 어렵고, 강의 듣는 시간도 꽤 나 걸리지만...온라인이라 좋아요",,,
1772065-015,https://everytime.kr/lecture/view/1772065,1772065,시스템프로그램,우홍욱,24년 1학기 수강자,5,"hpfp 갈피 잡는데만 하루이틀은 쏟은 것 같습니다. 다행히 그걸 구현하는데는 얼마 걸리지 않았네요. 밤랩은 구글링하면 잘 나오고, 어택랩은 취소되어서 모르겠네요. 수업 내용 전반적으로 재밌었어요. 시험 볼 때 족보 꼭 구하세요",,,
1772065-016,https://everytime.kr/lecture/view/1772065,1772065,시스템프로그램,우홍욱,24년 1학기 수강자,5,Hpfp? 엄청 쉬움. 시간이 오래 걸릴뿐. 밤랩? 검색해서 따라하면 걍 만점임. 날로 먹는 수업임. 기말에 중간 때 문제가 거의 그대로 다시 나옴,,,
1772065-017,https://everytime.kr/lecture/view/1772065,1772065,시스템프로그램,우홍욱,24년 1학기 수강자,3,강의영상에 발음 때문에 집중이 조금 어려웠습니다. 거의 독학으로 한느낌?,,,
1772065-018,https://everytime.kr/lecture/view/1772065,1772065,시스템프로그램,우홍욱,23년 2학기 수강자,5,복전 첫학기 듣는데 생각보다 수업이 어려웠음 근데 열심히 공부하고 과제 열심히 하니까 A 받음 첫번째 과제는 조금 힘들었음,,,
1772065-019,https://everytime.kr/lecture/view/1772065,1772065,시스템프로그램,우홍욱,24년 1학기 수강자,5,"과제는 HPFP랑 밤랩, 어택랩 이렇게 3개 계획되었던 것 같은데 어택랩은 취소되었습니다. 교수님 강의는 무난했던 것 같습니다. 국제어였는데 한국어로 추가 설명 해주실 때도 있어서 좋았습니다. HPFP가 좀 시간 걸리기는 하는데 아예 못할 정도는 아니었고 밤랩은 검색하면 도움 될만한 정보들이 많아서 상대적으로 쉽게 해결할 수 있었습니다. 시험의 경우 적당히 어렵게 나왔었던 것 같아요. 과제는 다 만점 받았고 시험은 평균보다 10몇점 높게 받아서 무난하게 A+ 받았습니다.",,,
1772065-020,https://everytime.kr/lecture/view/1772065,1772065,시스템프로그램,우홍욱,24년 1학기 수강자,4,"시험 두번에 과제는 hpfp, 밤랩, 어택랩 세개지만 어택랩은 서버 문제로 취소되었습니다 Hpfp는 시간이 꽤 필요해서 미리미리 하시면 좋을 것 같고 밤랩은 인터넷에 정보가 많아서 찾아보면서 하시면 금방 할 수 있습니다. 저는 hpfp를 엄청 고생해서 만들었는데 코드가 에러가 나서 0점 받았지만 중간 기말 둘 다 90점대(평균 60점대) 받아서 a0받았습니다. 과제 제출이랑 시험만 어느정도 보시면 좋은 성적 받을 것 같습니다. 복전이라 컴퓨터 구조를 잘 몰라서 수업은 한번에 이해하기 어려웠지만 여러번 반복해서 보면 이해 가능합니다",,,
1772065-021,https://everytime.kr/lecture/view/1772065,1772065,시스템프로그램,우홍욱,24년 1학기 수강자,5,"과제 2번 시험 2번 어려운 내용은 한국어로 다시 설명해주셔서 좋았어요 HPFP만 잘하시고, 기출문제를 이해하면 좋은 학점 받아요",,,
1772065-022,https://everytime.kr/lecture/view/1772065,1772065,시스템프로그램,우홍욱,24년 1학기 수강자,5,온라인+국제어라 강의력에 대해선 의문이 들었지만 학점 미화되었고 과목자체가 다루는 내용이 개인적으로 재밌었음 교수님도 착하신게 온라인을 뚫고 나오심 첫번째과제만 신경써서하세욧,,,
1772065-023,https://everytime.kr/lecture/view/1772065,1772065,시스템프로그램,우홍욱,24년 1학기 수강자,4,강의 영상 중간 이후부터 다 밀려서 몰아듣느라 힘들었지만 3일 벼락치기로 에제받음. 복전생이라 hpfp 좀 어려워서 밤새가면서 하다 거북목 올 뻔했으나 점수 꽤 잘 받음. 그치만 과제보다 시험이 중요한 듯 합니다.,,,
1772065-024,https://everytime.kr/lecture/view/1772065,1772065,시스템프로그램,우홍욱,24년 1학기 수강자,4,학점 잘 주신다고 들었는데 저는 중간이랑 기말 다 평균이고 과제도 다 잘 받았는데 쁠 못 받았습니다 ㅜ.ㅜ,,,
1772065-025,https://everytime.kr/lecture/view/1772065,1772065,시스템프로그램,우홍욱,24년 1학기 수강자,4,족보 위주로 공부하시면 가볍게 좋은 성적 가져 갑니다,,,
1772065-026,https://everytime.kr/lecture/view/1772065,1772065,시스템프로그램,우홍욱,24년 1학기 수강자,5,과제랑 시험은 에타든 선후배든 팁 듣는거 추천. 아예 모르고 들으면 머리 터지는데 팁 조금만 들어도 훅훅 풀림 이 교수님은 원래 너그러우신 편 성적 너그러움 영어 발음 좋으시고 어려울만한 부분은 한글로도 말해주심 나름 재미있던 과목 컴퓨터구조개론 과목이랑 같이 듣는거 강추,,,
1772065-027,https://everytime.kr/lecture/view/1772065,1772065,시스템프로그램,우홍욱,24년 1학기 수강자,4,c언어 잘 모르는 상태로 hpfp 과제하다가 죽는줄알았어요.. 밤랩은 할만했습니당 구글에 자료가 많아서 잘 찾아보면 다 할수있어요. 시험 평균보다도 못봤는데 비쁠주셔서 감사할 따름.. 학점으로 미화됩니다,,,
1772065-028,https://everytime.kr/lecture/view/1772065,1772065,시스템프로그램,우홍욱,24년 1학기 수강자,5,그냥 시험 잘 보고 과제 잘 하면 점수 잘 줌 첫과제에서 헤매긴 했는데 적응하니 ㄱㅊ,,,
1772065-029,https://everytime.kr/lecture/view/1772065,1772065,시스템프로그램,우홍욱,24년 1학기 수강자,4,수업 좋음 다시 한국말로 설명해주셔서 좋았음 학점도 후한거 같음,,,
1772065-030,https://everytime.kr/lecture/view/1772065,1772065,시스템프로그램,우홍욱,24년 1학기 수강자,1,이틀 밤새면서 과제하고있었는데 돌아온건 취소처리.. 대충대충 쉬엄쉬엄 살고싶은분들한테는 강추,,,
1772065-031,https://everytime.kr/lecture/view/1772065,1772065,시스템프로그램,우홍욱,24년 1학기 수강자,4,나쁘지 않아요 혼자 공부할 수 있는 학생이라면 추천 마지막 과제 작 23-1에 이어서 이번에도 취소됐어요,,,
1772065-032,https://everytime.kr/lecture/view/1772065,1772065,시스템프로그램,우홍욱,24년 1학기 수강자,5,강의력 좋아요. 컴퓨터 구조 수업으로 제일 좋습니다. 공부 재밌어요.,,,
1772065-033,https://everytime.kr/lecture/view/1772065,1772065,시스템프로그램,우홍욱,24년 1학기 수강자,5,잘 가르치심. 과제는 어렵긴 한데 배워가는게 있어서 좋음.,,,
1772065-034,https://everytime.kr/lecture/view/1772065,1772065,시스템프로그램,우홍욱,23년 1학기 수강자,5,그냥 무조건 들으세요 첫번째 과제 구현 못해서 0점 맞았는데도 과제랑 시험 잘 보니까 성적 잘 나왔어요 끝까지 포기하지 마세요!,,,
1772065-035,https://everytime.kr/lecture/view/1772065,1772065,시스템프로그램,우홍욱,23년 1학기 수강자,5,배우는 거 짱 많아요. 근데 어려운 용어 많이 사용하셔서 복전생에게는 쉽지 않아요,,,
1772065-036,https://everytime.kr/lecture/view/1772065,1772065,시스템프로그램,우홍욱,23년 1학기 수강자,5,강의력 좋으시고 시험도 적당한 난이도로 나옵니다 첫 과제만 잘하시면 됩니다.,,,
1772065-037,https://everytime.kr/lecture/view/1772065,1772065,시스템프로그램,우홍욱,23년 1학기 수강자,5,강의력 좋고 시험도 아주 좋게 내십니다! 학점도 잘 주시고 과제도 어렵지 않았어요,,,
1772065-038,https://everytime.kr/lecture/view/1772065,1772065,시스템프로그램,우홍욱,23년 1학기 수강자,5,강의력은 개인적으로 정말 좋으시다고 느꼈습니다 전 hpfp 과제로 중간에 탈주하긴 했지만 다른 분들 강평처럼 끝까지 포기하지만 않으신다면 학점 잘 받아가실 수 있을 것 같습니다,,,
1772065-039,https://everytime.kr/lecture/view/1772065,1772065,시스템프로그램,우홍욱,23년 1학기 수강자,5,과제도 무난하고 사전제작이라 몰아 들을수 있어서 좋았음 강의는 말이 좀 느리셔서 실시간 강의로 들으면 좀 지루할지도...,,,
1772065-040,https://everytime.kr/lecture/view/1772065,1772065,시스템프로그램,우홍욱,23년 1학기 수강자,4,하라는거 잘하면 돼요. 기말만 봤는데 시험 족보 응용으로 나왔어요. 족보 답만 암기하면 하나도 못풀수도 있으니 내용을 이해하고 가야합니다. 학점은 잘 주시는 편인거 같아요.,,,
1772065-041,https://everytime.kr/lecture/view/1772065,1772065,시스템프로그램,우홍욱,23년 1학기 수강자,5,학점 개잘준다.. 본인 기말 공부 하나도 안하고 평균 55인데 30점대에 첫번째 과제 하위권 두번째 과제 다 만점 받는 거 만점 받았는데 A 받음.. 사랑해요 교수님,,,
1772065-042,https://everytime.kr/lecture/view/1772065,1772065,시스템프로그램,우홍욱,23년 1학기 수강자,5,수업 제때 들으시길 바랍니다.. 수업이 물흐르듯 흘러가서 여러번 다시 듣는다고 공부하는 데 시간 배로 들었어요 벼락치기하기 힘듭니다 기말은 평균보다 조금 낮게 받았는데 A받았네요,,,
1772065-043,https://everytime.kr/lecture/view/1772065,1772065,시스템프로그램,우홍욱,23년 1학기 수강자,5,시험은 상대적으로 쉽게 나온것같고 성적은 너그럽게 주시는거같아요 다만 내용 이해의 측면에서 보면 스스로 공부해야하는 부분이 많게 설명해주시는거같아요,,,
1772065-044,https://everytime.kr/lecture/view/1772065,1772065,시스템프로그램,우홍욱,23년 1학기 수강자,5,시험 한 번이긴 한데 학점 잘 주셔서 너무 감사합니다 교수님,,,
1772065-045,https://everytime.kr/lecture/view/1772065,1772065,시스템프로그램,우홍욱,23년 1학기 수강자,5,기말 몰빵 과목이고 족보 잘 구해서 시험 치시길.. 족보랑 70% 이상 비슷하다고 생각,,,
1772065-046,https://everytime.kr/lecture/view/1772065,1772065,시스템프로그램,우홍욱,23년 1학기 수강자,5,시험한번 평균60 70점인데 에쁠.. 사랑해요,,,
1772065-047,https://everytime.kr/lecture/view/1772065,1772065,시스템프로그램,우홍욱,23년 1학기 수강자,5,학점 진짜 잘주십니다 시험 족보에서 많이 나왔던 듯 합니다 그리고 10주차부터 공부내용 갑자기 엄청 어려워져서 진짜 이해하기 너무 힘들었습니다 초반 쉽다고 후반 밀리지 마세요.,,,
1772065-048,https://everytime.kr/lecture/view/1772065,1772065,시스템프로그램,우홍욱,23년 1학기 수강자,5,교수님 강의력에 대해서 말이 많은거 같은데 학원강사처럼 핵심을 명확하게 딱딱 말해주진 않고 살짝 빙빙돌려가면서 말해서 그렇지 전반적인 강의력은 좋다고 생각합니다 학점 굉장히 잘 주십니다 과제는 다 할만해요,,,
1772065-049,https://everytime.kr/lecture/view/1772065,1772065,시스템프로그램,우홍욱,23년 1학기 수강자,5,"컴퓨터에서의 정수 표현, 부동소수점, 어셈블리어, 메모리 계층, 캐시, 링커, 가상 메모리, 네트워크, Concurrent programming 등 컴퓨터 시스템과 관련한 다양한 걸 배우는 과목입니다. 강의에서 구체적으로 무엇을 배우는 지 궁금하시다면 인터넷에 검색하면 나오는 CSAPP 강의를 찾아보시면 좋을 것 같습니다. 이번 학기 수업은 온라인으로 진행되었고, 과제는 원래 3개였는데 마지막 과제(어택랩)는 취소되어 2개가 진행되었습니다. 시험은 기말고사 전범위 한 번 보았고, 그 외에 수시로 수업 내용과 관련한 질문에 답하는 토론 과제가 나왔습니다. 과제 2개는 16비트 부동소수점 구현과 밤랩 과제였는데, hpfp 구현은 자료형 변환이나 연산 함수 등 구현해야 할 내용이 많아 확실히 시간이 많이 소요되므로 미리 시작하는 게 좋아 보입니다. 밤랩은 인터넷에 자료가 많으니 참고하셔도 되고, break만 잘 걸어놓고 신경 쓰면 점수 깎일 일은 없어서 시간이 있다면 직접 해도 좋을 것 같습니다. 시험은 기말고사 1번 전범위로 봤는데, 다루는 내용이 다양하고 방대하다보니 전범위를 벼락치기하는 것은 많이 힘들 것 같습니다. 토론 과제도 해야 하니까 평소에 꾸준히 공부하시고, 시험 기간에는 족보 구하셔서 족보 보시면서 복습하시는 것을 추천드립니다. 이번 시험에서도 족보랑 똑같은 문제가 몇 개 나왔던 것으로 기억합니다. 이번 학기에 다른 소프트 전공들도 수강했었는데 시프에서 배운 개념이 중복해서 나오거나 선수 지식으로 나오는 경우가 꽤 있었던 것 같습니다. 시프 잘 들어두면 이후 다른 전공 공부에도 많이 도움이 될 것 같습니다.",,,
1772065-050,https://everytime.kr/lecture/view/1772065,1772065,시스템프로그램,우홍욱,23년 1학기 수강자,5,교수님 강의력 좋다고 생각함 어렵게 들리는건 그냥 과목자체가 복전 처음 진입하는 입장에서 이해가 힘들 수 있어서 그런듯 나도 그랬고.. 거기다가 우홍욱 교수님 시프는 다른 시프에 비해 양도 많다보니 뒷부분을 빠르게 설명해주셔서 그런 느낌이 더 있던듯. 그리고 수업듣다가 혹은 족보풀다가 이해 안되는 부분은 코드 한번 적어보고 이러는것도 도움이 많이 됐음. 과제 다 나름 빡세지만 분명히 열심히 하면 얻어가는게 많음,,,
1772065-051,https://everytime.kr/lecture/view/1772065,1772065,시스템프로그램,우홍욱,23년 1학기 수강자,5,개인적으로 이론적인 부분 들어서 재미있었음...시험보다 과제가 더 싫었던 것 같음...족보 있으면 어떻게든 구하시길...교수님 학점 진짜 잘 주십니다. 힘들어도 다 챙겨가면서 하시면 좋은 결과 있을 겁니다.,,,
1772065-052,https://everytime.kr/lecture/view/1772065,1772065,시스템프로그램,우홍욱,23년 1학기 수강자,5,"밑에 강의력 안 좋다는 사람들은 그냥 집중을 못 하는 사람들 같다,, 강의력 개좋았고 쉽게 알려주십니다. 복전생이라 그런지 과제1이 좀 많이 빡셌네요. 과제 1은 평균보다 6점 높고 밤랩 69점 기말은 평균 59점이었는데 69/102 받고 A+입니다. 그냥 개꿀이네요",,,
1772065-053,https://everytime.kr/lecture/view/1772065,1772065,시스템프로그램,우홍욱,23년 1학기 수강자,4,내용 자체는 어려웠는데 족보 위주로 기말 준비하면 성적 잘나옵니다,,,
1772065-054,https://everytime.kr/lecture/view/1772065,1772065,시스템프로그램,우홍욱,23년 1학기 수강자,5,강의력이..좋은듯 하면서도..좋지 않은...뭐랄까 강의 중간중간 어..음.. 이 말씀을 되게 많이 하시고 설명도 너무 포괄적으로 하시는 느낌입니다.. 그래도 모두 온라인 강의에 학점 느님이라 너무 좋은 교수님..꼭 들으세요 아 그리고 과제는 이번에 어택랩은 취소됐는데 밤랩은 구글링+때려맞히기 하면 쉽고 hpfp 첫번째 과제가 진짜 시간도 많이 걸리고 완벽하게 구현하기가 쉽지 않지만 그래도 나름 하면서 재밌었습니다,,,
1772065-055,https://everytime.kr/lecture/view/1772065,1772065,시스템프로그램,우홍욱,23년 1학기 수강자,4,이제 이아이는 system proram 강의인데요 이거가 olline강의이구 처음에 교수님 engrish pronuncion이 좀 흘러서 lising 이좀 힘든부분 이조금있지만 나중에는 괜찮았고 어 어떤 내용이라던가 contents의 측면에서는 또 좋기때문에 얻어갈 것이많고 어 설명도 잘 해주시고 앞으로 전공강의에서 계속 등장할 내용들을 배우는 아주 중요한 lecture니까요 추천을 드립니다. final term이 있구요 하나기때문에 미리 준비를 하시는거를추천드리구요.,,,
1772065-056,https://everytime.kr/lecture/view/1772065,1772065,시스템프로그램,우홍욱,23년 1학기 수강자,5,"복전 첫학기에 spfp 하다가 진짜 눈물 흘릴 뻔 했는데 막상 결과는 평균보다 10점 정도 높았고, 밤랩 만점, 어택랩은 서버 이유로 취소됐습니다. 기말 시험이 문제인데.. (중간 안 보고 기말 전범위) 강의를 들으면서 이해가 가지않아 아예 포기한 상태로 시험을 봐 평균보다 5점인가 낮았거든요..? 근데 A0가 나왔습니다.... 교수님 진심으로 사랑합니다.",,,
1772065-057,https://everytime.kr/lecture/view/1772065,1772065,시스템프로그램,우홍욱,23년 1학기 수강자,5,"과제 3개, 첫번째 과제가 hpfp 구현하는건데 이게 젤 시간 오래걸리고 빡셈. 이번 학기에는 3번째 과제가 서버 이슈로 취소됐는데 다음 학기에는 어떻게 될지 모르겠음. 시험은 중간없고 기말 오프라인 클로즈북. 족보랑 70퍼 정도 비슷하게 나옴.",,,
1772065-058,https://everytime.kr/lecture/view/1772065,1772065,시스템프로그램,우홍욱,23년 1학기 수강자,3,"교수님 강의 들을 바에 gpt한테 물어봄. ㅎㅇ시치 방출하고 gpt 영입해~ 라고 할뻔 ㅋㅋ 외국에 오래 계셨는 지 발음이 기본적으로 굴러가고, 말 사이사이에 공백이 많으며 어.... 음.... 을 자주 사용하시다 보니 말의 흐름이 끊겨서 내용 전달이 안됨. 그리고 처음 등장하는 개념어를 설명하실 때 모를만한 단어를 자주 가져오심.",,,
1772065-059,https://everytime.kr/lecture/view/1772065,1772065,시스템프로그램,우홍욱,23년 1학기 수강자,5,어렵다 힘들다 교수님 살려주세요 근데 학점 잘줌,,,
1772065-060,https://everytime.kr/lecture/view/1772065,1772065,시스템프로그램,우홍욱,23년 1학기 수강자,3,어렵고 교수님 화법이 뭔가... 알아듣기 어려워요 교수님 말씀을 받아적고 그걸 몇번 읽어야 이해가 되는 느낌.. 한국어 수업인데 교안은 영어고 ㅠㅠ 복전 첫 학기였는데 넘 어려웠어요 ㅜ 그리고 시험도 클로즈북이네요,,,
1772065-061,https://everytime.kr/lecture/view/1772065,1772065,시스템프로그램,우홍욱,22년 1학기 수강자,5,"교수님 설명도 괜찮으시고, 수업 내용도 나름 괜찮았습니다. 과제는 다른 시프 과제가 어떤지 몰라서 비교하기 힘들지만, 무난했다고 생각합니다.",,,
1772065-062,https://everytime.kr/lecture/view/1772065,1772065,시스템프로그램,우홍욱,22년 1학기 수강자,5,최고에요 그저 갓 처음들어도 이해가 잘됬어요 복수전공 처음하시는 분들도 들어도됩니다,,,
1772065-063,https://everytime.kr/lecture/view/1772065,1772065,시스템프로그램,우홍욱,22년 1학기 수강자,4,내용이 너무 방대한것 같아요 컴구개보다 훨빡센듯,,,
1772065-064,https://everytime.kr/lecture/view/1772065,1772065,시스템프로그램,우홍욱,22년 1학기 수강자,5,어렵다. 다만 첫 과제를 빼면 구글링으로 해결할 수 있고 첫 과제를 잘 해낸다면 다른 두 과제는 사실상 전부다 만점이이기 때문에 학점은 잘 나온다. 단점이라면 그 다른 두 과제는 해결 하면서도 뭔소린지 하나도 모르겠다는점?,,,
1772065-065,https://everytime.kr/lecture/view/1772065,1772065,시스템프로그램,우홍욱,22년 1학기 수강자,5,과제는 모두 인터넷에서 검색할 수 있습니다.독학으로 공부하면 추천,,,
1772065-066,https://everytime.kr/lecture/view/1772065,1772065,시스템프로그램,우홍욱,22년 1학기 수강자,5,첫번째 과제인 sfp해결하면 여려울것 없던 수업,,,
1772065-067,https://everytime.kr/lecture/view/1772065,1772065,시스템프로그램,우홍욱,22년 1학기 수강자,5,학점킹입니다. 근데 내용이 어렵긴해요. 공부한것에 비해 학점은 진짜잘주심. 족보에서 몇문제 똑같이 나오는듯,,,
1772065-068,https://everytime.kr/lecture/view/1772065,1772065,시스템프로그램,우홍욱,22년 1학기 수강자,5,"과제 3번. 뒤에 밤랩이랑 어택랩은 구글링하면 되고(틀릴 때 마다 감점이니까 박치기하다가 0점맞습니다..), sfp는 일찍 시작하고, 연산이 어떻게 구현되는지는 충분히 구글링 하신 뒤에 시작하세요 수업도 한국어로 중요한 부분은 짚어주시니 그 부분만 이해하도 충분합니다.",,,
1772065-069,https://everytime.kr/lecture/view/1772065,1772065,시스템프로그램,우홍욱,22년 1학기 수강자,5,시험을 한번만 봐서 중요한 거 위주로 공부하면 좋을 것 같다. 과제는 첫번째 과제가 가장 어려웠는데 시간을 많이 투자 하면 다 할 수 있을 것 같다. 나머지 과제는 구글링하면 된다.,,,
1772065-070,https://everytime.kr/lecture/view/1772065,1772065,시스템프로그램,우홍욱,22년 1학기 수강자,5,중간x 기말1번 과제3번 short floating point / bomb lab / attack lab sfp는 float adder 이런거 잘 찾아서 그 architecture를 코딩했을 뿐인데 108.xx점받음 bomb lab / attack lab은 검색하면 다나오는데 만점못받는게 사람인가 의심되는수준 기말한번본건 교안 3번 정주행했는데 78점인가받고 a+,,,
1772065-071,https://everytime.kr/lecture/view/1772065,1772065,시스템프로그램,우홍욱,22년 1학기 수강자,3,"처음엔 정말 어렵게 느껴지는데, 차근차근 공부하다보면 어렵지 않게 따라갈 수 있는 수업입니다. 본인도 복전생에 쌩노베였는데 차근차근 따라갔습니다~~ 과제가 조금 빡세서 참고하시면 될 거 같아요",,,
1772065-072,https://everytime.kr/lecture/view/1772065,1772065,시스템프로그램,우홍욱,22년 1학기 수강자,4,"공부 양 많고 내용 어려워요... 기말 한번 봐서 제때제때 공부해놔야돼요 첫번째 과제가 가장 어렵고 평균만 넘어도 반은 먹고 들어갑니다 두,세번째 과제는 다들 거의 만점이에요 기말은 나름 까다로운 편인데 그것보다 타임어택 경향이 강해요",,,
1772065-073,https://everytime.kr/lecture/view/1772065,1772065,시스템프로그램,우홍욱,22년 1학기 수강자,5,"(복전생전용분반) 첫번째 과제는 구글링해도 도움이 그닥... 2,3번째 과제는 구글링하면 다 나와요(그래서 대부분이 만점) 기말 올인 게임이고, 오픈북입니다. 복전 첫학기에 컴구랑 같이 들었더니 시험 기간때 좀 편했던것 같아요 (내용이 많이 겹침). 매주 퀴즈? 있는건 좀 귀찮았는데, 어려운거 아니라서 금방합니다.",,,
1772065-074,https://everytime.kr/lecture/view/1772065,1772065,시스템프로그램,우홍욱,22년 1학기 수강자,5,"첫 과제 던지고 다른 과제 구글과 함께하고 공부 하루 벼락치기로 개발세발 했는데, 한줄기 빛과 같은 교수님께서 성적을 너무 후하게 주셔서 눈물을 흘렸습니다. 기말 시험 한 번만 쳤는데, 배우는 범위가 넓어서 그렇게 복잡하고 그런 내용은 없었습니다. 근데 시험 보기 전에 교재 문제 보고 가는 게 좋을 거 같아요. 교안으로만 공부했는데 처음보는 문제 유형 나와서 그냥 감상만 했습니다. 아마 교재에는 다양한 유형의 문제가 있으니 도움이 되지 않을까 싶습니다. 아무튼 영어 발음이 조금 안 좋으셔서 강의 듣기는 힘들지만, 학점 잘주시는 거 같으니 추천드립니다!",,,
1772065-075,https://everytime.kr/lecture/view/1772065,1772065,시스템프로그램,우홍욱,22년 1학기 수강자,4,영어로 진행되는 수업인데 교수님께서 약간 콩글리쉬 발음이셔서 솔직히 알아듣기 힘들었습니다. 제가 영어를 잘 못하는 탓도 있겠지만 내용을 못 알아듣겠어서 한 학기 내내 스트레스 받았네요. 교재 한 번 읽고 나서 수업 들으시면 훨씬 수월하게 들으실 수 있을 것 같습니다. 그래도 학점 받고나면 싹 치유됩니다. 과제 3개 다 만점이긴 했지만 기말고사 68점이었는데도 에쁠 주셨습니다. 교수님 감사합니다.,,,
1772065-076,https://everytime.kr/lecture/view/1772065,1772065,시스템프로그램,우홍욱,22년 1학기 수강자,5,"거의 포기한 수업이었습니다. 학점을 잘 주신다는 사실은 알았지만, 그럼에도 불구하고 제가 너무 열심히 하지 않았습니다. 그런데 학점을 정말 잘 주시네요...교수님께 죄송할 따름입니다. 여러분, 포기하지말고 조금만 시간 써서 끝까지 완주해보세요.",,,
1772065-077,https://everytime.kr/lecture/view/1772065,1772065,시스템프로그램,우홍욱,22년 1학기 수강자,5,"영어로 설명하고 중요한 내용은 한국어로 한번 더 설명해주셔서 공부하기 편했음 시험은 중간 없고 기말만 봤는데 공부 제대로 했으면 어렵진 않음 과제 세번인데 부동소수점 구현, 밤랩, 어택랩 다들 부동소수점을 많이 어려워함 학점 꽉 채워 주시는듯. 나쁘지 않음 무난함 추천.",,,
1772065-078,https://everytime.kr/lecture/view/1772065,1772065,시스템프로그램,우홍욱,22년 1학기 수강자,5,과제 총 3개 나가고 시험은 기말 하나 있습니다. 첫번째 과제가 난이도가 있고요. 학점은 잘 주시는 편입니다. 학점 잘 받고 싶으시다면 이 수업 추천드립니다. 강의는 교수님이 영어로 설명하실때에는 이해하기 어려웠지만 한국어로 다시 한번 설명해줄때 이해가 잘 됐습니다.,,,
1772065-079,https://everytime.kr/lecture/view/1772065,1772065,시스템프로그램,우홍욱,22년 1학기 수강자,4,개인적으로 교수님 강의 알아듣기가 조금 힘들어서 4점입니다ㅠ 과제는 sfp에서 스트레스 많이 받았는데 겁먹지말고 일찍 시작했더라면 다 할 수 있었을거 같다고 생각이 들었으니 미리미리 하시길 추천드립니다. 학점은 매우 잘 주시는거 같습니다.,,,
1772065-080,https://everytime.kr/lecture/view/1772065,1772065,시스템프로그램,우홍욱,22년 1학기 수강자,5,큰 과제 3번에 시험 한 번이었고 토론 같이 자잘한 과제 여러번 있었습니다!! 첫번째 sfp는 정말 조졌고... 밤랩 어택랩은 구글링으로 만점 받았습니다. 시험은 평균보다 조금 잘 봤는데 에이 받았어요 교수님께서 천사가 아니신지... 벼락치기 힘드니까 평소에 열심히 공부해두세요.,,,
1772065-081,https://everytime.kr/lecture/view/1772065,1772065,시스템프로그램,우홍욱,22년 1학기 수강자,5,기말 72점맞고 A+은 물건너갔구나했는데 쁠주셨네 감사합니다 교수님 ㅠㅠ... 과제3개 다만점인게 커버된듯. SFP는 좀 오래걸리고 밤랩 배끼지말고 제대로 풀었으면 어택랩 하루컷 가능할거임 .갠적으로 과제 재밋게했었음,,,
1772065-082,https://everytime.kr/lecture/view/1772065,1772065,시스템프로그램,우홍욱,22년 1학기 수강자,5,교수님 설명도 잘하시고 수업도 재미있습니다 과제 총 3번+ 기말1번이었습니다 코딩 잘 못하지만 SFP 만점받았는데 팁 드리자면... 시간 오래 걸리니 일찍 시작할수록 유리합니다.,,,
1772065-083,https://everytime.kr/lecture/view/1772065,1772065,시스템프로그램,우홍욱,22년 1학기 수강자,5,"2022년 1학기 수강했습니다. 복수전공이며 최종 성적 A+임을 밝힙니다. [개발 환경] 리눅스, 우분투 [과제] 크게 3개의 과제가 있습니다. SFP, Bomb Lab, Attack Lab입니다. 직접 코드를 짜야하는 과제는 첫 과제인 SFP뿐입니다. - SFP Float 강의를 주의 깊게 들으시고, 함수를 구현하시면 됩니다. 예외 테스트 케이스를 찾지 않아도 충분하다고 생각합니다. 구글링은 별로 도움이 되지 않습니다. - Bomb/Attack Lab 어셈블리어에 관한 과제입니다. 모두 구글링으로도 해결 가능합니다. 파일 제출 없이 스코어 보드로 본인의 점수를 확인합니다. [토론] 몇 주에 한 번씩 수업 내용에 대한 토론이 있습니다. 그리 어려운 내용은 아니고 시험에 출제되는 부분도 있습니다. [시험] 중간 시험은 없습니다. 오픈북, 감독 시험으로 기말 시험만 치뤘습니다. 중요한 단원 위주로 공부하시길 바랍니다. 평균 약 50점대였으며 필자는 60점대 후반을 기록했습니다. [첨언] 교수님께서 영어를 잘하시고 목소리가 좋으십니다. 조교님들께서도 다정하시고 좋으신 분이셨습니다. 개인적으로 어렵긴 했지만 흥미롭고 재밌는 수업이었습니다. 다시 듣더라도 이 수업을 수강할 겁니다. CSAPP이라는 교재를 사용하는데 구글에 소스가 많으니 이해가 어려우시다면 구글링을 해보거나 번역본을 구해서 공부해보시길 바랍니다.",,,
1772065-084,https://everytime.kr/lecture/view/1772065,1772065,시스템프로그램,우홍욱,22년 1학기 수강자,5,시험 한방과 첫 과제로 결정되는 과목. 첫 과제가 어렵고 당황스러워도 포기하면 끝난다고 생각해야 함 기말고사에서는 수업에서 다루는 예시 위주로 나오니 영어 어렵다고 대충 넘기지 말고 꼭꼭 챙겨들을 것,,,
1772065-085,https://everytime.kr/lecture/view/1772065,1772065,시스템프로그램,우홍욱,22년 1학기 수강자,5,"2,3번과제는 대부분 만점에 가깝게 받으니 망하면 큰일남 교수님 강의력 좋으심 이해 잘됨 시험은 기말한번 문제는 적당히 어려운편이나 시간 엄청짧은거로 판별남",,,
1772065-086,https://everytime.kr/lecture/view/1772065,1772065,시스템프로그램,우홍욱,22년 1학기 수강자,5,과제3번에 기말 1번으로 끝 2번째 3번째 과제는 구글링을 통해서라도 대부분 만점으로 해결 1번째 과제가 예외처리에서 중요할 것임,,,
1772065-087,https://everytime.kr/lecture/view/1772065,1772065,시스템프로그램,우홍욱,22년 1학기 수강자,5,"일단 강의 내용이 매우 알차고 교수님께서 설명을 굉장히 자세하게 해주십니다. 대부분의 내용을 한국어로 한번 더 설명해주시기 때문에 이해하는데 큰 도움이 되었어요. 시프라는 과목 자체는 재밌었는데 내용이 엄청 많고 저에게는 난이도가 있어서 한 강의 듣는데 기본 4시간은 걸렸던 것 같아요. 그러니까 미리미리 강의를 들어두는 걸 추천합니다. 과제는 총 3개 나왔는데 첫번째 과제가 많이 어려웠고 밤랩, 어택랩은 구글링하면서 하기에 적당했어요. 대부분 2,3번째 과제는 평균이 매우 높으니까 최대한 만점받으려고 하셔야 합니다.",,,
1772065-088,https://everytime.kr/lecture/view/1772065,1772065,시스템프로그램,우홍욱,22년 1학기 수강자,5,"시험은 기말 한번이었고, 과제는 세 번 나갑니다. 강의에서 짚어야 할 부분은 한국어로도 다시 설명하고 넘어가 주셔서 좋습니다. 첫 과제는 구글링도 도움이 안 되고 시간이 많이 걸리니 일찍 시작하는 게 좋고, 두번째 과제부터는 이해 안되는 부분을 구글링을 통해 채워간다면 충분히 해낼 수 있습니다.",,,
1772065-089,https://everytime.kr/lecture/view/1772065,1772065,시스템프로그램,우홍욱,22년 1학기 수강자,3,교수님 설명 잘해주셔요! 영어지만 중간중간 중요한 건 한국어로 다 설명해주십니당 과제 많이 어려워요 밤랩이랑 어택랩은 검색하면 나오긴 하지만 시간이 오래걸리니 서둘러 시작하세요,,,
1772065-090,https://everytime.kr/lecture/view/1772065,1772065,시스템프로그램,우홍욱,21년 1학기 수강자,5,갓갓갓 교수님 무조건 들으시는거 추천합니다!!!,,,
1772065-091,https://everytime.kr/lecture/view/1772065,1772065,시스템프로그램,우홍욱,21년 1학기 수강자,5,열심히 안한게 죄송할 정도로 학점 챙겨주셨습니다ㅜ,,,
1772065-092,https://everytime.kr/lecture/view/1772065,1772065,시스템프로그램,우홍욱,21년 1학기 수강자,5,그저 갓. 들을 수 있으시면 무조건 우홍욱 들으세요,,,
1772065-093,https://everytime.kr/lecture/view/1772065,1772065,시스템프로그램,우홍욱,21년 1학기 수강자,5,저는 첫번째 과제 1점 받았고 시험을 잘봤는데 A나왔습니다. 포기하시지만 않으면 좋은 학점 받을 수 있는 것 같습니다!,,,
1772065-094,https://everytime.kr/lecture/view/1772065,1772065,시스템프로그램,우홍욱,21년 1학기 수강자,5,과제 은근 재밌는데 미리미리 하는걸 추천드립니다. (특히 첫번째 과제). 과제1이 어렵긴 했는데 그래도 생각보다 잘나와서 시험은 망쳤지만 A 받았습니다. 수업 내용량이 상당하기 때문에 꾸준히 시간을 투자하면 좋은 점수 받을 수 있을 겁니다.,,,
1772065-095,https://everytime.kr/lecture/view/1772065,1772065,시스템프로그램,우홍욱,21년 1학기 수강자,5,학점 정말 잘 주십니다.. 1번 과제 거의 못내다시피 했지만 나머지 과제 + 시험으로 만회해서 A 받았습니다,,,
1772065-096,https://everytime.kr/lecture/view/1772065,1772065,시스템프로그램,우홍욱,21년 1학기 수강자,5,"과제1이 좀 걸려요. short비트만큼 float형 구현하는 건데, 충분히 할 수 있을거에요. 평균은 10점중에 5~6점? 나왔습니다. 과제2랑 3은 거의다 만점을 받아요. 검색만 하면 블로그 글이 많아서... 쉬워요. 마지막 기말인데, 시간이 좀 빡빡합니다. 100점 만점에 평균 40점인가 50점인가 나온 시험이었어요. 그렇지만 난이도는 그렇게 높지 않은? 학점은 잘 주시는 거 같아요. 저는 과제 0.3점 감점에 기말시험 90점대라서 A+확정이긴 했는데, 주변 친구들 말 들어보니까 B+도 잘 주십니다. 강의가 열린다면 무조건 잡으세요",,,
1772065-097,https://everytime.kr/lecture/view/1772065,1772065,시스템프로그램,우홍욱,21년 1학기 수강자,5,"사실 강의를 잘 한다는 느낌은 못 받겠습니다. 영어가 어려우신지 정말 듣기 힘들었습니다. 그러나 bomb lab 등등을 하면서 시스템프로그래밍에 대해 조금이나마 알게 되었고, 문의게시판을 활용하면서 꾸역꾸역 해나가니 컴퓨터 시스템에 대한 이해가 느는것은 확실히 느낄 수 있었습니다. 전 이것도 어렵다고 느꼈지만 같은 과목을 가르치는 다른 교수님들에 비해서는 쉬운 편이라고 하네요",,,
1772065-098,https://everytime.kr/lecture/view/1772065,1772065,시스템프로그램,우홍욱,21년 1학기 수강자,5,"팁 1.과제 1이 중요하다 대부분 2,3은 만점이다. 팁 2.어려운 문제는 객관식이다. 계산형은 뻔한 부동소수 등등이다. 팁3. 내용이 많다 미리미리 공부하자..",,,
1772065-099,https://everytime.kr/lecture/view/1772065,1772065,시스템프로그램,우홍욱,21년 1학기 수강자,5,평가가 이렇게 좋은 이유가 따로 있었습니다. 잘 가르치심 + 적절한 과제 양 + 학점까지 3박자가 완벽한 수업이 별로 없는데... 좋은 강의 감사합니다 교수님,,,
1772065-100,https://everytime.kr/lecture/view/1772065,1772065,시스템프로그램,우홍욱,21년 1학기 수강자,5,(2배속으로 듣기에) 다소 빠른 발음이지만 강의는 좋습니다. 1번째 과제가 시간이 걸리는 편인데 테케7 예외3 정도로 채점하고 예외 케이스는 본인이 머리 굴려서 다 찾아내셔야 합니다. 어택랩 밤랩은 대부분 만점 받아가니 구글링하시면서하면 됩니다. 주차별 토론과제는 적당히 쓰기만 하면 점수주는 것 같고 시험은 족보에서 대부분 나온 것 같은데 이번 학기 기출은 쉽게 구하실 수 있을 겁니다. 옆동네는 한 학기동안 고통받는 것 같은데 조금 편하게 시프를 들을 수 있는 분반입니다.,,,
1937178-001,https://everytime.kr/lecture/view/1937178,1937178,시스템프로그램,최형기,26년 1학기 수강자,3,시험 3번 봄. 얻어가는건 많지만 따라가기 빡셈. 과제는 ai도움 받으면 할만함. 시험 준비 잘 해야함.,,,
1937178-002,https://everytime.kr/lecture/view/1937178,1937178,시스템프로그램,최형기,26년 1학기 수강자,4,교수님이 굉장히 열정적으로 가르쳐주신다 다른 교수님 시프에 비해 많은 것들을 알려주신다 시험은 3번인데 교안 꼼꼼히 보셔야 돼요 첫 퀴즈는 타임어택입니다 수업 참여도를 성적에 반영되는게 맘에 안들지만 많은 걸 배워갈 수 있는 수업입니다,,,
1937178-003,https://everytime.kr/lecture/view/1937178,1937178,시스템프로그램,최형기,24년 1학기 수강자,4,힘들지만 그만큼 유익한 수업. 시험 난이도 엄청 높아서 평균이 매우 낮은게 정상,,,
1937178-004,https://everytime.kr/lecture/view/1937178,1937178,시스템프로그램,최형기,24년 1학기 수강자,4,강의 자체는 재밋었지만 난이도가 꽤 높다.. 시스템 입문하기엔 아주 적당한 과목인듯. 이거 안하고 운체나 다른 시스템 과목 들어가면 힘들지도.,,,
1937178-005,https://everytime.kr/lecture/view/1937178,1937178,시스템프로그램,최형기,26년 1학기 수강자,3,내용이 어려워서 그럴까 이해가 잘 안 돼었는데 과제가 재밌었습니다,,,
1937178-006,https://everytime.kr/lecture/view/1937178,1937178,시스템프로그램,최형기,24년 1학기 수강자,3,어렵네요. 과재도 불친절해서 시작도 못하는 경우도 많아요. 시험도 어렵습니다.,,,
1937178-007,https://everytime.kr/lecture/view/1937178,1937178,시스템프로그램,최형기,25년 1학기 수강자,2,"제대로 공부한다면 유익한 수업이지만, 시험을 세 번 보고 과제도 시험기간에 몰아 내줘서 학기가 힘들었다",,,
1937178-008,https://everytime.kr/lecture/view/1937178,1937178,시스템프로그램,최형기,25년 1학기 수강자,5,초반에 보여주시는 성적 비율이 굉장히 낮은데 실제로는 그것보다 잘 주시는 것 같습니다. 열심히 들으면 나중에 들을 과목들에서도 도움 많이 됩니다,,,
1937178-009,https://everytime.kr/lecture/view/1937178,1937178,시스템프로그램,최형기,25년 1학기 수강자,1,하.. 할 말은 많지만 하지 않겠다. 과거로 돌아간다면 다른 교수님 수업 들었을 것임.,,,
1937178-010,https://everytime.kr/lecture/view/1937178,1937178,시스템프로그램,최형기,25년 1학기 수강자,5,시험을 세번 본다는게 매우 큼 보안쪽에 관심있다면 듣는걸 추천 시험전에는 주시는 자료만 열심히 봐도 중간 이상은 감,,,
1937178-011,https://everytime.kr/lecture/view/1937178,1937178,시스템프로그램,최형기,25년 1학기 수강자,5,겁을 많이 주셔서 긴장하게 되지만 또 긴장하고 하니까 많이 배워가는 강의,,,
1937178-012,https://everytime.kr/lecture/view/1937178,1937178,시스템프로그램,최형기,25년 1학기 수강자,5,"한국어로 수업한다면 꼭 들어야 할 강의 처음에 겁을 많이 주시지만 성적은 너그럽게 주십니다. 하다가 막히는 부분이 있으면 언제든지 메일 보내면 답변을 해주십니다. 시험은 퀴즈,중간,기말 3번을 보는데, 치트시트를 만들어두면 편하게 풀 수 있습니다. 시험마다 최근 3개년치 기출을 주셔서 공부하기 편했습니다. 과제는 간단한 개념정리, 밤랩과 프로젝트로 구성되어 있는데 어셈블리를 어느정도 공부했으면 쉽게 풀 수 있습니다.",,,
1937178-013,https://everytime.kr/lecture/view/1937178,1937178,시스템프로그램,최형기,25년 1학기 수강자,4,"교수님은 열정적이시지만 시험은 어려워서 공부 한 만큼 나오는 강의입니다. 어떻게 마음가짐을 갖고 얼마나 하냐에 따라 너무나 차이가 있는 수업 같아서, 직배로 받으셨다면 무조건 런칠 정도는 아니다? 정도인 것 같습니다. (저는 중간에 놓아버린 느낌이라…) 과제는 기억나는게 밤랩이랑 프로잭트인데 시간쓰고 분석하면 누구나 할만 하다고 생각되는 난이도 였습니다. 시험은 세번 보는데, 퀴즈 + 중간 + 기말 느낌입니다. T/F + 서술형 문제로 구성 되어있고, 3개년 기출을 올려주시는데 무조오건 씹고뜯고 맛보셔야 평균이상 가능한 듯 합니다. 어렵고 타임어택 느낌도 있어서, 아마 첫 시험을 보시면 앞으로 어떻게 시험이 나올지 느낌이 오실겁니다. 성적은 겁을 많이 주시지만, 할 것만 하면 B이상은 주시는 것 같습니다. 열심히 하시는 분들에겐 추천!",,,
1937178-014,https://everytime.kr/lecture/view/1937178,1937178,시스템프로그램,최형기,25년 1학기 수강자,5,"아침에 듣고 나면 하루 종일 공부가 잘 되는 강의. 한국어로 진행되고 교수님의 강의력이 매우 좋음. 최대 장점은 학습 과정이 깨끗하고 친절하다는 점. 시험 때마다 3개년 기출문제가 통으로 제공되고, 과제는 아예 필요한 능력(ex 어셈블리)을 갖추지 못했으면 손도 댈 수 없게 출제되어 정규 루트와 자료만 따라가면 비공식 채널이나 예습에 기댈 필요 없이 과목이 원하는 능력을 100% 갖출 수 있게 되어 있음. 물론 여러 강의평에서 경고하듯 약간의 헌신이 필요하지만, 전공에서 이 내용이 차지하는 중요성을 생각해봤을 때 그 정도는 어쩔 수 없다고 생각함. 강의 진행, 교수님의 인품, 채점과 이의신청 과정 모든 면에서 흠잡을 데가 없음. 시스템 프로그래밍을 잘 배우고 싶고 아침에 일어날 자신이 있으면 추천.",,,
1937178-015,https://everytime.kr/lecture/view/1937178,1937178,시스템프로그램,최형기,25년 1학기 수강자,4,"결론적으로 학점은 나쁘지 않았지만 퀴즈/중간/기말 보면서 처음 자퇴할까라고 생각하게 만든 수업. 너무 힘들었다... 수업 수업이 다 끝났지만 지금도 그냥 수업방식이 안 맞는거였는지, 원래 어려운 과목이라 그런건지, 노력이랑 집중이 부족했던건지, 머리가 나빠서 그런건지 잘 모르겠는 부분이 있습니다. 항상 수업이 끝나고 수업 내용을 시간을 들여서 찬찬히 보고 난 후에야 제대로 이해가 되고, 일부 내용을 제외하면 수업시간에 이해가 잘 되고 지나간 부분이 별로 없어서 조금 힘들기도 했습니다. 질문을 하면 잘 받아주시지만 일부분이 이해가 안되는게 아니라 전체적으로 그냥 이해가 안되다 보니 질문도 잘 나오지가 않았습니다. 수업을 제대로 들으려면 예습이랑 복습을 수업 전후로 항상 함께해야 했었다고 생각합니다. 과제 Bomb lab과 프로젝트가 있는데 둘이 비슷한 종류의 과제였습니다. 시간은 정말 오래 걸릴 수 있지만 충분히 풀 수 있는 난이도의 적당히 쉬운 문제입니다. 개인적으로는 재밌는 과제였다고 생각합니다. 막상 할때는 잘 하고 제출해야하고 시간제한도 있어서 좀 심적으로 힘들지만 그냥 추리게임 하는 느낌으로 재밌었습니다. 시험 교수님이 주신 기출 문제도 꼼꼼히 보고, 교재를 꼭 사서 교재에 있는 문제도 하나하나 전부 풀어보고, 할 수 있으면 공부도 교재를 보면서 하면 잘 받을 수 있을 것 같습니다. 시험은 풀다보면 시간이 부족하기도 합니다. 저는 성적이 시험 3번에서 '평균/평균/평균이랑 최고점 중간' 나와서 B+ 겨우 받나 걱정하고 있었는데 잘 나왔습니다.",,,
1937178-016,https://everytime.kr/lecture/view/1937178,1937178,시스템프로그램,최형기,25년 1학기 수강자,5,"교수님 감사합니다. 많이 배웠습니다. 학기초에 학점 관련해서 겁을 엄청 주시지만, 성적 받아보니 다른 너그럽지는 않은 교수님들과 비율적으로 크게 다르지 않은 것 같습니다. 쓴 시간만큼 받아갈 수 있는 과목이라 생각합니다. 시험이 어렵긴 한데 분반에 한두명 빼곤 다 똑같이 어려워합니다. 교수님께서 수업중에 이런저런 썰도 풀어주시고, 학생들 수업환경에 신경을 꽤 써주십니다. 질문하는 걸 굉장히 좋아하시고, 상세하게 답변해주십니다. 조금이라도 의문점이 생길 때 바로 질문하는 습관을 들이면 많이 가져갈 수 있는 과목입니다.",,,
1937178-017,https://everytime.kr/lecture/view/1937178,1937178,시스템프로그램,최형기,24년 1학기 수강자,1,학점 거져먹고 싶으면 도망쳐라 직접 겪어보고 적는거다,,,
1937178-018,https://everytime.kr/lecture/view/1937178,1937178,시스템프로그램,최형기,24년 1학기 수강자,2,1. 어셈블리를 독학으로 공부해야함 2. 혼자 수업 듣는 학생은 밤랩 하기 힘들 수 있음,,,
1937178-019,https://everytime.kr/lecture/view/1937178,1937178,시스템프로그램,최형기,24년 1학기 수강자,4,이번학기는 유학생 없어서 한국어 강의였는데 한국어 기준 강의 전달력도 좋으시고 중간중간 드립도 섞어주시고 아캠에 강의업로드도 꼬박꼬박 해주셔서 강의로는 그냥 깔게없음 1티어 확정 다만 얻어가는건 개많긴 했는데 학점 꼭 그렇게 줘야되나 싶음.. 교수님 에타 강평 다 읽으시죠? 뭐 본다니까 할소리도 못하겠네 무서워서 살겠나 만에 하나 학점 잘준다는 평 돌면 학생들 게을러질까봐 짜게주는거라 생각하시는거면 너무 짜도 공부할 의욕이 없어진다는 사실정도는 알고 학점주셨으면 합니다,,,
1937178-020,https://everytime.kr/lecture/view/1937178,1937178,시스템프로그램,최형기,24년 1학기 수강자,5,개인적으로 이번 학기에 가장 재미있게 공부한 과목이었습니다. 진도가 조금 빨라서 수업 시간에 이해가 되지 않던 내용도 아캠에 올라오는 녹화된 강의를 보면 이해가 잘 됐습니다. 이해가 안 되는 부분이 있더라도 메일을 보내면 빠르게 답변 해주십니다. 시험이 세 번이라 힘들 수도 있는데 저는 다른 과목이라 겹치지 않아서 오히려 좋았던 것 같습니다. 시험은 시험 일주일 전쯤 3년 동안의 기출문제를 주시는데 그 문제를 확실히 이해하고 이론도 탄탄히 해야 고득점 할 수 있습니다. 문제 수도 많은 편이라 시간 분배도 잘 해야 합니다. TF 문제에서 감점이 있기 때문에 그 부분만 주의하여 문제를 풀어야 합니다. 저는 교수님의 시험에 잘 맞는 편인지 최고점에 가까웠으나 잘 맞지 않으면 힘든 학기가 될 수도 있을 것 같습니다. 과제는 원래 네 번이지만 이번 학기에는 시간관계상 프로젝트를 진행하지 않았는데 다음 학기에는 할 수도 있습니다. 각각의 과제는 크게 어렵지 않고 프로젝트도 종강 후에 해봤는데 크게 어렵지는 않았습니다. 출석은 학기에 세번 정도 호명하십니다.,,,
1937178-021,https://everytime.kr/lecture/view/1937178,1937178,시스템프로그램,최형기,24년 1학기 수강자,5,"복전 첫학기 수강했는데 성적을 떠나서 정말정말 많이 배웠습니다! 교수님께서 강의력도 좋으시고 모르는거 질문도 바로바로 받아주시고, 재밌는 이야기도 많이 해주십니다. 교수님이 정말 좋으신 분이고, 수업이 재밌습니다 진짜! 시험은 5, 10, 15주차에 3번 보기에 조금 빡셀수도 있습니다. 기출문제도 올려주시는데 정답을 제공해주시지 않기에.. 그래도 끝까지 고민해보고 그러는 과정에서 많은 공부가 되더라구요! 과제도 bomb lab은 재밌고 생각을 많이 하게 되어서 좋았습니다! 저는 첫퀴즈, 중간고사를 망쳐서.. 기말고사를 엄청 잘쳐도 잘 복구가 되지 않았지만! 그래도 학점외적으로 많이 배웠습니다! 빡세다고 도망가시지 말고 기초를 탄탄하게 다진다는 생각으로 시간 써서 꼭 들어보시면 좋을 것 같습니다!",,,
1937178-022,https://everytime.kr/lecture/view/1937178,1937178,시스템프로그램,최형기,24년 1학기 수강자,4,이 강의가 한국어 강의라면 무조건 들어보세요 진짜 얻어가는거 많고 좋은 강의입니다 다만 다른 전공과목이나 브슴을 3~4개 듣는 사람에겐 추천드리지 않습니다 공부량이 좀 많거든요,,,
1937178-023,https://everytime.kr/lecture/view/1937178,1937178,시스템프로그램,최형기,24년 1학기 수강자,3,첫핫기라면 도망치는게답.. 정말 너무너무 힘듭니다,,,
1937178-024,https://everytime.kr/lecture/view/1937178,1937178,시스템프로그램,최형기,24년 1학기 수강자,4,열심히한다면 좋은 결과를 얻어가실 수 있을 거예요 전 재수강,,,
1937178-025,https://everytime.kr/lecture/view/1937178,1937178,시스템프로그램,최형기,23년 1학기 수강자,4,"영어 강의였는데, 뛰어나진 않지만 영어 잘하시는 편입니다. 근데 시험 난이도 등 빡세게 돌리는거만 동의되고, 명강의라는건 동의가 되진 않습니다. 초반엔 열정이 넘치시는데 후반 갈수록 음… 학점은 그럭저럭 주시는 편입니다",,,
1937178-026,https://everytime.kr/lecture/view/1937178,1937178,시스템프로그램,최형기,23년 1학기 수강자,5,열심히 한 만큼 성적 나옵니다. 다만 질문 점수도 있으니까 교수님께 꼭 질문하세요.,,,
1937178-027,https://everytime.kr/lecture/view/1937178,1937178,시스템프로그램,최형기,23년 2학기 수강자,4,"내용이 어렵지만, 교수님이 설명을 열심히 해쥬십니다. 과제도 나쁘지 않고 시험도 적절히 내시는 것 같아요",,,
1937178-028,https://everytime.kr/lecture/view/1937178,1937178,시스템프로그램,최형기,23년 2학기 수강자,4,시험이 어렵고 영어로 수업해서 안그래도 어려운 내용 더 어렵게 느껴집니다... 그리고 과제 설명이 조금 부족합니다,,,
1937178-029,https://everytime.kr/lecture/view/1937178,1937178,시스템프로그램,최형기,23년 1학기 수강자,4,"시험이 매우 어려워요 100점 만점에 최고점이 50점대입니다. 40-50점대 5명 나머지는 다 10점대로 수준 차이가 매우 크게 나타나요. 과제는 열심히하면 할 수 있습니다. 성적평가는 기준치에 못미치면 F주십니다. 국제어 수업이였는데 한국어 수업이라면 정말 추천드려요. 시험은 5,10,15 주차에 봅니다. 중간때는 시험기간이 너무 긴거같았아요. 시험 전주쯤 간혹 출석 직접호명하시는데 직접호명 안하실 땐 출석 신경안쓰십니다.",,,
1937178-030,https://everytime.kr/lecture/view/1937178,1937178,시스템프로그램,최형기,23년 1학기 수강자,5,열심히 한만큼 성적이 나오는 것 같아요. 출석은 가끔 부르십니다. 앞으로 들을 수업을 위해 탄탄한 기반을 다지는 과목인 것 같습니다.,,,
1937178-031,https://everytime.kr/lecture/view/1937178,1937178,시스템프로그램,최형기,23년 1학기 수강자,5,무조건 들으세요 !! 수업만 잘 따라가면 성적이 잘 나옵니다.,,,
1937178-032,https://everytime.kr/lecture/view/1937178,1937178,시스템프로그램,최형기,23년 1학기 수강자,5,초반 퀴즈에 데여서 공부를 열심히 했더니 교수님이 약해진건지 내가 강해진건진 모르겠지만 어느샌가 손에는 만족할 만한 성적이 들려있었다....,,,
1937178-033,https://everytime.kr/lecture/view/1937178,1937178,시스템프로그램,최형기,23년 1학기 수강자,5,수업를 영어로 하셔서 영어를 못하는 저에게는 약간 부담이 되었지만 설명도 잘하시고 교수님도 아주 친절하셔서 좋았습니다. 시험이 조금 어려운데 csapp 책에 예제 문제를 풀어보면 좋습니다. 몇 개는 거기서 숫자 정도만 바뀌어서 나와요,,,
1937178-034,https://everytime.kr/lecture/view/1937178,1937178,시스템프로그램,최형기,23년 1학기 수강자,4,정말 정직합니다. 공부를 한 만큼 점수가 오는 과목입니다.,,,
1937178-035,https://everytime.kr/lecture/view/1937178,1937178,시스템프로그램,최형기,23년 1학기 수강자,5,얻어가는게 많았던 수업! 다소 당황스러울 수 있지만 수업내용 잘 복습하고 정말 과목명에 걸맞는 시스템 프로그래밍을 배울 수 있었음!!,,,
1937178-036,https://everytime.kr/lecture/view/1937178,1937178,시스템프로그램,최형기,23년 1학기 수강자,5,교수님이 학생들을 굉장히 좋아하시는 것이 보임. 일단 호명으로 출석을 부르시는데 사람들 진짜 없는데도 왠만해선 안부르심. 학기내내 한 3번정도 부르신것같음. 영어강의라 조금 힘들긴했는데 수업 열심히 들으면 그것이 돌아오는 정직한 과목임. 과제는 3개에 프로젝트 1개였는데 적당한 시간만 투자하면 다 할수있을만한 과제들임.,,,
1937178-037,https://everytime.kr/lecture/view/1937178,1937178,시스템프로그램,최형기,23년 1학기 수강자,5,교수님은 엄청 똑똑한건 알겠음. 심지어 잘가르킴 근데 난 이해못함. 과제는 문제풀이 세개에 밤랩+ 프로젝트하나 할만한듯 무난추,,,
1937178-038,https://everytime.kr/lecture/view/1937178,1937178,시스템프로그램,최형기,22년 1학기 수강자,5,교수님의 강의력이 참 좋으십니다 한국어 강의라 더더욱 좋았네요 하지만... 열심히 할 자신과 열정이 있으신 분만 들으세요... 전 이번 학기 시간이 절대적으로 부족해서 많이 투자 못 했는데 그만큼의 학점 받아갔습니다 시험도 5 10 15주차 세 번 봐서 더 힘들었습니다,,,
1937178-039,https://everytime.kr/lecture/view/1937178,1937178,시스템프로그램,최형기,22년 1학기 수강자,5,열심히 할 자신과 열정이 있으신 분만 들으세요.,,,
1937178-040,https://everytime.kr/lecture/view/1937178,1937178,시스템프로그램,최형기,22년 1학기 수강자,5,"개인적으로 족보빨이 통하지 않는게 이 수업 최대 장점 시험보면 중간값이 평균보다 낮고 중간값이 무지막지하게 낮은게 최교수님 시프 특징입니다 과제는 4번 내셨던 것 같은데 하나하나가 오래걸리고 졸라힘들어서 과제가 적진 않아요 시험도 5주,10주,15주에 세번봅니다. 이런 무시무시한 단점?들이 있지만 이번에 한국어로 강의하셨는데 중간중간에 학업동려, 유학썰, 버그바운티 학회,썰 등등 얘기해주는 것들도 재밌었고 강의 퀄리티도 높아서 대만족했습니다 출석은 직접호명인데 사람들이 많이 탈주했다 싶은 날에만 부르셔서 나중가면 탈주 많이합니다 결론은 꿀빨고 싶은 사람은 듣지마세요 원전공생에겐 추천",,,
1937178-041,https://everytime.kr/lecture/view/1937178,1937178,시스템프로그램,최형기,22년 1학기 수강자,5,"중간고사 전 5주차에 퀴즈 한 번, 10주차에 중간고사, 15주차에 기말고사 이렇게 3번 시험을 봤습니다. 시험범위는 누적이지만, 그 전 시험에서 열심히 했다면 풀 수 있는 수준의 문제들만 내십니다. 또 2개년 기출을 올려주시기 때문에 충분히 연습할 수 있고, 시험문제 대부분이 교과서 연습문제, 숙제부분에서 나와서 시간을 많이 투자할수록 학점이 오를겁니다. 저는 이번학기에 절대적으로 시간이 부족해서 교과서는 한번도 못봤지만, 교안 위주로 공부하고 기출을 한 번씩 풀었더니 평균이상은 나왔고 학점도 잘 나왔습니다. 적성에 맞는다면 저처럼 일반적인 과목만큼만 투자하시면 될 것 같고, 좀 어렵게 느껴진다면 시간을 많이 쓰더라도 교과서 문제 풀어보시는 걸 추천해요. 교수님께서 수업을 굉장히 열정적으로 하시고 한국어 수업이라서 듣기 편합니다. 모르는 부분을 그 주차에 바로바로 해결하려 노력하시면 학점 따기가 엄청 어렵진 않을 겁니다. 기본적으로 교수님께서 질문 받는 것을 좋아하셔서, 모르는 부분을 물어보면 바로바로 알려주셨습니다. 저희 분반은 질문이 워낙적어서 질문에 목말라 하셨던 것 같기도,,, 교수님께서 중간중간 썰도 풀어주시는데 재밌습니다. 직배로 최교수님이 걸리셨다면 열심히 하고 많이 얻아가고 싶으시면 한 학기 빡세게 공부하시는 것을 추천드립니다.",,,
1937178-042,https://everytime.kr/lecture/view/1937178,1937178,시스템프로그램,최형기,21년 1학기 수강자,5,공부 열심히 하는 학생에겐 그저 갓. 최형기 교수님 강의만 찾아듣게 될 거 같다,,,
1937178-043,https://everytime.kr/lecture/view/1937178,1937178,시스템프로그램,최형기,21년 1학기 수강자,4,"온라인 강의는 카메라도 이상한데 비추고 음질도 좋지가 않아서 듣기 힘들었어요. 웬만하면 수업 오프라인으로 들으세요. 과제하고 시험, 퀴즈에서 많이 배울 수 있어서 좋았던 것 같아요.",,,
1937178-044,https://everytime.kr/lecture/view/1937178,1937178,시스템프로그램,최형기,21년 1학기 수강자,1,"현실적으로 오프라인으로 들을 수 없어 온라인으로 들었는데 정말 하나도 안들렸습니다,, 종강할때까지 이래서 너무 힘들었어요",,,
1937178-045,https://everytime.kr/lecture/view/1937178,1937178,시스템프로그램,최형기,21년 1학기 수강자,1,온라인/오프라인 선택 가능였는데 저는 온라인으로 들었어요. 온라인으로 들었더니 잘 안 들이고 앞쪽 내용도 짤려있는 강의도 있어서 힘들었습니다.,,,
1937178-046,https://everytime.kr/lecture/view/1937178,1937178,시스템프로그램,최형기,21년 1학기 수강자,3,"과제보다 시험 점수가 훨씬 높습니다. 과제 개열심히 했는데 딱히 반영이 된거같진 않네요. 시험 진짜 어려워요... 저는 중간고사는 잘 봐서 6-7등 정도 했는데 기말은 평균보다 5점 높게 받고 퀴즈 성적도 그다지 좋은 편은 아니라서 그런지 에이 나왔네요. 물론 과제는 다 했습니다. 제 생각엔 성적 정말 잘 주는 교수님이었다면 쁠을 달아주실 수도 있을 것 같은데, 다른 잘하는 분들은 정말 잘 하셔서 차별을 두고 싶으션 것 같습니다. 기말을 못 본게 정말 커요.. 공부 더 빡세게 할걸ㅠㅠ 뭐 그래도 덕분에 진짜 공부를 하긴 한거 같아요 들은 것 후회하진 않아요. 본인 공부하는 방식이 시험파이시면 들으세요. 저는 과제파라 그런지 시험 성적이 저조해서 학기 내내 좀 우울했습니다ㅠ 교수님 열정 있으신데 저는 적당히 사는 사람이라 그런지 달리는 차에 로프로 메달려서 끌려다니는 기분이었어요. 직권배정 받으셨다면 신중히 탈출을 고려해 보세요. 저는 돌아보면 도망치지 않은게 객기를 부린 것 같습니다. 그래도 배우는 것은 진짜 많고 교수님도 열정 있으십니다. 평점 좋은 거 보면 알겠지만 다들 거의 스톡홀름 신드롬 급으로 교수님의 열정에 감화된 것을 볼 수 있어요.",,,
1937178-047,https://everytime.kr/lecture/view/1937178,1937178,시스템프로그램,최형기,21년 1학기 수강자,4,"중간고사까지는 ASM 맛보기라면 기말고사는 ASM과 저수준 레벨 최적화에 대한 내용을 주로 다뤘습니다. 그래서 x86-64 ASM 가지고 코딩 살짝 맛보고 가면 중간고사까지 생각보다 편해집니다. 근데 그 뒤부터는 좀 생소해서 그런지 본격적으로 힘들어졌습니다. 총 2번의 퀴즈와 중간/기말고사가 있습니다. 퀴즈는 타임어택식으로, 그냥 무조건 짧은 시간 내에 많이 풀으셔야 됩니다. 한 1분 정도 문제 읽고 이해가 안 되면 그 문제는 일단 넘기시는 게 좋을 겁니다. 다르게 말하자면, 문제를 한 번 슥 보고 풀이과정이 띡하고 떠오를 정도로 공부가 되어 있어야한다는 것이기도 합니다. 다행히 교수님이 2년치 분량의 기출을 주십니다. 퀴즈에는 T/F 문제들이 한 곳에 몰려있는데, T/F한정으로 틀리면 감점-2 안 풀면 -1됩니다. 네, 안 풀어도 감점됩니다. T/F가 그래도 복잡한 연산을 요구하는 문제는 아니라서 기초지식을 탄탄하게 하고 가서 순삭합시다. 퀴즈가 비중이 크지 않아서 너무 오버킬 아닌가 싶을 수도 있지만, 퀴즈에 나온 문제가 나중에 시험에도 나오기도 하기 때문에 빡세게 공부한다 치고 해보시어요.. 시험은 시간 넉넉?하게 주십니다. 그래서 딱 공부한만큼 나오는 것 같습니다. 기말은 전범위인데, 그동안 공부한 게 쌓여 있기 때문에 앞부분은 다시 공부 안 해도 푸는데 지징은 없습니디.",,,
1937178-048,https://everytime.kr/lecture/view/1937178,1937178,시스템프로그램,최형기,21년 1학기 수강자,4,수업을 잘하지는 않습니다. 그리고 혀가 많이 짧으셔서 온라인으로 수강할 때 발음이 잘 안 들리는 게 힘들었어요. 그런데 한 학기 수강하고 나니까 시프는 다른 전공 과목에 비해 외우는 게 많다고 생각되는데 그래서 전 네 번의 시험이 좋았다고 생각합니다. 학기 중에는 좀 빡셌지만 어차피 시험 기간에 외울 게 줄어드는 거라.. 과제도 그렇게 어렵지 않고(물론 전 못했습니다) 시험 반영 비율이 훨씬 높아서 코딩보다 지필이 더 자신있으신 분들은 들으시면 좋을 것 같네요.,,,
1937178-049,https://everytime.kr/lecture/view/1937178,1937178,시스템프로그램,최형기,21년 1학기 수강자,4,"교수님은 참 좋으시다. 진짜로 학생들이 공부하시길 원하셔서 학기내내 과제와 퀴즈 시험으로 들들 볶으실 것이다. 그리고 유쾌하시고 농담도 많이하시지만, 동시에 약간 교수님만의 철칙도 존재해 학점이 좀 놀랍게(?) 나갈 수도 있다. 학생 평균을 60으로 놓고 100~90 A+ 90~80 A 80~61 B+ ... 뭐 이런식으로 해서 그냥 설렁설렁 따라가다면 F 맞기 쉽상이다. 다행히도 학생들 대부분이 어려워한다.",,,
1937178-050,https://everytime.kr/lecture/view/1937178,1937178,시스템프로그램,최형기,21년 1학기 수강자,1,강의력 최악임 본체 어려운과목을 이렇게까지밖에 할수없나라는 의문. 시프에 대한 호기심 소멸,,,
1937178-051,https://everytime.kr/lecture/view/1937178,1937178,시스템프로그램,최형기,21년 1학기 수강자,5,시험 2 + 퀴즈 2 + 과제3 최형기 교수님 수업 잘하시고 유머러스하심 시프라는 과목 자체가 어려운수업인데도 불구하고 잘 가르치심 성적도 비율 채워주시는것 같음 나같이 게을러서 벼락치기 하는 애들한데 좋은 수업인거 같음 시험+퀴즈가 총 4번이여서 중간중간에 계속 공부하게 됨,,,
1937178-052,https://everytime.kr/lecture/view/1937178,1937178,시스템프로그램,최형기,21년 1학기 수강자,4,"내용, 응용 모두 좋습니다. 시험 자체는 오개념이 매우 위험하기 때문에 이 정도 난이도가 적절한 것 같습니다.",,,
1937178-053,https://everytime.kr/lecture/view/1937178,1937178,시스템프로그램,최형기,21년 1학기 수강자,5,"이번학기에 뭘 배웠나 떠오르면 가장 먼저 생각나는게 시프임. 내용 어렵고 과제도 많고 시험은 더더욱 어렵지만 그만큼 열심히하면 얻어가는 것도 많은 수업이었음. 일단 퀴즈와 시험이 굉장히 어려움.. 시험 보기 전에 기출 문제 올려주시는데 정답을 모르니 답답할 지경.. 근데 그 기출 문제 중에 어려운 문제는 또 한번 나옴. 그래서 기출 문제는 주변에 친구나 선배한테 물어보는게 좋을 것 같음. 그래도 다들 어려워하니 자기가 못한다고 좌절하기 말고 끝까지 열심히 하시길! 첫 번째 퀴즈 - 평균, 중간고사 - 10~15위권, 두 번째 퀴즈 - 10~15위권, 기말고사 - 평균점수의 2배 정도 맞고 에이쁠 받았음. 사소한 꿀팁이라면 첫번째 퀴즈는 T/F 문제를 가장 나중에 푸는게 좋음.. 다들 처음이라 TF 먼저 풀다가 본전도 못찾고 0점 맞음, 중간값이 0점이었음 그리고 수업은 꼼꼼히 듣는게 좋습니다! 교수님이 강조하는 개념이 몇가지 있는데 그걸 캐치해냈다면 T/F 문제는 잘 풀 수 있음. 과제는 사람마다 느낀 난이도가 달라서 뭐라 말하기 어렵지만 미리미리 해놓는게 좋음.. 처음 보면 당황하기 마련이라 미리 어떻게 할건지 계획이라도 해놓는게 과제하는 데 문제가 안 생깁니다 교수님은 굉장히 좋은 분이심. 수업 난이도 때문에 무섭게 느껴질 수도 있는데 사실은 되게 친절하시고 유머러스하심. 질문하면 정말 빠르게 피드백해주시고 오프라인 수업으로 들으면 이름도 기억해주십니다. 다른 교수님 수업을 안 들어봐서 모르겠지만 적어도 최형기 교수님 시프는 열심히 따라만 간다면 배우는게 많은 수업임은 확실함. 처음 배우는 시스템 관련 전공인 만큼 익숙하지 않겠지만, 기반을 다진다고 생각하면서 열심히 공부해보시길",,,
1937178-054,https://everytime.kr/lecture/view/1937178,1937178,시스템프로그램,최형기,21년 1학기 수강자,3,네 교수님은 정말 좋으시지만 나머지가 별로라기보다는 힘들고 네 그렇습니다,,,
1937178-055,https://everytime.kr/lecture/view/1937178,1937178,시스템프로그램,최형기,21년 1학기 수강자,4,진짜 열정이 있으시고 친절하셔서 교수님은 좋습니다! 근데.. 어... 수업은... 힘들었어요.. ㅎㅎ....,,,
1937178-056,https://everytime.kr/lecture/view/1937178,1937178,시스템프로그램,최형기,20년 1학기 수강자,4,"교수님는 착하신데, 수업 내용은 착하지 않습니다",,,
1937178-057,https://everytime.kr/lecture/view/1937178,1937178,시스템프로그램,최형기,20년 1학기 수강자,4,전공핵심이지만 2학과목이라 열심히만한다면 충분히 따라갈수 있고 교수님께서 매번 한국말로 요약을 해주시고 질문도 잘 받아주셔서 공부하기 좋았습니다. 그리고 과제가 하다보면 재밌습니다.,,,
1937178-058,https://everytime.kr/lecture/view/1937178,1937178,시스템프로그램,최형기,20년 1학기 수강자,5,"개인적으로 처음에는 강의 자체가 따라가기 힘들었지만, 하다 보면 흥미를 느낄 수도 있고 또한 공부를 한다는 느낌을 받을 수 있다.",,,
1937178-059,https://everytime.kr/lecture/view/1937178,1937178,시스템프로그램,최형기,20년 1학기 수강자,5,"한줄평: 꿀빨기는 불가능하고 시간 투자 많이 한 만큼 점수 주심. 웹엑스로 실시간 강의 진행하셨고, 실강 녹화본 아이캠퍼스에 올려주시는 방식으로 수업 진행했다. 과제는 5번 나왔고, 퀴즈 2번, 중간 & 기말로 성적 평가 하셨다. 수업 굉장히 열정적으로 진행하시고, 학생들 질문 최대한 많이 받아주시려고 노력하시는 편인 것 같았다. 다만, 강의를 영어로 진행하시는데 강의력이...? 대신 강의 시작 15분 동안 한글로 요약정리 해주시는데 그 부분은 좋았다. quiz랑 시험들은 모두 기출문제 올려주셔서, 그거만 풀고 가더라도 어느정도 점수 받을 수 있었다. 시간 날 때 교과서 예제 가끔 풀었는데, 시간을 더 쏟았다면 더더욱 좋은 점수 받을 수 있었을 것이다. 과제는 비트 매니퓰레이션, 밤랩, 윈도우 크랙킹 모두 시간을 투자해야만 했다. 비율은 국제어 비율 채워주신듯 싶었다.",,,
1937178-060,https://everytime.kr/lecture/view/1937178,1937178,시스템프로그램,최형기,20년 1학기 수강자,5,"초반에 과목 자체가 어렵고, 과제도 많고, 4번의 시험이 있다는 말에 겁을 먹었지만, 온라인 강의라 게을러지기 쉬운 나에게는 오히려 도움이 되는 방식이었다. 퀴즈1, 중간, 퀴즈2, 기말 순서로 4번의 시험을 봤다. 모두 온라인이고, 퀴즈는 15분, 중간/기말은 1시간 15분 동안 진행. 시험 전에 항상 기출들을 올려주셔서(답안은 없음) 잘 분석해서 준비하면 적어도 반 이상은 맞는 것 같다. 교수님 강의력이 좋다고 느끼긴 했으나 사실 오프라인이었다면 정말 공부하기 어려웠을 것 같다. 실시간으로 온라인 수업을 들었을 때 국제어이기도 하고 중간중간 단어 몇 개를 못 알아 들으면 다음 내용을 따라가기 어렵다. 온라인이라 다시 여러번 들을 수 있어 다행이었다. 그래도 결과적으로 얻어가는 게 많은 수업인 것 같다. 과제도 이론식이 아니고 문제 풀이식으로 답을 찾아가는 것들이라 재밌었다. 성적은 퀴즈는 그냥 평균 정도, 중간/기말은 평균+20점인데 A+를 주신 것으로 보아 비율은 잘 맞춰서 주신 것 같다.",,,
1937178-061,https://everytime.kr/lecture/view/1937178,1937178,시스템프로그램,최형기,20년 1학기 수강자,5,"가르치는 내용이 어려움. 이해를 위해 첫 발 떼는 것부터 힘듦. 어느 정도를 넘어가서야 좀 이해되는 느낌. 그래서 시험 편차보면 성적 좋은 사람은 하늘을 찌르고 그렇지 못한 대다수가 아래에 모여있는 구조가 나옴. 개인적으로 노력과 시간 투저 정도에 따라 배워가는 부분, 과제와 시험 점수, 학점까지 전부 달라지는 면이 있음.",,,
1937178-062,https://everytime.kr/lecture/view/1937178,1937178,시스템프로그램,최형기,20년 1학기 수강자,5,"소프트웨어 전공핵심 과목이기에 필수적으로 들어야되는 과목이라 여러 수업이 열립니다. 그래서 여러 교수님이 있고, 여러 수업이 있습니다. 최형기 교수님 시스템 프로그래밍도 그런 특징 중하나이고요 최형기 교수님 시스템 프로그래밍은 이런 학생을 위해서 추천합니다. 1. 난 시스템 프로그래밍을 열심히 배우고 싶고 그런 의지가 있다 2. 안 풀리는 문제 풀릴대까지 잡고 있을 자신 있다. 3. 교수님과 소통이 중요하다 4. 시스템 프로그래밍을 위해 매주 시간을 투자할 자신이 있다 하지만 이런 학생들은 추천하지 않습니다 1. 난 학점/졸업요건만 채우면 된다 2. 과제랑 퀴즈가 매우 싫다 제가 이러한 평가를 내리는 이유는 다음과 같습니다. 모든 것은 2020학년도 1학기 기준입니다. 5번의 과제 2번의 퀴즈 2번의 시험 15주동안 진행을 했으니 거의 1~2주마다 시스템 프로그래밍을 위한 이벤트가 열리는 것 입니다. 그래서 공부를 위해서 상당히 많은 시간을 투자 해야 합니다. 과제도 조사과제, 문제풀이, 코딩, 코드 분석 등등 여러 종류로 나오게 됩니다. 퀴즈는 웹워크 실시간으로 진행했는데 첫번째 퀴즈는 75점 만점에 평균 25점, 두번재 퀴즈는 최고점 19점(총점은 모름)에 평균 4.8점 나왔습니다. 과제 평가가 3단계(3점)으로 이루어져 있는데 일반적으로 문제만 다 풀면 2점을 받습니다. 하지만 보고서를 대충쓰면 3점을 절대로 못받는 듯 하네요. 필자도 대충 쓴 보고서는 2점 받고 열심히 쓴 보고서에서만 3점을 받았습니다. 하지만 보통 과제의 평균은 1.5~1.7이기 때문에 문제만 다 풀어서 평균 이상입니다. 참고로 평균이랑 중간값이랑 차이 나는 수업입니다. 나름 고인물들과 포기자들이 평균에 핵심적으로 작용하기 때문에 평균 받았다고 안심하시면 안됩니다. 다시 본론으로 돌아와서 수업력 좋습니다. 확실히 책으로 공부하는 것보다 훨씬 도움이 되었습니다. 기본적으로 영어로 진행하시지만, 수업 진행에 앞서서 저번 수업 내용을 한국어로 복기해주십니다. 이런 부분 때문에 수업을 따라가는게 막 지옥같지는 않습니다. 그리고 학생이 질문을 하시면 성심성의껏 대답을 잘 해주십니다. 만약에 오래 걸리는 거라면 조교님과 나중에 면담(온라인도 가능)을 잡아서 답변 해주시니까 질문 좋아하시는 분이라면 매우 좋은 교수님이실 것입니다. 하지만 그만큼 시험과 퀴즈가 빡세다고 생각하면 될듯 하네요. 퀴즈 비중(중간고사 비중 = 기말소사 비중 = 퀴즈 2번 비중 ) 이 높아서 미니 시험이라고 보셔야 될것입니다. 과제 33233 맞고 퀴즈 평균, 평균이하, 중간 기말 평균 1.8배 맞고 a+ 나왔습니다. 지인들 소식 들어보면 상당히학점이 빡센거 같긴 합니다. 참고로 출석 안불렀어요.",,,
1937178-063,https://everytime.kr/lecture/view/1937178,1937178,시스템프로그램,최형기,20년 1학기 수강자,5,매우 힘들었지만 배운것은 많은 강의였다......... 내년에도 교수님께서 이 수업을 하신다면 듣게 될 후배님들.. 열심히 하세요 호락호락한 과목은 아닐겁니다 ㅠ 과제 모두 내고 퀴즈2번 중간 기말 모두 평균보다 5-10점 높았는데 A0받았습니당 화이팅,,,
1937178-064,https://everytime.kr/lecture/view/1937178,1937178,시스템프로그램,최형기,20년 1학기 수강자,5,다 무난무난합니다. 전공필수인만큼 중요하고 어려운 내용과 그에 걸맞는 변별력있는 시험과 만만치 않은 과제가 있습니다. 아마 대다수가 자신의 공부량이나 실력에 비례해 학점이 나올만한 평가방식이네요.,,,
1937178-065,https://everytime.kr/lecture/view/1937178,1937178,시스템프로그램,최형기,20년 1학기 수강자,5,"기본적으로 어려운 과목입니다 또 그만큼 중요한 과목이기도 하구요.. 원래 인간은 어리석어 쉽게 얻은 지식은 빨리 잊히고, 고생해서 얻은 것들은 오래오래 기억에 남는 법이라고 했습니다. 학점에 관계없이 교수님은 학생들 질문은 모두 받아주시고, 교육에 있어서도 힘쓰셨습니다. 평가도 얼마나 귀찮은 건데요... 지금 돌아보면 이번학기 제일 기억에 남는 건 시스템프로그램이네요.. 무턱대고 피하지마시고 부딪혀보세요 우리가 공부하려고 강의듣지 꿀빨려고 졸업장따려고 듣는건 아니잖아요",,,
1937178-066,https://everytime.kr/lecture/view/1937178,1937178,시스템프로그램,최형기,20년 1학기 수강자,5,교수님이 열정적이십니다. 과목이 과목인지라 내용은 어렵지만 수업 잘 복습하고 교재 꾸준히 읽으시면 다 이해되는 수준입니다. 조교분들이 과제 내용이나 툴에 대한 설명도 자세히 해주셔서 좋았습니다 .,,,
1937178-067,https://everytime.kr/lecture/view/1937178,1937178,시스템프로그램,최형기,20년 1학기 수강자,3,교수님은 좋으신분 같지만 내용자체가 어려워서 따라가기 쉽지않음. 따로 공부 많이 해야할것같고 과제때문에 며칠밤새서 잡고 있었음,,,
1937178-068,https://everytime.kr/lecture/view/1937178,1937178,시스템프로그램,최형기,20년 1학기 수강자,4,전필인만큼 과제가 조오금 많긴 합니다 그래도 별로 어려운 과제들은 아닙니다 퀴즈나 시험은 저는 별로 안어려웠는데 강평에는 어렵다는 말이 많네요,,,
1937178-069,https://everytime.kr/lecture/view/1937178,1937178,시스템프로그램,최형기,20년 1학기 수강자,5,교과서 위주로 공부하고 예습복습 철저히 하면 얻어가는게 많을 것.,,,
1937178-070,https://everytime.kr/lecture/view/1937178,1937178,시스템프로그램,최형기,20년 1학기 수강자,3,성적은 안 나왔지만 퀴즈가 선 많이 넘었지.. 첫퀴즈 90점 만점 (?)에 평균 20 두번째도 30(?)만점에 평균 5 ㅋㅋㅋㅋ 시프 특성상 어려운건 어쩔수 없고 그 이외엔 무난한듯.. 근데 퀴즈는 진짜 통수 오지게 쎄게 때림ㅋㅋ,,,
1937178-071,https://everytime.kr/lecture/view/1937178,1937178,시스템프로그램,최형기,19년 1학기 수강자,2,과목이 과목인지라 공부하는 것도 힘들고 단시간에 풀어야하는 시험 스타일이 맞지 않다면 성적 받기 힘들 수 있음 수업시간에 노트북 및 전자기기 사용 금지,,,
1937178-072,https://everytime.kr/lecture/view/1937178,1937178,시스템프로그램,최형기,19년 1학기 수강자,4,교수님 진짜 재밌으십니다. 과제 맡아주신 조교님도 정말 착하고 좋으십니다. 퀴즈채점이 너무 깐깐하고 시험이 어려운 것 빼고는 괜찮습니다. 꼼꼼하게 푸셔야해요 20점 날라갔습니다 하하하,,,
1937178-073,https://everytime.kr/lecture/view/1937178,1937178,시스템프로그램,최형기,19년 1학기 수강자,5,기말고사 꽁짜 문제 1개 나왔고 교수님이 학생들을 정말 위한다고 느껴짐. 근데 영어... 흠... 한국어 수업이었으면 훨씬 좋았을듯. gcc 문제는 지금 생각 해도 어이없지만 중간 상위 20등 기말 상위 10등 안에 들고 A+ 받음,,,
1937178-074,https://everytime.kr/lecture/view/1937178,1937178,시스템프로그램,최형기,19년 1학기 수강자,1,이 교수님 땜에 자살할 뻔했어 ㅅㅂ. 노잼 쓰레기 수업이다. 교수님도 싫고 시프도 싫어져 버렸어요 ㅠㅠ ㅅㅂㄴ,,,
1937178-075,https://everytime.kr/lecture/view/1937178,1937178,시스템프로그램,최형기,19년 1학기 수강자,5,적어도 교수님은 재밌었다 랩 할때 조교님이 물어보면 자세히 잘 알려줌,,,
1937178-076,https://everytime.kr/lecture/view/1937178,1937178,시스템프로그램,최형기,19년 1학기 수강자,4,"이번학기 들었던 교수님중에 가장 좋았습니다. 1. 과제는 많고 까다롭습니다. 비트 매니퓰래이션, 어셈블리, 프로젝트등 매우 힘들고 교수님께서도 미리미리 겁을 주십니다. 근데 다 진짜입니다. 2. 시험도 어렵습니다. 애매하게 알고가면 점수 깎입니다. 제대로 공부해 가시고, 올려주시는 기출 잘 분석하셔야 합니다. 3. 퀴즈는 시간이 부족합니다. 역시 기출 잘 분석하셔야 하고 주요 유형들 잘 숙달하고 가셔야 합니다. 그래도 교수님께서 매우 친절하시고 수업 잘 이끌어 주셔요. 그리고 어려운것 자체는 다른 교수님 시프 수업 들어본 친구들 이야기 들어보면.... 그냥 과목 특징이 그렇습니다.",,,
1937178-077,https://everytime.kr/lecture/view/1937178,1937178,시스템프로그램,최형기,19년 1학기 수강자,5,과목 어려운건 둘째치고 교수님 열정이 대단하시고 학생들 생각해주시는게 느껴져서 좋았습니다. 열심히 한다고 했는데 시험이 어렵긴 했습니다. 어차피 어려운 과목 질문 많이 하시면서 포기하지만 않으면 학점은 잘 받을수 있을겁니다. 아마도요,,,
1937178-078,https://everytime.kr/lecture/view/1937178,1937178,시스템프로그램,최형기,19년 1학기 수강자,5,출석 진짜 아주 가끔씩 부르심 3번 불렀나?? 근데 수업시간에 얼마나 집중해서 잘 들었느냐에 따라 학점이 갈릴꺼에요. 내용이 어려워서 독학하는데에는 어려움이 있을 뿐만 아니라 교수님이 학생들 이름을 잘 외워서 집중하는 모습을 보이면 참여도 점수에 반영을 해주실거에요. 시험 2번 퀴즈 2번 전부 지난 2번의 시험을 올려주시니까 참고하고 공부하면 되구 과제는 구글링하면 그래도 잘 하실 수 있을꺼에요!! 강의력이 진짜 괜찮았고 전공다운 전공수업을 들은 것 같아요!,,,
1937178-079,https://everytime.kr/lecture/view/1937178,1937178,시스템프로그램,최형기,19년 1학기 수강자,1,내용 존내 어렵고 설명은 뭐라는지도 모르겠고 그냥 믿고 거르면 된다 거르자.,,,
1937178-080,https://everytime.kr/lecture/view/1937178,1937178,시스템프로그램,최형기,19년 1학기 수강자,5,내용도 어렵고 과제도 어렵고 퀴즈도 시험도 어렵고 정말 쉬운게 하나도 없는 수업이지만 교수님이 열정적이시고 유쾌하셔서 수업에 대한 부담은 별로 없었습니다 영어로 수업하시는데 수업 앞부분에는 지난 시간에 배운 내용을 한국어로 정리해주셔서 이해하기 좋습니다 어차피 같이 듣는 사람들 대부분 모르는 내용이라 나만 어려운거 아니니까 시험이나 퀴즈 점수가 잘 안 나와도 포기하지 말고 차근차근 수업 따라가시면 될 것 같습니다 힘들어도 재밌었고 배우는게 많은 수업이었습니다 출석을 매번 하지는 않지만 교수님이 학생들 얼굴 외우시니까 빠지지 않는 게 좋을 것 같습니다,,,
1937178-081,https://everytime.kr/lecture/view/1937178,1937178,시스템프로그램,최형기,19년 1학기 수강자,5,"첫수업에 강평을 보여주면서 위협하신다 실제로 내용도 쉽진 않고 과제도 적진 않다. 시험은 어렵다. 근데 해보면 나름 재미는 있었고 강의도 잘해주심. 학점도 잘 챙겨주시는듯. 출석: 진짜 가끔 이름 부르심 과제: 4번인가 있고 오래 걸리는 편. 그래도 하고 나면 나름 뿌듯함 시험+퀴즈: 각 2번, 지난 2개 기출 아캠에 올려주심. 절대 쉽지 않음 강의: 외국인 없거나 적으면 눈치보면서 한국어 써주시지만 대부분 영어. 한국어 영어 상관없이 잘 가르쳐주심. 질문은 오히려 환영하심. 간혹 보너스점수 걸고 문제내기도 하시니 잘 챙기면 좋을듯? 학점: 예전에는 아닌 것 같았는데 이번에는 거의 꽉 채워주신 것 같음",,,
1937178-082,https://everytime.kr/lecture/view/1937178,1937178,시스템프로그램,최형기,19년 1학기 수강자,5,정말 좋은 교수님입니다. 수업도 잘해주시고 학생들이 편하게 질문할 수 있는 분위기를 만들어주시고 답변도 잘 해주십니다. 과제나 퀴즈가 다른 분반에 비해 조금 많고 어려운 편이기는 했지만 오히려 그래서 더 많이 꼼꼼하게 공부할 수 있었던 것 같습니다. 이번엔 정말 학점도 잘 주신 것 같아요!,,,
1937178-083,https://everytime.kr/lecture/view/1937178,1937178,시스템프로그램,최형기,19년 1학기 수강자,5,정말 좋은교수님. 대학와서 전공에서 처음으로 느껴본 참교수십니다. 학생들을 항상 위하시는게 느껴지십니다. 굉장히 적극적이시고 수업또한 재밌습니다. 하지만 이제 과제랑 시험이 더럽고 빡셉니다...과거와는 다르게 이번엔 학점도 정말 후하게 주신듯합니다 최형기 교수님이라면 강추합니다!!,,,
1937178-084,https://everytime.kr/lecture/view/1937178,1937178,시스템프로그램,최형기,19년 1학기 수강자,5,교수님께서 유쾌하시고 강의력도 좋으시다. 집중해서 과제를 하고 수업을 들으면 배워가는게 많은 강의다. 대신 많이 집중해야 한다. 본인은 과제하면서 너무 오래 앉아있던 나머지 볼기에 병이 났다. 농담 아니다.,,,
1937179-001,https://everytime.kr/lecture/view/1937179,1937179,시스템프로그램,엄영익,26년 1학기 수강자,5,내용 알참 시험은 꽤나 어렵고 평균 낮은 형태 주간 퀴즈 놓쳐도 시험으로 극복가능,,,
1937179-002,https://everytime.kr/lecture/view/1937179,1937179,시스템프로그램,엄영익,26년 1학기 수강자,4,교수님이 귀여우십니다. 설명을 잘하시는지는 모르겠지만 꽤나 꼼꼼하게 알려주십니다.,,,
1937179-003,https://everytime.kr/lecture/view/1937179,1937179,시스템프로그램,엄영익,26년 1학기 수강자,5,이번 학기는 퀴즈가 총 10개였습니다. 퀴즈 범위는 그 전 주까지 들어야 했던 아캠 강의내용이었습니다. 퀴즈가 없는 주에는 대신 과제를 내주셨습니다. 강의력은 상당히 좋으셔서 처음 공부하는 입장에서도 이해하기 수월했습니다.,,,
1937179-004,https://everytime.kr/lecture/view/1937179,1937179,시스템프로그램,엄영익,26년 1학기 수강자,5,배울게 많은 강의. 공부량은 엄청 많아서 힘들어요 ㅠㅠ,,,
1937179-005,https://everytime.kr/lecture/view/1937179,1937179,시스템프로그램,엄영익,26년 1학기 수강자,4,퀴즈 전반(중간이전) 후반 각각 5개씩 봅니다. 퀴즈가 없는 주엔 과제나감 퀴즈 응시자랑 실제 출석자랑 숫자 안맞으면 호명 출첵하십니다. 출석안하고 퀴즈 푸시면 0점처리되고 이후엔 F처리 됩니다.,,,
1937179-006,https://everytime.kr/lecture/view/1937179,1937179,시스템프로그램,엄영익,25년 1학기 수강자,5,"이제 더 들을 수 있을진 모르겠는데 꼭 들으세요. 강의력 GOAT이십니다. 시험은 평소 수업 열심히 들었으면 풀만 하고, 학점은 잘 받았는데 들어보니 엄청 후하진 않으신 것 같아요. 그래도 얻어갈 게 많은 수업입니다.",,,
1937179-007,https://everytime.kr/lecture/view/1937179,1937179,시스템프로그램,엄영익,26년 1학기 수강자,5,공부할게 많습니다 설명도 잘해주시구요 공부량이 많으니 미리미리 공부하셔야 합니다 그래도 배워가는게 많은 수업이라 생각합니다,,,
1937179-008,https://everytime.kr/lecture/view/1937179,1937179,시스템프로그램,엄영익,26년 1학기 수강자,4,강의 내용은 정말 좋은데 양이 정말 많아요..ㅋㅋ 미리 하셔야 돼요,,,
1937179-009,https://everytime.kr/lecture/view/1937179,1937179,시스템프로그램,엄영익,26년 1학기 수강자,5,"강의력 매우 좋으시고 교안도 굉장히 상세해서 학습에 큰 도움이 됩니다. 다만 매주 온라인 강의가 2.5~3시간 업로드되고, 오프라인에선 그 내용으로 퀴즈를 보는데 꽤나 부담스럽습니다.",,,
1937179-010,https://everytime.kr/lecture/view/1937179,1937179,시스템프로그램,엄영익,26년 1학기 수강자,5,진짜 … 6학점 받아야 됨 매주 퀴즈 있고 플립인데 온라인 강의두 2시간은 족히 넘고 개ㅐㅐㅐㅐ빡세고 가끔 수업 시간에 발표도 시키시는데 강의력은 ㅇㅈ 뭔가 배워가는 느낌이 있음.. 그래서 어려워도 좀 더 공부하게 되는 느낌임,,,
1937179-011,https://everytime.kr/lecture/view/1937179,1937179,시스템프로그램,엄영익,26년 1학기 수강자,5,"설명 엄청 잘하십니다. 퀴즈는 거의 매주 보는데, 오히려 이거땜시 시험대비가 잘되는느낌이에요",,,
1937179-012,https://everytime.kr/lecture/view/1937179,1937179,시스템프로그램,엄영익,26년 1학기 수강자,5,교수님 강의력 하나는 좋으신데 매주 보는 퀴즈가 매우매우 부담,,,
1937179-013,https://everytime.kr/lecture/view/1937179,1937179,시스템프로그램,엄영익,26년 1학기 수강자,5,교수님 강의력 좋으시고 배울 내용도 많습니다. 매주 퀴즈를 보기 때문에 힘들지만 덕분에 강의 듣는 것을 미루지 않게 되어좋은 것 같습니다.,,,
1937179-014,https://everytime.kr/lecture/view/1937179,1937179,시스템프로그램,엄영익,26년 1학기 수강자,3,"교수님 강의력은 좋은데, 내용이 어렵습니다….",,,
1937179-015,https://everytime.kr/lecture/view/1937179,1937179,시스템프로그램,엄영익,26년 1학기 수강자,4,어렵습니다.... 교안은 좋습니다 제가 이해를 잘 못했울 뿐..,,,
1937179-016,https://everytime.kr/lecture/view/1937179,1937179,시스템프로그램,엄영익,26년 1학기 수강자,4,"퀴즈가 좀 귀찮긴 한데, 선택할 수 있는 시프중에는 최선이었음. 많이 쉽게 설명해주심. 근데 shift를 자꾸 swift라고 발음하시는 게 많이 거슬림. 그리고 퀴즈를 너무 허술하게 봄. 점수가 크진 않은데, 절평이라 그런가 부정행위가 너무 쉬운 구조임",,,
1937179-017,https://everytime.kr/lecture/view/1937179,1937179,시스템프로그램,엄영익,26년 1학기 수강자,5,양이 겁나 많고 자꾸 쉽죠 라고 하시는데 내 역량이 떨어져서 그런지 따라가기 벅찻음,,,
1937179-018,https://everytime.kr/lecture/view/1937179,1937179,시스템프로그램,엄영익,26년 1학기 수강자,3,강의력은 좋으신데 영상 강의에서 마이크 치는 소리? 움직이는 소리같은거에 고막공격을 너무 많이 당합니다… 상당한 스트레스,,,
1937179-019,https://everytime.kr/lecture/view/1937179,1937179,시스템프로그램,엄영익,25년 1학기 수강자,4,배울게 많았던 강의였음. 강의력이랑 수업자료들도 좋았고 근데 시험에서 탈탈 털려서 성적 꼴아박았어서 4점..,,,
1937179-020,https://everytime.kr/lecture/view/1937179,1937179,시스템프로그램,엄영익,25년 1학기 수강자,4,교수님 강의력이 정말 좋으십니다. 다만 공부량이 정말정말 많습니다... 거의 매주 보는 퀴즈는 다들 잘 보는 것 같은데 시험은 어려워요. 교재 문제 풀어보는 게 도움이 많이 됩니다.,,,
1937179-021,https://everytime.kr/lecture/view/1937179,1937179,시스템프로그램,엄영익,24년 2학기 수강자,5,교수님 강의력이 좋고 분량이 많아요. 퀴즈는 매주 봤고 과제도 마지막 과제는 어려워서 과목 자체에 시간투자를 정말 많이 했지만 배워가는 내용이 많아서 만족합니다. 할 때는 힘들었는데 지금 생각해보면 좋았던것같아요,,,
1937179-022,https://everytime.kr/lecture/view/1937179,1937179,시스템프로그램,엄영익,25년 1학기 수강자,5,강의와 강의안 정말 깔끔합니다. 많이 배웠습니다. 소프트웨어의 기초를 다지기 좋은 수업입니다.,,,
1937179-023,https://everytime.kr/lecture/view/1937179,1937179,시스템프로그램,엄영익,25년 1학기 수강자,5,최고의 수업. 열심히 하면 학점 잘 주시는 듯. 기말고사 엄청 어려웠음. 그래도 학점 잘 받음,,,
1937179-024,https://everytime.kr/lecture/view/1937179,1937179,시스템프로그램,엄영익,25년 1학기 수강자,5,복전생인데 이렇게 강의력 좋으신 교수님은 처음 봅니다,,,
1937179-025,https://everytime.kr/lecture/view/1937179,1937179,시스템프로그램,엄영익,25년 1학기 수강자,5,"강의력 진짜 좋으셔요. 온라인,오프라인 복합인데 온라인 수업영상이 길어요. 1시간15분 절대 아님. 교수님이 초반에 4.5학점 수업이라구 하셧어요ㅎㅎ 퀴즈 거의 매주 봅니다. 퀴즈는 족보랑 비슷한 문제 꽤 많아요. 과제는 총3번이구 1,2번째 과제는 코딩 없고 그냥 문제풀이에요. 3번째 과제가 코딩인데 자신이 가지고있는 코드를 최적화하는 거에요. 학점 잘 주시는 것 같아요. 퀴즈도 거의 매번 5문제 중 2문제 정도는 틀렷고, 1,2번째 과제는 각각 평균보다 20점 정도 낮았어요. 중간은 꽤 잘 봤지만 3번째 과제는 가지고 있는 코드도 없고 너무 막막해서 제출도 안했구요. 기말도 완전 포기해서 공부안하고 대충 끄적여서 거의 백지로 제출햇고요..0점일줄 알았는데 0점은 아니엇어요. 학점 기대1도 안하고 재수강 할려고 했는데 b떴어요.",,,
1937179-026,https://everytime.kr/lecture/view/1937179,1937179,시스템프로그램,엄영익,25년 1학기 수강자,5,교수님이 너무너무 좋으시다. 열정도 있으시고 강의력도 좋으시고 성적도 잘 주신다. 퀴즈 좀 못 봐도 시험 잘 보면 만회 가능. 매주 좀 힘들고 강의 쪼금 졸리다...,,,
1937179-027,https://everytime.kr/lecture/view/1937179,1937179,시스템프로그램,엄영익,25년 1학기 수강자,4,일단 교수님 강의력은 goat십니다 노베입장에서도 이해 안가는 부분 없도록 하나하나 친절하게 설명해주시고 과제도 교재 기반으로 무난하게 주시는 거 같습니다. 다만 그만큼 평균이 높아 꾸준히 열심히 하셔야할거 같긴합니다 성적컷도 생각보다 빡센 느낌이 있는거 같아요,,,
1937179-028,https://everytime.kr/lecture/view/1937179,1937179,시스템프로그램,엄영익,25년 1학기 수강자,4,강의령은 진짜 ㄱㅆㅅㅌㅊ 시험은 교재(60%) + 제대로 된 교안의 이해 분량이 너무 많다 학점은 잘 주시는 것 같다,,,
1937179-029,https://everytime.kr/lecture/view/1937179,1937179,시스템프로그램,엄영익,25년 1학기 수강자,5,"강의력 GOAT. 이 학교를 다니면서 여러 수업을 들었지만, 이 정도 강의력을 가진 교수님을 뵌 적이 없었는데. 엄교수님은 강의력 면에서 압도적이십니다. 매주 수업을 들으면서 한 번에 이해가 안된 적이 없고, 처음 교안 봤을 때 아무리 어렵게 다가와도 수업 다 듣고 나면 다 이해가 되어 있었습니다. 그러다보니 매주 어떤 내용을 배워도 교수님이 어떻게 절 이해시켜 주실지 기대가 될 정도였습니다. 그리고, 퀴즈를 거의 매주 총 10번을 보시는데 부담이 조금 되긴했지만 시험 공부 부담은 많이 던 것 같습니다. 과제는 3번있고, 1,2번째는 문제 푸는 과제입니다. 3번째는 최적화 보고서 쓰는 과제 였는데 3번째 과제는 개인적으로 시간 가는 줄 모르고 정말 재밌게 했습니다. 시험은 공부를 열심히 했던 중간은 못보고 시험공부 던진 기말은 잘 봤어서 당황스러운 면이 있었지만, 교재 내용이나 교안 보면서 충분히 잘 볼 수 있는 수준이라고 생각합니다.",,,
1937179-030,https://everytime.kr/lecture/view/1937179,1937179,시스템프로그램,엄영익,25년 1학기 수강자,5,"갓영익. 강의부터 시험문제, 마무리인 학점까지 최고다. 퀴즈 10번이 귀찮을 수 있으나, 과 특성상 퀴즈 공부하는게 곧 중간, 기말 공부나 마찬가지고, 오히려 타 과목에 집중할 수 있는 시간을 벌어주게 된다. 물론 시험 문제를 잘 풀려면 시프 교재에 있는 연습문제 꼼꼼하게 다 푸는 것이 중요하다. 퀴즈 평균은 생각보다 높고 시험 평균은 생각보다 낮다는 건 사실이다. 과제1,2는 교과서 연습문제를 풀어서 제출하는데 꼼꼼하게 풀이를 작성하는 것이 중요하다. 마지막 과제는 gprof로 코드 최적화해보는 과제인데 시간은 많이 걸리니 미리 해두길 권장한다. 중간과 기말, 과제를 열심히 해놓는 것이 중요하며 중기합 중간값+20 되니 A+ 나왔다. 수업이나 녹강 모두 이해가 쉽게 설명해주시고, 질문도 잘 받아주신다. 다시 시스템 프로그램을 들으라하면 주저없이 이 과목을 들을 것이다.",,,
1937179-031,https://everytime.kr/lecture/view/1937179,1937179,시스템프로그램,엄영익,25년 1학기 수강자,5,뛰어난 강의력과 교수님의 열정에 자연스럽게 공부를 열심히 하게 되는 과목(+퀴즈..) 성적은 중기말 중간값+10점씩 했더니 A+나왔습니다. 너그럽게 주시는 것같아요.,,,
1937179-032,https://everytime.kr/lecture/view/1937179,1937179,시스템프로그램,엄영익,25년 1학기 수강자,5,퀴즈가 거의 매주있는데 충실히 하시면 시험은 전날에 개념 한 번 훑고 연습문제만 가볍게 풀어보시면 되는 정도로 문제가 나와서 꾸준히 하시는 걸 추천드려요,,,
1937179-033,https://everytime.kr/lecture/view/1937179,1937179,시스템프로그램,엄영익,23년 2학기 수강자,5,괜찮아요 매우 친절한 강의력이 좋은 교수님 !! 이라서 좋았습니다,,,
1937179-034,https://everytime.kr/lecture/view/1937179,1937179,시스템프로그램,엄영익,25년 1학기 수강자,5,"10개의 퀴즈 때문에 힘들었지만 얻어가는 건 많은 수업이었습니다. 교수님 강의력도 훌륭하십니다. 과제는 총 3개로 2번의 문제풀이와 gprof를 이용해서 최적화하는 과제였는데, 코드 작성하고 최적화 하는데 많이 힘들었습니다. 최적화 과제에 대해서는 열심히 했다면 점수는 잘 주시는 것 같습니다.",,,
1937179-035,https://everytime.kr/lecture/view/1937179,1937179,시스템프로그램,엄영익,25년 1학기 수강자,4,교수님이 강의력이 좋으셔서 이해가 잘 됩니다. 퀴즈 10번 정도 보고 시험도 어려워서 복습 꾸준히 해야 됩니다,,,
1937179-036,https://everytime.kr/lecture/view/1937179,1937179,시스템프로그램,엄영익,25년 1학기 수강자,4,강의력 좋으시지만 매주퀴즈가 너무 힘들었음..,,,
1937179-037,https://everytime.kr/lecture/view/1937179,1937179,시스템프로그램,엄영익,25년 1학기 수강자,5,교수님이 너무 열정적이고 친절하세요 ㅠㅠ 진짜 최고의 교수님이십니다 ! 배워갈 게 정말 많습니다. 거의 매주 퀴즈가 있기 때문에 꾸준히 공부해야합니다. 그래도 중간고사와 기말고사 때 그만큼 덜 힘듭니다. 시험 난이도도 이 정도면 적절하다고 생각합니다.,,,
1937179-038,https://everytime.kr/lecture/view/1937179,1937179,시스템프로그램,엄영익,25년 1학기 수강자,4,교수님이 엄청 친절하시고 자세하게 잘 알려주십니다. 매주 퀴즈 있는거만 제외하면 좋았습니드,,,
1937179-039,https://everytime.kr/lecture/view/1937179,1937179,시스템프로그램,엄영익,25년 1학기 수강자,5,교수님 강의력 좋으십니다. 녹화영상 분량이 좀 되긴 하는데 그래도 들을만 합니다,,,
1937179-040,https://everytime.kr/lecture/view/1937179,1937179,시스템프로그램,엄영익,25년 1학기 수강자,5,"교수님 정말 잘 가르쳐 주시고 세세하게 알려 주시는데, 제가 빡통입니다.",,,
1937179-041,https://everytime.kr/lecture/view/1937179,1937179,시스템프로그램,엄영익,25년 1학기 수강자,5,"강의력 진짜 좋으십니다. 만약 시프 수업 들어야 한다면, 이 교수님 강의를 추천합니다",,,
1937179-042,https://everytime.kr/lecture/view/1937179,1937179,시스템프로그램,엄영익,25년 1학기 수강자,5,진짜 배움이 있는 강의입니다! 기계어에 대한 이해도가 한 학기만에 이렇게 올라갈 수 있었던건 교수님과 함께였기에..,,,
1937179-043,https://everytime.kr/lecture/view/1937179,1937179,시스템프로그램,엄영익,25년 1학기 수강자,4,교수님의 강의력이 좋습니다. 매주 퀴즈가 있어 번거롭지만 공부를 하게 되어 중간고사를 볼 때에 도움이 많이 되었습니다.,,,
1937179-044,https://everytime.kr/lecture/view/1937179,1937179,시스템프로그램,엄영익,25년 1학기 수강자,5,수업량이 많아 따라가기 벅차지만 강의력이 정말 좋으심,,,
1937179-045,https://everytime.kr/lecture/view/1937179,1937179,시스템프로그램,엄영익,25년 1학기 수강자,4,친절하시고 강의력 좋으십니다. 매주 퀴즈가 있지만 수업만 잘 들으면 어렵지 않게 다 맞을 수 있습니다.,,,
1937179-046,https://everytime.kr/lecture/view/1937179,1937179,시스템프로그램,엄영익,25년 1학기 수강자,5,수업 방식은 온라인 강의를 듣고 오프라인 수업 출석해서 퀴즈풀고 온라인 강의 다시 복습하는 방식입니다. 온라인 강의가 양이 꽤 되는 거 같습니다.,,,
1937179-047,https://everytime.kr/lecture/view/1937179,1937179,시스템프로그램,엄영익,23년 2학기 수강자,4,매주 퀴즈 있고 신경써야할게 많음 다만 강의력은 좋으심,,,
1937179-048,https://everytime.kr/lecture/view/1937179,1937179,시스템프로그램,엄영익,24년 2학기 수강자,5,매주 퀴즈가 있기는 하지만 강의력 정말 좋으십니다.,,,
1937179-049,https://everytime.kr/lecture/view/1937179,1937179,시스템프로그램,엄영익,25년 1학기 수강자,5,내용 자체가 좀 많고 교안 내용도 지인짜 많아요 ㅎ 좀 빡셀수 있는 수업 그래도 명강의,,,
1937179-050,https://everytime.kr/lecture/view/1937179,1937179,시스템프로그램,엄영익,24년 2학기 수강자,3,강의력 좋음 한국어수업인거도 일단 맘에 들음 매주 테스트 있음 학점 너그럽지 않음,,,
1937179-051,https://everytime.kr/lecture/view/1937179,1937179,시스템프로그램,엄영익,24년 2학기 수강자,4,"교수님께서 학생 배려를 많이 해주십니다. 강의력이 매우 좋았습니다 퀴즈는 족보 99퍼센트 재탕입니다 시험은 중간은 족보랑 유사한게 일부 있었는데 기말은 족보유사도가 중간보다 더 떨어졌습니다 중간 딱 퍙균보다 10점 높, 기말 평균보다 3점 높, 과제1 평균보다 10점 높, 과제2 평균보다 12점 높, 과제3 평균보다 30점 높, 퀴즈 전체 50문제 중 47개 맞음 에제 받았습니다 학점 비율 짠지 여부는 직접 판단해보시길",,,
1937179-052,https://everytime.kr/lecture/view/1937179,1937179,시스템프로그램,엄영익,24년 2학기 수강자,3,은근 성적 깐깐하게 주십니다. 과제 점수가 매우 중요한듯합니다,,,
1937179-053,https://everytime.kr/lecture/view/1937179,1937179,시스템프로그램,엄영익,24년 2학기 수강자,5,퀴즈를 매주 보는게 귀찮긴 하지만 그 덕에 공부를 강제로라도 하게 되고 성적도 잘 주시는 것 같습니다. 강의력도 상당히 좋으십니다.,,,
1937179-054,https://everytime.kr/lecture/view/1937179,1937179,시스템프로그램,엄영익,24년 2학기 수강자,5,"수업 잘하시고 퀴즈 때문인진 몰라도 기억에 남는게 많은 느낌입니다 퀴즈를 거의 매주보며 과제는 3회 있었습니다. 퀴즈는 교안 잘 숙지하시고 계산 잘하시면 할만하고, 과제 1,2는 문제풀이라 인터넷 잘찾으면 나와요 과제 3은 코딩을 하긴해야하지만 채점기준이 널널한듯합니다.",,,
1937179-055,https://everytime.kr/lecture/view/1937179,1937179,시스템프로그램,엄영익,24년 2학기 수강자,5,1. 밤랩을 안해서 너무 좋습니다. 2. 퀴즈를 거의 매주 보는데 생각보다 평균이 높습니다. 4. 과제 엄청 꼼꼼히 채점하십니다. 다른 사람들도 열심히해서 평균이 넢습니두. 3. 시험은 생각보다 평균이 낮습니다.,,,
1937179-056,https://everytime.kr/lecture/view/1937179,1937179,시스템프로그램,엄영익,24년 2학기 수강자,5,무조건 들어야 하는 수업. 매주 퀴즈가 있어서 귀찮긴 하지만 강제로 공부를 하게 되고 교수님의 강의력도 최고입니다. 마지막 최적화 과제를 어떻게 해야 하는지 감이 안 잡혀서 어렵긴 했지만 교안에 있는 방법만 잘 따라간다면 점수는 잘 줍니다.. 이번 학기 가장 만족했던 강의입니다.,,,
1937179-057,https://everytime.kr/lecture/view/1937179,1937179,시스템프로그램,엄영익,24년 2학기 수강자,5,"이번학기는 에쁠 엄청 잘주신거 같네요 대충 중간값보가 3, 14 씻 높았는데 과제 점수가 높아서 그런지 에뿔이네요 굳굳",,,
1937179-058,https://everytime.kr/lecture/view/1937179,1937179,시스템프로그램,엄영익,24년 2학기 수강자,5,교수님 강의력 좋으십니다 내용도 어렵다 쉽으면 쉬운 예제 여러개 들어서 천천히 과정별로 설명해주십니다 시험은 대부분 교재 연습문제에서만 나옵니다 개념 살짝 보시고 연습문제만 쭉 풀어도 좋은 점수 나옵니다 과제도 사실 교재 연습문제에서 다 나옵니다 마지막 최적화 과제는 미리 프로그램만 짜놓으면 보고서 쓰는 건 쉬워요 보고서는 체계적으로 단계 나누어서 하면 만점 주시는거 같아요 매주 있는 퀴즈가 스트레스 받기도 했으나 돌이켜 생각해보면 오히려 시험때 부담이 확 줄어든거 같네요 에쁠 컷도 짜다고 해서 걱정 많이 했는데 이번 학기는 줄 수 있으신 만큼 꽉꽉 채워주신거 같아요 추천드립니다,,,
1937179-059,https://everytime.kr/lecture/view/1937179,1937179,시스템프로그램,엄영익,24년 2학기 수강자,5,점수가 생각만큼 안나와도 끝까지 포기하지 마십시오. 학점 깐깐하다는 얘기듣고 걍 던질까 싶었는데 그건 자존심이 허락하지 않아서 어떻게든 열심히 꾸역꾸역 하다보니 생각보다 학점 너그럽게 주십니다.. 강의력 최상에 인품까지 온화한 갓영익 교수님.. 그저 goat.,,,
1937179-060,https://everytime.kr/lecture/view/1937179,1937179,시스템프로그램,엄영익,24년 2학기 수강자,5,교수님의 강의력 하나만으로 수강할 이유가 충분합니다. 거의 매주 퀴즈가 있어서 부담스러울 수도 있지만 긍정적으로 생각하면 미리 시험공부를 해놓을 수 있어서 럭키비키랄까요?,,,
1937179-061,https://everytime.kr/lecture/view/1937179,1937179,시스템프로그램,엄영익,24년 2학기 수강자,4,소프트 기초->심화로 넘어갈 수 있는 관문이 되는 과목같음!! 내용이 많기는 한데 그만큼 얻어가는게 많고 과제 난이도는 무난하나 이번 기말 시험은 정말 어려웠음,,,
1937179-062,https://everytime.kr/lecture/view/1937179,1937179,시스템프로그램,엄영익,24년 2학기 수강자,5,교수님 강의력이 매우 매우 좋으시다. 그러나 가끔은 너무 열정적이셔서 수업 시간을 오바하신다.,,,
1937179-063,https://everytime.kr/lecture/view/1937179,1937179,시스템프로그램,엄영익,24년 2학기 수강자,5,교수님이 정말 좋은 분이십니다 학생들의 편의를 최대한 봐주시고 강의력도 좋으십니다,,,
1937179-064,https://everytime.kr/lecture/view/1937179,1937179,시스템프로그램,엄영익,24년 2학기 수강자,5,시스템 프로그램뿐 아니라 인생에 대한 배움이 있는 강의.,,,
1937179-065,https://everytime.kr/lecture/view/1937179,1937179,시스템프로그램,엄영익,24년 2학기 수강자,5,수업이 좋다를 넘어 안 들으면 손해 수준. 자과캠 인사캠 다 합쳐서 성대 모든 교수님들 안에서도 강의력 손에 꼽힌다고 생각함. 매주 온라인 수업 듣고 퀴즈 푸는게 살짝 귀찮다고 느낄 수도 있지만 시험 기간 되는 순간 오히려 퀴즈 덕분에 웬만한 공부가 다 되어 있는 걸 바로 깨달을 수 있음. 교수님 어조가 나긋나긋하신데 딕션도 좋으셔서 아캠에서 2배속으로 틀어놓고 봐도 싹 다 들리는 수준이라 공부 효율도 좋음. 어떤 과목을 가르치셔도 5점 받으실 교수님임.,,,
1937179-066,https://everytime.kr/lecture/view/1937179,1937179,시스템프로그램,엄영익,24년 2학기 수강자,5,그냥 교수님이 좋으심 이것만으로도 들을 이유 충분할듯.. 강의력도 좋으심 과제는 교재 문제? 같은거 푸는거고 시험도 솔직히 교안에서 거의 다 나옴 진짜 강추,,,
1937179-067,https://everytime.kr/lecture/view/1937179,1937179,시스템프로그램,엄영익,24년 2학기 수강자,5,지금까지 만난 교수님중에 강의력 제일 좋으시다. 강의도 주제별로 나눠서 30-40분 길이로 여러개 올라와서 내용정리도 잘되고 가볍게 보기 좋았다. 매주 퀴즈가 있어서 공부를 미루지 않을 수 있었다.,,,
1937179-068,https://everytime.kr/lecture/view/1937179,1937179,시스템프로그램,엄영익,24년 2학기 수강자,5,매주 퀴즈는 좀 귀찮지만 그래도 강의력 좋으시다. 추천!!,,,
1937179-069,https://everytime.kr/lecture/view/1937179,1937179,시스템프로그램,엄영익,24년 1학기 수강자,5,Goat. 성균관대학교 최고의 강의력. 시프는 엄영익.,,,
1937179-070,https://everytime.kr/lecture/view/1937179,1937179,시스템프로그램,엄영익,22년 2학기 수강자,4,강의력 완벽 But a+ 기준 매우 빡빡 너무 빡빡해서 내가 대머리 될 거 같음,,,
1937179-071,https://everytime.kr/lecture/view/1937179,1937179,시스템프로그램,엄영익,23년 2학기 수강자,5,걍 고트 대학다니면서 들은 수업중 학기끝나고 남은게 가장 많은 과목 강의력도 좋으시고 시험도 낫배드,,,
1937179-072,https://everytime.kr/lecture/view/1937179,1937179,시스템프로그램,엄영익,23년 2학기 수강자,4,"상위 4프로 정도하면 에이쁠 주시는 것 같습니다.. ^^,,",,,
1937179-073,https://everytime.kr/lecture/view/1937179,1937179,시스템프로그램,엄영익,23년 2학기 수강자,5,a+컷이 빡셌음. 풍문으로는 아캠 퍼센트 90이상이 에이쁠 85이상이 에이라고 함. 물론 나는 에이쁠임.ㅋ,,,
1937179-074,https://everytime.kr/lecture/view/1937179,1937179,시스템프로그램,엄영익,23년 2학기 수강자,5,이보다 강의력 좋은 교수님은 본 적이 없습니다. 대신 평소에 해야 할 공부가 많습니다.,,,
1937179-075,https://everytime.kr/lecture/view/1937179,1937179,시스템프로그램,엄영익,23년 2학기 수강자,2,강의력 좋으신 건 인정합니다. 근데 학점이 개짜요 진짜 진심 +컷 깐깐함. 그래서 굳이? 라는 생각이 드네요,,,
1937179-076,https://everytime.kr/lecture/view/1937179,1937179,시스템프로그램,엄영익,23년 2학기 수강자,5,엄교수님 강의력은 가히 솦 최고라 봐도 무방합니다. 한 학기동안 많은 걸 배워갑니다.,,,
1937179-077,https://everytime.kr/lecture/view/1937179,1937179,시스템프로그램,엄영익,23년 2학기 수강자,5,좋은 강의력 덕분에 한 학기동안 많은 것을 배울 수 있었습니다.,,,
1937179-078,https://everytime.kr/lecture/view/1937179,1937179,시스템프로그램,엄영익,23년 1학기 수강자,5,강의력 진짜 좋으심. 시험은 그냥 그럭저럭 무난했음. 매주 퀴즈 보는게 부담은 되는데 미리미리 공부할 수 있어서 좋음.,,,
1937179-079,https://everytime.kr/lecture/view/1937179,1937179,시스템프로그램,엄영익,23년 2학기 수강자,5,강의력 너무 좋으심. 시험은 교과서 연습 문제(인터넷 뒤지면 나옴) 유형 그대로 나오는 듯. 연습 문제 찾아서 풀어보면 좋음. 추천하는 수업!,,,
1937179-080,https://everytime.kr/lecture/view/1937179,1937179,시스템프로그램,엄영익,23년 2학기 수강자,5,매주 공부해야함. 장점 잘 따라갈수 있슴 단점 매주 공부해야하고 따라가야함. 교수님 잘 가리치고 평균은 높다. 노베는 매주 열심히 공부하자…,,,
1937179-081,https://everytime.kr/lecture/view/1937179,1937179,시스템프로그램,엄영익,23년 1학기 수강자,3,강의력은 좋으신데 매주 보는 퀴즈가 어려웠음 과제는 두번 교재 문제 푸는 거랑 코드 최적화 하는 거였는데 촤적화할 코드를 짜는게 좀 귀찮음,,,
1937179-082,https://everytime.kr/lecture/view/1937179,1937179,시스템프로그램,엄영익,23년 1학기 수강자,5,강의를 정말 잘하신다 코딩 못해도 과제 만점 가능 족보를 보면 도움이 된다,,,
1937179-083,https://everytime.kr/lecture/view/1937179,1937179,시스템프로그램,엄영익,23년 2학기 수강자,5,강의력 원탑이십니다 2.0배속으로 온라인 들어도 이해가 될만큼 구성이랑 딕션이 끝내주심,,,
1937179-084,https://everytime.kr/lecture/view/1937179,1937179,시스템프로그램,엄영익,23년 2학기 수강자,5,강의력 정말 좋으셔서 이해가 잘 됩니다. 시프 듣는분은 이 교수님 듣는게 베스트 같습니다.,,,
1937179-085,https://everytime.kr/lecture/view/1937179,1937179,시스템프로그램,엄영익,23년 2학기 수강자,5,"교수님이 수업에 열정적이셔서 배울게 많은 수업. 다만, 과목 자체의 난이도도 어느정도 있는 편이고, 매주 퀴즈도 있기 때문에 요구되는 공부량이 많다",,,
1937179-086,https://everytime.kr/lecture/view/1937179,1937179,시스템프로그램,엄영익,23년 1학기 수강자,4,교수님께서 열정적으로 강의를 해주심. 얻어갈거 많은 수업,,,
1937179-087,https://everytime.kr/lecture/view/1937179,1937179,시스템프로그램,엄영익,23년 2학기 수강자,5,"수업 강의럭 좋으시고, 답변 잘해주시고, 아직 시험은 안 봤으나 퀴즈나 과제로 보면 난이도 잘 해서 내실 것 같아오",,,
1937179-088,https://everytime.kr/lecture/view/1937179,1937179,시스템프로그램,엄영익,23년 1학기 수강자,5,강의 잘하시고 과제기반 시험이니까 과제 열심히 해두면 좋음,,,
1937179-089,https://everytime.kr/lecture/view/1937179,1937179,시스템프로그램,엄영익,23년 1학기 수강자,5,강의 잘하시고 공부할거 많고 과제는 할만함. 최적화도 별거없음,,,
1937179-090,https://everytime.kr/lecture/view/1937179,1937179,시스템프로그램,엄영익,23년 1학기 수강자,4,내용이 어.렵.다! 그리고 매주 퀴즈있어서 열심히 공부할 것,,,
1937179-091,https://everytime.kr/lecture/view/1937179,1937179,시스템프로그램,엄영익,23년 1학기 수강자,5,"매주 퀴즈 있는 거가 고통스럽기는 한데, 나중 가서 시험을 볼 때는 도움이 된 것 같습니다. 강의력은 최상입니다.",,,
1937179-092,https://everytime.kr/lecture/view/1937179,1937179,시스템프로그램,엄영익,23년 1학기 수강자,5,"강의력만 보면 지금까지 대학 수업중에 가장 좋은 것 같아요 설명 정말 깔끔하게 잘하십니다 과제는 큰 부담이 없는 것 같아요 3개 중 2개는 책에 있는 문제 푸는 건데 천천히 생각하면서 풀다보면 풀 수 있을 거라고 생각해요 마지막은 최적화 과제인데 코드 조건이 꽤 맞추기 힘들어요 저도 이전에 한 것 중에는 없어서 과제를 위한 코드를 하나 짜서 했어요 정렬, 루프 등 수업에 배운 내용들을 활용해서 최적화 가능한 코드를 하나 짜고 최적화 하시면 만점 받을 수 있을 거라고 생각해요 매주 퀴즈가 있어서 힘들 수 있지만 이것 때문에 공부 꾸준히 할 수 있어서 시험 기간에는 조금 덜 힘든 것 같아요 시험은 족보랑 책에 연습문제 정도 풀어보면 충분해요 성적도 매우 잘 주시는 것 같아요",,,
1937179-093,https://everytime.kr/lecture/view/1937179,1937179,시스템프로그램,엄영익,23년 1학기 수강자,5,시프는 엄영익!!! 진짜 학생들한테 최대한 잘 해주시고 강의력은 최고고 말하기도 입 아픔 성적도 꽤 잘 주시는 듯 근데 시험은 족보 사서라도 풀고가라 걍 갓 갓 !,,,
1937179-094,https://everytime.kr/lecture/view/1937179,1937179,시스템프로그램,엄영익,23년 1학기 수강자,5,강의력 ㅆㅅㅌㅊ 걍 내가 못해서 B받음 시프는 ㅇㅎㅇ 아니면 엄영익임,,,
1937179-095,https://everytime.kr/lecture/view/1937179,1937179,시스템프로그램,엄영익,23년 1학기 수강자,5,"빛빛빛... 컴퓨터 시스템에 대해 전반적으로 배우는 과목입니다. 교수님께서 강의도 정말 잘하시고, 질문도 잘 받아주십니다. 대학에서 들은 수업 중에서 가장 강의력 좋고 유익했습니다. 매주 퀴즈있어서 힘들기는 하지만 덕분에 꾸준하게 공부할 수 있어 좋았습니다. 퀴즈나 시험은 교재 안에서 나오며, 과제도 마찬가지 입니다. 마지막 과제는 공지 올라온 날부터 미리하는 것이 좋습니다. 교수님께서 하라는 대로만 하면 좋은 성적 받으실 수 있습니다...",,,
1937179-096,https://everytime.kr/lecture/view/1937179,1937179,시스템프로그램,엄영익,23년 1학기 수강자,5,"처음에는 거의 매주 퀴즈를 본다고 해서 잘못 걸렸다 싶었는데, 이게 오히려 중간, 기말 전에 스스로 공부허눈 시건이 돼서 시험 대비하기에 좋았고 중간이나 기말고사도 옆동네 교수님과 달리 교재 문제만 퓰 수 있으면 쉽게 풀수 있을 수준이라 좋아요. 과제도 간단 문제풀기 2번이랑 최적화인데, 최적화 미리미리 코드 준비해놓고 보고서만 열심히 쓰면 만점 주시네용. 한 학기 동안 알차게 잘 배웠어요~",,,
1937179-097,https://everytime.kr/lecture/view/1937179,1937179,시스템프로그램,엄영익,23년 1학기 수강자,5,넓은 지식을 얇게 배움 문제는 지엽적인거 보단 계산 쪽 위주로 나옴 교과서 예제들 풀면 과제 2개랑 시험은 잘볼 수 있음 마지막 과제는 프로그램 최적화인데 그냥 사칙연산 범벅에 구조체 잘 안쓰는 프로그램을 골라야 고생안함,,,
1937179-098,https://everytime.kr/lecture/view/1937179,1937179,시스템프로그램,엄영익,23년 1학기 수강자,5,"매주 퀴즈 봅니다. 과제는 3개에 앞에 2개는 단순 문제풀이, 마지막 과제는 최적화 과젠데 저는 시간이 많이 걸렸습니다. 13주차 쯤에 나오는데 나오자마자 바로 하시는 걸 추천드립니다. 시험은 솔직히 내용 이해하고 교과서 문제 풀 정도면 다 풉니다. 한학기 수업 들으면서 엄교수님이 강의에 굉장히 신경을 많이 쓰신다는 걸 느꼈고 수업 내용또한 좋았습니다. 하지만 열심히 안하면 좀 힘들 수 있습니다. 오프수업 일주일에 한번 가는데 온라인 수업 동영상이 보통 2시간-2시간30분 정도 주셔서 할건 많아요",,,
1937179-099,https://everytime.kr/lecture/view/1937179,1937179,시스템프로그램,엄영익,23년 1학기 수강자,4,강의력은 괜찮으시긴 한데 너무 족보만 믿었다가 기말에서 큰일날 수도 있습니다...,,,
1937179-100,https://everytime.kr/lecture/view/1937179,1937179,시스템프로그램,엄영익,23년 1학기 수강자,5,수업이 정말 좋았습니다 과제는 총 3번이고 2번은 교재문제풀이입니다 퀴즈는 교재에서 나오고 시험은 족보 구하면 좋습니다,,,
2749057-001,https://everytime.kr/lecture/view/2749057,2749057,자료구조개론,이한국,26년 1학기 수강자,4,교수님이 영어로 말하실때 많이 버벅거리시지만 차근차근 잘 설명해주십니다. 시험은 코드외워가면됩니다,,,
2749057-002,https://everytime.kr/lecture/view/2749057,2749057,자료구조개론,이한국,26년 1학기 수강자,4,시험은 TF 문항 배점이 크기 때문에 개념 숙지 + 교안에 나오는 손코딩 암기가 가장 중요합니다. 교수님 영어가 아쉽긴 하지만 교안이 좋기 때문에 교안만 열심히 외우시면 좋은 점수 받으실 수 있습니다,,,
2749057-003,https://everytime.kr/lecture/view/2749057,2749057,자료구조개론,이한국,26년 1학기 수강자,5,교안 내용이 깔끔하게 정리되어있어서 이해가 쉽습니다 교수님도 꼼꼼하게 가르쳐주셔요 다만 영어가 살짝 아쉬워요,,,
2749057-004,https://everytime.kr/lecture/view/2749057,2749057,자료구조개론,이한국,26년 1학기 수강자,5,수업을 매우 열심히 하십니다! 코드에 대한 설명들도 직접 보여주시면서 자세히 설명해주셔서 도움이 많이 된 거 같습니다.,,,
2749057-005,https://everytime.kr/lecture/view/2749057,2749057,자료구조개론,이한국,25년 2학기 수강자,5,Handsome teacher and the content is pretty useful. It will give you the foundation of data structure in a structured way.,,,
2749057-006,https://everytime.kr/lecture/view/2749057,2749057,자료구조개론,이한국,25년 1학기 수강자,4,핸섬한 교수님과 그렇지못한 강의력 그래도 유익합니당,,,
2749057-007,https://everytime.kr/lecture/view/2749057,2749057,자료구조개론,이한국,26년 1학기 수강자,5,국제어 수업이라 아쉬웠지만 수업때 조금 이해하고 교안 독학하면 됩니다 시험 전에 공지사항으로 어떤 형식의 문제가 나오는지 알려주시니까 참고해서 공부하세요,,,
2749057-008,https://everytime.kr/lecture/view/2749057,2749057,자료구조개론,이한국,25년 2학기 수강자,5,교수님도 잘 가르치시고 과제도 많이 없어요 시험은 적당해요,,,
2749057-009,https://everytime.kr/lecture/view/2749057,2749057,자료구조개론,이한국,25년 2학기 수강자,4,영어를 정말 못하시긴 하지만 열심히 하시고 강의 교안이 너무 좋아서 솔직히 교안만 봐도 이해 가능해요 교안 공부하고 코드당 코드 달달 외우면 시험 잘 볼 수 있습니다 과제도 솔직히 지피티 돌리면 금방이에요,,,
2749057-010,https://everytime.kr/lecture/view/2749057,2749057,자료구조개론,이한국,25년 2학기 수강자,5,교수님 친절하시고 교안 깔끔해서 독학 가능 외국인도 많아서 시험 어렵긴 한데 그리 빡세진 않은듯 출석 그냥 전출이여서 부담없고 기준도 널널함 시험은 손코딩이라 어렵긴한데 작년꺼에서 그대로 내는 느낌이고 평균이 별로 안높아서 실습코드만 달달 외우고 교안에 있는 개념 확실히 하면 됨,,,
2749057-011,https://everytime.kr/lecture/view/2749057,2749057,자료구조개론,이한국,26년 1학기 수강자,5,영어를 잘하시지는 않지만 강의에 지장이 갈 정도는 아니고 수업 내용이 교안에 꼼꼼하게 나와있어서 혼자 공부할 때도 편합니다.,,,
2749057-012,https://everytime.kr/lecture/view/2749057,2749057,자료구조개론,이한국,25년 2학기 수강자,4,"시험도 크게 어렵지 않고, 교수님께서 편의도 많이 봐주시고 학점따기도 크게 어렵지 않았기에 저는 추천합니다. 평소에 공부 해두시면 크게 어렵지는 않은것같습니다",,,
2749057-013,https://everytime.kr/lecture/view/2749057,2749057,자료구조개론,이한국,25년 2학기 수강자,5,저는 개인적으로 수업 재미있게 들었어요 외국인 학생 많아요,,,
2749057-014,https://everytime.kr/lecture/view/2749057,2749057,자료구조개론,이한국,26년 1학기 수강자,4,교안이 아주 좋습니다 외국인 학생들이 아주 많습니다,,,
2749057-015,https://everytime.kr/lecture/view/2749057,2749057,자료구조개론,이한국,25년 2학기 수강자,4,학점 잘 주시고 교안 수업도 좋았습니다! 영어강좌라 좀 아쉽고 c언어 알면 좋아요 손코딩 부분점수 없어요.,,,
2749057-016,https://everytime.kr/lecture/view/2749057,2749057,자료구조개론,이한국,25년 2학기 수강자,5,교안보면서 따라가면 충분히 이해할 수 있습니다!! 성적을 정말 너그럽게 주십니다ㅜㅜㅜ,,,
2749057-017,https://everytime.kr/lecture/view/2749057,2749057,자료구조개론,이한국,25년 2학기 수강자,5,"코딩 몰라도 교안 공부 좀 하면 충분히 잘 볼 수 있습니다 과제는 딸깍하면 되고 a0까지는 코딩 노베라도 좀만 보면 가능할듯..? 중간값인지 평균인지는 기억안나는데 난이도에 비해 매우 낮습니다 시험은 개념문제(서술형, tf) 랑 손코딩(코드 중간 채우기) 입니다",,,
2749057-018,https://everytime.kr/lecture/view/2749057,2749057,자료구조개론,이한국,25년 2학기 수강자,4,교수님께서 학점도 잘 주려고 허시는 거 같고 교안 수업 다 깔끔하고 좋았습니다! 시험은 배점이 좀 특이하긴 해요 그리고 손코딩 부분점수 없어요 수업 한국어로 하셨으면 강의력 엄청 좋으셨을 것 같아서 좀 아쉽네요 C언어 처음이라 잘 따라갈 수 있을까 했는데 첫 과목으로 이 수업 고르길 잘 한 것 같습니다,,,
2749057-019,https://everytime.kr/lecture/view/2749057,2749057,자료구조개론,이한국,25년 2학기 수강자,5,국제어수업이라 아쉽지만 그래도 혼자서도 쉽게 공부할 수 있습니다. 조금만 열심히 공부하면 다른 과목에 비해 학점 받기 쉬워요,,,
2749057-020,https://everytime.kr/lecture/view/2749057,2749057,자료구조개론,이한국,25년 2학기 수강자,5,생각보다 평균이 너무 낮아서 좀만 공부해도 성적은 잘나올거 같음. 정 귀찮으면 시험범위 공지에서 하나만 딱 잡고 그파트만 읽어보고가도 비쁠은 나옴,,,
2749057-021,https://everytime.kr/lecture/view/2749057,2749057,자료구조개론,이한국,25년 2학기 수강자,4,성적은 너그럽게 주는 듯. 개념 잘 보는것도 은근 중요함. 코드도 외울수 있으면 최대한 외우는게 좋음. 교수님 영어가 진짜 최악이긴 한데 교안 좋은걸로 커버 가능,,,
2749057-022,https://everytime.kr/lecture/view/2749057,2749057,자료구조개론,이한국,25년 2학기 수강자,4,A감사합니다 기말 손코딩만 다맞고 TF위태로웠는데 감사해요 교수님 ㅠㅠ,,,
2749057-023,https://everytime.kr/lecture/view/2749057,2749057,자료구조개론,이한국,25년 2학기 수강자,4,A 40퍼 주시는데 A+은 좀 짜요 시험은 손코딩으로 나오는데 TF문제가 제일 점수 비중이 커서 개념 숙지가 더 중요해요,,,
2749057-024,https://everytime.kr/lecture/view/2749057,2749057,자료구조개론,이한국,25년 2학기 수강자,3,"영어만 아니엇으면 설명 잘 하시는데 영어때문에 사실상 교안 읽어주기가 되어버렷어요,, 과제는 한 2-3주마다 있는데 가끔 어려운 것도 좀 잇엇어요 셤은 암기만 잘 하면 할만해요",,,
2749057-025,https://everytime.kr/lecture/view/2749057,2749057,자료구조개론,이한국,25년 2학기 수강자,5,C언어 반드시 학습한 이후에 수강해야함. 교안은 흠잡을 데 없지만 영어로 수업한다는 게 교수님의 강의력을 죄다 깎아먹음. 교안 보고 복습하면 충분히 따라갈 수 있으나 시험 직전에 보기 시작하면 답이없음,,,
2749057-026,https://everytime.kr/lecture/view/2749057,2749057,자료구조개론,이한국,24년 2학기 수강자,5,1학년들에게는 어려울 내용입니다. 이를 고려하지 않으시고 불도저로 밀고 나가십니다. 강의력은 좋은 편입니다. 공부 미루시면 혼쭐납니다. 교수님이 연구에 찌드셨는지 곧 쓰러질 모습으로 수업을 하십니다.,,,
2749057-027,https://everytime.kr/lecture/view/2749057,2749057,자료구조개론,이한국,25년 1학기 수강자,5,영어인 것 빼고 다 좋았습니다 설명 잘해주시고 친절하시고 성적도 잘 주십니다,,,
2749057-028,https://everytime.kr/lecture/view/2749057,2749057,자료구조개론,이한국,25년 2학기 수강자,5,강의안 좋아요. 근데 과제가 좀 많아요. 시험은 보통 난이도 정도 됩니다,,,
2749057-029,https://everytime.kr/lecture/view/2749057,2749057,자료구조개론,이한국,25년 2학기 수강자,5,"강의안 좋고, 시험은 생각보다 어렵지만 괜찮음",,,
2749057-030,https://everytime.kr/lecture/view/2749057,2749057,자료구조개론,이한국,25년 2학기 수강자,5,꿀강입니다! 수강하시는 구 추천드립니다! 저는 막학기에 수강했어요,,,
2749057-031,https://everytime.kr/lecture/view/2749057,2749057,자료구조개론,이한국,25년 2학기 수강자,4,자료와 과제는 도움이 많이 되었습니다. 그런에 설명을 더 자세히 하시면 더 나을 것 같아요,,,
2749057-032,https://everytime.kr/lecture/view/2749057,2749057,자료구조개론,이한국,25년 2학기 수강자,5,교안 무척 깔끔하다. 시험은 손코딩이라 생각보다 까다롭다. c언어 모르면 무척 힘들것이다. a비율 40퍼라고 교안에 나와있다. 국제어라 수업듣기 힘들지만 그만큼 외국인 학생이 많아서 성적 받기 수월할 것이다.,,,
2749057-033,https://everytime.kr/lecture/view/2749057,2749057,자료구조개론,이한국,25년 2학기 수강자,5,코드당에서 실습이랑 과제하는데 교안도 깔끔하고 답안도 다 올려주셔서 좋아요,,,
2749057-034,https://everytime.kr/lecture/view/2749057,2749057,자료구조개론,이한국,25년 2학기 수강자,5,교안 잘되어있고 강의 과제 깔끔함. 국제어수업인게 아쉬울 따름.,,,
2749057-035,https://everytime.kr/lecture/view/2749057,2749057,자료구조개론,이한국,25년 2학기 수강자,4,국제어라서 알아듣기 힘들어요 그래도 교안은 잘 되어 있어요,,,
2749057-036,https://everytime.kr/lecture/view/2749057,2749057,자료구조개론,이한국,25년 2학기 수강자,5,영어가 교수님의 강의력을 갉아먹는 것 같아요. 마지막에 한국어로 설명할 때 훨씬 잘 설명해 주셔요. 질문 같은 것 잘 답해주시고 교수님은 자체는 너무 좋으세요. 수업은 C 언어 모르시면 어려우니 배우고 듣는 것 추천드려요.,,,
2749057-037,https://everytime.kr/lecture/view/2749057,2749057,자료구조개론,이한국,24년 2학기 수강자,5,과제가 6번 있었는데 막 그렇게 어렵지는 않았어요 교안에 설명이 잘 되어있고 시험은 코드 달달 외워갔더니 무난했어요 초반 TF문제가 있어서 개념을 잘 보셔야돼요,,,
2749057-038,https://everytime.kr/lecture/view/2749057,2749057,자료구조개론,이한국,25년 1학기 수강자,5,교수님이 국제어 강의만 안하신다면 정말 좋을 강의,,,
2749057-039,https://everytime.kr/lecture/view/2749057,2749057,자료구조개론,이한국,25년 2학기 수강자,5,"교안도 좋고 교수님 설명도 좋아요!! C언어 초보라 어렵긴합니다,,",,,
2749057-040,https://everytime.kr/lecture/view/2749057,2749057,자료구조개론,이한국,25년 1학기 수강자,5,교수님이 열심히 강의를 해주시고 수업 끝나고 한국어로도 잘 답변해주심 초반부에 C 문법 기초도 알려줘서 베이스 없이 들어도 괜찮은 과목,,,
2749057-041,https://everytime.kr/lecture/view/2749057,2749057,자료구조개론,이한국,25년 1학기 수강자,4,독강하면 됩니다. 영어가 좋지는 않으셔요. 코드 다 외우세요. 성적 완전 너그럽지는 않으신 듯,,,
2749057-042,https://everytime.kr/lecture/view/2749057,2749057,자료구조개론,이한국,24년 2학기 수강자,5,"기말고사 겁나 말아먹어서 무조건 재수강 각이다 이라고 생각했는데, 다행히 학점 괜찮게 잘 받음!! 과제는 다 제출했었어서 과제가 좀 중요한것 같음",,,
2749057-043,https://everytime.kr/lecture/view/2749057,2749057,자료구조개론,이한국,25년 2학기 수강자,5,강의 내용은 기본적이면서도 유용한 것. 과제는 처음 마주하면 쫌 빡센데 이미 알려진 것들이라 정 모르면 검색해서 풀면 됨 교수님이 영어를 잘 못하시는데 국제어임. 오히려 그래서 더듬더듬 말하시는 게 귀에 잘 들어옴.,,,
2749057-044,https://everytime.kr/lecture/view/2749057,2749057,자료구조개론,이한국,25년 2학기 수강자,4,친절하심. 근데 c언어 개어려움. 각오는 어느정도 필요할듯.,,,
2749057-045,https://everytime.kr/lecture/view/2749057,2749057,자료구조개론,이한국,25년 1학기 수강자,5,수업이 정말 깔끔하고 과제는 쉬움. 안들을 이유가 전혀 없음.,,,
2749057-046,https://everytime.kr/lecture/view/2749057,2749057,자료구조개론,이한국,25년 1학기 수강자,4,과제 원래 6번인데 이번 학기엔 시간 부족해서 5개만 했고 시험 두 번 봄. 시험에 손코딩 나오는데 수업에서 배운 내용 이해하고 시험 전에 코딩 시험 범위 두 번 정도 돌리고 갔더니 쉽게 풀 수 있는 정도였음. 에타 시험 정보 확인해서 뭐 나오는지 대충 확인하고 가면 좋음. 지난 시험에 나왔던 거 거의 그대로 나와서 그것만 외워가는 친구들도 있었음. 영어 수업인데 엄청 유창하신 건 아니라 오히려 알아듣기 편했음. 그리고 교안이 진짜 잘 되어있어서 수업 시간에 이해 안 되면 혼자 집 가서 다시 보고 공부할 수 있었음.,,,
2749057-047,https://everytime.kr/lecture/view/2749057,2749057,자료구조개론,이한국,25년 1학기 수강자,4,교수님 착하시고 피피티도 괜찮은데 시험은 손코딩으로 코드를 통째로 적어야해서 암기 정말 못하는 나는 다 비워놓고 나왔다 통암기 자신있는 사람이 들으면 좋을듯 암기만 잘하면 코드 작동방식은 이해 못해도 상관없다 과제는 난이도가 있는 편이지만 지피티 적당히 참고해서 하면 괜찮았다,,,
2749057-048,https://everytime.kr/lecture/view/2749057,2749057,자료구조개론,이한국,25년 1학기 수강자,5,"중간, 기말 2개 있고 배우는 내용 자체는 다른 자구개 교수님들보다 어려운 것 같습니다. 시험도 배우고 있는 내용을 암기해서 봐야하는 손코딩이 나오는데, 단순 암기가 아닌 코드 자체를 이해하고 있어야 풀 수 있는 문제를 주로 내십니다. 영어 실력 이슈로 강의력이 떨어지시지만, 그럼에도 질 좋은 교안, 열정적인 교수님 덕에 많이 배우고 갑니다.",,,
2749057-049,https://everytime.kr/lecture/view/2749057,2749057,자료구조개론,이한국,25년 1학기 수강자,5,이번 학기 들었던 과목 중에 제일 널널했던 과목 같습니다. 교안이 정말 잘 되어 있어서 녹강이 없지만 자습으로 충분히 커버 가능해요.,,,
2749057-050,https://everytime.kr/lecture/view/2749057,2749057,자료구조개론,이한국,25년 1학기 수강자,4,교수님이 영어만 안하시면 정말 좋을텐데ㅋㅋㅋ 영어로 말씀하시는 게 큰 족쇄가 되시는 듯함,,,
2749057-051,https://everytime.kr/lecture/view/2749057,2749057,자료구조개론,이한국,25년 1학기 수강자,4,강의력이 좋으시진 않아요 .. 그치만 교안은 잘 되어있고 수업 시간에 나간 코드도 템플릿이랑 완성된거 다 올려 주셔서 혼자 공부하긴 편함. 과제도 5번정도 나가는데 꽤 난이도 있어요 출석은 너그러운 편,,,
2749057-052,https://everytime.kr/lecture/view/2749057,2749057,자료구조개론,이한국,25년 1학기 수강자,5,영어 수업인걸 빼면 모든 면에서 흡족함. 과제 무난하고 시험 개인적으로는 손코딩때문애 조금 어렵고 강의ppt 단계별로 잘 되어있고 영어.....로 스스로에게 족쇄를 채우시고 컴바이오믹스 연계로 들은 노베인데 충분히 따라갈 만 했음,,,
2749057-053,https://everytime.kr/lecture/view/2749057,2749057,자료구조개론,이한국,25년 1학기 수강자,4,괜찮음. 생각보다 내용이 많음. 사전에 코드 많이 외워야할듯,,,
2749057-054,https://everytime.kr/lecture/view/2749057,2749057,자료구조개론,이한국,25년 1학기 수강자,5,일주일에 한번씩 과제 나가고 조별토론 있습니다. 중간대체 과제와 기말은 시험으로 출제됩니다,,,
2749057-055,https://everytime.kr/lecture/view/2749057,2749057,자료구조개론,이한국,25년 1학기 수강자,5,교수님이 친절하시고 과제 무난합니다. 시험도 무난,,,
2749057-056,https://everytime.kr/lecture/view/2749057,2749057,자료구조개론,이한국,25년 1학기 수강자,5,교수님 친절하시고 잘 가르쳐주십니다. 다만 영어에 익숙하지 않으신 게 조금 아쉽습니다.,,,
2749057-057,https://everytime.kr/lecture/view/2749057,2749057,자료구조개론,이한국,25년 1학기 수강자,5,영어를 힘들어 하시지만 교안이 정말 좋아 독학하기 좋습니다,,,
2749057-058,https://everytime.kr/lecture/view/2749057,2749057,자료구조개론,이한국,25년 1학기 수강자,5,영어로 수업하시지만 ppt 그림이 잘되어있어서 이해가 잘 됩니다. 과제 기간도 2주로 널널하게 주십니다.,,,
2749057-059,https://everytime.kr/lecture/view/2749057,2749057,자료구조개론,이한국,25년 1학기 수강자,5,"과목 자체는 재미있고, 수업도 잘하시는 편이시지만, 한국어로 했으면 좋았을 것 같아요.",,,
2749057-060,https://everytime.kr/lecture/view/2749057,2749057,자료구조개론,이한국,25년 1학기 수강자,5,전 과목 자체가 재밌기도 하고 교수님 너무 귀여우셔서 열심히 듣는 중입니다,,,
2749057-061,https://everytime.kr/lecture/view/2749057,2749057,자료구조개론,이한국,25년 1학기 수강자,4,영어수업이라 별로인듯. 한국어라하셧다면 좋앗을텐데,,,
2749057-062,https://everytime.kr/lecture/view/2749057,2749057,자료구조개론,이한국,24년 2학기 수강자,4,왜 영어로 하셔서 스스로 고문을 하시는지 모르겠습니다. 강의력은 포기하세요. 과목 특성상 혼자 공부해도 할만하고 공부한만큼 성적나오는 정직한 과목입니다.,,,
2749057-063,https://everytime.kr/lecture/view/2749057,2749057,자료구조개론,이한국,24년 2학기 수강자,4,좋아요 잘하면 높은 점수 받아요.. 화이팅하세여,,,
2749057-064,https://everytime.kr/lecture/view/2749057,2749057,자료구조개론,이한국,25년 1학기 수강자,5,교수님이 잘생기셨습니다 강의력은 포기하세요,,,
2749057-065,https://everytime.kr/lecture/view/2749057,2749057,자료구조개론,이한국,25년 1학기 수강자,5,영어를 능숙하게 하시진 않지만 열심히 가르쳐 주세요 과제가 많지않아 편합니다,,,
2749057-066,https://everytime.kr/lecture/view/2749057,2749057,자료구조개론,이한국,25년 1학기 수강자,4,강의력이 좋진 않으시지만 자료구조개론 배우기 무난합니다. 과제도 적당하고 진도도 적당해서 좋아요,,,
2749057-067,https://everytime.kr/lecture/view/2749057,2749057,자료구조개론,이한국,24년 2학기 수강자,5,너무 조하았어여 제가 무제에요 너무 조하았어여 제가 무제에요,,,
2749057-068,https://everytime.kr/lecture/view/2749057,2749057,자료구조개론,이한국,24년 2학기 수강자,5,진짜 설명도 잘 해주시고 과제나 시험도 적당합니다. 단점이라고 한다면 영어발음 정도 ㅎㅎ.. 영상으로도 강의 찍어주시기 때문에 그거 보고 충분히 공부 가능합니다. 시험이 쉬울 수 있어서 A컷이 엄청 올라가긴 하는데 공부 하면 그정도는 듭니다.,,,
2749057-069,https://everytime.kr/lecture/view/2749057,2749057,자료구조개론,이한국,24년 2학기 수강자,4,중간 평균보다 3점 낮고 기말 평균보다 5점 높게보고 과제 총 5점 정도 감점된거같은데 에제 나옴 코드 외우는 것도 좋은데 앞에 ox퀴즈가 훨씬 중요함 배점이 더 커서. Ox퀴즈만 다맞고 나머지 다 못풀어도 평균나오는 점수임. 강의력은 좋지 않음 초반에만 수업 듣고 이후엔 수업때 다른 과제함,,,
2749057-070,https://everytime.kr/lecture/view/2749057,2749057,자료구조개론,이한국,24년 2학기 수강자,5,"교수님께서 국제어수업임에도 불구하고 폭넓으면서 주요 자료구조 지식들을 학습할 수 있었던 강의이면서, 차후 알고리즘개론 내용도 조금 배워갈 수 있었던 유익한 강의. 과제의 경우 코테처럼 시간복잡도와 공간복잡도를 고려해서 하다보니, 쉽지는 않았지만, C언어와 친해질 수 있었던 시간이 늘어나 좋았다. 중간, 기말 만만하지 않으니, 교안은 열심히 보는 게 중요하다. 중간이든 기말이든 한 번 나락가면 A+은 물 건너갔다고 봐라. 80점 넘기면 A+ 주는 느낌인 것 같다.",,,
2749057-071,https://everytime.kr/lecture/view/2749057,2749057,자료구조개론,이한국,24년 2학기 수강자,4,교수님은 잘 가르치시죠... 제가 못났을 뿐입니다...,,,
2749057-072,https://everytime.kr/lecture/view/2749057,2749057,자료구조개론,이한국,24년 2학기 수강자,5,씨언어 하나도 모르는데 연계전공 때문에 울며 겨자먹기로 들었습니다ㅜㅜ 기본적인 씨언어 작동은 알고 계셔야 듣기 수월할 것 같아요 저는 하나도 몰라서 책 사서 독학했어요... 중간은 평균 맞고 과제 6개는 총합 평균보다 조금 높았고 기말은 평균보다 좀 많이 낮아서 걱정했는데 비쁠 주셨어요ㅎㅎ 코드 구현하는 법 몰라도 기본 개념만 잘 숙지하고 계셔도 평균 정도는 맞으실 수 있을 것 같아요! 교수님 넘 좋으세요ㅎㅎ 친절하셔요~,,,
2749057-073,https://everytime.kr/lecture/view/2749057,2749057,자료구조개론,이한국,24년 2학기 수강자,5,"교수님이 영어를 버거워 하시지만 열심히 설명해주십니다. 피피티 교안에 자세히 나와있어서 독학으로 충분히 가능해요! 손코딩이 시험에 많이 나와서 좀 힘들었지만, 공부만 한다면 좋은 성적 받아가실 수 있을 거예요! 저는 C언어부터 공부하느라 힘들었는데 기초 지식 있으시다면 어렵지는 않습니다",,,
2749057-074,https://everytime.kr/lecture/view/2749057,2749057,자료구조개론,이한국,24년 2학기 수강자,5,영어 강의가 쉽지는 않지만 교안도 좋고 구름 실습도 잘 나와 있어서 공부하기에는 괜찮았습니다.,,,
2749057-075,https://everytime.kr/lecture/view/2749057,2749057,자료구조개론,이한국,24년 1학기 수강자,5,교수님 넘 기여워용 자료구조의 자 자도 모르는 상태로 학기가 끝낫지만 상상도 못할 성적을 주셔서 정말 감사했습니다.. 성적을 꽤나 잘주시는듯 시험은 교안이 워낙 깔끔해서 교안이랑 주신 코드 달달 외웟어요 소숫점 자리로 깎인 적 몇 번 있긴 하지만 과제도 그렇게 안어려웠어요 ㅎㅎ 강의력은 그냥 한국어로 해주셧느면 좋겟다는 생각... 영어로 들어서 아쉬웠던 수업 그래도 출튀하는 사람이 넘 많아서 저라도 열심히 들으러 갔어요 교스님 감사합니다,,,
2749057-076,https://everytime.kr/lecture/view/2749057,2749057,자료구조개론,이한국,24년 1학기 수강자,5,국제어 수업이라서 무서웠는데 생각보다 들을만해요 ! 과제도 웬만하면 다 풀 수 있고 시험도 다 교안에서 나와요,,,
2749057-077,https://everytime.kr/lecture/view/2749057,2749057,자료구조개론,이한국,24년 2학기 수강자,5,국제러수업이라 교수님이 힘들어하심 근데 교수님 진짜 좋은 교수님이심 Ppt만 잘 공부해도 좋을듯,,,
2749057-078,https://everytime.kr/lecture/view/2749057,2749057,자료구조개론,이한국,24년 2학기 수강자,4,"교수님 엄청 착하시고 신경써주기는게 보입니다만, 영어를 일단 너무 버벅거리셔서 수업때 듣기 어려웠습니다. 적당히 독학하고 알아서 공부하셔서 시험 TF만 잘 챙겨도 무난히 학점 받을겁니다",,,
2749057-079,https://everytime.kr/lecture/view/2749057,2749057,자료구조개론,이한국,24년 2학기 수강자,5,국제어 수업때문에 버거워 하시는게 보이지만 굉장히 친절하시고 자세히 설명해주신다. 좋은 교수님 :),,,
2749057-080,https://everytime.kr/lecture/view/2749057,2749057,자료구조개론,이한국,24년 1학기 수강자,4,초임교수님이셔서 아무런 정보도 없이 중간기말 보느라 엄청 고생 많이했습니다. 절대평가 과목이지만 교수님깨서 40퍼센트 a정도로 비율 조정하신다고 했어요. 80점 못넘겨도 a가능하니까 끝까지 포기하지 않는게 중요! 강의력은 한국어로 했으면 좋았을텐데 영어가 익숙하지 않으신것 같아서 아쉬웠어요. 그래도 교안은 보기 편하고 코드도 따로 올려주셔서 유튭보면서 독학했습니다. C언어를 잘 하면 어렵진 않을거에요. 저는 코딩을 다 까먹어서 처음부터 다시 공부하느라 중간은 평균보다 많이 낮고 기말때 만회했습니다. 참고로 시험에 손코팅 나옵니다,,,
2749057-081,https://everytime.kr/lecture/view/2749057,2749057,자료구조개론,이한국,24년 1학기 수강자,5,"시험 2회, 과제 6회 과제는 혼자서 할 수 있는 수준이고 특히 스켈레톤 코드 주시면 더 수월하게 할 수 있음 멍청한 실수만 하지 않는다면 ㄱㅊ음 시험은 tf문제를 틀리면 점수 수직하강하니까 개념 숙지 중요하고 손코딩은 교수님이 주신 코드 외워도 되지만 어떤 작업을 수행하는건지 이해하는게 셤칠때 도움 됨",,,
2749057-082,https://everytime.kr/lecture/view/2749057,2749057,자료구조개론,이한국,24년 1학기 수강자,4,"전전에서 자구 수업을 열어주지 않은 관계로, 비전공으로 수강한 전자전기공학부 학생입니다. 전전 기준 프기실 수업 정도만 수강했으면 충분히 따라올 수 있는 수업입니다. 과제는 6번 나오고, 충분히 혼자서 해결할 수 있는 난이도입니다. 시험 같은 경우는 중간 30, 기말 35 만점이고, T/F , 간단한 증명, 손코딩 문제가 출제됩니다. 손코딩의 경우에는 교수님께서 매 수업 끝나고 올려주시는 코드들 그대로 출제하시니 달달 외워가는 것 추천합니다. 증명의 경우에는 주로 수식 문제들이 출제됩니다. T/F의 경우에는 틀리면 점수가 까이는 시스템이라 점수 비중에서 꽤 큰 부분을 차지합니다. 아무래도 교수님께서 코딩도 코딩이지만, 관련 개념을 숙지하는 것을 꽤나 중요하게 생각하시는 것 같습니다. 교안도 깔끔하고 교수님께서 학생들 편의 최대한 많이 봐주시려고 하는 것이 느껴졌습니다. 국제어로 수업하는데, 교수님께서 좀 많이 버거워하십니다... 전전에서 SW 쪽이나 HLS를 이용한 디지털 설계, 컴퓨터 아키텍처나 임베디드 쪽에 관심 있으면 충분히 도움 되는 수업입니다.",,,
2749057-083,https://everytime.kr/lecture/view/2749057,2749057,자료구조개론,이한국,24년 1학기 수강자,5,"새로 오신 분 같은데 아주 좋은 교수님 같아요. 교수님의 수업을 잘 알아듣기 어려웠는데, 아마도 제 영어 실력의 문제라고 판단되네요... 그래도 학점을 정말 잘 주십니다. 진짜 감사합니다.",,,
2749057-084,https://everytime.kr/lecture/view/2749057,2749057,자료구조개론,이한국,24년 1학기 수강자,4,영어로 진행하는 수업이었어서 알아듣기 매우 어려웠습니다.. 그러나 양질의 피피티와 친절한 교수님 덕분에 독학하기 충분한 과목이었습니다. 시험 난이도는 적절했습니다.,,,
2749057-085,https://everytime.kr/lecture/view/2749057,2749057,자료구조개론,이한국,24년 1학기 수강자,5,교수님 대학생 때 icpc worlds final 진출도 하시고 완전 날라디니셨습니다. 그렇지만 강의력이 좋지는 않습니다. 대부분 자료구조 구현하는 식으로 수업이 진행됩니다. 그렇지만 교수님 무척 좋으신분 같아요 질문 정말 잘 대답해 주십니다!,,,
2009720-001,https://everytime.kr/lecture/view/2009720,2009720,자료구조개론,염익준,26년 1학기 수강자,5,온라인 수업이라 너무 좋고 시험문제는 족보 타긴타는데 조금씩 변형해서 내시네요,,,
2009720-002,https://everytime.kr/lecture/view/2009720,2009720,자료구조개론,염익준,26년 1학기 수강자,5,교수님께서 개념을 잘 설명해주셔서 이해하기 쉬웠습니다,,,
2009720-003,https://everytime.kr/lecture/view/2009720,2009720,자료구조개론,염익준,26년 1학기 수강자,5,알찬 내용으로 가득한 행복한 수업 소스가 있어야 시험도 행복하게 볼 수 있습니다,,,
2009720-004,https://everytime.kr/lecture/view/2009720,2009720,자료구조개론,염익준,26년 1학기 수강자,5,싸강 야미 내용 무난무난 할만함 강추 자료구조 -> 알고리즘 이렇게 연계되는게 꽤 있음,,,
2009720-005,https://everytime.kr/lecture/view/2009720,2009720,자료구조개론,염익준,25년 1학기 수강자,5,"자료구조개론에 대해서 배울 수 있는 강의. 온라인에 과제도 많이 없고, 시험도 어렵지 않다.",,,
2009720-006,https://everytime.kr/lecture/view/2009720,2009720,자료구조개론,염익준,25년 2학기 수강자,5,온라인 강의라서 좋습니다. 시험도 그렇게 어렵진 않았어요.,,,
2009720-007,https://everytime.kr/lecture/view/2009720,2009720,자료구조개론,염익준,26년 1학기 수강자,4,Ppt 를 필기본으로 주시는게 너무 아쉬움. (마우스 필기라 전혀 쓸모가 없음) 퀴즈 매주 3개 나오는게 귀찮음 딱히 배우는건 없는 느낌,,,
2009720-008,https://everytime.kr/lecture/view/2009720,2009720,자료구조개론,염익준,26년 1학기 수강자,5,시험이 족보랑 너무 똑같아서 공부한 보람이 없네요 일주일에 두세시간정도 공부하면 시험때 공부할게 별로 없어요,,,
2009720-009,https://everytime.kr/lecture/view/2009720,2009720,자료구조개론,염익준,24년 1학기 수강자,5,꿀강중에 꿀강. 수업 잘 따라오면 학점 잘줌. 근데 갈수록 빡세지는 느낌입니더,,,
2009720-010,https://everytime.kr/lecture/view/2009720,2009720,자료구조개론,염익준,25년 1학기 수강자,5,강의를 온라인으로 올려주셨지만 설명을 자세히 해주셔서 좋았습니다. 시험은 에타 시험정보에 나왔던 부분이 거의 그대로 나왔었습니다.,,,
2009720-011,https://everytime.kr/lecture/view/2009720,2009720,자료구조개론,염익준,26년 1학기 수강자,4,C언어를 모르는 분은 엄청 힘들어요. C언어 기반이니 기본적인 코드는 읽을 줄 알아야하고 손코딩 할 줄 알아야 합니다. 자료구조에 대한 부분들은 그리 어렵지 않지만 코드로 직접 구현하는 것이 빡세기에 자신 없으신 분은 추천 안드립니다. 하지만 C언어도 언젠가 해야되고 자료구조도 어느정도 알고 싶은 분은 추천합니다. 매주 퀴즈 3개가 출석 대용으로 사용되니 그것도 염두해두어야합니다. AI돌리면 금방이긴 하지만 공부를 해서 풀려고 하면 이 강의로 코딩을 처음 해보시는 분은 힘들어요. 과제는 마지막 프로젝트 과제 있습니다.,,,
2009720-012,https://everytime.kr/lecture/view/2009720,2009720,자료구조개론,염익준,26년 1학기 수강자,5,온라인 강의라 편해요.. 그치만 전 코딩 못하는 응애,,,
2009720-013,https://everytime.kr/lecture/view/2009720,2009720,자료구조개론,염익준,26년 1학기 수강자,5,교수님께서 설명을 쉽게 하시려고 노력하시는 게 느껴져요 데분기 외에 C 지식은 아예 없는데 추가로 공부 좀 하면서 들으면 따라갈 만은 한 것 같습니다,,,
2009720-014,https://everytime.kr/lecture/view/2009720,2009720,자료구조개론,염익준,26년 1학기 수강자,5,온라인이라 강의듣기 편하고 과제가 매주 있긴한데 쉬워서 괜찮았습니다,,,
2009720-015,https://everytime.kr/lecture/view/2009720,2009720,자료구조개론,염익준,26년 1학기 수강자,3,"교수님은 괜찮습니다만… 내용을 따라가지 못하는 제 잘못이겠죠.. 정말 너무 어렵습니다. 특히 파이썬만 하고, C를 해본 적이 없는 학생들은 저처럼 피보고 싶지 않으시면 듣지 마세요… 정말 너무 힘듭니다..ㅠㅠ",,,
2009720-016,https://everytime.kr/lecture/view/2009720,2009720,자료구조개론,염익준,25년 여름 수강자,4,내용이 어려워요... 다만 온라인이라 편했습니다,,,
2009720-017,https://everytime.kr/lecture/view/2009720,2009720,자료구조개론,염익준,26년 1학기 수강자,5,설명을 잘해쥬셔요 교안 ㅏ름 괜찮고 전반적으로 깔끔햇습니다,,,
2009720-018,https://everytime.kr/lecture/view/2009720,2009720,자료구조개론,염익준,26년 1학기 수강자,5,기본적인 c언어 지식이 없다면 수업만 듣고 이해 불가능해보여서 기본적인 c 공부하고 듣는 거 추천. 수업은 유익함,,,
2009720-019,https://everytime.kr/lecture/view/2009720,2009720,자료구조개론,염익준,25년 2학기 수강자,5,설명잘하시고 좋음 시험이좀 족보 영향을 받는듯한 느낌이들긴하지만 배울거는 많은 강의,,,
2009720-020,https://everytime.kr/lecture/view/2009720,2009720,자료구조개론,염익준,26년 1학기 수강자,5,퀴즈 매주마다 3개씩인데 하나도 안어려움 교수님 매우 피곤해보이심,,,
2009720-021,https://everytime.kr/lecture/view/2009720,2009720,자료구조개론,염익준,25년 2학기 수강자,4,스트레스 안받고싶으면 등록. 교수님도 아마 같은마음인듯함. 매주 온라인에 강의수강확인용 퀴즈 (30분컷)만 풀면 됨. 시험은 기출에서 숫자만 바꿔나왔음.,,,
2009720-022,https://everytime.kr/lecture/view/2009720,2009720,자료구조개론,염익준,26년 1학기 수강자,5,온라인강의여서 편함. 독학하는게 나을거같기도,,,
2009720-023,https://everytime.kr/lecture/view/2009720,2009720,자료구조개론,염익준,24년 2학기 수강자,5,개꿀 과목 성적도 나쁘지 않게 주심 시경 필수 과목,,,
2009720-024,https://everytime.kr/lecture/view/2009720,2009720,자료구조개론,염익준,25년 2학기 수강자,5,족보랑 아예 똑같이 나와서 좀 당황했습니다.. 온라인이라 부담은 없는거 같고 과제는 일주일에 하나씩 있어요. 마지막에 레포트? 쓰는거 있는데 창의력이 좀 중요한 것 같아요,,,
2009720-025,https://everytime.kr/lecture/view/2009720,2009720,자료구조개론,염익준,26년 1학기 수강자,5,매주 과제가 있습니다. 족보구하시는걸 추천드립니다.,,,
2009720-026,https://everytime.kr/lecture/view/2009720,2009720,자료구조개론,염익준,26년 1학기 수강자,5,온라인 강의이고 편하게 들으세요 과제는 주에 1개있어요,,,
2009720-027,https://everytime.kr/lecture/view/2009720,2009720,자료구조개론,염익준,25년 2학기 수강자,4,c언어 모르면 빡셈 시험 적당히보고 프젝 잘하면 a는 나오네요,,,
2009720-028,https://everytime.kr/lecture/view/2009720,2009720,자료구조개론,염익준,25년 2학기 수강자,5,편하게 자료구조에 관해 배울 수 있음 다만 많이 얻어가고 싶다면 오프라인 강의를 듣는 것을 추천함,,,
2009720-029,https://everytime.kr/lecture/view/2009720,2009720,자료구조개론,염익준,25년 2학기 수강자,5,에타 족보와 정망 똑같이 나옵니다!! 그것만 보셔도 될듯 ! 그래서 항상 만점자가 존재함,,,
2009720-030,https://everytime.kr/lecture/view/2009720,2009720,자료구조개론,염익준,26년 1학기 수강자,3,음... 솔직히 뭘 배워가는지 모르겠어요. 슬라이드에 오타도 좀 있고 퀴즈도 별로 유익하진 않은 거 같어요...,,,
2009720-031,https://everytime.kr/lecture/view/2009720,2009720,자료구조개론,염익준,25년 2학기 수강자,5,족보 딸깍이니까 피눈물 나게 암기하지마세요..,,,
2009720-032,https://everytime.kr/lecture/view/2009720,2009720,자료구조개론,염익준,26년 1학기 수강자,5,온라인이라 편하고 내용도 과제풀면 이해하는데 도움 많이 됐어요,,,
2009720-033,https://everytime.kr/lecture/view/2009720,2009720,자료구조개론,염익준,26년 1학기 수강자,4,온라인이라 편하고 강의력 좋습니다. 편하게 들으십쇼,,,
2009720-034,https://everytime.kr/lecture/view/2009720,2009720,자료구조개론,염익준,25년 2학기 수강자,4,온라인이라 편하지만 시험 족보가 돕니다 꼭 보고가세요,,,
2009720-035,https://everytime.kr/lecture/view/2009720,2009720,자료구조개론,염익준,26년 1학기 수강자,5,매우 좋고 매우 편한 강의입니다. 적극 추천합니다 꼭 들으세요,,,
2009720-036,https://everytime.kr/lecture/view/2009720,2009720,자료구조개론,염익준,25년 2학기 수강자,5,시험 족보 그대로 나오는 염고트. 족보 위주로 공부하면 에이쁠 낭낭하게 챙기실 수 있습니다.,,,
2009720-037,https://everytime.kr/lecture/view/2009720,2009720,자료구조개론,염익준,26년 1학기 수강자,5,"매주 과제가 있는데, 부담될 정도는 아닙니다!",,,
2009720-038,https://everytime.kr/lecture/view/2009720,2009720,자료구조개론,염익준,26년 1학기 수강자,5,매주 과제가있음 근데 난이도가 괜찮아서 부담은 안됨,,,
2009720-039,https://everytime.kr/lecture/view/2009720,2009720,자료구조개론,염익준,26년 1학기 수강자,4,사실 강의력이 좋으신 지는 잘 모르겠음. 그냥 어영부영 넘어가시는 느낌. 매주 퀴즈가 있는데 부담이 크진 않음.,,,
2009720-040,https://everytime.kr/lecture/view/2009720,2009720,자료구조개론,염익준,25년 2학기 수강자,5,"온라인이라 편했고, 시험도 어렵지 않았음. 이번 학기의 경우에는 족보가 그대로 나오기도 함.",,,
2009720-041,https://everytime.kr/lecture/view/2009720,2009720,자료구조개론,염익준,25년 2학기 수강자,4,온라인이여서 너무 좋았던 수업 근데 족보 있고없고 차이가 너무 심함,,,
2009720-042,https://everytime.kr/lecture/view/2009720,2009720,자료구조개론,염익준,25년 2학기 수강자,4,족보보면 개꿀인 수업 무조건 최근 족보 구하삼 안구하면 후회한다,,,
2009720-043,https://everytime.kr/lecture/view/2009720,2009720,자료구조개론,염익준,25년 2학기 수강자,5,굿 족보많이타니까 족보보고가셈 과제는 그리 안 빡센듯?,,,
2009720-044,https://everytime.kr/lecture/view/2009720,2009720,자료구조개론,염익준,25년 2학기 수강자,5,과제도 간단하고 시험도 수업 내용 잘 들어두면 충분히 다 풀수 있는 문제들이 나옵니다,,,
2009720-045,https://everytime.kr/lecture/view/2009720,2009720,자료구조개론,염익준,25년 2학기 수강자,5,"절대평가 강의였습니다. 강의력이 좋은 편은 아니시지만 그래도 수업 영상 듣고 개인적으로도 공부를 더 하시면 얻어가는 거 꽤 있으실 거에요. 전부 온라인이라 편하고 주차과제를 해야 출석 인정이 되는데, 어렵진 않습니다. 시험은 중간, 기말 2번 치는데 전부 교안에서 거의 그대로 나오고 코드 적는 게 생각보다 많진 않아요. 코드는 한 3줄정도 빈칸으로 나옵니다. 그마저도 원리를 이해하면 안 외워도 적을 수 있을 정도. 그래서 평균이 엄청 높습니다. 중간 프로젝트 과제가 있는데 LLM에 사용되는 자료구조를 AI를 활용해서 구현하고 테스트하는 건데, 대부분 점수 잘 주시는 것 같습니다.",,,
2009720-046,https://everytime.kr/lecture/view/2009720,2009720,자료구조개론,염익준,25년 2학기 수강자,4,온라인 강의라 편히 수업받을수 있어요. 공부한거와 시험결과는 별개인거 같아요,,,
2009720-047,https://everytime.kr/lecture/view/2009720,2009720,자료구조개론,염익준,25년 2학기 수강자,5,매주 출석퀴즈 있는데 귀찮긴 해도 어렵진 않습니다. 보고서는 적당히 열심히만 쓰면 다 만점 주시는 것 같습니다. 온라인강의라 개꿀,,,
2009720-048,https://everytime.kr/lecture/view/2009720,2009720,자료구조개론,염익준,25년 2학기 수강자,5,"교수님께서 귀여우시고 강의도 잘 가르치십니다. 근데 시험 문제를 족보 그대로 사용하셔서.. 제대로 학습한 학생들의 성취 의욕이 다소 떨어질 듯 합니다. 조금 심하게 말하면 강의 안 듣고, 코드도 이해 못한 상태로 족보만 외워도 만점 가능하다고 봅니다. 시험은 개선될 필요가 있어 보입니다..",,,
2009720-049,https://everytime.kr/lecture/view/2009720,2009720,자료구조개론,염익준,25년 2학기 수강자,5,온라인이고요 과제 매주 잇어요 교수님 얼굴을 뵐 수가 없어요 근데 학점 후하십니다,,,
2009720-050,https://everytime.kr/lecture/view/2009720,2009720,자료구조개론,염익준,25년 2학기 수강자,4,평에 족보얘기 많은데 족보랑 똑같이 나온 건 인정하지만 강의가 나쁜지는 잘 모르겠습니다. 정석 자료구조 커리큘럼에서 살짝씩 엇나가거나 안하고 건너뛰는게 있긴 한데 그런대로 재미있게 들었습니다.,,,
2009720-051,https://everytime.kr/lecture/view/2009720,2009720,자료구조개론,염익준,25년 2학기 수강자,3,족보 재탕인데 그거 치고 A+이 엄청 후하진 않음. 점수가 다 빽빽히 몰려있어서 실수하면 안됨.,,,
2009720-052,https://everytime.kr/lecture/view/2009720,2009720,자료구조개론,염익준,25년 2학기 수강자,5,그냥 족보의 신이십니다. 적게 공부하고 A+ 잘 받고 갑니다.,,,
2009720-053,https://everytime.kr/lecture/view/2009720,2009720,자료구조개론,염익준,25년 2학기 수강자,3,강의 자체는 좋은데 시험문제가 그냥 완전히 족보재탕입니다. 교안 전체 공부할 필요 없고 그냥 족보보고 필요한 부분만 보고 가세요,,,
2009720-054,https://everytime.kr/lecture/view/2009720,2009720,자료구조개론,염익준,25년 2학기 수강자,4,족보공부와 시험때 실수안하시는 분들한테 추천합니다.과제가 있긴한데 변별력은 없습니다.,,,
2009720-055,https://everytime.kr/lecture/view/2009720,2009720,자료구조개론,염익준,25년 2학기 수강자,1,"A+ 받았는데도 학점 미화 안되는 과목. 중간고사 때 배열 A에 대해 A[0] + ... + A[n - 1]을 구하는 재귀함수 f를 작성하라는 문제가 출제되었습니다. 저는 int f(int i);라는 함수를 작성했는데 int f(int n); 이라고 작성하지 않았다는 이유로 부분점수 없이 감점당했습니다. 논리적으로 완벽하고 알고리즘에 문제가 없다는 것에는 조교님도 동의하셨습니다. 그러나 f에 인자로 n을 넣었을 때 결과가 나와야 하고, 정답을 맞은 학생들은 모두 int f(int n);이라고 적었으므로 아쉽지만 채점 결과를 바꾸어줄 수는 없다고 했습니다. 의문인건 시험에는 함수의 헤더, f(0)으로 실행하는지, f(n)으로 실행하는지, 아무것도 주어지지 않았습니다. 그래서 그냥 족보에 나와있는 그대로 적는걸 원하는구나라는 생각이 들어 기말고사 때는 공부를 하지 않고 시험 전날에 족보 구해서 그것만 읽고 갔습니다. 그리고 기말고사 때는 만점을 받았습니다. 공부는 중간고사 때 더 열심히 했는데 말이죠. 족보 본 사람끼리는 변별력이 없고, 족보 없이 시험 본 사람과는 성적이 크게 차이날 수 밖에 없는 시험입니다. 과제에서 변별을 하려나 싶었는데 교수님이 LLM 쓰라고 만든 과제라 다들 만점 받았더라고요. 수업 내용에 대해서 말하자면, 자료구조에 대해서 많이 배우고 싶었는데 학부 자료구조 수업에서 BBST도 안다루는 것을 보고 크게 실망했습니다. 컴퓨터 과학에 관심 없고 그냥 전날에 족보 통암기 해서 실수 안하기 게임 하고 싶으면 수업 추천하고요, 자료구조에 대해 제대로 공부하고 싶은 분들에게는 추천하지 않습니다.",,,
2009720-056,https://everytime.kr/lecture/view/2009720,2009720,자료구조개론,염익준,25년 2학기 수강자,5,염구개는 족보빨! 무난하게 학점 딸 수 있는 편안한 온라인 강의입니다,,,
2009720-057,https://everytime.kr/lecture/view/2009720,2009720,자료구조개론,염익준,25년 2학기 수강자,5,교수님 사랑합니다. 내용이 어렵지만 알고리즘만 이해할 수 있으면 돼요 매주 퀴즈가 있지만 제출만 확인하십니다.,,,
2009720-058,https://everytime.kr/lecture/view/2009720,2009720,자료구조개론,염익준,25년 2학기 수강자,4,교수님이 강의를 재탕하시지만 수업은 나쁘지 않고 온라인이라 매우 편합니다.,,,
2009720-059,https://everytime.kr/lecture/view/2009720,2009720,자료구조개론,염익준,25년 2학기 수강자,4,"수업 자체도 좋고, 온라인이여서 편하기도 합니다. 열심히 공부했는데, 시험은 족보랑 거의 똑같아서... 족보만 본 사람과 열심히 한 사람이 실수 하나로 갈리게 되는 게 되는 것 같아서 그건 조금 그렇네요 ㅜ",,,
2009720-060,https://everytime.kr/lecture/view/2009720,2009720,자료구조개론,염익준,25년 2학기 수강자,5,"교수님의 강의력이 좋으시고, 학생 편의도 꽤나 봐주십니다. 평가는 시험 2번과 과제 1번으로 진행되고, 난이도는 어려운 편은 아니라 강의를 밀리지 않고 공부한다면 충분히 좋은 성적을 얻을 수 있었습니다.",,,
2009720-061,https://everytime.kr/lecture/view/2009720,2009720,자료구조개론,염익준,25년 2학기 수강자,1,"임베디드 공부한다고 전전인데 들어봤습니다. 족보 외우는게 백프로입니다. 날먹하려면 듣고, 뭔가 배우고싶다면 그냥 혼자 공부하세요",,,
2009720-062,https://everytime.kr/lecture/view/2009720,2009720,자료구조개론,염익준,25년 2학기 수강자,5,"매주 동영상을 듣고 퀴즈를 푸는 형식으로 수업이 진행됩니다. 퀴즈는 코드인 경우, 답을 구하는 경우 둘 다 있습니다. C언어 포인터에 대한 기초적인 지식이 없으면 초반에 이해하기 힘들 수도 있습니다. 시험은 중간/기말 둘 다 기출을 숫자 정도만 변형한 정도였기에, 기출에 나온 문제들을 푸는 방법을 확실히 익힌 다음에 나머지 부분을 공부하면 좋을 것 같습니다. 학습과 별개로 하나뿐인 과제는 LLM과 관련된 새로운 자료구조를 만들어보고 보고서를 쓰는 거였는데, 주제 선정도 오래 걸리고 코딩하는 것도 어렵기에 닥쳐서 하려 하지 말고 미리미리 하세요. 전반적으로 학점 따기에는 괜찮은 과목이고, 최근 족보는 필수적으로 구하시는 게 좋습니다.",,,
2009720-063,https://everytime.kr/lecture/view/2009720,2009720,자료구조개론,염익준,25년 2학기 수강자,5,강의 코드 설명 잘해주시고 족보 그냥 달달 외워가면 다 맞을 수 있음,,,
2009720-064,https://everytime.kr/lecture/view/2009720,2009720,자료구조개론,염익준,25년 2학기 수강자,5,온라인이라 편하고 c언어는 포인터만 알고있음 편함,,,
2009720-065,https://everytime.kr/lecture/view/2009720,2009720,자료구조개론,염익준,25년 2학기 수강자,3,족보랑 똑같이 냄 그냥 하나의 다른 글씨도 없음 내가 CS를 배우는건지 그냥 코드 따라쓰기를 하는건지 모르겠음,,,
2009720-066,https://everytime.kr/lecture/view/2009720,2009720,자료구조개론,염익준,25년 2학기 수강자,5,매주 있는 퀴즈가 귀찮긴한데 내용 유익해서 좋아요,,,
2009720-067,https://everytime.kr/lecture/view/2009720,2009720,자료구조개론,염익준,25년 2학기 수강자,5,무난한 온라인 강의 주차 과제는 조금 귀찮긴 하지만 그래도 얼마 안걸리니깐 적당히 만족했습니다~,,,
2009720-068,https://everytime.kr/lecture/view/2009720,2009720,자료구조개론,염익준,25년 2학기 수강자,5,온라인이라 좋고 시험도 족보만 구하면 좋음 주간 퀴즈는 쉽고 프로젝트만 살짝 귀찮음,,,
2009720-069,https://everytime.kr/lecture/view/2009720,2009720,자료구조개론,염익준,25년 2학기 수강자,3,시험 열심히 공부했는데 족보랑 똑같이 나오는거 보고 좀 충격받음; 당연히 평균하고 점수 분포 개박살남,,,
2009720-070,https://everytime.kr/lecture/view/2009720,2009720,자료구조개론,염익준,25년 2학기 수강자,4,음.. 족보를 구하면됩니다. 최신족보로 구하세요 예전거랑 달라졌습니다. 족보만 구하면 어렵지는 않을듯,,,
2009720-071,https://everytime.kr/lecture/view/2009720,2009720,자료구조개론,염익준,25년 2학기 수강자,5,강의력 좋으신편 시험도 무난함 족보 무조건 보고가세요ㅔ,,,
2009720-072,https://everytime.kr/lecture/view/2009720,2009720,자료구조개론,염익준,25년 2학기 수강자,5,온라인이라 너무 좋고 시험은 교안에서 많이 나오는것 같아서 교안 꼼꼼히 보면 될듯 배우는건 자료구조보다도 자료구조+알고리즘 느낌이긴 함. 매주 퀴즈는 솔직히 조금 귀찮을 뿐임.,,,
2009720-073,https://everytime.kr/lecture/view/2009720,2009720,자료구조개론,염익준,25년 2학기 수강자,4,"과목 난이도 자체가 그렇게 어려운 편이 아니라 수업 자체 부담이 없어 독학하기에는 좋지만, 실습 및 과제가 많았으면 좋았을 것 같았음. 과제는 그냥 출석체크용이고, 족보 사면 과제 솔루션도 있어서 사실 자료구조를 활용하는 연습이 하나도 안 됨. 시험도 그렇고 프로젝트도 그렇고 그냥 개별로임 손코딩 시키는건 걍 학습에 하나도 도움 안되고 교안 코드 달달 외우는거밖에 답이 없음. 그나마 족보랑 비슷하게 나와서 학점 따기에 무리는 없음 프로젝트가 그냥 시발임. 이제 자료구조 배우는 1학년한테 뭘 바라는 건지 도대체 모르겠음. 뭐 의도 자체는 LLM 활용 능력을 보겠다는 것 같은데, 차라리 백준마냥 과제 있는게 학습에는 더 도움이 될 것 같음 총평: 학기 중 부담 없음. 학점따긴 좋음, 학습하긴 안좋음.",,,
2009720-074,https://everytime.kr/lecture/view/2009720,2009720,자료구조개론,염익준,25년 2학기 수강자,5,"이렇게 쉽게 자료구조를 배울 수 있다고? 나중에 전부 까먹어버리면 어쩌나라는 생각이 들 정도로 쉽게 배울 수 있습니다만, 시험 벼락치기 정도는 하셔야 합니다",,,
2009720-075,https://everytime.kr/lecture/view/2009720,2009720,자료구조개론,염익준,25년 1학기 수강자,5,"코드보다는 자료구조의 개념을 이해하는 데 초점을 맞추고 강의를 하십니다. 큐, 스택, 리스트, 트리 등 기본적인 자료구조를 배울 수 있고 시험도 이번부터 주관식으로 바뀌긴 했지만 배운 내용을 활용하면 크게 어렵지 않게 풀 수 있게 나옵니다.",,,
2009720-076,https://everytime.kr/lecture/view/2009720,2009720,자료구조개론,염익준,25년 2학기 수강자,5,온라인에다가 시험도 쉽고 들을만해요 시험은 쉬웠는데 왜 나는 망한것인가......,,,
2009720-077,https://everytime.kr/lecture/view/2009720,2009720,자료구조개론,염익준,25년 1학기 수강자,4,강의 내용은 들을만 하고 시험은 쉬운편 강의 하나에 3개씩 있는 퀴즈가 조금 귀찮을수도,,,
2009720-078,https://everytime.kr/lecture/view/2009720,2009720,자료구조개론,염익준,25년 1학기 수강자,5,개인적으로 교수님 강의력 좋으시다고 느꼈습니다. C언어 잘 못하는데 강의 들으며 자료구조에 대해 이해해 갔어요. 학점도 잘 주십니다! 시험도 어렵지 않게 나왔어요. 교안을 많이 보면 거의 다 풀 수 있는 시험입니다.,,,
2009720-079,https://everytime.kr/lecture/view/2009720,2009720,자료구조개론,염익준,25년 2학기 수강자,5,온라인강의라 너무 편하고 수업도 유익합니다!,,,
2009720-080,https://everytime.kr/lecture/view/2009720,2009720,자료구조개론,염익준,25년 2학기 수강자,5,온라인이여서 너무 편해요 ㅎㅎ 교수님이 귀여우십니다,,,
2009720-081,https://everytime.kr/lecture/view/2009720,2009720,자료구조개론,염익준,25년 2학기 수강자,4,들을만함 들을망함 들을망함 들을라ㅏ맣ㅇ 들으를만함 들을망함,,,
2009720-082,https://everytime.kr/lecture/view/2009720,2009720,자료구조개론,염익준,25년 2학기 수강자,3,들을만한듯 수업 자체는 짧음 근데 내용 생햑이 좀 많은 것 같음,,,
2009720-083,https://everytime.kr/lecture/view/2009720,2009720,자료구조개론,염익준,25년 2학기 수강자,5,온라인인게 너무 꿀 오브 꿀 인듯. 강의력도 ㄱㅊ하심. 목소리랑 말투가 은근 친근하신게 웃김 ㅋㅋ,,,
2009720-084,https://everytime.kr/lecture/view/2009720,2009720,자료구조개론,염익준,25년 1학기 수강자,4,"프로젝트 한번, 주관식 시험 2번 보는데 성적도 너그럽게 주십니다. 프로젝트가 좀 중요합니다",,,
2009720-085,https://everytime.kr/lecture/view/2009720,2009720,자료구조개론,염익준,24년 2학기 수강자,5,온라인 수업에 할 것도 별로 없습니다. 족보만 풀면 시험 잘 볼 수 있어요,,,
2009720-086,https://everytime.kr/lecture/view/2009720,2009720,자료구조개론,염익준,23년 2학기 수강자,5,수업에서 크게 배우는 군 없는 것 같음. 그냥 시험기간 닥치면 족보 풀면 에쁠달아줌,,,
2009720-087,https://everytime.kr/lecture/view/2009720,2009720,자료구조개론,염익준,24년 2학기 수강자,5,꿀강.. 할 거 별로 없어요 기말에 프로젝트 과제 하나 정도 있긴한데 매우 쉽습니다,,,
2009720-088,https://everytime.kr/lecture/view/2009720,2009720,자료구조개론,염익준,24년 2학기 수강자,5,"꿀강. 과제 날먹 + 시험 공부하면 쉬움 자구보단 알고리즘 느낌이 나긴 하지만, 그래도 재밋습미다",,,
2009720-089,https://everytime.kr/lecture/view/2009720,2009720,자료구조개론,염익준,25년 1학기 수강자,5,"수업이 체계적이다라는 느낌은 딱히 없지만 들을 만은 한 것 같습니다. 매주 제출하는 출석체크용 퀴즈는 거의 제출 여부만 보시는 것 같습니다. 이번학기부터 시험 방식이 바뀌었는데, 교안에 있는 내용을 그대로 손코딩하는 문제와 교안 내 개념을 제대로 이해했는지 확인하는 간단한 문제들이 나옵니다. 수업 착실히 듣고 복습해두면 충분히 풀 수 있는 정도의 난이도다보니 미리미리 꾸준히 복습해두시는 게 좋을 것 같습니다.",,,
2009720-090,https://everytime.kr/lecture/view/2009720,2009720,자료구조개론,염익준,25년 1학기 수강자,5,온라인이라 부담없이 둗기 좋습니다. 코드 작성하는 부분이 주관식으로 나오기 때문에 시험대비 때는 코드를 이해하고 적용하는 부분을 연습하시는 것이 도움됩니다.,,,
2009720-091,https://everytime.kr/lecture/view/2009720,2009720,자료구조개론,염익준,25년 1학기 수강자,5,22년도부터 강의 재탕하심. 시험 2번에 텀프 한 번. 온라인이라 편해요.,,,
2009720-092,https://everytime.kr/lecture/view/2009720,2009720,자료구조개론,염익준,25년 1학기 수강자,4,주관식시험이 힘들었다 그리고 온라인강의라 공부를 안하게 됨...,,,
2009720-093,https://everytime.kr/lecture/view/2009720,2009720,자료구조개론,염익준,25년 1학기 수강자,3,"처음에 강의 안의 코드를 처음부터 끝까지 이해하려는 식으로 공부했다가 너무 힘들었기에, 그냥 대충 코드의 흐름만 이해하고 시험에 나올만한 주요 코드만 암기하는 식으로 공부하면 될 것 같습니다. 강의력은 썩 좋은 편은 아닌 것 같습니다.",,,
2009720-094,https://everytime.kr/lecture/view/2009720,2009720,자료구조개론,염익준,25년 1학기 수강자,5,강의력은 좀 그렇지만 성적 잘 주십니다. 중간 끝나고 레포트 과제 있는데 주제 선정이 머리 아파서 미루지 말고 하는게 좋아요.,,,
2009720-095,https://everytime.kr/lecture/view/2009720,2009720,자료구조개론,염익준,25년 1학기 수강자,5,교수님 잘 가르치시고 수업 난이도도 적당한것 같습니다. 온라인이라 성실히 챙겨 듣기는 힘들었지만.. 그래도 열심히 강의하셔서 배우는데 어려움이 없었습니다,,,
2009720-096,https://everytime.kr/lecture/view/2009720,2009720,자료구조개론,염익준,25년 1학기 수강자,5,"이해하기 쉽게 설명해주시고, 시험 문제도 적당한 수준에서 나옵니다.",,,
2009720-097,https://everytime.kr/lecture/view/2009720,2009720,자료구조개론,염익준,25년 1학기 수강자,5,"강의력 좋으시고 유쾌하십니다 시험 유형이 이번에 주관식, 서술형으로 바뀌었는데 어렵지는 않았습니다 과제는 프로젝트 하나네요 점수가 평균 정도 된 것 같은데 A+ 받았네여 감사합니다 교수님!!",,,
2009720-098,https://everytime.kr/lecture/view/2009720,2009720,자료구조개론,염익준,25년 1학기 수강자,5,온라인이라 매주 진도만 잘 따라가면 편합니다. 프기실만 배운 c언어 노베인데 초반엔 정체모를 c 언어 난사에 난항을 겪었지만 결국 자료구조에 대한 게 핵심이기 때문에 구동 원리만 이해하고 간단한 코드만 알면 괜찮아요 일단 학점을 잘 주십니다. 올해부터 주관식으로 바뀌면서 교안에 있는 코드 정도는 이해해야 시험 때 쓸 수 있습니다. 그리고 부분점수를 거의 안 줘서 포인터 같은 거 * 안 붙였을 때 0점 받으니 주의하세요. 코드는 중간 때는 교안에 있는 거 빈칸 형태로 나왔고 기말은 족보+교안 코드 나왔어요. 플젝은 비중이 큰데 열심히 과정 쓰고 실험 설계하고 결과 쓰면 잘 주시는 것 같습니다 플젝은 100점 만점에 평균 79점 . 중간은 70점 만점에 37.1점(중앙값은 40점대) 기말은 80점 만점에 36.3점이네요. 올해 처음 주관식으로 바뀌어서 이 정도지 문제 자체는 쉬워서 족보 풀리면 금방 평균 오를 것 같네요. 코딩 노베였지만 어쨌든 A+ 챙겨갑니다,,,
2009720-099,https://everytime.kr/lecture/view/2009720,2009720,자료구조개론,염익준,25년 1학기 수강자,4,학점 퍼주시는 건 모르겠고 적당해요 딱 공부한 만큼 나오는 느낌 프로젝트 주제가 이번인가 저번인가 기준으로 바뀌었는데 나름 재밌었습니다 근데 저는 프로그래밍이랑 안맞는 것 같아요 하하..,,,
2009720-100,https://everytime.kr/lecture/view/2009720,2009720,자료구조개론,염익준,25년 1학기 수강자,5,학점 퍼주신다. 그리고 부분점수 안준다고 하셨는데 느낌상 주신 것 같다 부분점수 안주셨으면 도저히 나올 수가 없는 점수였다.,,,
1856288-001,https://everytime.kr/lecture/view/1856288,1856288,알고리즘개론,허재필,26년 1학기 수강자,4,타과는 어렵지만 그래도 풀수있는것만풀어도 절반이상은가요-},,,
1856288-002,https://everytime.kr/lecture/view/1856288,1856288,알고리즘개론,허재필,26년 1학기 수강자,5,교수님께서 친절하시고 수업시간에 머리로만 생각해볼 수 있도록 하셔서 좋아요. 근데 내용이 어렵고 시험도 어렵습니다ㅠ,,,
1856288-003,https://everytime.kr/lecture/view/1856288,1856288,알고리즘개론,허재필,26년 1학기 수강자,5,교수님이 친절하시고 설명을 잘하세요! 알고리즘을 단순히 이해하는게 아니라 시간복잡도 공간복잡도 기준으로 이해하는데 도움이 많이 돼요,,,
1856288-004,https://everytime.kr/lecture/view/1856288,1856288,알고리즘개론,허재필,26년 1학기 수강자,5,포브스 선정 AI시대에 들어야하는 수업 1위 AI를 쓰지 않고 머리를 쓰고 싶어하는 당신께 추천드립니다 고등학교 시절로 돌아가 수능 30번을 푸는 감정을 느낄 수 있어요 교수님이 설명도 잘해주시고 저는 소프트 수업 중에 제일 재밌게 들었습니다. 문제가 맛있습니다,,,
1856288-005,https://everytime.kr/lecture/view/1856288,1856288,알고리즘개론,허재필,26년 1학기 수강자,5,교수님 따뜻하시고 성적도 잘쥬심 배워가는게 많았슴 출석만 잘하자,,,
1856288-006,https://everytime.kr/lecture/view/1856288,1856288,알고리즘개론,허재필,26년 1학기 수강자,5,교수님이 꼼꼼하시고 착하세요 오프라인 수업이 흥미로워요,,,
1856288-007,https://everytime.kr/lecture/view/1856288,1856288,알고리즘개론,허재필,26년 1학기 수강자,4,수업시간에 알고리즘 문제푸는데 그게 정말 재밌어서 수업에 몰입하게됩니다,,,
1856288-008,https://everytime.kr/lecture/view/1856288,1856288,알고리즘개론,허재필,25년 2학기 수강자,5,시험 준비할 때 배우는 것 이상으로 배경 지식이 좀 쌓여있으면 이득 보는 게 좀 있는 거 같아요 워낙 문제가 많아서,,,
1856288-009,https://everytime.kr/lecture/view/1856288,1856288,알고리즘개론,허재필,26년 1학기 수강자,5,The prof is super nice because our class was flipped the offline classes are only about solving problems and he actually let students contribute which I like the most from the class,,,
1856288-010,https://everytime.kr/lecture/view/1856288,1856288,알고리즘개론,허재필,25년 1학기 수강자,5,알고리즘에 관해 고찰할 수 있는 수업 생각 많이 하고 고민 많이 해야 함,,,
1856288-011,https://everytime.kr/lecture/view/1856288,1856288,알고리즘개론,허재필,26년 1학기 수강자,5,수업이 깔끔합니다 시험도 깔끔한것 같고 다 좋아요,,,
1856288-012,https://everytime.kr/lecture/view/1856288,1856288,알고리즘개론,허재필,26년 1학기 수강자,5,이렇게 생각하면 되는구나 싶은 사고방식을 배우는 과목입니다. 재밌고 유익합니다.,,,
1856288-013,https://everytime.kr/lecture/view/1856288,1856288,알고리즘개론,허재필,26년 1학기 수강자,5,주 1회 문제풀고 섷명하는 방식 부담없고 강의력 좋음,,,
1856288-014,https://everytime.kr/lecture/view/1856288,1856288,알고리즘개론,허재필,25년 1학기 수강자,5,재밌는 수업! A4나눠주시고 생각해볼 시간주고 서로 발표하는 그런 분위기 입니다,,,
1856288-015,https://everytime.kr/lecture/view/1856288,1856288,알고리즘개론,허재필,26년 1학기 수강자,5,교수님 강의력이 좋으시고 강의 내용도 알참. 저학년 때 다른 교수님 수업 듣고 재수강 하는 건데 처음부터 허고개 들었으면 더 좋았겠다 싶음.,,,
1856288-016,https://everytime.kr/lecture/view/1856288,1856288,알고리즘개론,허재필,26년 1학기 수강자,4,Onsite 문제가 어렵지만 압박은 없음 재밌게 할만함,,,
1856288-017,https://everytime.kr/lecture/view/1856288,1856288,알고리즘개론,허재필,25년 2학기 수강자,5,"강의시간에 주시는 문제들 때문에 처음에 겁먹기도 했는데, 결국 재밌게 수강했습니다.",,,
1856288-018,https://everytime.kr/lecture/view/1856288,1856288,알고리즘개론,허재필,25년 2학기 수강자,5,수업시간에 직접 문제 풀어보는게 은근 재밌고 도움이 많이 됩니다,,,
1856288-019,https://everytime.kr/lecture/view/1856288,1856288,알고리즘개론,허재필,24년 1학기 수강자,5,좋은과목입니다 한번쯤 꼭 들어보고싶은강의입니다,,,
1856288-020,https://everytime.kr/lecture/view/1856288,1856288,알고리즘개론,허재필,26년 1학기 수강자,4,수업시간에 주시는 문제들이 은근 어려움 ㅠ 강의력음 좋으시고 학생들에게 엄청 친절하신듯,,,
1856288-021,https://everytime.kr/lecture/view/1856288,1856288,알고리즘개론,허재필,26년 1학기 수강자,5,수업시간에 종이와 연필로 교수님께서 주신 문제들 알고리즘 짜보는 시간을 가집니다. 부담되지않아서 좋아요,,,
1856288-022,https://everytime.kr/lecture/view/1856288,1856288,알고리즘개론,허재필,24년 1학기 수강자,5,정말 좋습니다정말 좋습니다정말 좋습니다정말 좋습니다정말 좋습니다정말 좋습니다정말 좋습니다정말 좋습니다정말 좋습니다정말 좋습니다정말 좋습니다정말 좋습니다정말 좋습니다정말 좋습니다,,,
1856288-023,https://everytime.kr/lecture/view/1856288,1856288,알고리즘개론,허재필,25년 2학기 수강자,5,"교수님이 열정 있게 수업을 진행하시고, 학생들이 알고리즘에 대해 깊이 고민할 수 있는 시간을 매주 주셔서 도움이 많이 됐습니다",,,
1856288-024,https://everytime.kr/lecture/view/1856288,1856288,알고리즘개론,허재필,26년 1학기 수강자,5,수업 내용 자체는 어렵진 않은데 적용시키는게 어려우듯.. 강의력은 좋으심,,,
1856288-025,https://everytime.kr/lecture/view/1856288,1856288,알고리즘개론,허재필,26년 1학기 수강자,5,수업시간에 풀게되는 문제들이 다양하고 재미있습니다. 다양한 기법을 배울 수 있습니다,,,
1856288-026,https://everytime.kr/lecture/view/1856288,1856288,알고리즘개론,허재필,25년 2학기 수강자,5,"알고리즘 과목이라고 과제를 AI 딸깍하지만 않으면 성적 잘 나올 것 같습니다 단, 기본적으로 증명과 암기가 없진 않아서 성적 갭이 촘촘하다는 생각이 들었어요",,,
1856288-027,https://everytime.kr/lecture/view/1856288,1856288,알고리즘개론,허재필,26년 1학기 수강자,5,교수님 너무 친절하시고 수업도 열의가 있어서 재밌어요,,,
1856288-028,https://everytime.kr/lecture/view/1856288,1856288,알고리즘개론,허재필,26년 1학기 수강자,5,교수님이 친절하고 재밌게 강의하십니다 수업시간에 알고리즘 문제를 푸능데 재밌어요,,,
1856288-029,https://everytime.kr/lecture/view/1856288,1856288,알고리즘개론,허재필,26년 1학기 수강자,5,교수님이 친근하시고 재미있게 강의하세요! 오프라인에서는 2문제를 풀어보는 시간을 가집니다.,,,
1856288-030,https://everytime.kr/lecture/view/1856288,1856288,알고리즘개론,허재필,26년 1학기 수강자,5,교수님이 친절하고 친근하셔서 질문하기 쉽고 강의에 열정적이신것 같아서 집중이 잘돼요,,,
1856288-031,https://everytime.kr/lecture/view/1856288,1856288,알고리즘개론,허재필,26년 1학기 수강자,5,부담 없고 재밌게 들을 수 있긴한데 뭔가 번쩍ㅇ는 아이디어를 요하는 문제들이 많은거 같아요. 이론 설명보단,,,
1856288-032,https://everytime.kr/lecture/view/1856288,1856288,알고리즘개론,허재필,25년 2학기 수강자,5,"강의는 한국어와 영어 모두 제공되어서 언어에 대한 부담은 없는 거 같습니다. 시험 문제가 좀 많지만 상당수는 강의 내용에서 나오고, TF 문제와 계산 쪽에 중점을 두는 거 같습니다",,,
1856288-033,https://everytime.kr/lecture/view/1856288,1856288,알고리즘개론,허재필,26년 1학기 수강자,5,국제어 수업이지만 아캠에 한국어 강의도 추가로 올려주십니다. 오프라인 수업에서는 문제를 보여주시는데 알고리즘을 생각해서 적으면 됩니다. (성적에는 안들어갑니다),,,
1856288-034,https://everytime.kr/lecture/view/1856288,1856288,알고리즘개론,허재필,25년 2학기 수강자,4,교수님이 친절하게 가르쳐주십니다. 성적은 널널하진 않고 보통인 것 같습니다,,,
1856288-035,https://everytime.kr/lecture/view/1856288,1856288,알고리즘개론,허재필,26년 1학기 수강자,5,교수님 친절하시고 설명도 잘해주신다. 국제어 수업이지만 한국어 강의도 올려주심,,,
1856288-036,https://everytime.kr/lecture/view/1856288,1856288,알고리즘개론,허재필,26년 1학기 수강자,5,교수님이 친절하게 잘 알려주십니다. 과제 있긴 한데 제출만 하면 되는 과제들입니다,,,
1856288-037,https://everytime.kr/lecture/view/1856288,1856288,알고리즘개론,허재필,26년 1학기 수강자,5,교수님 강의력 좋으시고 영어 잘하십니다 온라인 수업 듣고 오프라인 수업에서는 40분 정도 문제풀고 교수님께서 설명해주십니다. 문제에 대해 생각할 시간을 주셔서 재밌습니다,,,
1856288-038,https://everytime.kr/lecture/view/1856288,1856288,알고리즘개론,허재필,26년 1학기 수강자,5,영어 잘하시고 목소리 좋으시고 무엇보다 교안이 좋습니다! 오프 수업에선 종이와 펜으로만 문제를 풉니다 c/c++ 모르시는 분들은 오프수업때 아무것도 못쓸수 있으니 미리 공부하고 오세요!,,,
1856288-039,https://everytime.kr/lecture/view/1856288,1856288,알고리즘개론,허재필,25년 2학기 수강자,4,영상 보고 영상 때 배운 알고리즘으로 오프라인에서 문제 한 두개 정도 푼다 강의 시간 중 대부분은 문제 푸는 데 사용하고 2~30분 정도 교수님이 설명해주심,,,
1856288-040,https://everytime.kr/lecture/view/1856288,1856288,알고리즘개론,허재필,25년 2학기 수강자,5,교수님 강의력이 매우 좋습니다 알고리즘 시간복잡도 등 증명 위주의 내용이 비중이 꽤 되어서 참고하시면 될 것 같아요,,,
1856288-041,https://everytime.kr/lecture/view/1856288,1856288,알고리즘개론,허재필,25년 2학기 수강자,5,"교수님이 최고십니다. 수업 중간 중간에 재밌는 이야기도 해주십니다. 온라인 수업때는 자료구조개론에서 배운 내용들을 복습하기도 하고 새로운 내용을 다루기도 하며 오프라인 수업때 대부분은 알고리즘 문제를 주어진 시간동안 협력하거나 혼자 푸는 시간을 가지고, 이론 수업 2~3번 정도 하셨습니다. 발표 필수도 아니고 편했으며, 과제는 3번 정도 나왔습니다. 모두 재밌는 과제고 큰 비중은 주지 않아 제출만해도 점수는 잘 가져갑니다. 시험 두 번이 중요했는데, 수업 시간에 했었던 알고리즘 문제들을 푸는 방법이 중간고사 서술형에서 중요했고, 기말고사는 수업 내용 중 증명 부분이 문제로 나왔었습니다. 결국 수업 시간에 얼마나 집중하고 복습했는지에 따라 갈리며, 꽤 재밌게 알고리즘을 배웠다고 생각합니다. 강추합니다.",,,
1856288-042,https://everytime.kr/lecture/view/1856288,1856288,알고리즘개론,허재필,25년 2학기 수강자,5,교수님이 굉장히 좋으십니다 동네 친한 형 같은 바이브에요 과제 3개와 중간 기말인데 과제 1은 최종 성적에 반영되지 않는거 같고 (제출하면 만점) 다른 과제들은 반영비율이 낮아서 사실상 시험 두번으로 결정됩니다 시험은 on-site 문제들과 온라인 강의에서 나온 알고리즘들 + 1-2문제는 수업 시간에 안다룬 내용으로 나옵니다 과제는 상위권이었고 중간 기말은 상위 30% 정도였는데 A 나왔습니다 엄청 성적 퍼주시진 않는거 같아요 쁠컷은 20-25% 쯤에서 잘린거 같습니다 시험 점수 공지 빠르고 통계도 다 알려주십니다,,,
1856288-043,https://everytime.kr/lecture/view/1856288,1856288,알고리즘개론,허재필,25년 2학기 수강자,4,"온라인 수업은 강의력이 좋으셔서 재밌게 들을 수 있고, 오프라인 수업은 문제 푸는 수업이라 몰입력 있게 수업을 들을 수 있었습니다. 그리고 교수님이 정말 착하십니다. 그러나, 이번 학기만 그런지 저 개인만 그런지 좀 개인적으로 짜다고 느껴지는 성적을 받은 거 같아 조금 아쉽습니다.",,,
1856288-044,https://everytime.kr/lecture/view/1856288,1856288,알고리즘개론,허재필,25년 2학기 수강자,5,"마지막 과제가 시험기간에 나오기 때문에 시험 다 보고 하려면 시간이 촉박합니다. 시험공부를 하면서 같이 푸는 것을 추천드립니다. 교수님께서는 목소리도 좋으시고 영어도 잘하셔서 수업도 이해가 잘 됩니다. 시험 공부는 교안 내용 잘 학습하고, 각 알고리즘이 동작하는 과정, 원리를 이해하는 방식으로 하시면 됩니다. 중간고사에는 시간복잡도 구하는 문제가 많이 나옵니다. 기본적으로 모두 교안과, 수업에서 나오는 문제들에서 나오니 성실히 학습하시면 점수도 잘 나오실 것 같습니다.",,,
1856288-045,https://everytime.kr/lecture/view/1856288,1856288,알고리즘개론,허재필,25년 2학기 수강자,5,오프라인 수업에서는 알고리즘 문제를 풀고 토론하는 시간을 갖습니다. 문제에 대해 많이 생각해볼수 있어서 재밌어요,,,
1856288-046,https://everytime.kr/lecture/view/1856288,1856288,알고리즘개론,허재필,25년 2학기 수강자,5,"온라인으로 수업을 듣고, 오프라인으로는 문제를 풉니다. 생각할 시간도 많아서 좋은 것 같습니다",,,
1856288-047,https://everytime.kr/lecture/view/1856288,1856288,알고리즘개론,허재필,25년 2학기 수강자,5,"정말 깊게 생각할 수 있는 시간을 가진, 몇 안되는 솦 최고의 수업 중 하나",,,
1856288-048,https://everytime.kr/lecture/view/1856288,1856288,알고리즘개론,허재필,25년 2학기 수강자,5,교수님이 잘 가르쳐주십니다. 매주 오프라인 수업은 알고리즘 문제를 푸는데 생각할 시간을 많이 주시고 문제도 재밌어서 유익했습니다,,,
1856288-049,https://everytime.kr/lecture/view/1856288,1856288,알고리즘개론,허재필,25년 2학기 수강자,5,수업 방식이 마음에 듣습니다. 시험에 부분점수 잘 안 주셔서 답안을 꼼꼼하게 써야합니다.,,,
1856288-050,https://everytime.kr/lecture/view/1856288,1856288,알고리즘개론,허재필,25년 2학기 수강자,5,직접 알고리즘에 대해서 고민하는 시간을 가져보는걸 중요시하는 수업입니다. 덕분에 다양한 알고리즘에 대해 고민하는 시간을 가졌습니다,,,
1856288-051,https://everytime.kr/lecture/view/1856288,1856288,알고리즘개론,허재필,25년 2학기 수강자,5,"과제 3개, 시험 2개 봅니다. 강의 내용도 어렵지 않고 그렇다고 얻을게 없는 것도 아니며 성적도 잘 주시는 꿀강 그 자체. 그리고 젠슨황처럼 페이커 연호 외치셔서 너무 귀여우셨어요. 성대 젠슨허 let's go",,,
1856288-052,https://everytime.kr/lecture/view/1856288,1856288,알고리즘개론,허재필,25년 2학기 수강자,5,코딩수업이 아니라 너무편합니다. 교양식으로 암기하고 가시는게 좋아보여요,,,
1856288-053,https://everytime.kr/lecture/view/1856288,1856288,알고리즘개론,허재필,25년 2학기 수강자,5,수업 방식이 재밌습니다. 다만 수업 때 푸는 알고리즘 문제에서 AI 쓰면 교수님의 눈초리를 받을 수 있습니다.,,,
1856288-054,https://everytime.kr/lecture/view/1856288,1856288,알고리즘개론,허재필,25년 2학기 수강자,5,이론수업은 온라인으로 하시고 실제 수업시간에서는 문제 2문제 정도 같이 고민해보는 시간을 가집니다. PS 하신분들께는 꽤 익숙한 주제들이 많지만 처음 접해보시는 분들도 고민할 수 있는 시간 충분히 줘서 꽤 도움이 될만한 수업인 것 같습니다.,,,
1856288-055,https://everytime.kr/lecture/view/1856288,1856288,알고리즘개론,허재필,25년 2학기 수강자,5,성적도 잘주시고 수업도 재밌습니다. 알고개 들으실거면 무조건 이 수업 추천합니다.,,,
1856288-056,https://everytime.kr/lecture/view/1856288,1856288,알고리즘개론,허재필,25년 2학기 수강자,5,재밌고 유익한 강의라고 생각합니다. 왜 그런지는 직접 들어보시면 압니다.,,,
1856288-057,https://everytime.kr/lecture/view/1856288,1856288,알고리즘개론,허재필,25년 2학기 수강자,5,교수님께서 굉장히 인상이 좋으시고 강의력이 좋습니다. 생각할 시간을 주시고 풀이를 해주시는데 풀이를 일부러 제대로 안 해주시고 “Are you angry?”하는 게 킹받긴 하지만 너무나 좋아하는 교수님입니다. 매주 수업이 기다려집니다,,,
1856288-058,https://everytime.kr/lecture/view/1856288,1856288,알고리즘개론,허재필,25년 2학기 수강자,5,스스로 생각할 수 있는 시간을 가지는 부담스럽지 않은 전공 수업이라 좋았습니다. 기말은 아직 안 봤지만 중간고사는 온오프라인 강의 내용에서 벗어나지 않는 수업만 열심히 들어도 풀 수 있는 문제들이 다수였습니다!,,,
1856288-059,https://everytime.kr/lecture/view/1856288,1856288,알고리즘개론,허재필,25년 2학기 수강자,5,"어려운 전공들 속에 최고의 강의였습니다. 알고리즘개론이라 해서 코딩 시험이지 않을까 하는 부담이 있었는데, PS 느낌의 시험이나 수업 방식이 아닌, 알고리즘의 시간복잡도를 생각하고, 증명하고, 어떻게 하면 효율적인 알고리즘을 설계할 지에 초점을 둔 수업이어서 비교적 널널하고, 재미있게 공부한 과목이었습니다. 온라인 영상으로 새 알고리즘과 그 복잡도를 공부하고, 오프라인은 배운 알고리즘을 바탕으로 교수님이 준비하신 문제를 풀 알고리즘을 직접 설계(코딩 X)해보는 방식으로 수업이 진행됩니다.",,,
1856288-060,https://everytime.kr/lecture/view/1856288,1856288,알고리즘개론,허재필,25년 2학기 수강자,5,수업 시간이 부담스럽지 않고 문제 푸는게 재밌습니다 교수님 강의력도 좋으십니다 시험은 시간이 조금 모자라지만 못풀만한 문제는 안내십니다,,,
1856288-061,https://everytime.kr/lecture/view/1856288,1856288,알고리즘개론,허재필,25년 2학기 수강자,5,교수님이 친근하셔서 좋다 수업방식은 무조건 종이와 팬만을 가지고 오프 수업마다 주는 알고리즘 문제 2개정도 푸는 것 성적에는 반영되지않아 편안하게 문제 고민 할 수 있어서 좋습니다,,,
1856288-062,https://everytime.kr/lecture/view/1856288,1856288,알고리즘개론,허재필,25년 2학기 수강자,5,교수님이 유쾌하심 수업은 한국어 영어 전부 영상으로 올려주셔서 매우 좋음,,,
1856288-063,https://everytime.kr/lecture/view/1856288,1856288,알고리즘개론,허재필,25년 2학기 수강자,5,수업이 매우 널널. 알고리즘 하나 토론하고 일찍 끝내주심. 시험 문제가 좀 많긴 한데 어려운건 아니라 양치기를 잘 할 수 있다면 문제없어보임,,,
1856288-064,https://everytime.kr/lecture/view/1856288,1856288,알고리즘개론,허재필,25년 2학기 수강자,5,"수업은 재밌고 과제도 적당히 좋은데, 시험 시간이 좀 부족합니다.",,,
1856288-065,https://everytime.kr/lecture/view/1856288,1856288,알고리즘개론,허재필,25년 2학기 수강자,5,모든 수업이 이 수업 같았으면 얼마나 좋았을까요…. 시험은 시간이 좀 빡빡합니다. 교안과 수업 내용 잘 공부하시고 시간 복잡도 구하는 거 연습 많이 하세요.,,,
1856288-066,https://everytime.kr/lecture/view/1856288,1856288,알고리즘개론,허재필,25년 2학기 수강자,5,재미있고 잘 가르쳐 주십니다. 매 강의마다 문제를 푸는데 문제를 해결하거나 풀이를 듣는 과정에서 많은걸 배운 것 같습니다,,,
1856288-067,https://everytime.kr/lecture/view/1856288,1856288,알고리즘개론,허재필,25년 2학기 수강자,5,교수님 친절하게 설명해주시고 분위기도 좋은 수업입니다,,,
1856288-068,https://everytime.kr/lecture/view/1856288,1856288,알고리즘개론,허재필,25년 2학기 수강자,5,교수님이 강의를 잘하시고 유쾌하십니다 매주 오프라인 수업 내용이 재밌어요,,,
1856288-069,https://everytime.kr/lecture/view/1856288,1856288,알고리즘개론,허재필,24년 2학기 수강자,5,학생참여형 수업. 나가서 발표할 일이 좀 있고 그 발표를 기반으로 시험에도 나옴. 영상이나 과제는 그렇게 어렵지 않은데 수업 시간에 문제를 고민하는 시간이 좀 힘듦. 교수님은 나이스함,,,
1856288-070,https://everytime.kr/lecture/view/1856288,1856288,알고리즘개론,허재필,25년 1학기 수강자,5,그냥 교안만 좀 꼼꼼히 보고 가도 성적 적당히 나오는거 같아요,,,
1856288-071,https://everytime.kr/lecture/view/1856288,1856288,알고리즘개론,허재필,25년 2학기 수강자,5,"교수님이 잘 가르쳐 주십니다. 알고리즘이 왜 중요한지 하나 하나씩 설명해 주시는데, 자구개 내용 복기하면서, 소소한 코딩 팁도 주셔서 정말 좋았습니다. 알고개 들어야 한다면, 허고개 추천해요!",,,
1856288-072,https://everytime.kr/lecture/view/1856288,1856288,알고리즘개론,허재필,25년 2학기 수강자,5,교수님이 굉장히 나이스하십니다. 되게 친절하셔요.,,,
1856288-073,https://everytime.kr/lecture/view/1856288,1856288,알고리즘개론,허재필,25년 2학기 수강자,5,강압적이지 않고 자유로운 분위기에서 수업이 진행됩니다 교수님이 내주시는 문제를 생각 후 해설하는 식으로 진행됩니다,,,
1856288-074,https://everytime.kr/lecture/view/1856288,1856288,알고리즘개론,허재필,25년 1학기 수강자,5,시험 전날 시험범위 한번만 훑고 들어가면 평균이상 받을 수 있어요. 성적도 잘 주시고 과제도 할만해요,,,
1856288-075,https://everytime.kr/lecture/view/1856288,1856288,알고리즘개론,허재필,25년 1학기 수강자,5,수업시간에 논의하는게 재밌음 재능의 차이를 느끼기도 하지만 그래도 재밌는수업이고 열정적이심 무조건 수업시간에 하는 알고리즘에 대해 다 알아야함,,,
1856288-076,https://everytime.kr/lecture/view/1856288,1856288,알고리즘개론,허재필,25년 1학기 수강자,5,강압적이지 않은 발표형식으로 이루어졌습니다. 문제에 대해서 생각할 시간을 주시고 문제에 대해서 토의하는 식으로 수업이 이루어 집니다. 문제를 빨리 풀면 일찍 마쳐주십니다.,,,
1856288-077,https://everytime.kr/lecture/view/1856288,1856288,알고리즘개론,허재필,25년 1학기 수강자,5,"과제는 딱히 변별 안하시고, 시험은 수업만 적당히 열심히 들었다면 공부 안해도 됩니다.",,,
1856288-078,https://everytime.kr/lecture/view/1856288,1856288,알고리즘개론,허재필,24년 1학기 수강자,4,학점 비율 라인이 조금 깐깐한 느낌입니다 수업은 굉장히 좋았어요,,,
1856288-079,https://everytime.kr/lecture/view/1856288,1856288,알고리즘개론,허재필,25년 1학기 수강자,5,교수님이 수업시간에 정말 재밌는 주제들을 골라서 다루십니다.,,,
1856288-080,https://everytime.kr/lecture/view/1856288,1856288,알고리즘개론,허재필,24년 2학기 수강자,5,"강의력은 나쁘지 않은 것 같고 과제도 창의력이 조금만 있다면 고득점 가능한 것 같습니다. 과제는 다른 수업에 비해 그렇게 오래 걸리지는 않아요. 고학년 수업으로 갈수록 과제는 더 많아지니까.. 이정도는 거뜬히 해야 기초가 채워질 것 같긴 합니다...,, 시험은 제가 공부를 안 해서 어려웠지만 수업을 잘 들으신다면 잘 받으실 것 같고.. 다들 못쳐서 생각보다 괜찮았습니다. 성적도 너그러운 것 같고... 정말 착하시고 편의도 잘 봐주시는 것 같습니다. 추천합니다! 참고로 알고개 같은 수업은 성적 잘 받아듀면 좋습니당",,,
1856288-081,https://everytime.kr/lecture/view/1856288,1856288,알고리즘개론,허재필,24년 2학기 수강자,5,성적은 잘 주는데 제가 말아먹었어요 알고리즘 시렁,,,
1856288-082,https://everytime.kr/lecture/view/1856288,1856288,알고리즘개론,허재필,24년 2학기 수강자,5,성적은 진짜 잘주시는듯 시험을 정말 못봤는데 A 주셨네요 과제는 그냥저냥 재미있었습니다 콘테스트처럼 소팅 알고리즘 만들어서 시간으로 순위매기는건데 저는 딱히 아이디어가 없어서 이것저거 그냥 알고리즘 짜깁기했지만 알고리즘 갖다쓰고 이런거를 딱히 평가기준으로 두진 않아서 성능 야무지게 나왔습니다 외에도 강의력도 좋으심,,,
1856288-083,https://everytime.kr/lecture/view/1856288,1856288,알고리즘개론,허재필,25년 1학기 수강자,5,"교수님 좋은 분이고, 과제도 내기만 하면 만점 줌",,,
1856288-084,https://everytime.kr/lecture/view/1856288,1856288,알고리즘개론,허재필,24년 2학기 수강자,5,ps를 즐겨했다면 이런 꿀과목이 없다 마지막 pa에 3문제를 풀어야하는데 백준기준으로 예시를 들자면 골드4에서 플래 중하위정도이다. 성적도 굉장히 너그럽게 주시니 꼭 듣도록하자,,,
1856288-085,https://everytime.kr/lecture/view/1856288,1856288,알고리즘개론,허재필,24년 2학기 수강자,5,시험 두번에 과제 3개를 주십니다. 마지막에 과제 하나가 양이 많아요. 시험은 평상시 플립러닝때 가서 졸지말고 필기 열심히 하면 다 맞을 수 있을겁니다. 화이팅!,,,
1856288-086,https://everytime.kr/lecture/view/1856288,1856288,알고리즘개론,허재필,24년 2학기 수강자,5,"알고리즘에 대해 대단하게 많은 내용을 배웠다고 하기엔 모자라지만, 다루는 주제 하나하나 너무 재밌었고 얻어갈거 많은 과목이었습니다! 과제 3번, 시험 2번인데 시험 비중이 거의 80퍼인걸로 알아서 시험만 잘 보시면 됩니다~ 시험은 진짜 교안하고 현장강의 내용 열심히 보시면 거기서 다 나와요!",,,
1856288-087,https://everytime.kr/lecture/view/1856288,1856288,알고리즘개론,허재필,24년 2학기 수강자,5,흥미로운 내용들 배웁니다 학점도 잘주셔요. 시험 두번이 큰 비중입니다,,,
1856288-088,https://everytime.kr/lecture/view/1856288,1856288,알고리즘개론,허재필,24년 2학기 수강자,5,복전생도 충분히 시작할 수 있도록 안내 잘 해주십니다. 성적도 진짜 후해요 노베이스로 들어도 열심히만 한다면 좋은 성적 받아갈 수 있을 것입니다. 아 그리고 수업하시는 내용도 되게 도움 많이 됐습니다. 교수님 이런 수업 개설해주셔서 정말 감사합니다.,,,
1856288-089,https://everytime.kr/lecture/view/1856288,1856288,알고리즘개론,허재필,24년 2학기 수강자,5,"알고리즘개론을 커리큘럼보다 늦게 수강해서 그런지, 전반적으로 내용이 쉬웠어요. 중간고사의 경우에는 딱 봐도 어디에서 문제 나올지 알기 쉽고, 기말고사는 중간보다 난이도가 쉬워서 대부분 점수를 잘 받았어요 과제같은 경우는 최대한 후하게 채점해주시기 때문에, 어렵더라도 제출은 꼭 하시는 걸 추천드려요. 시험문제가 정말 많아서, 시험을 다 보고나면 손이 많이 아프긴한데, 생각할 거리도 많고 수업 시간에 잘 집중해서 들으셨으면 꽁짜로 주는 문제가 많아요! 완전 추천하는 과목입니다",,,
1856288-090,https://everytime.kr/lecture/view/1856288,1856288,알고리즘개론,허재필,24년 2학기 수강자,4,열심히 하시면 좋은 성적 얻어가실 수 있을 듯합니다. 열심히 안하고 사전강의 안들으면 현장에서 졸다가 끝남,,,
1856288-091,https://everytime.kr/lecture/view/1856288,1856288,알고리즘개론,허재필,24년 2학기 수강자,5,강의 듣고 온 내용으로 현장에서 문제 풀이합니다. 재미있어요,,,
1856288-092,https://everytime.kr/lecture/view/1856288,1856288,알고리즘개론,허재필,24년 1학기 수강자,3,강의력은 단연 최고지만.... 학점은....,,,
1856288-093,https://everytime.kr/lecture/view/1856288,1856288,알고리즘개론,허재필,21년 여름 수강자,5,학점 잘 주시고 수업 내용도 괜찮습니다 하지만 다이나믹 프로그래밍이 뒤에 있어서 제대로 다루지 못하고 종강한 부분이 아쉽습니다..,,,
1856288-094,https://everytime.kr/lecture/view/1856288,1856288,알고리즘개론,허재필,22년 1학기 수강자,3,기말 기간에 과제가 또 나와서 시험 다 끝나고도 과제하고 있었음 ㅋㅋㅋㅋ 시험 문제수도 엄청 많고 유형도 다양하기 때문에 열심히 공부해야 답을 적을 수 있음,,,
1856288-095,https://everytime.kr/lecture/view/1856288,1856288,알고리즘개론,허재필,22년 1학기 수강자,4,과제가 마지막에 우수수 떨어집니다 게다가 기말고사도 봤어요.. 과제 너무 많고 시함 너무 어렵고... 과제 구글에서 가져오면 표절잡힙니다 조심하세요,,,
1856288-096,https://everytime.kr/lecture/view/1856288,1856288,알고리즘개론,허재필,22년 1학기 수강자,5,시험 없이 과제로만 모든 점수가 채점되었습니다. 과제 잘하면 성적 좋게 잘 주십니다,,,
1856288-097,https://everytime.kr/lecture/view/1856288,1856288,알고리즘개론,허재필,22년 1학기 수강자,3,학기말 과제 폭탄 + 기말고사로 힘들었지만 성적을 보고 사르르.... 시험때는 시간복잡도 계산이 많이 나오는 편이니 위주로 공부하시면 됩니다. 과제 열심히 하세요.. 기말 망해도 커버 가능합니다.,,,
1856288-098,https://everytime.kr/lecture/view/1856288,1856288,알고리즘개론,허재필,22년 1학기 수강자,5,시간복잡도 계산하는 것을 꽤 중요하게 생각하시는 것 같다. 알고리즘 이해도 이해지만 이 부분도 열심히 공부하면 좋을 것 같다.,,,
1856288-099,https://everytime.kr/lecture/view/1856288,1856288,알고리즘개론,허재필,22년 1학기 수강자,5,"타과 수강생으로서 느낀점을 적어보았습니다. (이전학기 자료구조개론 수강함) 1. 과제 5번의 과제 중 코딩 과제는 4개, 시간복잡도 계산과 관련된 과제 1개였습니다. 과제 성적은 모두 상위권이었고, 과제 성적이 학점에 매우 큰 영향을 미친 것 같습니다. 과제의 난이도는 전체적으로는 크게 어렵지 않았으나 중간중간 어려운 문제들이 종종 나왔습니다. 이전 강의평가들처럼 표절 검사를 매우 철저히 하시는 것 같고, 문제의 조건들을 잘 확인하시며 충분히 검토해본 후에 제출하셔서 감점을 적게 받으시면 좋을 것 같습니다. 2. 시험 (기말고사) 중간고사는 없었고, 기말고사 1번의 시험을 쳤습니다. 기말고사의 난이도는 개인적으로 어려웠다고 생각했습니다. 시간복잡도에 대한 개념, 각각의 알고리즘이 어떻게 흘러가는지 등에 대해서 집중적으로 공부하였던 것이 그나마 많은 문제를 풀게 해주었던 것 같습니다. (점수 공지는 따로 없어서 정확하지는 않지만 잘치지는 않은것같습니다) 3. 전체적인 강의 평가 타과의 수강생임에도 불구하고, 강의 내용들은 상당히 흥미로웠고 이해하기 쉬웠습니다. 교수님께서 비록 영어로 설명하시만 코딩 세션을 통해서 직접 구현하는 것을 보여주시기도 하셔서 더욱 잘 와닿았던 것 같습니다. 정렬, 최단경로 알고리즘 등에 대해서 강의해주십니다. 비율은 과제 50% + 기말 50% 이므로 과제에 많은 신경을 쓰신다면 좋은 학점을 받으실 거라고 생각합니다. 기말을 아마 못쳤을 거라고 생각하는데 A+ 주신 걸 보면 학점 비율은 너그럽다고 생각합니다.",,,
1856288-100,https://everytime.kr/lecture/view/1856288,1856288,알고리즘개론,허재필,22년 1학기 수강자,5,"5번 과제 + 기말 1번이었습니다 과제 3번은 거의 만점, 2번은 평균+20 정도였고 기말은 망한 것 같은데 a+ 주신 거 보면 학점 후하게 주시는 것 같아요 영어긴 하지만 강의력이 참 좋으십니다 열심히 공부하면 따라갈 수 있습니다",,,
3095853-001,https://everytime.kr/lecture/view/3095853,3095853,컴퓨터개론,최정환,26년 1학기 수강자,3,강의 진행방식이 그렇게 좋은것 같진않고 시험 출제 범위가 들쭉날쭉함 알아서 찾아보면서 공부하는 수밖에 없을듯,,,
3095853-002,https://everytime.kr/lecture/view/3095853,3095853,컴퓨터개론,최정환,26년 1학기 수강자,3,"그냥 장점과 단점이 없는 평범한 강의라고 생각합니다. 다만 좀 충격이었던건, 이번 중간고사 범위에 시험 범위가 아니였던 부분이 들어갔고 기말에도 안 배운 내용이 나올 수 있으니 잘 찍어라 라는 말씀을 하셨습니다. 이런 점 빼면 그냥 무난한 수업이라고 생각하니다.",,,
3095853-003,https://everytime.kr/lecture/view/3095853,3095853,컴퓨터개론,최정환,26년 1학기 수강자,3,"강의가 2시간 연강으로 진행되는데, 강의력이 그리 좋아보이지 않습니다. ppt 내용도 별로 친절하진 않습니다.",,,
3095853-004,https://everytime.kr/lecture/view/3095853,3095853,컴퓨터개론,최정환,26년 1학기 수강자,4,강의력이 좋지는 않으십니다. 다만 그냥 대충 들어도 되고 과제도 별로 없어서 좋은듯,,,
3095853-005,https://everytime.kr/lecture/view/3095853,3095853,컴퓨터개론,최정환,26년 1학기 수강자,3,교수님이 ppt내용만 읽다보니깐 수업이 지루하다. 과제가 AI생성 느낌이 나고 답은 확실히 AI를 쓰신거 같다. 시험대비로 교안을 외우는 느낌으로 출발하는게 좋다.,,,
3095853-006,https://everytime.kr/lecture/view/3095853,3095853,컴퓨터개론,최정환,26년 1학기 수강자,3,강의력 좋지 않음 너무 지루함 과제 정답 ai 돌려서 주는거 보고 교수가 수업에 관심이 없구나를 느낌,,,
3095853-007,https://everytime.kr/lecture/view/3095853,3095853,컴퓨터개론,최정환,26년 1학기 수강자,3,교수님 강의력이 그렇게 좋은 편은 아니십니다. 그냥 교안 보고 자기가 공부할 수 밖에 없음,,,
3095853-008,https://everytime.kr/lecture/view/3095853,3095853,컴퓨터개론,최정환,26년 1학기 수강자,3,재수강으로 듣고있는데 일단 강의 2시간 쉬는시간 없이 쭉 이어나가심. 뭔가를 많이 알려주려고는 하는데 집중이 그렇게 막 되지는 않음 교안도 딱헤 친절하지는 않은데 과제는 쉬워서 어느정도 사전지식이 있으면 들을만함. 아 그러고 가끔 수강생 적은것같으면 수업 마지막에 직접호명하심,,,
2576614-001,https://everytime.kr/lecture/view/2576614,2576614,오픈소스소프트웨어실습,박진영,26년 1학기 수강자,1,"내용은 좋은것 같은데, 조교 분들이 영어 ppt만 읽고 수업 끝이다. 약간 고등학교 때 영어로 발표하는 느낌...? 수업 들으러 학교 가는 시간이 조금 아깝다",,,
2576614-002,https://everytime.kr/lecture/view/2576614,2576614,오픈소스소프트웨어실습,박진영,26년 1학기 수강자,3,조교들이 피피티만 읽다가 끝남 모든 내용을 처음 배우는 나로서는 아무것도 알아들을 수가 없어서 괴로웠음 퀴즈도 다 제미나이 돌려서 냈고 걍 강의들으러가는 시간이 아까움,,,
2576614-003,https://everytime.kr/lecture/view/2576614,2576614,오픈소스소프트웨어실습,박진영,26년 1학기 수강자,3,조교님들이 수업을 진행합니다. 많은 페이지를 다루다보니 너무 빠르게 넘어가서 하나하나 이해하며 듣기는 힘들 수 있습니다.,,,
2576614-004,https://everytime.kr/lecture/view/2576614,2576614,오픈소스소프트웨어실습,박진영,26년 1학기 수강자,3,"강의력, 구성이 좋지 않고 수업에서 얻어갈 수 있는게 그에 따라 현저히 적음",,,
2576614-005,https://everytime.kr/lecture/view/2576614,2576614,오픈소스소프트웨어실습,박진영,26년 1학기 수강자,4,"조교가 수업을 진행함 , 부담음 없는데 출석관련 엄격하심 과할정도로..",,,
2576614-006,https://everytime.kr/lecture/view/2576614,2576614,오픈소스소프트웨어실습,박진영,26년 1학기 수강자,3,.조교가 수업을 해요 어려운 내용인데 ㅠㅠㅠㅠ,,,
2576614-007,https://everytime.kr/lecture/view/2576614,2576614,오픈소스소프트웨어실습,박진영,26년 1학기 수강자,3,조교들이 ppt 영어로 읽는데 그거 보고 해당 내용 이해하는 사람이 진짜 있을까 궁금.. 약간 낭독회 느낌..? 교수님도 유도리가 너무 없으시다고 생각 그래도 과제는 매우 쉬워요,,,
2576614-008,https://everytime.kr/lecture/view/2576614,2576614,오픈소스소프트웨어실습,박진영,26년 1학기 수강자,5,다른 실습들에 비하면 부담이 크지 않은 것 같아 추천합니다,,,
2576614-009,https://everytime.kr/lecture/view/2576614,2576614,오픈소스소프트웨어실습,박진영,25년 2학기 수강자,5,수업이 상당히 쉽고 시험도 교수님이 족보도 올려주셔서 실습 중에서 2학점 쉽게 얻음 대신에 가끔씩 교수님이 직접 출결을 부르는데 수업 시간도 길지는 않으니 웬만해서는 가서 들어야함,,,
2576614-010,https://everytime.kr/lecture/view/2576614,2576614,오픈소스소프트웨어실습,박진영,26년 1학기 수강자,4,교수님 영어 발음이 좀 알아듣기 힘들긴합니다. 출석을 굉장히 신경쓰시는 편입니다. 매주 과제 있는데 부담은 없는편입니다.,,,
2576614-011,https://everytime.kr/lecture/view/2576614,2576614,오픈소스소프트웨어실습,박진영,25년 2학기 수강자,3,"강의력도 안 좋고 어물쩡 넘어가는 부분이 많은데 시험에서는 더 많은 걸 요구해서 배경지식이 있으면 시험에 도움이 될듯합니다. 성적은 널널하게 주십니다. 성격이 좀,,",,,
2576614-012,https://everytime.kr/lecture/view/2576614,2576614,오픈소스소프트웨어실습,박진영,25년 1학기 수강자,2,"If you only need credits - it's a good choice since course is not demanding, though attendance is crucial, don't fake it. 1-3 got F because of this. If you are interested in learning something, don't take it. Course material is poorly covered with incomprehensible English.",,,
2576614-013,https://everytime.kr/lecture/view/2576614,2576614,오픈소스소프트웨어실습,박진영,26년 1학기 수강자,5,강의 좋아요 근데 출석 체크 확인 안하고 넘기셧다가 안된걸로 표기되면 교단 위로 호출 당합니다 주의하세여,,,
2576614-014,https://everytime.kr/lecture/view/2576614,2576614,오픈소스소프트웨어실습,박진영,25년 2학기 수강자,4,매주 과제가 나오는데 수업하는 당일 12시까지 제출해야 함 당일 제출이라 부담되지는 않음 시험도 기말만 봐서 중간 때는 다른 과목 공부하기 좋음 원래 족보 그대로 나왔는데 이번년도부터 조금씩 다르게 낸다고 해서 조금 당황스러웠지만 그래도 깃허브나 파이썬에 대한 기초 지식만 있다면 충분히 잘 볼 것이라 생각함,,,
2576614-015,https://everytime.kr/lecture/view/2576614,2576614,오픈소스소프트웨어실습,박진영,25년 2학기 수강자,4,얻어가는 게 많지 않다고 느꼈는데 내가 이미 지식이 많아서(x) 그냥 말 그대로 얻어가는 게 많지는 않음(o) 부담이 큰 과목은 아니라 듣기 나쁘지 않은 거 같음 근데 조교 분 영어 발음 좀 못 알아듣겠음 상위 50까지 쁠 달아주신다는 건 루머같음 그래도 성적 잘 주시는 편같음! 시험은 어렵진 않은데 족보랑 갑자기 다르게 내셨던 거 같고 기말 한 번 뭔가 전반적으로 특이했던 수업 근데 관련 내용 책 사서 공부하는 게 나아서 실습 채우려는 거 아니면 그렇게 막 추천하지는 않음,,,
2576614-016,https://everytime.kr/lecture/view/2576614,2576614,오픈소스소프트웨어실습,박진영,25년 2학기 수강자,5,"이 강의는 갓진영 교수님의 조교분들이 수업을 진행하시는 좋은 실습 강의이고, 출석 관련 이벤트들이 상당히 재미있는 수업이었다. 매주 2-3분 퀴즈가 진행되고, 수업때는 open source에 걸맞는 다양한 주제를 다룰 수 있어서 상당히 재밌었으며, 당일 과제로 관련 내용을 실습하는 것이 즐거웠다(수업도 30분 정도 걸린다). 다만, 출석 관련해서 엄격하기 때문에, 출튀는 추천하지 않는다. 그 이유가 기말고사였는데, 족보 5개의 내용과 ppt 내용을 치트 페이퍼에 적어갔으나, 문제들 대부분이 갈아엎어져 큰 의미가 없었고, 처음 보는 문제들이 나와서 당황스러울 정도였다. 그러나 수업 내용을 제대로 이해하면 손을 댈 수 있는 문제였고, 다들 똑같이 당황해서 평균과 중앙값이 그렇게 높진 않았던 걸로 기억한다. 기말고사가 바뀌었어도, 학생이 공부할 점을 얻어갈 수 있게 출제하셔서, 개인적으로 만족한 수업이다. 후배들에게 강력 추천한다.",,,
2576614-017,https://everytime.kr/lecture/view/2576614,2576614,오픈소스소프트웨어실습,박진영,25년 2학기 수강자,5,"수업 시작하고 3분동안 아이캠퍼스에서 이전 수업 내용과 관련된 간단한 퀴즈를 풉니다. 수업은 20분에서 30분 정도 진행합니다. 수업이 끝나면 강의실에 남아 조교에게 질문을 하며 해당 주차 과제를 하거나, 바로 집에 가면 됩니다. 당일 11시 59분까지 과제를 제출해야 합니다. 수업이 끝날 때 교수님이 출석을 부르시는데 초반 몇 주 부르더니 그 후에는 체크 안하셨습니다. 출석 점수가 비중이 크니 깜빡하지 말고 출석체크 잘 하시길 바랍니다. docker, git, bash, opensource lincenses, latex, markdown 등의 주제에 대해서 배우는데, git에 가장 많은 주차를 할애했습니다. 고학번이고 실무를 경험해본 입장에서 어려운 내용은 없었고 과제도 당일 제출인 만큼 부담스러운 과제는 없었습니다. 중간고사는 없고 기말고사만 보는데 cheatsheet을 손글씨로 적어갈 수 있습니다. 또한 기말고사 몇 주 전에 이전까지의 기출문제 PDF를 업로드해주십니다. 기출문제를 봤을 때는 경향이 비슷했는데 이번 학기에 경향이 크게 바뀌었습니다. 그래서 cheatsheet이 크게 유용하지 않았고, 학생들의 성적 평균이 낮은 편이었던 것 같습니다. 에브리타임에 교수님이 글을 쓰셨는데 앞으로도 바뀐 스타일로 출제하시려는 것 같습니다. 그리고 성적을 구글 시트에 정리해놓으셔서 몇 등인지 파악하기 쉽습니다 (학번은 해싱되어 있습니다).",,,
2576614-018,https://everytime.kr/lecture/view/2576614,2576614,오픈소스소프트웨어실습,박진영,25년 2학기 수강자,5,"시험이 조금 아쉬웠지만, 배워야할 내용이 필수적인 내용들이라 유익했습니다. 매주 출석 열심히 하시고 과제 잘 해결하면 좋은 성적 받을수 있습니다!",,,
2576614-019,https://everytime.kr/lecture/view/2576614,2576614,오픈소스소프트웨어실습,박진영,25년 2학기 수강자,5,"개발자로서의 기본 스킬을 얻는 데 가장 중요한 git, docker, linux,md 등의 사용법을 배울 수 있음. 기존 시험 형식이랑 달라졌다고 원성이 자자하던데 솔직히 그렇게 어렵지 않았음. 열심히 공부했으면 고득점 가능한 정도니까 겁먹지 마시길. 매주 개념관련 퀴즈있고 10~20분 분량의 쉬운 과제가 나감. 기말 한번만 시험보면 되고 치트 시트 들고갈 수 있어서 좋았음.",,,
2576614-020,https://everytime.kr/lecture/view/2576614,2576614,오픈소스소프트웨어실습,박진영,25년 1학기 수강자,5,깃 등 개발툴 활용법을 공부합니다.매주 과제있고 성적이 너그럽습니다.,,,
2576614-021,https://everytime.kr/lecture/view/2576614,2576614,오픈소스소프트웨어실습,박진영,25년 2학기 수강자,5,특히 저학년이 들으면 분명 좋은 수업이라고 생각합니다,,,
2576614-022,https://everytime.kr/lecture/view/2576614,2576614,오픈소스소프트웨어실습,박진영,25년 2학기 수강자,3,JYP 2년동안 족보 문제 고대로 냈는데 이번 학기에 확 틀어버림 시험내용은 사실 강의내용과 별 연관은 없는것같음,,,
2576614-023,https://everytime.kr/lecture/view/2576614,2576614,오픈소스소프트웨어실습,박진영,25년 2학기 수강자,5,저학년인데 깃허브 등 배울 수 있어서 좋았습니다 근데 기말 시험이 약간 과목과 전혀 상관없는 내용으로 나오는 느낌 치트시트 열심히 적어갔는데 전혀 도움이 안됐네요,,,
2576614-024,https://everytime.kr/lecture/view/2576614,2576614,오픈소스소프트웨어실습,박진영,25년 2학기 수강자,4,기말이 족보랑 많이 다르게 나와 성적은 잘 못 받을 거 같지만 저학년이라 그런지 유익하고 재밌는 내용 많이 배웠던 거 같습니다.,,,
2576614-025,https://everytime.kr/lecture/view/2576614,2576614,오픈소스소프트웨어실습,박진영,25년 2학기 수강자,4,실질적인걸 배우는 강의. 깃허브나 도커 등은 이 수업 외에는 알려주지 않음. 다만 여태까지의 시험과 비교했을 때 이번 시험은 매우 실망스러웠음. 이번학기만 이상하게 나왔을 거라고 믿고 4점주겠음.,,,
2576614-026,https://everytime.kr/lecture/view/2576614,2576614,오픈소스소프트웨어실습,박진영,25년 2학기 수강자,5,수업이 빨리 끝남 과제와 출결이 매우매우 중요함 기말 한번으로 갈릴 수 있도록 충분히 변별력 있게 내심 족보 믿으면 절대 안됨 기출 다 올려주는데 새로운 내용 70퍼였음,,,
2576614-027,https://everytime.kr/lecture/view/2576614,2576614,오픈소스소프트웨어실습,박진영,25년 1학기 수강자,5,실습 스트레스가 좀 심하지만 지피티 활용만 잘해도 따라갈 만 하다,,,
2576614-028,https://everytime.kr/lecture/view/2576614,2576614,오픈소스소프트웨어실습,박진영,25년 2학기 수강자,2,"수업내용 자체는 괜찮은데 시험 방식이 최악 이 과목에서 파이썬 문법 문제, git관련 농담문제 이딴거나 내고 진짜 수업에서 배운걸 제대로 확인하는 문제는 반도 안됨 어차피 족보를 주니까 딱 족보만 치트페이퍼쓰고 따로 공부해서 고득점을 노릴바엔 그 시간에 다른과목 신경쓰는게 100배는 나아서 시험공부 가성비는 안나오는 과목",,,
2576614-029,https://everytime.kr/lecture/view/2576614,2576614,오픈소스소프트웨어실습,박진영,25년 2학기 수강자,5,아직 성적은 안 나왔지만 은근 도움 많이 되었습니다. 실습도 안 어렵고 편하게 들을 수 있습니다.,,,
2576614-030,https://everytime.kr/lecture/view/2576614,2576614,오픈소스소프트웨어실습,박진영,25년 2학기 수강자,4,과제랑 퀴즈는 쉬워서 부담스럽지는 않으나 굳이 들을 이유는 잘 모르겠습니다 출튀는 절대 하지 마세요,,,
2576614-031,https://everytime.kr/lecture/view/2576614,2576614,오픈소스소프트웨어실습,박진영,25년 2학기 수강자,2,"저학년도 꿀빨고 싶은거 아니면 굳이 들을 필요 없음 인터넷 조금만 찾아봐도 배울 수 있는 내용. 무엇보다 교수님과 조교님들 융통성이 좀 많이 없는듯 출석 빡세게 잡는거? 그럴 수 있지 근데 치팅 페이퍼 가지고 뭐 이렇게 하니 저렇게 하니 형평성을 따지니 하면서 학생들 피곤하게 할 바에 그냥 치팅페이퍼 허용 안했으면 좋겠음. 과제 자체가 부담스럽진 않은데, more than **three** 이렇게 강조해놓고 more than equal three 아니니까 4개 넣어야함 3개 넣었으면 1점 감점 ㅅㄱ 이거는 물론 내 잘못도 있지만 다소 치사하다고 생각함. 전혀 그럴만한 과제가 아닌데 유독 점수가 낮은걸 보면 좀 뭔가 잘못된 것 같지 않나? 저학년인데 배운건 별로 없는데 피곤하기만 함 전공인데 그나마 꿀빨거면 들으셈",,,
2576614-032,https://everytime.kr/lecture/view/2576614,2576614,오픈소스소프트웨어실습,박진영,25년 2학기 수강자,4,"배워가는 게 많다고 해서 선택해서 들었는데, 개인적으로 별로였음. 우선 출석이 제일 중요하고 출튀하면 안 됨 수업은 git 배우는 줄 알았는데, 이외에도 여러모로 폭넓게 가르침. 그런데 차라리 프로젝트 하나 팀플로 해서 git 활용하는 방식이 재밌을 것 같은데, 각 주제마다 과제가 할당됨 강의 후 당일까지 과제 해결하는 방식으로 강의가 진행되는데, 이것도 별로였음. 학생 수에 비해 TA 수가 너무 부족함. 다른 실습 과목도 이런 방식으로 진행된다면 모르겠지만, 일단 실습 과목 처음 들은 입장에서 새로운 개념을 배우고 바로 실습하는 상황인데 전담해서 알려주는 사람이 없으니 힘들고 어려웠음. 족보 제공되는 건 장점",,,
2576614-033,https://everytime.kr/lecture/view/2576614,2576614,오픈소스소프트웨어실습,박진영,25년 1학기 수강자,4,과제도 쉽고 시험도 족보 제공해주셔서 좋긴한데 엄청 유익하진않아요,,,
2576614-034,https://everytime.kr/lecture/view/2576614,2576614,오픈소스소프트웨어실습,박진영,25년 2학기 수강자,5,내용은 혼자 공부하기에 어렵지 않습니다 출석이 매우 중요합니다 5~6주에 한번은 교수님이 오셔서 한명한명 출석을 부르십니다. 출석이 안되면 그주차 과제도 0점입니다,,,
2576614-035,https://everytime.kr/lecture/view/2576614,2576614,오픈소스소프트웨어실습,박진영,25년 2학기 수강자,5,소프트면 한 번은 들어야 함. 배워가는 게 많고 출튀는 하면 큰일 남,,,
2576614-036,https://everytime.kr/lecture/view/2576614,2576614,오픈소스소프트웨어실습,박진영,25년 1학기 수강자,5,매주 하는 실습은 할만했는데 기말은 생각보다 쉽지 않았음 출석이랑 실습에서 점수 깎이지 않게 조심하자,,,
2576614-037,https://everytime.kr/lecture/view/2576614,2576614,오픈소스소프트웨어실습,박진영,24년 2학기 수강자,5,출석이 가장 중요하고 기말 시험은 cheating paper 작성 가능해서 어렵지 않았습니다,,,
2576614-038,https://everytime.kr/lecture/view/2576614,2576614,오픈소스소프트웨어실습,박진영,25년 1학기 수강자,4,출석 진짜 매우 미친 중요합니다. 수업째고 과제해도 0점임. 그리고 당연하지만 출석 안누르면 걍 안 온 취급해서 꼭 하셔야해요. 수업 난이도는 별로 높진 않습니다. 시험 있는데 오픈북임,,,
2576614-039,https://everytime.kr/lecture/view/2576614,2576614,오픈소스소프트웨어실습,박진영,25년 1학기 수강자,5,학점 잘주십니다. 대신에 출석이 깐깐해요 수업시간에 열심히하면 충분할듯,,,
2576614-040,https://everytime.kr/lecture/view/2576614,2576614,오픈소스소프트웨어실습,박진영,25년 2학기 수강자,5,출석 깐깐하게 잡으십니다 가끔 직접호명 하실 때도 있으니 출튀하지 마세요 그리고 6시에 맞춰 전자출결 꼭 하셔야 합니다 못했으면 수업시간 중 특이했던 점(조교님이 질문 있냐고 했는데 아무도 질문을 안했다 처럼 사소한 것도 가능) 기억하시고 수업 끝나고 바꿔달라 하시면 됩니다,,,
2576614-041,https://everytime.kr/lecture/view/2576614,2576614,오픈소스소프트웨어실습,박진영,25년 1학기 수강자,5,"출석만 매주 꼬박꼬박 한다면 꿀강 족보보고 시험공부하면 평균정도 나오고, 출석만점에 이정도면 에쁠주심",,,
2576614-042,https://everytime.kr/lecture/view/2576614,2576614,오픈소스소프트웨어실습,박진영,25년 1학기 수강자,4,과제랑 시험 족보를 구한다면 무난히 들을 수 있는 과목.,,,
2576614-043,https://everytime.kr/lecture/view/2576614,2576614,오픈소스소프트웨어실습,박진영,24년 1학기 수강자,5,"깃, 도커 등에 대한 개념과 기초 사용을 익히기 좋은 과목 실습인데 매번 일찍 끝나고 내용도 크게 부담되지 않아서 좋음 실습 이제 하나라던데 이거 들으세요",,,
2576614-044,https://everytime.kr/lecture/view/2576614,2576614,오픈소스소프트웨어실습,박진영,25년 1학기 수강자,5,출석은 당연한거고 과제는 실수하지 말고 시험은 평균보다는 잘 보면 에이쁠 받는듯?,,,
2576614-045,https://everytime.kr/lecture/view/2576614,2576614,오픈소스소프트웨어실습,박진영,25년 1학기 수강자,5,수업은 깃허브 등을 어떻게 쓰는지 알려주시고 나름 도움이 됐습니다. 수업마다 퀴즈 하시고 출석도 바로바로하시면 딱히 문제 없을거 같습니다! 시험은 무난했어요,,,
2576614-046,https://everytime.kr/lecture/view/2576614,2576614,오픈소스소프트웨어실습,박진영,25년 1학기 수강자,5,매주 퀴즈/출석/과제 잘 챙기고 기말고사는 교수님이 주시는 족보만 숙지하면 됨,,,
2576614-047,https://everytime.kr/lecture/view/2576614,2576614,오픈소스소프트웨어실습,박진영,25년 1학기 수강자,5,"도커, 쉘 스크립트, 깃 등등을 배우는데 깃 비중이 큰 편입니다. 지금까지 들었던 실습 과목 중에선 수업 난이도나 과제 부담 강도가 가장 낮았고 편했습니다. 저학년이 듣기에도 좋은 실습이라 생각하고, 고학년이 들으면 편하게 2학점 따는 실습이 될 것 같습니다. 출석 중요하고 출튀 빡세게 잡으시니까 출석은 꼭 잘하시는 게 좋습니다",,,
2576614-048,https://everytime.kr/lecture/view/2576614,2576614,오픈소스소프트웨어실습,박진영,25년 1학기 수강자,5,"시험의 비중이 생각보다 적음 과제와 퀴즈, 출결만 열심히 해도 기본은 가져갈 수 있지 않을까 싶음 시험도 이전 시험지를 올려주셔서 대비하기 쉬움 과제, 출석 열심히 하시길",,,
2576614-049,https://everytime.kr/lecture/view/2576614,2576614,오픈소스소프트웨어실습,박진영,25년 1학기 수강자,5,무조건 출석해야 하는 과목. 과제는 매 수업마다 있긴 하지만 1시간이면 충분히 끝냅니다. 시험도 치트시트 1장 가능하고 교수님이 올려주시는 기출 위주로 나와서 부담 없습니다,,,
2576614-050,https://everytime.kr/lecture/view/2576614,2576614,오픈소스소프트웨어실습,박진영,25년 1학기 수강자,5,"고학번이 들으면 꿀입니당. Docker, github 등등 자잘한거 배우는데 과제도 금방 끝나고 부담 없습니다. 시험도 거의 족보대로 나오고 출석만 신경써서 하시면 쉽게 A+ 가능합니다!",,,
2576614-051,https://everytime.kr/lecture/view/2576614,2576614,오픈소스소프트웨어실습,박진영,25년 1학기 수강자,5,"교수님이 출석을 빡세게 잡으셔서 출튀같은건 생각도 하지 마시길 걸렸다가 바로 F 받습니다. 과제는 실습 과목인 것에 비해 금방 끝나고, 쉽다고 생각합니다. 시험이 한 번인건 부담이 적어서 좋습니다. 시험 문제가 전부 서술형이라 조금 힘들 수 있습니다. 국제어 수업인 만큼 수업을 못 알아들을 수 있지만 올라오는 피피티 내용을 조교님이 읽어주시는 정도라 문제가 없습니다. 한 학기 동안 수업을 안 들었지만 과제도 잘 됬습니다. 추천하는 수업입니다.",,,
2576614-052,https://everytime.kr/lecture/view/2576614,2576614,오픈소스소프트웨어실습,박진영,25년 1학기 수강자,5,"출석<< 제일 중요 점수 반영에 퀴즈, 과제, 출석 비율이 높게 들어가는디, 한 주 출석을 안하면 그 주 퀴즈, 과제, 출석 모두 빵점임. 출석만 잘 해도 B+이상 무조건 가능 GIT 위주로 배워서 저학년들은 무난하게 듣기 좋음",,,
2576614-053,https://everytime.kr/lecture/view/2576614,2576614,오픈소스소프트웨어실습,박진영,25년 1학기 수강자,5,쉽고 부담없는강의입니다. 주로 git에대해 배웁니다.,,,
2576614-054,https://everytime.kr/lecture/view/2576614,2576614,오픈소스소프트웨어실습,박진영,25년 1학기 수강자,5,일단 편한 게 장점입니다. 오픈소스에 대해 관심이 있으면 추천합니다.,,,
2576614-055,https://everytime.kr/lecture/view/2576614,2576614,오픈소스소프트웨어실습,박진영,25년 여름 수강자,5,"이번부터 git위주로 수업해서 오히러 도움이 된 것 같습니다. 2-1에 듣기 좋은거 같고, 출석이랑 과제만 성실히 하면 성적 받기도 쉽습니다.",,,
2576614-056,https://everytime.kr/lecture/view/2576614,2576614,오픈소스소프트웨어실습,박진영,25년 1학기 수강자,5,오픈소스 기초를 배울 수 있습니다. 과제도 금방해요,,,
2576614-057,https://everytime.kr/lecture/view/2576614,2576614,오픈소스소프트웨어실습,박진영,25년 1학기 수강자,4,수업 출튀하면 교수님이 직잡 호칭하면서 다 잡아요..ㅠㅠㅋㅋㅋㅋ 수업시간에는 딱히 배우는 내용은 없고 과제랑 출석 꾸준히하는게 중요한거 같습니다 기말고사는 A4치트시트 하나 만들고 들어갈수 있어서 교안 꽉꽉채우느라 손목 아파요. 막상 또 시험문제에는 필기한 노트내용 거의 안나오고..,,,
2576614-058,https://everytime.kr/lecture/view/2576614,2576614,오픈소스소프트웨어실습,박진영,25년 1학기 수강자,4,"교안과 교수님이 올려주시는 참여형 수업들 너무 알참, 단점은 실 수업 자체는 강의 전달력이 좀 별로임..",,,
2576614-059,https://everytime.kr/lecture/view/2576614,2576614,오픈소스소프트웨어실습,박진영,25년 1학기 수강자,4,시험은 족보 나눠줘서 쉽고 출석 못하면 그날 과제랑 퀴즈도 0점이라 출석 중요합니다 가끔 교수님이 수업 끝나고 출튀 확인하니까 하지 마세요,,,
2576614-060,https://everytime.kr/lecture/view/2576614,2576614,오픈소스소프트웨어실습,박진영,25년 1학기 수강자,5,겨수님 제발 학점 잘주세여 제발제발제발제방 사실 뭘 배웠는지는 잘 모르겠고 깃허브에 대해서는 조금 알아가는 느낌? 가끔 있는 교수님의 배신자 색출이 굉장히 흥미로움. 시험 기출에서 70퍼센트 신규문제 30퍼센트나오는데 평균이 70점인게 굉장히 인상적인 과뮥 과제가 매주 있지만 30분이면 할 수 있는 간단한 과제 실습과목 하나 들을거면 낫배드,,,
2576614-061,https://everytime.kr/lecture/view/2576614,2576614,오픈소스소프트웨어실습,박진영,25년 1학기 수강자,4,교안은 괜찮은데 조교님들 강의력이 너무 안좋음 학점은 잘주는듯함,,,
2576614-062,https://everytime.kr/lecture/view/2576614,2576614,오픈소스소프트웨어실습,박진영,25년 1학기 수강자,4,전체적으로 편하고 좋았어요. 근데 수업이 좋진 않았어요. 사실 수업 내용은 정갈하게 진행되지 않아서 알아듣기 힘들었지만 수업 시작 전에 한두시간 예습해가고 수업 끝난 후 조교님들께 질문하면서 공부하니까 많이 배웠던 것 같아요. 점수도 후하게 주시고 2-1인 저는 배워가는것도 많았습니다. 저학년이면 들어볼만 한 것 같아요. 그리고 고학년들이 생각보다 공부를 안하는지 성적따기도 쉬워요.,,,
2576614-063,https://everytime.kr/lecture/view/2576614,2576614,오픈소스소프트웨어실습,박진영,25년 1학기 수강자,4,매주 퀴즈 있고 출석 되게 신경쓰십니다 출튀 여러번 잡으시니 그냥 할 생각 하지 마세요. 솔직히 강의력은 조교분들이 수업해주시는데 좋은 편은 아닌거 같아요.,,,
2576614-064,https://everytime.kr/lecture/view/2576614,2576614,오픈소스소프트웨어실습,박진영,25년 1학기 수강자,5,"과제가 매주 있지만, 금방 풀 수 있는 정도라서 괜찮습니다.",,,
2576614-065,https://everytime.kr/lecture/view/2576614,2576614,오픈소스소프트웨어실습,박진영,25년 1학기 수강자,5,교수님께서 융통성이 있으시다. 다만 혼자 공부해야함,,,
2576614-066,https://everytime.kr/lecture/view/2576614,2576614,오픈소스소프트웨어실습,박진영,25년 1학기 수강자,5,성적은 아직 안 나와서 모르겠지만 과제도 어렵지 않고 수업도 일찍 끝나서 아직까진 낫배드입니다! 가끔 호명출석해서 출튀 잡습니다,,,
2576614-067,https://everytime.kr/lecture/view/2576614,2576614,오픈소스소프트웨어실습,박진영,24년 2학기 수강자,5,수업 따라가기도 수월하고 과제도 매번 짧아서 좋습니다,,,
2576614-068,https://everytime.kr/lecture/view/2576614,2576614,오픈소스소프트웨어실습,박진영,25년 1학기 수강자,5,전공 과목 중 유일하게 힐링되는 과목 수업 일찍 끝내주시고 과제도 쉬운편이다. 매주 퀴즈 참여 잘하면 된다.,,,
2576614-069,https://everytime.kr/lecture/view/2576614,2576614,오픈소스소프트웨어실습,박진영,24년 2학기 수강자,5,수업 쉽고 수업 짧고 다 괜찮은데 출석 제발 조심하세요. 출석이 건건 입니다.,,,
2576614-070,https://everytime.kr/lecture/view/2576614,2576614,오픈소스소프트웨어실습,박진영,25년 1학기 수강자,4,뭘 배우는 지 잘 모르겠는데 실습 그다지 어렵진 않음,,,
2576614-071,https://everytime.kr/lecture/view/2576614,2576614,오픈소스소프트웨어실습,박진영,24년 2학기 수강자,5,출결이랑 퀴즈 중요하고 시험은 개념 위주입니다,,,
2576614-072,https://everytime.kr/lecture/view/2576614,2576614,오픈소스소프트웨어실습,박진영,24년 2학기 수강자,4,낫배드에요. 시험은 한 번 봐요. 출결이 중요해요.,,,
2576614-073,https://everytime.kr/lecture/view/2576614,2576614,오픈소스소프트웨어실습,박진영,24년 2학기 수강자,5,과제도 쉽고 시험도 쉽고 성적 비율도 넉넉하고 최고입니다 출석 조금 빡세게 잡으셔서 퀴즈 마치고 바로 출석하는거만 잊지 않으면 쉽게 A+ 받아가실 수 있는 강의입니다 ~,,,
2576614-074,https://everytime.kr/lecture/view/2576614,2576614,오픈소스소프트웨어실습,박진영,24년 2학기 수강자,5,이미 깃 잘알던 사람들은 배우는게 없다고 하는데 전 엄청 유익했습니다. 노베도 부담없이 수강 가능해요,,,
2576614-075,https://everytime.kr/lecture/view/2576614,2576614,오픈소스소프트웨어실습,박진영,24년 2학기 수강자,4,"슬라이드 구조가 너무 혼란스러워서 수업에 집중하지 못하고 졸립니다. 조교들이 친절해요. 교수님은 출석에 너무 집착하셨고, 가장 시간 걸린 귀찮은 방법으로 출퇴를 체크했습니다. 실험수업인데 시험에 왜 이렇게 많은 양을 채웠는지 모르겠습니다. git을 배우는 것은 실용적이지만 이렇게 힘들다면 굳이 학점으로 배울 필요가 있을까요.... 교수님의 다른 강의 들으세요. 다른 강의 들으세요.",,,
2576614-076,https://everytime.kr/lecture/view/2576614,2576614,오픈소스소프트웨어실습,박진영,24년 2학기 수강자,3,"실습을 7개 들어야 하는 사람에게는 꿀강으로 추천하는 강의.. 하지만 그 외에는 좀 아쉬움 1. 깃/깃허브에 대해 배움. 유용한 내용인 건 맞지만 3학년 이상은 이미 아는 내용이라 도움이 되지 않을 것 같음. 전공 과목 중 실습에서 개발을 많이 배우기 때문에 실습을 7개 들어야 하는 것이 아니라면 다른 실습을 추천합니다 2. 교수님이 너무 빡빡하심. 원칙대로 하는 게 맞지만, 종종 너무 딱딱하다고 생각이 들 때가 많다. 학교에서 결석 인정되는 사유로 빠져도 (아픈거빼고 정말 그 시간에 다른 일이 있는 경우), 절대 퀴즈나 과제 제출에 예외나 여유 시간을 주시지 않는 것이 그 예시이다",,,
2576614-077,https://everytime.kr/lecture/view/2576614,2576614,오픈소스소프트웨어실습,박진영,24년 2학기 수강자,4,배우는건 거의 없음 Git에 대해 배우긴하는데 굳이 이걸 돈내고 들어야할까 인터넷으로 20분 검색하면 충분할 내용 한학기 동안 듣는 느낌 난이도가 쉬우니 힐링되긴함 학점은 아직 안나와서 모르갰음 학점만 잘받으면 그냥 힐링용 꿀강의,,,
2576614-078,https://everytime.kr/lecture/view/2576614,2576614,오픈소스소프트웨어실습,박진영,24년 2학기 수강자,2,깃은 나쁘지 않고 도커 좀 더했우면 좋았을듯. 할거는 없음 과제도 10분이면 끝남.,,,
2576614-079,https://everytime.kr/lecture/view/2576614,2576614,오픈소스소프트웨어실습,박진영,24년 2학기 수강자,1,"학점 미화되기 전에 먼저 쓰면 1. 강의력이 너무 안좋으심. 그리고 솦트 3학년 이상은 얻는게 정말 아예 없을 것 같음. 2. 체감상 강의 시간보다 출튀 잡는다고 출석부르는 시간이 더 긴 것 같음. 근데 그것도 gls 증명사진 스크린에 띄우고 한명한명 이름이랑 얼굴 매칭하는거는 좀.. 정신적으로 피곤하네요 3. 교수님이 어느면에서는 학생들 편의 봐주는게 느껴지는데, 어느면에서는 너무 꽉막힌게 느껴짐 특히 출석 관련해서 더더욱 4. 하는거 정말 없어서 학점 거져먹기는 좋은 듯 저번학기 출튀사건땜에 교수님 마음은 이해는가지만, 이렇게까지 하는게 맞나 싶었던 학기였네요. 저는 학기초로 돌아간다면 드랍하고 다른 실습 들을 것 같습니다.",,,
2576614-080,https://everytime.kr/lecture/view/2576614,2576614,오픈소스소프트웨어실습,박진영,24년 2학기 수강자,5,퀴즈 매주 있는게 좀 거슬리지만 교슈님이 편의를 많이 생각해주십니다.,,,
2576614-081,https://everytime.kr/lecture/view/2576614,2576614,오픈소스소프트웨어실습,박진영,24년 1학기 수강자,3,오픈소스에 대해 전반적으로 배울수 있어 좋았습니다,,,
2576614-082,https://everytime.kr/lecture/view/2576614,2576614,오픈소스소프트웨어실습,박진영,23년 2학기 수강자,5,부끄럽지만 전공에서 첫 A+을 받은 과목 ... 그만큼? 좋으시다~,,,
2576614-083,https://everytime.kr/lecture/view/2576614,2576614,오픈소스소프트웨어실습,박진영,24년 1학기 수강자,5,시험은 A4 크기의 치트시트 한 장(양면)을 허용하므로 매우 쉽습니다. 중간고사는 없습니다. 과제도 매우 쉽다고 생각합니다.,,,
2576614-084,https://everytime.kr/lecture/view/2576614,2576614,오픈소스소프트웨어실습,박진영,24년 1학기 수강자,5,"박진영 교수님 너무 친절하십니다. 과제는 감 잡기가 좀 어려운데, 감만 잡으시면 괜찮으실 거에요! 시험은 교안 2회독 정도 하시면 괜찮을거에요!",,,
2576614-085,https://everytime.kr/lecture/view/2576614,2576614,오픈소스소프트웨어실습,박진영,24년 1학기 수강자,1,유도리없고 융통성없는 조교들과 교수. 하지만 형평성을 찾으려하니 웃김,,,
2576614-086,https://everytime.kr/lecture/view/2576614,2576614,오픈소스소프트웨어실습,박진영,24년 1학기 수강자,1,수업은 별로 배울만한거 없고 교수님 좀 고지식하고 유도리가 없다고 느꼈음,,,
2576614-087,https://everytime.kr/lecture/view/2576614,2576614,오픈소스소프트웨어실습,박진영,24년 1학기 수강자,2,교수님은 매우 엄격하고 깐깐하시다. 조교님들이 실습을 가르쳤고 교수님은 수업시간에 교실에서 잤습니다... 실습 끝나고 출석 확인하신 적도 있습니다.,,,
2576614-088,https://everytime.kr/lecture/view/2576614,2576614,오픈소스소프트웨어실습,박진영,24년 1학기 수강자,5,학점을 후하게 주십니다 쁠 잘채워주세요 교수님 감사합니다,,,
2576614-089,https://everytime.kr/lecture/view/2576614,2576614,오픈소스소프트웨어실습,박진영,24년 1학기 수강자,5,학점 대학 와서 본 교수님 중에 제일 후하게 주심 무조건 옾소실은 이 교수님 들으세요 기말은 족보랑 다르게 all 서술형으로 나와서 난감하긴 했지만.. 학점 진짜 퍼주셔서 부담 안 가지셔도 됨,,,
2576614-090,https://everytime.kr/lecture/view/2576614,2576614,오픈소스소프트웨어실습,박진영,24년 1학기 수강자,5,유익하다! 쉽다! 성적도 잘 주신다! 기말은 족보와 겹치면서도 꽤나 다르게 나오니 너무 족보에 의존하지 마시길,,,
2576614-091,https://everytime.kr/lecture/view/2576614,2576614,오픈소스소프트웨어실습,박진영,24년 1학기 수강자,5,"bash shell, docker, python, github 등을 배우는데 github 사용법을 중점적으로 배웁니다. 매주 수업 끝나고 과제가 나가며, 수업 듣고 교안 잘 따라가면 쉽게 해결할 수 있습니다. 그리고 수업 전에는 퀴즈를 풉니다. 출석을 안 하면 해당 주의 과제와 퀴즈는 0점 처리가 됩니다. 퀴즈는 잘 받은 점수 top 10으로 처리가 되지만 과제는 모든 과제가 성적에 들어가기 때문에 출석을 잘 해야 합니다. 모든 학생들의 성적은 sha3-256으로 암호화되고 모든 학생들이 볼 수 있도록 공개됩니다. 학점은 성균관대학교 모든 소프트웨어학과 전공 수업 중에 가장 잘 주는 것 같습니다.",,,
2576614-092,https://everytime.kr/lecture/view/2576614,2576614,오픈소스소프트웨어실습,박진영,24년 1학기 수강자,4,장점 : 수업 시간 짧다. 배우는 내용 좋다. 학점 꽉꽉 단점 : 주차 과제 꼼꼼히 챙기기 어렵다. 추가 : 전자출결 꼼꼼히 하시고 시험 준비 족보만 보지 마시고 절대절대 출튀하지 마세요.,,,
2576614-093,https://everytime.kr/lecture/view/2576614,2576614,오픈소스소프트웨어실습,박진영,24년 1학기 수강자,5,시험 변별력이 없다는 말이 있었으나 막상 시험 치니까 변별력 어느 정도 있는 듯 과제 잘 따라가고 출튀하지마세요,,,
2576614-094,https://everytime.kr/lecture/view/2576614,2576614,오픈소스소프트웨어실습,박진영,24년 1학기 수강자,5,성적은 정말 잘 주시니 걱정마시고 저희때 기말에 다 서술형으로 나와서 살짝 당황했으니 대충 말고 각각이 뭔지 설명할수 있을정도로 알면 좋을것 같습니다. 출석 매우 중요!!!,,,
2576614-095,https://everytime.kr/lecture/view/2576614,2576614,오픈소스소프트웨어실습,박진영,24년 1학기 수강자,5,"하라는 것만 정확하게 챙겨서 하면 성적 잘주십니다. 점수대가 촘촘해서 평소과제,출석 잘챙기세요! 꼭 수강신청하셔서 한학기 편하게 다니시기 바랍니다",,,
2576614-096,https://everytime.kr/lecture/view/2576614,2576614,오픈소스소프트웨어실습,박진영,24년 1학기 수강자,5,"셤 조금 못 본 감이 있어서 걱정하고 있었는데, 성적을 되게 너그럽게 주시는 것 같습니다. 24-1 기말 시험은 T/F 형태보다는 약술형 interview 문제가 주로 나왔습니다. 강의 내용은 전반적으로 유익한 것들로만 구성되어 있어서, 생소했던 도구나 플랫폼을 경험해보는 좋은 기회였습니다.",,,
2576614-097,https://everytime.kr/lecture/view/2576614,2576614,오픈소스소프트웨어실습,박진영,24년 1학기 수강자,5,고학번들은 당장 이 수업을 신청해서 편안한 학교생활 하시길,,,
2576614-098,https://everytime.kr/lecture/view/2576614,2576614,오픈소스소프트웨어실습,박진영,24년 1학기 수강자,5,초반엔 힘들었는데 미리 예습하고 가면 꿀임. 참고로 복전생임,,,
2576614-099,https://everytime.kr/lecture/view/2576614,2576614,오픈소스소프트웨어실습,박진영,23년 2학기 수강자,5,고학번들에게는 날로먹는 수업이라고 할 수 있겠습니다 기초중의 기초를 배워요 시험도 샘플 문제 내주신거 그대로 내네요,,,
2576614-100,https://everytime.kr/lecture/view/2576614,2576614,오픈소스소프트웨어실습,박진영,24년 1학기 수강자,4,고학번때 들으니까 뭘 배우는지 딱히 모르겠음. 좀 그런게 수업은 깃하고 막상 실습은 파이썬 과제임. 전반적으로 이해도가 있으면 꿀강 이해도 없으면 개 헬강일듯..?,,,
1937335-001,https://everytime.kr/lecture/view/1937335,1937335,JAVA프로그래밍실습,한환수,26년 1학기 수강자,5,그냥 무난한 실습 수업이고 요즘 ai활용해서 크게 배워가는건 없다,,,
1937335-002,https://everytime.kr/lecture/view/1937335,1937335,JAVA프로그래밍실습,한환수,26년 1학기 수강자,3,"그냥 독학해야 되는 강의입니다. 자바 노베여서 기초적인 개념에 대해 배워보려고 했으나, 설명도 그닥 친절하지 않고 교안도 부실해서 쉽지 않았습니다",,,
1937335-003,https://everytime.kr/lecture/view/1937335,1937335,JAVA프로그래밍실습,한환수,26년 1학기 수강자,3,그냥 독학하는거에요. 매주 과제있는게 피곤합니다.,,,
1937335-004,https://everytime.kr/lecture/view/1937335,1937335,JAVA프로그래밍실습,한환수,26년 1학기 수강자,3,그냥 귀찮은 강의 과제 제출 매번 있고 프로젝트도 팀으로 해야함,,,
1937335-005,https://everytime.kr/lecture/view/1937335,1937335,JAVA프로그래밍실습,한환수,25년 2학기 수강자,3,수업듣기는 편하고 내용도 쉽습니다 성실하게 공부해서 화이팅,,,
1937335-006,https://everytime.kr/lecture/view/1937335,1937335,JAVA프로그래밍실습,한환수,26년 1학기 수강자,4,"수업은 20분 정도 짧게 개념만 설명하시고 그 외에는 매주 과제를 제출하는 방식입니다. Assignment 2개랑 팀 프로젝트 1개, 기말고사로 점수 나오는 방식이고 독학을 하면서 하는 게 좋을 거 같습니다.",,,
1937335-007,https://everytime.kr/lecture/view/1937335,1937335,JAVA프로그래밍실습,한환수,26년 1학기 수강자,3,듣기는 편하나 별 도움 안되는 강의인듯 합니다 조교님들이 영어로 수업하셨는데 너무 빨라서 못 듣겠고 교안마저 불친절합니다 독학하셔요 매주 과제는 있지만 1시간이면 할 정도고 수업은 20분정도로 굉장히 빨리 끝납니다,,,
1937335-008,https://everytime.kr/lecture/view/1937335,1937335,JAVA프로그래밍실습,한환수,26년 1학기 수강자,4,학기 후반기에 팀플이 하나 있습니다. 중간시험은 없고... 중간에 Programming Assignment 가 있는데 할 만합니다. Java 를 처음 배우는 학생이라면 기초 다진다고 생각하고 배우기 좋은 과목입니다.,,,
1937335-009,https://everytime.kr/lecture/view/1937335,1937335,JAVA프로그래밍실습,한환수,26년 1학기 수강자,3,"듣고 있는데 이제 막 배틀쉽 나온 차례인데, 음 독학하면 과제들 풀만은한데 수업으로 얻어가는 건 없음. 어차피 자바 한번 공부해봐야한다하면 그냥 독학한다치고 하는 김에 학점 얻어가세요. 다만 배운거에 비해 과제는 어렵게 낸다기보단 배운 게 없는데 과제를 냄.",,,
1937335-010,https://everytime.kr/lecture/view/1937335,1937335,JAVA프로그래밍실습,한환수,26년 1학기 수강자,4,실제 수업은 20분 정도고 나머지는 자율적으로 합니다 집에 가도 되고 남아서 끝까지 해도 됩니다 조교님들이 굉장히 친절하셔요 자바 노베이스인 분들이 대다수인것 같아여,,,
1937335-011,https://everytime.kr/lecture/view/1937335,1937335,JAVA프로그래밍실습,한환수,23년 2학기 수강자,5,자바 하나도 몰랐는데 기초부터 차근차근 도와주십니다 과제도 시간이 그렇게 오래걸리진 않아요,,,
1937335-012,https://everytime.kr/lecture/view/1937335,1937335,JAVA프로그래밍실습,한환수,25년 1학기 수강자,5,"개인과제 2개, 팀프로젝트 1개, 기말고사 한번으로 성적 매겨서 주십니다. 시험은 많이 쉬운 편이고 개인 과제 잘 해놓는게 중요할거 같아요 조교님들이 수업시간에 모르는 거 다 받아주시고 친절하셨습니다. 자바할 줄 아시면 좋은 성적 받기 좋을거 같습니다!",,,
1937335-013,https://everytime.kr/lecture/view/1937335,1937335,JAVA프로그래밍실습,한환수,25년 1학기 수강자,5,자바 할줄 몰라도 입문하기 좋은 강의입니다 배틀쉽 재밌음,,,
1937335-014,https://everytime.kr/lecture/view/1937335,1937335,JAVA프로그래밍실습,한환수,24년 1학기 수강자,4,자바 좀 해봤으면 금방 끝내고 퇴근할 수 있음 과제들도 좀 시간들이면 충분히 할 수 있는 정도,,,
1937335-015,https://everytime.kr/lecture/view/1937335,1937335,JAVA프로그래밍실습,한환수,25년 1학기 수강자,4,기본적으로 자바를 할 줄 알면 과제는 무난무난하고 수업은 사실상 도움안됩니다... 독학하세여.. 시험은 쉽습니다.,,,
1937335-016,https://everytime.kr/lecture/view/1937335,1937335,JAVA프로그래밍실습,한환수,24년 1학기 수강자,5,이번 학기부터 기말고사를 봄. 과제와 팀 프로젝트는 모두 무난함,,,
1937335-017,https://everytime.kr/lecture/view/1937335,1937335,JAVA프로그래밍실습,한환수,24년 1학기 수강자,5,하루 짜리 과제 두개에 2인 1조 텀프하나 그리고 기말봅니다. 부담없이 학점 잘받기 좋아요,,,
1937335-018,https://everytime.kr/lecture/view/1937335,1937335,JAVA프로그래밍실습,한환수,24년 1학기 수강자,5,"내용은 GUI, MultiThread, Socket을 제외하고는 C++과 큰 차이가 없어서 큰 부담이 없었습니다. 특히, 주차과제를 조교님들께서 정말 잘 도와주십니다. 다만 PA에서 문제 조건 설명이 부족하다고 느낀 부분이 있었는데, 이 부분도 문의하면 잘 해소해주십니다. 팀 과제가 있긴하지만 JAVA 경험이 있는 팀원과 같이 한 다면 수업 내용을 쉽게 적용해볼 수 있는 좋은 시간이 되는 것 같습니다. 기말고사는 프기실 난이도로 개념 수준에서 끝나서 당혹스럽긴했습니다. (개념 중심으로 다루는 교안에서 벗어나는 내용 출제 X)",,,
1937335-019,https://everytime.kr/lecture/view/1937335,1937335,JAVA프로그래밍실습,한환수,24년 1학기 수강자,5,"이 분 별점 왜 이렇게 낮으시지? 조교님들 영어 조금 못하시지만 야무지시고, 수업도 최대한 모두 이해할 수 있게 해주시고, 과제가 제일 중요한데 그 과제에 모르는 거 있으면 어지간해서는 다 알려주시다시피 하시는데,... 특히 마지막 과제는 프로그램 만들기인데, 꿀잼임 그냥 기말도 난이도 짱짱 쉬움. 진짜 자바의 기초만 묻고 끝나는 그런 수준 ㅇㅇ",,,
1937335-020,https://everytime.kr/lecture/view/1937335,1937335,JAVA프로그래밍실습,한환수,24년 1학기 수강자,5,과제 2개 -> 개꿀 망고 텀프로젝트 -> 노꿀 자몽 과제는 gpt 도움 전혀 없이 하루면 다 끝낼 정도의 쉬운 난이도입니다 텀프로젝트는 자바 미리 해본 사람이 곁에 있으면 편하긴 한데 뭐 그래도 노력하면 못할 일은 아닙니다 성적 잘 주시네요 부담 전혀 없었습니다 조교님들 무진장 친절하고 자세히 설명해주셨습니다 그냥 말하고 넘어가면 될 걸 여러 차례 찾아와서 이야기 해주시고 정말 좋았습니다 교수님 얼굴은 못봤습니다 사랑합니다,,,
1937335-021,https://everytime.kr/lecture/view/1937335,1937335,JAVA프로그래밍실습,한환수,23년 1학기 수강자,5,성적도 잘 주시고 무엇보다 과제에 부담이 없었어요 자바 처음 했는데 무난하게 좋은 학점 받아갔습니다. 다만 성적을 잘 주는 만큼 성실하게 모든 과제를 풀어야 합니다. 하나 틀리면 훅 내려가요.,,,
1937335-022,https://everytime.kr/lecture/view/1937335,1937335,JAVA프로그래밍실습,한환수,23년 1학기 수강자,5,저는 JAVA 를 많이 다뤄봤어서 굉장히 쉽게 수강했습니다. 다른 동일 강의들은 시험볼 때 저희는 과제 2개에 팀프로젝트로 대체했었어서 부담도 없었습니다,,,
1937335-023,https://everytime.kr/lecture/view/1937335,1937335,JAVA프로그래밍실습,한환수,23년 1학기 수강자,4,베이스 있는 사람은 배울거 없음 그냥 구글링에 있는 무료 교육 자료 보는 느낌 과제 팀플 그냥 무난,,,
1937335-024,https://everytime.kr/lecture/view/1937335,1937335,JAVA프로그래밍실습,한환수,23년 1학기 수강자,5,평 엄청 좋진 않길래 걱정했는데 생각보다 괜첞아요 교수님은 첫 수업 말고 본적 없네요 머지막 텀프는 대부분 점수 비슷하게 받으니까 PA 열심히 하세요. 과제 정확한 형식이 안 주어지긴 하는데 대충 보고 비슷하게 만들면 만점 주시는듯? 일단 시험 없는 것부터 합격,,,
1937335-025,https://everytime.kr/lecture/view/1937335,1937335,JAVA프로그래밍실습,한환수,23년 1학기 수강자,5,주차과제는 쉬움 과제도 쉬움 팀프도 짝만 잘맞으면 할만함 매우무난,,,
1937335-026,https://everytime.kr/lecture/view/1937335,1937335,JAVA프로그래밍실습,한환수,21년 1학기 수강자,3,실습과제는 쉬웠어요. 과제도 솔직히 세시간이면해요. 근데 팀프로젝트가 좀 빡세요,,,
1937335-027,https://everytime.kr/lecture/view/1937335,1937335,JAVA프로그래밍실습,한환수,21년 1학기 수강자,1,이 수업을 듣고 제 구글링 실력이 향상되었습니다 이 수업을 듣고 조별과제 혐오가 생겼습니다,,,
1937335-028,https://everytime.kr/lecture/view/1937335,1937335,JAVA프로그래밍실습,한환수,21년 1학기 수강자,4,과제랑 텀프가 전반적으로 빡셌습니다. 배운 내용에 비해 과제가 너무 어렵게 느껴졌습니다. 그래도 자바에 대하여 많이 배우게 되었습니다.,,,
1937335-029,https://everytime.kr/lecture/view/1937335,1937335,JAVA프로그래밍실습,한환수,21년 1학기 수강자,3,수업자체는 쉽다. Team Project가 있는데 이게 3주를 주는데 제일 중요한 sorket을 막주에 알려줘서 본인 체감은 한주였다.. 나머지 PA는 그냥 어렵지 않게 다 해결할 수 있었다. 솔직히 수업을 듣진 않았다. 하지만 ppt는 도움이 되는 편이었다. 모르는건 구글링.. 그냥 텀프만 잘 준비하면 되는 수업..,,,
1937335-030,https://everytime.kr/lecture/view/1937335,1937335,JAVA프로그래밍실습,한환수,21년 1학기 수강자,2,학점 잘 받아서 솔직히 조금 미화되긴 했는데 수업에서 얻어가는거 거의 없는 것 같다... 녹화영상 틀어주면서 실시간 수업을 하는 이유를 도저히 모르겠고 음질도 별로 안좋아서 제대로 듣지도 못한다. 매주 랩실습이 있는데 초반엔 할만하다가 마지막에 소켓? 부분에선 가르쳐준 것에 비해서 솔직히 못 풀 정도였다. 원래라면 7시에 랩실습 시작하면 8시 전에는 거의 모든 학생들이 다 끝내고 나가는데 그 날은 9시 되서도 2~30명 정도 남아있었던 것 같다.. pa 난이도는 나쁘지 않았던 것 같다.. 이건 조금만 시간 투자하고 열심히 찾아보면 풀 수 있는 정도다,,,
1937335-031,https://everytime.kr/lecture/view/1937335,1937335,JAVA프로그래밍실습,한환수,21년 1학기 수강자,5,텀프가 자유주제 팀플이라서 여기에 시간 진짜 많이 씁니드.. 그리고 pa인가? 2개나오는데 여기서 점수 안 깎이도록 pdf잘 보시고 애매한 부분은 무조건 조교분들한태 질문하세요,,,
1937335-032,https://everytime.kr/lecture/view/1937335,1937335,JAVA프로그래밍실습,한환수,21년 1학기 수강자,3,일단 수업이 매우 불친절하다. 실강에서 녹강을 틀어주는데 그냥 유튜브 보는게 이득이다.,,,
1937335-033,https://everytime.kr/lecture/view/1937335,1937335,JAVA프로그래밍실습,한환수,21년 1학기 수강자,2,"음... 학기의 절반을 투자하는 텀프가 25%인데 반나절도 안걸리는 채점기준도 모호한 PA 두개가 각각 25%,25%씩이다.... 텀프에 투자한 시간이 좀 아깝다... 그러면 텀프를 깐깐하게 채점이라도 하던가 완전 성의없이 만든 게 보이는 조도 많은데 아캠에서 보니까 최저점이 15점인가 그렇던데 이러면 텀프에 시간쓰는게 바보라는 생각이 들었다 암튼 과목 자체는 쉽고 나름 전공과목중에 쉬어가는 타임이긴한데 위에서 말한 부분들이 좀 화나긴했다",,,
1937335-034,https://everytime.kr/lecture/view/1937335,1937335,JAVA프로그래밍실습,한환수,21년 1학기 수강자,3,실강으로 동영상 강의를 틀어준다. 왜 그러는 지 모르겠다. 강의는 그냥 교안 읽는 식으로 진행되고 실시간 강의로 교수의 녹화강의를 보여준 뒤에 Lab_Practice 설명과 이를 풀어서 제출해야하는데 뭐 이건 별로 어렵지 않지만 텀프가 좀 빡치는데 학점도 별로라서 걍 더 별로임,,,
1937335-035,https://everytime.kr/lecture/view/1937335,1937335,JAVA프로그래밍실습,한환수,21년 1학기 수강자,1,매주 수업이랍시고 하는것도 1도 도움안되고 그냥 과제비율이 답도없음.. 텀프로젝트에 시간 버리지마세요ㅋㅋ,,,
1937335-036,https://everytime.kr/lecture/view/1937335,1937335,JAVA프로그래밍실습,한환수,21년 1학기 수강자,2,걍 직배받아서 들은 수업인데 구글에서 더 많은것을 배웠습니다,,,
1937335-037,https://everytime.kr/lecture/view/1937335,1937335,JAVA프로그래밍실습,한환수,21년 1학기 수강자,2,조교들이 주로 진행하는 실습수업이 다 이런지 모르겠는데 이런 수업이 좀 별로임. 발표/텀프로젝트 점수 기준이 뭔지 모르고 뭘 요구하는지 모르겠는데 점수가 깎이는 수업? 아니 대체 발표나 텀프 요구사항이 뭐임? 하라는거 다 했는데 생각보다 점수가 낮음. 디자인도 요구사항인가? 어디서 뭘 감점시킨건지라도 피드백이라도 줬으면.,,,
1937335-038,https://everytime.kr/lecture/view/1937335,1937335,JAVA프로그래밍실습,한환수,20년 1학기 수강자,1,솔직히 조교가 친절하다는건 조교가 쓴건지 의문인데;; 조교들 뭐 정중하게 물어봐도 귀찮다는듯이 대하더만;; 조교 관리좀 하셔야겠어요~,,,
1937335-039,https://everytime.kr/lecture/view/1937335,1937335,JAVA프로그래밍실습,한환수,20년 1학기 수강자,4,조교님들이 친절하셔서 좋았습니다. 프로젝트 열심히 하면 점수 잘 주시고 성적도 잘 받을 수 있어요.,,,
1937335-040,https://everytime.kr/lecture/view/1937335,1937335,JAVA프로그래밍실습,한환수,20년 1학기 수강자,4,실습이라 매주 과제 있고요 팀플 한번 있습니다 과제들은 점수를 그렇게 깐깐하게 매기시지는 않아서 다들 비슷비슷하더라고요. 만점 놓치시면 에쁠은 힘들수도..?,,,
1937335-041,https://everytime.kr/lecture/view/1937335,1937335,JAVA프로그래밍실습,한환수,19년 1학기 수강자,5,조교님들의 열정과 친절함덕분에 원래 싫어하던 자바도 좋아졌던 수업입니다. 조교님들은 그저 사랑입니다,,,
1937335-042,https://everytime.kr/lecture/view/1937335,1937335,JAVA프로그래밍실습,한환수,19년 1학기 수강자,3,과제 두개 50퍼고 프로젝트 30퍼로 학점이 갈림. 과제를 진짜 잘해야 하고 첫번째 과제는 좀만 실수하면 미리 공지도 안한 채점기준으로 점수를 깎았음. 두번째 과제는 좀 많이 어려웠음. 시험 없는건 좋음.,,,
1937335-043,https://everytime.kr/lecture/view/1937335,1937335,JAVA프로그래밍실습,한환수,19년 1학기 수강자,1,"과제 2번, 프로젝트 1번, 시험 X. 그래서 과제 비율이 높은데 체점도 모호하고 융통성도 없어서 0점이 꽤 있었습니다. 프로젝트는 팀플이어서 그런지 뭔가 원하시는게 많으신듯. 다시는 듣고 싶지 않습니다.",,,
1937335-044,https://everytime.kr/lecture/view/1937335,1937335,JAVA프로그래밍실습,한환수,19년 1학기 수강자,1,과제가 2개인데 2개합쳐서 50프로임 근데 기말 프로젝트가 30프로 ㅋㅋㅋㅋㅋㅋㅋ 더 웃긴거는 1개가 25프로쯤 되면 채점을 디테일하게 잘 나눠서 하거나 그래야하는데 이상한 채점 기준에서 얄짤 없으면 바로까버림. 애초에 문제 조건도 제대로 설명 안해주고ㅋㅋㅋㅋ 선배들한테 들은 실습 수업중에 프로젝트보다 과제 비중이 더 큰 수업은 첨봄. 그냥 과제 실수하면 학점 일단 조졌다고 생각하면 될듯 ㅇㅇㅇㅇ,,,
1937335-045,https://everytime.kr/lecture/view/1937335,1937335,JAVA프로그래밍실습,한환수,19년 1학기 수강자,1,"과제가 두번밖에 없지만 두번밖에 없는게 문제인 과목. 1번째 과제는 정말 기본적인 수준의 과제였는데 문제는 채점 기준이 폭망이었다는 것. 정확하게 말하면 채점기준이 아마 없는게 아니었을까 싶은게 내가 짠 코드 출력이 모범 출력과 조금이라도 다르면 다 0점 때린 듯 함(대소문자 구별이라던지, 공백, 개행 실수 등등...). 2번째 과제는 오델로 게임 AI를 짜는 문제였는데 이건 절대로 java프로그래밍 실습에서 다룰만한 수준의 문제가 아니었음. 기본적으로 제대로된 게임 ai를 설계하려면 minimax, negamax, a-b data pruning 등 배운적도 없는 알고리즘을 다룰 줄 알아야 함. 구글링해서 배껴가면서 이거 하나 짜느라 1주일 가량 투자했는데 그마저도 제대로 못짰음. 만약 이 과목을 직권배정 당했다면 자바 실력을 기르기보단 신앙심을 길러서 기도하는게 학점 잘뜨는데 더 도움이 될거라 봄. +외국인 있는데 한국어로 수업하는거 개오바였다고 생각함. 설마 진짜로 영어를 1도 못해서 그런건 아닐거라고 믿고 수업 준비를 거의 안하는 듯 함.",,,
1937335-046,https://everytime.kr/lecture/view/1937335,1937335,JAVA프로그래밍실습,한환수,19년 1학기 수강자,2,"1. 영어를 못하면 국제어 수업을 열지를 말아야지 교환학생한테 x팔리게 뭐하는 건지, 교환학생 그냥 인이어 이어폰끼고 혼자 교안 읽음 2. 과제에 조건을 진짜 모호하게 달고 조금이라도 엇나가면 바로 0점때림. 실력을 평가하는게아님. 과제에 조건도 없어서 오셀로 만드는데 배우지도 않은 미니맥스 알고리즘 찾아서 만들어옴. 프로젝트도 조건이 없어서 관련도 없는 자연어처리나 db관련된거해옴. 그냥 노답",,,
1937335-047,https://everytime.kr/lecture/view/1937335,1937335,JAVA프로그래밍실습,한환수,19년 1학기 수강자,3,과제 비중이 굉장히 크다. 수업은 알려주는건 딱히 없고 맨날 구글보면 나온다고 한다. 그러면서 프로젝트는 거창한걸 원하는 느낌이다. 프로젝트는 그렇게 점수 편차가 크진 않은것 같다. 과제 2번 나오는게 비중이 50퍼고 여기서 잘하면 에쁠주는거 같다. 다시듣고 싶지는 않은 수업이다.,,,
1937335-048,https://everytime.kr/lecture/view/1937335,1937335,JAVA프로그래밍실습,한환수,19년 1학기 수강자,2,과제 2번 프로젝트 1번 시험 없음 과제는 하루~이틀 정도 투자하면 할수 있는 수준이었으나 채점 기준이 너무 모호한데다가 미리 말을 안해준것도 많아 빵점이 굉장히 많았음 필자도 첫번째 과제 다 해놓고 빵점받음 게다가 채점하는데는 왜그리 오래걸리는지 모르겠음. 오히려 몇주동안 시간 오지게 갈아넣은 프로젝트는 프로젝트 발표하고 하루만에 점수를 띡 올려주던데 코드를 제대로 보긴한건지 의문. 점수가 하루만에 뜨니까 오히려 허탈함 변별도 별로 없는듯. 가르치는 것도 잘 가르치는지 모르겠다. 초반에 영어로하다가 나중엔 안되겠는지 외국인 학생있음에도 걍 한국어로함. 걍 교안 읽어주는 수준이고 모르는거 있으면 구글 찾아보라함. 실습점수가 있긴한데 제대로 확인도 안해서 거의 만점이고 사실상 과제랑 프로젝트 점수로 갈림. 별로 다시 듣고 싶진 않은 수업,,,
2168921-001,https://everytime.kr/lecture/view/2168921,2168921,시스템프로그래밍실습,한환수,26년 1학기 수강자,4,배우는 것은 많지만 너무 어렵습니다 ai 잘써야해요. 그리고 수업 내용 속도가 너무 빠릅니다,,,
2168921-002,https://everytime.kr/lecture/view/2168921,2168921,시스템프로그래밍실습,한환수,26년 1학기 수강자,4,중간고사 안 봄. pa 3개 있는데 시간 많이 잡아먹음. 매주 있는 lab exercise 빡셈.,,,
2168921-003,https://everytime.kr/lecture/view/2168921,2168921,시스템프로그래밍실습,한환수,26년 1학기 수강자,3,과제가 지나치게 어려운 느낌 AI 안쓰면 바보되는 과제임 이전에 비해 과제가 너무 어려워진 것 같음 시프실 원래 빡센건 맞긴함,,,
2168921-004,https://everytime.kr/lecture/view/2168921,2168921,시스템프로그래밍실습,한환수,26년 1학기 수강자,4,매주 렙 세션도 좀 빡세고 과제들도 빡셉니다. 내용도 어려워서 오래 독학하시는거 추천해요,,,
2168921-005,https://everytime.kr/lecture/view/2168921,2168921,시스템프로그래밍실습,한환수,26년 1학기 수강자,4,조교님은 수업 진행은 모르겠는데 친절하시고 질문도 달 알려주심. 과제는 LLM없으면 못할 수준이긴 함,,,
2168921-006,https://everytime.kr/lecture/view/2168921,2168921,시스템프로그래밍실습,한환수,26년 1학기 수강자,2,강의 내용이 빡센데 교안 내용은 대략적인 내용밖에 없고 설명도 대충함. 근데 과제나 매주 하는 lab exercise는 더럽게 빡셈. 내용 자체는 유익한데 이럴거면 독학을 했지,,,
2168921-007,https://everytime.kr/lecture/view/2168921,2168921,시스템프로그래밍실습,한환수,26년 1학기 수강자,4,내용이 매우 어렵고 과제도 스스로하기 좀 벅찰 정도로 어렵습니다.. ai를 의식해서 작년과 교안의 난이도 차이가 매우 심한걸 보면 나중엔 대놓고 ai쓰라고 할고 같네요..,,,
2168921-008,https://everytime.kr/lecture/view/2168921,2168921,시스템프로그래밍실습,한환수,25년 2학기 수강자,5,"여러 시스템 콜 활용법 및 내부에서 돌아가는 원리를 배웁니다. 운체의 선수과목이라고 하지만, 때로는 운체보다 더 많은 것들을 배우는것 같아서 굳이 들어야할 필요는 없을 것 같습니다. 매주 당일 과제가 있습니다. 매우 빡빡하다 생각됩니다. 과제는 크게 3개가 있습니다. 문자열 일치 판별, 쉘, 클라이언트-서버. 특별한 해결법이 있다기 보다는 배운것들을 확장 적용하는게 많이 힘들었습니다. 시험은 개념 확인 객관식문제와 파일 읽고 쓰기, fork, 쓰레드 관련해서 어떤 결과가 나올지 물어보는 문제였습니다. a+컷은 모르겠으나 열심히 하면 받아갈 수 있다 생각합니다.",,,
2168921-009,https://everytime.kr/lecture/view/2168921,2168921,시스템프로그래밍실습,한환수,25년 2학기 수강자,3,너무 어려움..매주 실습도 어렵고 과제도 어렵고 시험도 어렵고..조교님이 수업 열심히는 하시는데 그냥 잘 못 가르침.. 교안 내용에 없는것도 알아야하고..범위가 너무 많음 근데 학점은 잘 주는듯..?,,,
2168921-010,https://everytime.kr/lecture/view/2168921,2168921,시스템프로그래밍실습,한환수,25년 2학기 수강자,5,"내용 자체는 굉장히 어렵습니다. 그래도 뭔가 배우고 나면 도움이 될 것 같다는 생각이 듭니다. 큰 과제 3개가 있습니다. 이거는 그래도 좀 기간을 잡고 느긋하게 하는 것이 좋습니다(꽤 양이 많음). 시험은 옳은 개념 고르기, 코드 읽고 예상 결과 쓰기입니다. 코드 트레이싱 연습을 좀 하면 문제를 많이 맞출 수 있을 것 같습니다.",,,
2168921-011,https://everytime.kr/lecture/view/2168921,2168921,시스템프로그래밍실습,한환수,25년 2학기 수강자,4,"과제가 어렵고, 당일 마감이라 빡빡하지만 gemini와 함께한다면 무난히 해내실 수 있습니다. 한번씩 큰과제가 나오는데, 시간이 예상보다 훨씬 오래걸리니 텀을 좀 두고 하시길 추천드립니다.",,,
2168921-012,https://everytime.kr/lecture/view/2168921,2168921,시스템프로그래밍실습,한환수,25년 2학기 수강자,4,매일 수업마다 실습있고 과제 빡셉니다. 미리미리 공부하고 매일 과제 놓지지않는게 핵심입니다,,,
2168921-013,https://everytime.kr/lecture/view/2168921,2168921,시스템프로그래밍실습,한환수,25년 2학기 수강자,3,드럽게 어려움. 인생 난이도가 너무 쉽다면 듣는거 추천 내용은 도움 많이 될것같은데 다른 과목들을 챙기면서 이 과목까지 챙기는건 버거운 감이 있음,,,
2168921-014,https://everytime.kr/lecture/view/2168921,2168921,시스템프로그래밍실습,한환수,25년 1학기 수강자,5,운영체제랑 같이 들으면 훨씬 수월할 것 같습니다. 매주 실습 내용 양이 많기는한데 도움은 많이 됩니다. 조교님께서 편의를 많이 봐주셔서 실습에 큰 어려움은 없었어요.,,,
2168921-015,https://everytime.kr/lecture/view/2168921,2168921,시스템프로그래밍실습,한환수,25년 2학기 수강자,4,시스템 쪽 공부하는데 정말 도움 많이 되는거 같아요. 근데 많이 되는 만큼 쉽지가 않습니다.. 매주매주가 다른 수업 3주 분량 되는거 같아요.. 과제두 첨부터 감 안 잡히는데 열심히 하다보면 언젠간 풀리더라구요 + 왜 실습이 당일 제출인지는 모르겠는데.. 그거땜에 스트레스 많이 받습니다,,,
2168921-016,https://everytime.kr/lecture/view/2168921,2168921,시스템프로그래밍실습,한환수,25년 1학기 수강자,5,과제 어렵고 까다롭습니다. 실습도 쉽지 않지만 학기 막바지쯤에 난이도가 내려갔던 기억이 있습니다. 매 실습시간마다 진심을 다한다면 뿌듯한 한학기를 보낼 수 있습니다. 솦 전공에 애정이 있는 사람이라면 분명 좋아할 과목.,,,
2168921-017,https://everytime.kr/lecture/view/2168921,2168921,시스템프로그래밍실습,한환수,25년 1학기 수강자,4,과제 실습 정도는 gpt사용하면 무난하게 만점 가까운 점수 받음. 근데 기말 평균이 20대인데 애쁠 컷은 과제 시험 평균 80이상임 그래서 분반 3등인데 애제뜸. 기말 잘 치시길,,,
2168921-018,https://everytime.kr/lecture/view/2168921,2168921,시스템프로그래밍실습,한환수,25년 1학기 수강자,4,영어로 조교님이 수업을 진행하시는데 말이 빠르고 목소리가 작아서 집중은 안됩니다. 매주 주차과제 난이도도 있는편이고 이해를 해야 PA1~3을 해결할 수 있습니다. 과제마다 Skeleton code와 comment가 엄청 자세하게 주어져서 도움은 많이 되지만 시간을 많이 투자해야 합니다.,,,
2168921-019,https://everytime.kr/lecture/view/2168921,2168921,시스템프로그래밍실습,한환수,25년 1학기 수강자,5,PA3개 시험1개 시험은 무조건 fork()와 thread가 어떻게 돌아가고 코드에서 결과가 어떻게 나오는지 중점으로 공부해야함 그게 75%임 근데 시험 평균 보면 20점대라 다같이 망한듯 PA는 의외로 맨 마지막 게 제일 쉬웠음,,,
2168921-020,https://everytime.kr/lecture/view/2168921,2168921,시스템프로그래밍실습,한환수,25년 1학기 수강자,5,"lab은 어찌어찌 손으로 했는데 pa는 지피티 손을 많이 빌림.. 전부 스스로 할 수 있었으면 정말 실력 많이 늘을듯. 기말고사 한 번 있는데 돌아가는 구조를 정확히 알아야 풀 수 있었음. fork, signal, pthread는 직접 이것저것 해보는게 도움 될듯",,,
2168921-021,https://everytime.kr/lecture/view/2168921,2168921,시스템프로그래밍실습,한환수,25년 1학기 수강자,4,과제는 다른 실습에 비해선 천사인 편 근데 과제 pdf 설명이 너무 불친절하니 질문 많이 하길 바란다. Pa2 과제설명서 3단분리는 좀... (VSCODE는 신이야),,,
2168921-022,https://everytime.kr/lecture/view/2168921,2168921,시스템프로그래밍실습,한환수,25년 1학기 수강자,4,"실습 중에서 가장 유익한거같아서 꼭 듣기를 추천합니다 국제어 수업이고 내용이 어렵지만 많은 것을 얻어간 수업입니다 시험은 기말만 있고, 매주 주차과제에 프로젝트 과제 세 개 있습니다",,,
2168921-023,https://everytime.kr/lecture/view/2168921,2168921,시스템프로그래밍실습,한환수,25년 1학기 수강자,4,"리눅스 잘 아시면 괜찮을 것 같은데 저는 아니어서 초반에 조금 헤맸던 것 같긴 합니다..! 그래도 리눅스 프로그래밍 기초부터 다지기에 좋았던 것 같아요 조교님들 친절하십니다 매주 주차과제있고 프젝은 3번, 중간없고 기말 있습니다",,,
2168921-024,https://everytime.kr/lecture/view/2168921,2168921,시스템프로그래밍실습,한환수,25년 1학기 수강자,5,어렵지만 열심히 따라가면 얻어가는 건 많은것같아요,,,
2168921-025,https://everytime.kr/lecture/view/2168921,2168921,시스템프로그래밍실습,한환수,24년 2학기 수강자,5,"이 과목에서 리눅스를 처음 다루어서 어려웠지만 조교님들이 최대한 설명해 주시려는 것이 느껴져서 좋았습니다. 과제가 어렵더라도 저만 어려운게 아니니 괜찮더라고요.. 중간없이 기말만 쳤으며 시험 점수가 상당히 빨리 나왔습니다. 매주 주차과제가 있고 굵직한 과제가 3회 있었는데, 주차과제는 조교님께 질문드리면 잘 답변해주시고 과제는 평균보니 다같이 어려워하는 느낌이에요 리눅스가 익숙하지 않다면 어렵지만 C를 잘하면 어느정도 커버가 되지않을까 싶어요. 운영체제 내용과 겹치므로 운체를 먼저 듣거나 같이 듣는걸 추천드립니다",,,
2168921-026,https://everytime.kr/lecture/view/2168921,2168921,시스템프로그래밍실습,한환수,24년 여름 수강자,5,조교님들이 친절하시고 설명도 잘해주십니다 Goat,,,
2168921-027,https://everytime.kr/lecture/view/2168921,2168921,시스템프로그래밍실습,한환수,24년 2학기 수강자,3,운체하고 병행해서 들으시는걸 추천드립니다!,,,
2168921-028,https://everytime.kr/lecture/view/2168921,2168921,시스템프로그래밍실습,한환수,24년 2학기 수강자,3,매주 실습하고 pa총 세번에 기말한번이고 수업 난이도는 무난한 편입니다,,,
2168921-029,https://everytime.kr/lecture/view/2168921,2168921,시스템프로그래밍실습,한환수,24년 1학기 수강자,3,운체하고 병행해서 하시는걸 추천드립니다. 이 수업만으로 개념 익히기 쉽지는 않아요,,,
2168921-030,https://everytime.kr/lecture/view/2168921,2168921,시스템프로그래밍실습,한환수,24년 1학기 수강자,5,출석 점수 없음 중간 기말 모두 교수님이 작년 기출 제공해주심 첫 과제는 어렵진않고 코드쓸게 많아서 미리해두면 좋음 두번째 과제는 예상과 달리 너무 쉬워서 실수만 안하면될듯 중간고사 난이도는 꽤 어려웠음 기말은 암기 대부분에 계산 조금 그래도 나름 전체적으로 양이 고봉밥이라 시험은 쉽게 내주시는 것 같음,,,
2168921-031,https://everytime.kr/lecture/view/2168921,2168921,시스템프로그래밍실습,한환수,24년 1학기 수강자,3,매우 고통스러웠지만 버티고 나니 나같은 코딩고자가 평균을 넘을 수 있었다 하지만 다시는 이 분야로 가지 않기로 결심했다,,,
2168921-032,https://everytime.kr/lecture/view/2168921,2168921,시스템프로그래밍실습,한환수,24년 1학기 수강자,5,많.이 어렵긴 한데 얻어가는게 있긴합니다. 과제를 완벽히 하기 보다는 완성에 의미를 두는게 좋아 보입니다.,,,
2168921-033,https://everytime.kr/lecture/view/2168921,2168921,시스템프로그래밍실습,한환수,24년 1학기 수강자,5,너무 어렵습니다. 배우는 것도 많아서 힘들기도 하네요 그래도 얻어가는게 많은 수업이라 꼭 들으시면 실력 많이 느실것 같습니다,,,
2168921-034,https://everytime.kr/lecture/view/2168921,2168921,시스템프로그래밍실습,한환수,23년 2학기 수강자,5,친절한 조교님들 덕분에 어려운 내용 편하게 했습니다 ^^...,,,
2168921-035,https://everytime.kr/lecture/view/2168921,2168921,시스템프로그래밍실습,한환수,23년 겨울 수강자,4,시스템의 모든것을 다시 배우는 느낌 내용이 많긴한데 따라갈 수 있다면 유용한 강의,,,
2168921-036,https://everytime.kr/lecture/view/2168921,2168921,시스템프로그래밍실습,한환수,23년 2학기 수강자,3,그냥 무난한 수업 난이도는 좀 있음 조교님이 친절하셔서 주착하제를 못할일은 없음,,,
2168921-037,https://everytime.kr/lecture/view/2168921,2168921,시스템프로그래밍실습,한환수,23년 여름 수강자,5,조교님이 친절하고 운영체제 듣는데 도움이 되었어요,,,
2168921-038,https://everytime.kr/lecture/view/2168921,2168921,시스템프로그래밍실습,한환수,23년 2학기 수강자,5,매주 과제 힘들지만 열심히 하다보면 할만해요 pa2만 어렵고 나머지도 시간 들이면 충분히 좋은 점수 받을만 하고 시험도 그리 어렵진 않았습니다,,,
2168921-039,https://everytime.kr/lecture/view/2168921,2168921,시스템프로그래밍실습,한환수,24년 1학기 수강자,3,조교님이 불친절하셔요 음 10시까지 남았었는데 결국 제출못했네용,,,
2168921-040,https://everytime.kr/lecture/view/2168921,2168921,시스템프로그래밍실습,한환수,23년 2학기 수강자,5,"리눅스를 바탕으로 시스템 프로그래밍을 배웁니다. 시프와는 결이 조금 다릅니다. 주차마다 개념 이해를 확실하게 하는 것이 가장 중요합니다. 수업 방식은 다른 실습 수업과 비슷하게 매주 짧은 개념 설명 + 당일 Lab Exercise로 구성되어 있습니다. 정말 친절한 조교님들 덕분에 한 학기를 마칠 수 있었습니다. 주차과제 스켈레톤 코드를 바탕으로 코드를 작성합니다. 수업 전에 미리 교안 읽어보고 모르는 것은 조교님께 질문하면 충분합니다. PA1, 2 3 I/O, 미니쉘, 멀티스레딩 서버 제작 과제입니다. 개념을 확실하게 이해해야 합니다. 생각해야 하는 케이스도 많아 시간을 오래 사용해야 합니다. 과제 기간이 긴 만큼 오래 고민하는 것이 좋습니다. 첫 번째 과제와 두 번째 과제가 난이도가 있습니다. 기말고사 TF, 객관식, 주관식으로 이루어져 있습니다. 양이 생각보다 많습니다. 주요 개념을 물어보며, 함수의 쓰임을 정확하게 아는 것이 중요합니다. 함수 이름이나 parameter 순서등을 외우는 것이 필요하지는 않을 것 같습니다. 교안 코드, 주차 과제를 보면 도움이 됩니다. 반영 비율이 높아 포기하면 안됩니다. 매주 2배씩 어려워집니다. 포기하지 않고 어떻게든 버티면 좋은 성적을 받을 수 있습니다.",,,
2168921-041,https://everytime.kr/lecture/view/2168921,2168921,시스템프로그래밍실습,한환수,23년 2학기 수강자,4,리눅스 환경 처음이면 초반은 좀 어렵습니다 포기하지 말고 열심히 하면 얻어갈 수 있는게 있음,,,
2168921-042,https://everytime.kr/lecture/view/2168921,2168921,시스템프로그래밍실습,한환수,21년 2학기 수강자,4,"수업 이해안감. 주차 과제 당일 제출인데 당시에는 상당히 어려움.(구글링 필수) PA1: 노다가의 극치 PA2: 시간 살살 녹음. 좀 난이도 있는편 PA3: 엣지 케이스 주의해야함. 근데 위의 과정을 다 해내고 나면 시험 준비할 때 당연하지 시전 중. 근데 문제는 시험이 손코딩이라 개빡셈. 모르는 건 아닌데, 답을 못적고 있는 상황. (함수명 변수명 parameter 순서같은 거 다 맞아야함.) 결론적으로 밀도 높은 수업으로 인해 어려운 수업임은 맞다. 하지만 생존만 하면 많은 걸 배워갈 수 있다. 개인적으로 추천하는 공부방법은 수업 전에 먼저 교안을 읽고 예제 클론코딩 해보는게 도움이 된다. 당일 과제하는데 큰 도움이 될 것이다.",,,
2168921-043,https://everytime.kr/lecture/view/2168921,2168921,시스템프로그래밍실습,한환수,21년 2학기 수강자,5,"실강으로 하면서 거기서 미리 찍어둔 영상을 틀어주는 이유를 도통 모르겠으나 이번 학기 중에서 제일 공부가 잘 됐고, 재밌었던 수업같음. 강의 영상 자체는 졸려서 좀 그런데, 강의 영상 끝난 후에 zoom에서 나가기 전, 출석용으로 그날 배운 내용을 가지고 코드를 작성해서 제출해야하는 주차과제가 있고, 2시간 정도 Google sheet로 조교님한테 주차과제에 대한 질문을 할 수 있음. 수업 듣자마자 제출하는게 좀 귀찮아도, 막히는 점이 있을 때 조교님한테 바로바로 여쭤볼 수 있고, 매주 과제가 밀리는 일이 없어서 길게 보면 다른 시프실 분반보다 좋았던 거 같음. 배우는 내용은 주로 linux의 system call 함수들을 배우는데, 그동안 구데기로 느껴지던 C언어가 여기에서 빛을 발함. C언어로 흥미로운 걸 많이 해볼 수 있고, 개인적으로 그동안 해봤던 실습 수업 중에서 제일 괜찮았던 거 같음. 굵직한 PA 3개가 있는데, PA2가 shell을 만드는 건데 다중파이프, foreground/background process group 조건 때문에 많이 헷갈리고 검색을 좀 해야 풀림. 대신 이걸 해내면 다른 과제가 다 쪼랩으로 보임 ㅋㅋ PA1이랑 PA3은 수업 내용만 이해하면 무난무난하게 풀 수 있음 기말은 한 번 보는데 많이 어렵진 않고, 빈칸 뚫고 안에 코드 채워넣어야 하는 문제가 조금 있는데 이것 때문에 헷갈릴 수도 있음. (함수 인자 몇 개인지, 순서가 어땠는지 등이 기억 안 나서) 근데 주차과제에서 작성했던 코드 가볍게 다시 작성해보고, skeleton 코드도 다시 써보면 이런 문제도 수월하게 풀릴 거 같음(본인은 깜지 만들었는데 이 정도로 할 필욘 없었음)",,,
2168921-044,https://everytime.kr/lecture/view/2168921,2168921,시스템프로그래밍실습,한환수,21년 2학기 수강자,5,운체 안 듣고 듣기엔 빡셌지만 한 학기 돌아보면 제일 얻어가는 거 많았던 수업! 개꿀이었던 자프실보다 만족도 높음 기말시험 빼고 14번의 주차 과제 당일로 하는 것 때문에 월요일이 매우 고통스러웠다 수업도 국제어라 알아듣기 어려웠었는데 요령이 생겨서 교안 미리 올라오면 한두시간 정도 구글링으로 예습하고 들으니까 온전히 받아들일 수 있었음 새로운 지식 배우고 실습하는 게 나중엔 재밌었다 PA 3개 나왔고 그렇게 못할 정도로 어렵진 않았다 기말시험도 교안에서 다 나오는 정도라 괜찮았다 처음 들을 땐 뭔소린가 했는데 기말 공부하면서 처음부터 다시 보니 정리 되는 느낌,,,
2168921-045,https://everytime.kr/lecture/view/2168921,2168921,시스템프로그래밍실습,한환수,20년 2학기 수강자,5,"저는 조교님들 덕분에 5점을 드렸습니다. 솔직히 교수님 강의는 잘 와닿지 않았습니다. 살짝 알아듣기 힘들었고 집중하기도 어려웠습니다. 하지만 이후 실습을 진행할 때, 또 주말과 같은 휴일에도 문의를 드리면 상세하게 답변해주시는 조교님들 덕분에 잘 마무리했던 것 같습니다.",,,
2168921-046,https://everytime.kr/lecture/view/2168921,2168921,시스템프로그래밍실습,한환수,20년 2학기 수강자,4,"리눅스에 리 자도 모르고 수업 들었습니다. 실험 어떻게든 하나 잡아볼려고 원전공 반제 였던 수업을 수강 정정기간에 강제로 비집고 들어갔습니다. 처음에 Makefile 만드는데까지 잘 따라가다가 그 뒤로는 정말 혼자 하기는 너무 힘든 과목이었습니다. 구글링 해가며 6시 수업 시작 부터 12 시까지 매주 수요일마다 붙잡고 있었습니다. 큰 과제는 3개정도 있는데 평균은 세개 다 넘겼고, mini shell 만드는 프로젝트 같은 경우 너무 어려워서 거의 던지다 시피 했습니다. 그래도 포기하지 않고 하시면 A+ 가능합니다.",,,
2168921-047,https://everytime.kr/lecture/view/2168921,2168921,시스템프로그래밍실습,한환수,20년 2학기 수강자,3,상당한 인내를 요구하는 수업 견뎌내면 얻어가는건 많습니다.,,,
2168921-048,https://everytime.kr/lecture/view/2168921,2168921,시스템프로그래밍실습,한환수,20년 2학기 수강자,3,"학점뜨기전에 씁니다 일단 이 수업은 100% 영어고 수업 연습문제 당일 제출 기준입니다.. 저는 이것땜에 엄청 스트레스 받았는데 다른 분반은 영어반 한글잔 수업하시고, 금요일까지만 제출하면 된다고 들었을 때.. 매우 억울?했습니다... 앗 분반 잘못 걸렸다.. 강의력은 음 피피티 밑에 영어 대본 써두시고 읽으시는데 뭐 잘 써두셔서 들을만은 합니다.. 근데 아무래도 실강으로 수업하는건 저랑 안맞네요ㅋㅅㅋ 과제는 3번 이었는데 제 기준 빡셌습니다 ㅠ 저는 주차 수업도 겨우 따라갔기때문에.. 근데 한 7주차 넘어가니까 약간 마음에서 놓아버려서 부담없이 들었습니다 ㅋㅋㅋㅋㅋ",,,
2168921-049,https://everytime.kr/lecture/view/2168921,2168921,시스템프로그래밍실습,한환수,20년 2학기 수강자,4,"아래 평점이 왤케 낮은건진 모르겠는데 나쁘지 않은 수업이다. 수업 빡세다고 하는건 시프실 과목 자체가 그런거고, 리눅스 경험이 조금 있는 필자 입장에서 보면 매 수업의 밀도가 상당히 높아서 리눅스 경험이 전무한 사람들은 조금 버거울 수도 있겠다는 생각이 들었다. 하지만 그만큼 얻어가는게 매우 많고, 솦 전공이면 솔직히 리눅스는 잘 다뤄야 된다고 생각해서 필수적인 수업이라고 생각한다. 수업 형태는 [교수님 녹화 영상 시청 + 조교 예제 설명 + 각자 실습 문제 풀이]로 진행했는데, 녹화된 교수님 강의가 별로였다. 한환수 교수님이 좋은 분인건 알지만, 다른 수업도 그렇고 강의력이 좋은 분은 아니라고 본다. 그래서 사실상 실습 문제 풀이는 각자 교안으로 독학해서 푸는 느낌이었는데, 약간 빡셀 수 있지만 이번 학기는 조교 분들이 정말 친절해서 자기가 직접 물어보면서 노력만 하면 충분히 커버됐다. 이외에는 과제 3개 + 기말고사가 있었는데, 과제 3개는 변별력 있게 나왔고, 수업 내용 착실히 따라가고 구현에 좀 시간 들이면 못 할건 아닌 것 같았다. 기말고사는 생각보다 세세하게 나와서 교안 꼼꼼하게 읽고 각종 함수(시스템 콜)의 매개변수까지 외워야 했다. 난이도가 높은 수업인건 맞지만, 그만큼 소프트에서 중요한 수업 중 하나고, 리눅스와 친해질 수 있는 계기다. 자기가 전공에 어느 정도 열정이 있다면 열심히 들어야 되는 수업이라고 생각한다.",,,
2168921-050,https://everytime.kr/lecture/view/2168921,2168921,시스템프로그래밍실습,한환수,20년 2학기 수강자,1,중간고사 기말고사 기간도 없이 계속 진행하는 레전드 수업 1학기내내 추석 1주 빼고는 내내 실습이 있었음 수요일마다 스트레스 너무 많이 받았지만 공부는 많이됨 양심적으로 중간 기말 주는 쉬었으면 함 과제는 적당히 어려운 것 같음,,,
2168921-051,https://everytime.kr/lecture/view/2168921,2168921,시스템프로그래밍실습,한환수,20년 2학기 수강자,1,"많이 빡센 수업 조교님들은 정말 좋으시고 천사임 근데 교수는 강의력은 별 1개가 아까운 수준... 실시간 수업인데도 미리 동영상 찍어서 틀어주는 식으로 수업함, 영어수업인데 영어발음 진짜구리고 설명을 매우매우못함 그냥 독학한다는 마인드로 조교님한테 1부터 100까지 질문해가면서 공부해야함 심지어 중간고사 기간에도 수업하고 매주 빡센과제 + 한 학기동안 더 빡세고 시간 오래걸리는 과제 4개 내라함 그래서 시험은 안볼줄 알았는데 기말 전주까지 수업하고 과제 내고 15주차에 시험까지봄 ㅋㅋㅋㅋ ㄹㅇ 자기수업만 듣는줄알고 강의력, 융통성 1도없는 교수 비추",,,
2315498-001,https://everytime.kr/lecture/view/2315498,2315498,문제해결,조재민,26년 1학기 수강자,5,"가끔 사람 없다 싶으면 이름 불러서 출석하심. 리트코드 문제 풀이 1번만 발표하면 됨 중간고사 기준 구현 3문제, DP 1문제 정도 나왔음.",,,
2315498-002,https://everytime.kr/lecture/view/2315498,2315498,문제해결,조재민,26년 1학기 수강자,4,그냥 매주 문제 답안 알려주고 추가 적인 설명을 하심 별로 강의가 크게 영향이 없음,,,
2315498-003,https://everytime.kr/lecture/view/2315498,2315498,문제해결,조재민,25년 2학기 수강자,4,시험 평균이 낮아서 2개만 풀어도 상위권 가능했습니다. 주간에 배우는 내용을 공부해서 잘보는 느낌보다는 원래 코딩 피지컬로 푸는 느낌이라 평소에 잘 해두는 게 중요할 것 같아요,,,
2315498-004,https://everytime.kr/lecture/view/2315498,2315498,문제해결,조재민,26년 1학기 수강자,5,생각보다 평균이 많이 낮습니다. 2솔만 해도 평균 넘긴다고 생각하고 풀 수 있을 것 같은 문제 집중하길 바랍니다.,,,
2315498-005,https://everytime.kr/lecture/view/2315498,2315498,문제해결,조재민,26년 1학기 수강자,5,알고리즘 문제 코딩으로 푼다고 보면 됨 공부한다고 성적이 잘 나오기 보다 평소 코딩 실력이 중요함,,,
2315498-006,https://everytime.kr/lecture/view/2315498,2315498,문제해결,조재민,25년 2학기 수강자,5,재미있었어요 시험 그냥 백준이나 리트코드 잘 풀면 쉬워요,,,
2315498-007,https://everytime.kr/lecture/view/2315498,2315498,문제해결,조재민,25년 2학기 수강자,5,"쉬움, 재밌음, 애들이 생각보다 많이 못함...",,,
2315498-008,https://everytime.kr/lecture/view/2315498,2315498,문제해결,조재민,24년 1학기 수강자,5,수업들 중에서 젤 도움이 되었다고 얘기를 많이 들어 수강했습니다. 알고리즘 문제를 푸는데 있어 많은 인사이트와 도움을 받을 수 있었다고 자신합니다.,,,
2315498-009,https://everytime.kr/lecture/view/2315498,2315498,문제해결,조재민,25년 2학기 수강자,5,과제없음 팀플없음 시험 2번 수업은 부담없고 학기중에 발표1번만 준비해가면 됨,,,
2315498-010,https://everytime.kr/lecture/view/2315498,2315498,문제해결,조재민,26년 1학기 수강자,5,학기중 발표 1번만 하면 되고 과제도 없습니다. 출튀하면 얄짤없이 F니 출튀는 금지... 수업도 되게 재미있게 하셔서 잘 들었습니다!,,,
2315498-011,https://everytime.kr/lecture/view/2315498,2315498,문제해결,조재민,26년 1학기 수강자,5,Goat 잘가르치심 얻어갈거많음 출튀잡음 걸리면 f니 하지마셈,,,
2315498-012,https://everytime.kr/lecture/view/2315498,2315498,문제해결,조재민,25년 2학기 수강자,5,"PS 잘 할 줄 아시면 좋은 성적 받으실 수 있을거에요. 매주 weekly problems들이 있고, 그거 기반으로 문제 해설하는 발표를 시키십니다. 발표 일정은 미리 알려주셔서 풀이랑 발표 준비를 하실 수 있습니다. 중기말있고, 시험은 문제 4개로 시간내에 풀어야 합니다. 문제를 많이 풀어보시면 코드를 금방 끝내실 수 있지만, 그게 아니라면 적어도 교수님이 올려주신 문제들 푸는 연습해보시는 걸 추천드려요.",,,
2315498-013,https://everytime.kr/lecture/view/2315498,2315498,문제해결,조재민,26년 1학기 수강자,5,리트코드 숙제로 내주시고 4문제 풀어오면 됩니다. 하다보면 나름 재밌습니다,,,
2315498-014,https://everytime.kr/lecture/view/2315498,2315498,문제해결,조재민,25년 2학기 수강자,5,출튀 절대 하지 마세요 출튀할바엔 걍 안가는게 낫습니다.. 저는 백준 실버 정도 레벨인데 A 받을만큼 쉽습니당 근데 출튀는 절대 하지 마세요..,,,
2315498-015,https://everytime.kr/lecture/view/2315498,2315498,문제해결,조재민,25년 2학기 수강자,5,공부 1도 안함 ... 성적은 널널하게 주셔요. 공부에 투자할 시간 없을 때 듣기 좋은 과목. 단 출튀는 하지 마세요,,,
2315498-016,https://everytime.kr/lecture/view/2315498,2315498,문제해결,조재민,25년 2학기 수강자,5,백준 많이 풀어보세요 리트 코드 문제도 주시긴합니다만 백준을 더 풀어보는게 도움이되는 거 같아요 중간값만 조금 넘어도 A0 주셔서 성적은 매우 너그러우신 거 같습니다,,,
2315498-017,https://everytime.kr/lecture/view/2315498,2315498,문제해결,조재민,25년 2학기 수강자,5,저번 학기까지는 과제가 있는 걸로 아는데 이번 학기부터는 과제 없이 학기 중 단 한번의 발표로 대체된 것 같습니다. 발표는 5분안쪽이라는 제한을 주시기 때문에 전혀 부담스럽지 않고 개인적으로는 문제 깊게 파고들면서 많이 배우고 발표도 재밌게 했습니다. 시험은 깔끔하게 PS 4문제씩 중간 기말 두 번입니다. 매주 weekly challenge라는 것을 받게 되는데 문제 푸는 것이 필수는 아니지만 매주 높아져 가는 난이도에 부담스러웠습니다. 그러나 중간 기말 모두 난이도가 크게 있지는 않았고 한 문제만 제대로 풀어도 중앙값에 가깝기 때문에 부담도 크게 없었습니다. 전체적으로 굉장히 부담 없던 좋은 수업이었습니다.,,,
2315498-018,https://everytime.kr/lecture/view/2315498,2315498,문제해결,조재민,25년 2학기 수강자,5,"매 주 리트코드 문제를 4문제 정도 풀어가야 합니다. 리트코드 문제는 웰노운 유형에 대한 문제들을 내주시는데, 알고리즘 문제를 풀어본 경험이 적고, 해당 유형을 처음 본다면 스스로 풀기에는 어려운 난이도일 겁니다. 중간고사, 기말고사 난이도가 주차 리트코드 문제보다 쉽습니다. 이번 학기부터 과제는 없고 중간고사 + 기말고사 점수로 성적이 결정됩니다. 발표는 하기만 하면 만점 주시는 것 같고요, 출튀라던가 결석했을 때 타격이 크니 전자출결 잘 신경쓰셔야 합니다. 오프라인 수업 전에 그 주의 개념 강의를 아이캠퍼스에 올려주시는데 그거 보고 문제 풀고 수업 가면 됩니다. 수업 시간에 문제를 하나씩 맡아서 발표를 해야 하고요, 영어로 발표해야 하지만 써온 스크립트 보고 해도 됩니다. 학생 발표가 끝나면 교수님이 정해 설명해주시고 수업이 마무리됩니다. 복잡한 알고리즘은 안배웁니다. 세그먼트 트리까지도 안가고 다익스트라도 안다룹니다. 브루트포스, 그리디, DP, 이분탐색 문제를 잘 풀 수 있으면 좋은 결과 받을 수 있을 겁니다. 물론 세그먼트 트리 외워서 박으면 풀 수 있는 백준 플레 문제보다 그리디, DP 골드 문제가 훨씬 어려우니까요, 변별력은 충분한 것 같습니다. ICPC를 포함한 Competitive Programming Competitions에서도 Online Dynamic Connectivity, Directed MST 같은 것보다는 어려운 응용 DP, 그리디 문제 따위를 잘 푸는게 훨씬 중요하니까요. 어려운 알고리즘은 알고리즘 개론이나 자료구조 개론에서 배우면 된다고 생각합니다. C 언어만 사용할 수 있습니다. 그래서 Weekly Quiz에는 heap이나 adj list 손으로 짜야 합니다. 그러나 시험에는 구현이 어려운 문제는 전혀 출제되지 않았고 오히려 아이디어가 중요하고 코드는 짧은 문제가 대부분이었습니다. 저는 혹시 몰라서 heap 손으로 짜는 연습 했는데 시험에 안나왔습니다. 맨날 priority_queue<int, vector<int>, greater<>> 만 쓰다가 PQ 손코딩 연습한건 색다른 경험이었네요. 이런 자료구조 구현 연습보다는 백준 골드 이하의 브루트포스, 그리디, DP, 이분탐색(parametric seach) 문제를 잘 푸는 연습을 하는게 훨씬 도움이 될거라고 생각합니다. 중간고사까지는 C 문법정도만 알려주시고 진짜 배우는게 없어요. 그래서 중간고사 때는 DP 배우기 전인데 마지막 문제로 DP문제 출제되었습니다. 이런걸 보면 competitive programming 처음 배우는 사람이 배우려고 수업 듣는거면 좋긴 한데, 좋은 성적을 받기는 어려울 거라고 생각합니다. 원래 백준 문제 풀고 하던 사람이 연습하려고 듣는거면 추천합니다. 생각보다 평균이 매우 낮기 때문에 4 문제 중에 쉬운 2 문제만 실수 안하고 풀어도 좋은 성적 받을 수 있습니다. ICPC랑 다르게 실시간 채점이 안돼서 실수했는지 모를 수 있는건 아쉽네요. 주어진 예시라도 확실하게 통과하는지 확인해보세요.",,,
2315498-019,https://everytime.kr/lecture/view/2315498,2315498,문제해결,조재민,25년 2학기 수강자,5,백준 실버-골드 이상이면 시험에서 적어도 1.5솔 이상은 하실 수 있을겁니다. 1솔이 거의 중간값이기 때문에 PS 조금만 열심히 하시면 좋은 성적을 받아갈 수 있습니다. PS 기본 실력이 있다면 공부량은 전혀 없는 수준입니다. (주간 챌린지 문제랑 가끔 문제 풀며 감각만 유지하면 되는 수준),,,
2315498-020,https://everytime.kr/lecture/view/2315498,2315498,문제해결,조재민,25년 2학기 수강자,5,수업은 학생들의 발표+교수님의 강의로 진행되고 학기 증에 발표 1번을 제외하면 모두 중간 기말 성적으로 결정됩니다. 4문제 중 두문제만 풀어도 상위 25%에 들기 때문에 ps 해본 사람들은 성적 잘 받아가기 쉬운 과목인듯,,,
2315498-021,https://everytime.kr/lecture/view/2315498,2315498,문제해결,조재민,25년 2학기 수강자,5,Ps 해봤으면 부담 없이 들을수 있는 과목입니당!,,,
2315498-022,https://everytime.kr/lecture/view/2315498,2315498,문제해결,조재민,25년 2학기 수강자,4,"다른 강의평에서 언급이 되는 것처럼 평소 실력이나 시험 근방에 PS 감에 따라 많이 좌우되는 과목이라 느꼈습니다. 달리 말해서 PS 경험이 많으신 분들은 공부량이 0에 수렴하지만, 백준 티어가 실버쯤 되고 PS 문제 풀이 경험이 오래 되지는 않으셨다면 이 수업을 통해서 실력을 올리기는 어려울것 같습니다. 아무래도 수업이 리트코드에서 문제를 먼저 풀어오고 학생들의 발표 및 교수님의 해설로 진행되는 형태인지라, 문제를 먼저 구조화하고 바라보는 시각을 기르기는 어려웠고, 온라인 강의도 자료구조 복습이나 그래프 이론, 이분탐색, DP에 대한 원론적인 내용이 거의 전부라 아쉬움이 있었습니다.",,,
2315498-023,https://everytime.kr/lecture/view/2315498,2315498,문제해결,조재민,25년 2학기 수강자,5,교수님의 수업 차력쇼 강의력 좋으십니다 졸리긴 하지만 그러나 시험은 순수 여러분의 PS 차력쇼임 수업을 들어도 지금까지 ps 안한 사람은 못 품,,,
2315498-024,https://everytime.kr/lecture/view/2315498,2315498,문제해결,조재민,25년 2학기 수강자,5,교수님 학점 잘 주실거라 믿고 5점 던지고 갑니다 사랑해요,,,
2315498-025,https://everytime.kr/lecture/view/2315498,2315498,문제해결,조재민,25년 2학기 수강자,5,평소에 열심히 문제를 푸셨으면 쉽겠지만 단기간에 실력을 늘리기 힘들기 때문에 평소에 안 하던 사람한테는 추천하지 않습니다,,,
2315498-026,https://everytime.kr/lecture/view/2315498,2315498,문제해결,조재민,25년 2학기 수강자,5,매주 leetcode 풀어오고 풀어온 문제 해설하는 방식입니다. 과제가 없고 시험 두번있습니다. 시험은 4문제 나오는데 쉬운문제만 풀어도 좋은 점수 받을수있습니다,,,
2315498-027,https://everytime.kr/lecture/view/2315498,2315498,문제해결,조재민,25년 2학기 수강자,4,"이 수업을 통해 문해를 배운다고 생각하면 안 됨. 백준, 리트코드 꾸준히 푼 상태에서 들으면 학점 날먹이니 주의하길",,,
2315498-028,https://everytime.kr/lecture/view/2315498,2315498,문제해결,조재민,25년 2학기 수강자,5,clear한 강의 clear한 과제 clear한 시험 unclear한 뇌,,,
2315498-029,https://everytime.kr/lecture/view/2315498,2315498,문제해결,조재민,25년 2학기 수강자,5,수업은 톤도 그렇고 재밌는 편은 아닙니다. 근데 문제해결 과목 특성상 사실 단기간에 실력을 끌어올리기는 힘들기에 나쁘지 않습니다. 시험도 어렵지 않습니다.대신 출튀는 깐깐하니 이건 하지마세요,,,
2315498-030,https://everytime.kr/lecture/view/2315498,2315498,문제해결,조재민,25년 2학기 수강자,5,과제가 없었고 시험 두번이였습니다. 2솔만해도 Q1분포이니 좋아욧,,,
2315498-031,https://everytime.kr/lecture/view/2315498,2315498,문제해결,조재민,23년 2학기 수강자,5,참 깔끔한 강의 과제도 문제푸는 거 중간 기말도 문제푸는 거,,,
2315498-032,https://everytime.kr/lecture/view/2315498,2315498,문제해결,조재민,24년 2학기 수강자,5,기말 잘보면 됨ㅇㅇ 진짜임 화이팅 ㄹㅇㄹㅇ임 아니 강의평 왤케 길게 말하는걸 원하냐,,,
2315498-033,https://everytime.kr/lecture/view/2315498,2315498,문제해결,조재민,24년 2학기 수강자,5,백준을 적당히 하고 들으면 좋은 강의 시험은 코테 형식이며 모두에게 어려워서 공평하다 과제가 재밌다,,,
2315498-034,https://everytime.kr/lecture/view/2315498,2315498,문제해결,조재민,23년 2학기 수강자,5,과제는 예외를 고려해야하는 점이 쉽지 않았고 시험은 어렵습니다. 그래도 열심히 했더니 A주셔서 성적은 잘 주시는 것 같습니다.,,,
2315498-035,https://everytime.kr/lecture/view/2315498,2315498,문제해결,조재민,24년 2학기 수강자,5,시험이나 과제 체점이 매우 깐깐하긴 한데 모두에게 어려우니 상관 없다고 봅니다. 성적도 적당히 주시는 것 같습니다.,,,
2315498-036,https://everytime.kr/lecture/view/2315498,2315498,문제해결,조재민,24년 2학기 수강자,5,PS에 전반적인 이해를 할 수 있었습니다. 백준 골드 문제를 잘 풀 수 있으면 편하게 들으실 수 있을 것 같습니다. 과제 3개와 PS 시험 2번으로 학점이 결정되는데 기말고사에서 실수하여 엄청 낮은 점수를 받고 과제와 중간에서 좋은 성적을 받았었는데 A0를 주신 것으로 보아 학점을 너그럽게 주시는 것 같습니다. 시험에서 실수하면 부분 점수가 없으니 다른 문제를 풀기보다는 내가 푼 문제를 검토하는 것이 좋아 보입니다.,,,
2315498-037,https://everytime.kr/lecture/view/2315498,2315498,문제해결,조재민,24년 2학기 수강자,4,평소에 백준 해두셨다면 꽤 쉬울 겁니다 근데 과제가 막막하네요...,,,
2315498-038,https://everytime.kr/lecture/view/2315498,2315498,문제해결,조재민,24년 2학기 수강자,5,좋아요 과재무난 시험 어려움 교수님 잘가르치고 재밌음,,,
2315498-039,https://everytime.kr/lecture/view/2315498,2315498,문제해결,조재민,24년 2학기 수강자,5,"솔직히 저는 ps를 좀 했어서 쉬웠는데요 제가 이거 2학년때 들었다고 생각하면 많이 힘들었을 것 같네요... 일단 시험은 4문제 중에 1.2문제(하나 풀고 하나는 부분적으로 해결)정도가 중앙값이고 2문제 풀면 상위 25퍼 안에 들어요. 솔직히 난이도는 앞에 2문제는 실버 정도 난이도라 평소에 ps 조금만 했으면 개꿀이고요. 과제는 1번은 단순 구현이라 쉽고 2,3번은 휴리스틱이라 생각을 좀 많이 해야 합니다. 과목 특성상 벼락치기도 안되고 과제는 알고리즘 계열이 다 그렇지만 모르면 과제가 언제 끝날지 알 수 없기 때문에 ps를 좀 한 사람이 듣는게 좋을 거 같아요. 물론 수업 자체는 빅테크 면접에서 나오는 문제들 소개같은거도 굉장히 유익했고 강의 전반적으로 도움이 많이 되지만 현실적으로 ps를 해본 적이 없으면 많이 고통받을 것 같아요. 많이도 말고 solved에서 클래스 문제들만 적당히 방학때 풀고 들으면 좋을 것 같네요!",,,
2315498-040,https://everytime.kr/lecture/view/2315498,2315498,문제해결,조재민,24년 2학기 수강자,5,수업을 열심히 들으시면 얻어 가실게 많습니다. 과제가 재밌습니다.,,,
2315498-041,https://everytime.kr/lecture/view/2315498,2315498,문제해결,조재민,24년 2학기 수강자,5,교수님이 수업을 잘하심 근데 시험이랑 과제는 좀 어려움,,,
2315498-042,https://everytime.kr/lecture/view/2315498,2315498,문제해결,조재민,24년 2학기 수강자,5,수업도 깔끔하시고 내용도 연습하기 좋아 추천합니다,,,
2315498-043,https://everytime.kr/lecture/view/2315498,2315498,문제해결,조재민,24년 2학기 수강자,5,"과목 자체가 부담이 없어서 좋았습니다. 그런데 PS 못하는 분들은 계속 고통받을 것 같아도, 노력하면 충분히 좋은 학점 받을만한 것 같아요. 출튀 잡으시는 것 같으니까 출튀하지마세요",,,
2315498-044,https://everytime.kr/lecture/view/2315498,2315498,문제해결,조재민,24년 2학기 수강자,5,Ps 잘 연습해갑니다~ 교수님 수업영상도 c복습용으로 좋아요,,,
2315498-045,https://everytime.kr/lecture/view/2315498,2315498,문제해결,조재민,24년 2학기 수강자,5,괜춘 괜춘 괜춘 괜춘 괜춘 괜춘 괜춘 괜춘 괜춘 괜춘,,,
2315498-046,https://everytime.kr/lecture/view/2315498,2315498,문제해결,조재민,23년 2학기 수강자,5,교수님 너무 좋아요.. ps 처음하면 어렵긴 하지만 수업 열심히 들으면 할만합니다! 학점도 매우 잘주셔서 큰 부담없이 하면 좋을 것 같아요,,,
2315498-047,https://everytime.kr/lecture/view/2315498,2315498,문제해결,조재민,23년 2학기 수강자,4,강의력은 좋은데 시험은 어려워요..과제도 어려웠습니다..,,,
2315498-048,https://everytime.kr/lecture/view/2315498,2315498,문제해결,조재민,23년 2학기 수강자,5,교수님 정말 좋지만 시험은 어려워요. 시험: 4문제.,,,
2315498-049,https://everytime.kr/lecture/view/2315498,2315498,문제해결,조재민,23년 2학기 수강자,5,무난무난한 PS 강의입니다. 솔직히 백준 실버~골드쉬운거 정도 풀줄 알면 수업 안들어도 크게 상관 없을 정도로 난이도가 그렇게 높진 않습니다. 저의 경우도 솔직히 수업을 그렇게 열심히 듣진 않았고 시험에서 중간 3솔 기말 4솔(제출 형식 오류 감점)해서 무난하게 A+ 받았습니다.,,,
2315498-050,https://everytime.kr/lecture/view/2315498,2315498,문제해결,조재민,23년 2학기 수강자,4,강의력 좋지만 시험 좀 어렵습니다. 과제가 없어서 부담이 많이 없습니다.,,,
2315498-051,https://everytime.kr/lecture/view/2315498,2315498,문제해결,조재민,23년 2학기 수강자,4,학점을 잘 주시고 문제해결 강의 중에서 제일 나은 강의라고 생각합니다.,,,
2315498-052,https://everytime.kr/lecture/view/2315498,2315498,문제해결,조재민,23년 2학기 수강자,5,강의력 좋고 문해 교수님들 중에서 제일 좋은 것 같습니다.,,,
2315498-053,https://everytime.kr/lecture/view/2315498,2315498,문제해결,조재민,23년 2학기 수강자,5,교수님 좋으십니다. 중간기말은 문제 4개 푸는거고 과제는 세번 있습니다. 과제가 좀 생각을 많이 해야하긴합니다. 단점이라면 단점인데 서로 좀 연관이 있어서 앞과제가 어려웠으면 다음 과제도 어려울 것 같습니다.,,,
2315498-054,https://everytime.kr/lecture/view/2315498,2315498,문제해결,조재민,23년 2학기 수강자,5,다좋음 시험난이도도 무난했고. 과제가 다른학기때보다는 어려워진듯.,,,
2315498-055,https://everytime.kr/lecture/view/2315498,2315498,문제해결,조재민,23년 2학기 수강자,5,"이 수업을 통해서 알고리즘에 입문했는데, 교수님 수업이 너무 좋아서 이 수업만으로 기반을 다지고 가게 되는 것 같습니다.",,,
2315498-056,https://everytime.kr/lecture/view/2315498,2315498,문제해결,조재민,23년 2학기 수강자,5,백준같은 거 좀 푼 경험이 있으면 무난하게 들을 수 있습니다. 시험은 맞춘 테스트케이스 개수만큼 점수를 받기 때문에 완벽하게 풀어야겠다는 생각보다는 적당히 빠르게 풀고 넘어가는게 더 좋은 전략일 수 있습니다.,,,
2315498-057,https://everytime.kr/lecture/view/2315498,2315498,문제해결,조재민,23년 2학기 수강자,5,입출력 형식을 잘 지켜야 합니다. 모든 문제를 완벽하게 풀어내지 않아도 됩니다.,,,
2315498-058,https://everytime.kr/lecture/view/2315498,2315498,문제해결,조재민,23년 2학기 수강자,5,백준 실버문제만 제대로 풀줄 알아도 A+ 보장입니다 시험은 1시간동안 백준 기준 브론즈 ~ 골드 하위급 문제가 4문제 나오는데 이중에 두문제 이상 풀줄 알면 에쁠 백준 잘하면 공부량 0이라 봐도 무방합니다 백준 못해도 배워갈게 굉장히 많은 수업입니다,,,
2315498-059,https://everytime.kr/lecture/view/2315498,2315498,문제해결,조재민,23년 2학기 수강자,5,학점 널널하게 받아갑니다~ 시험 잘보면 그만인 과목이에요.,,,
2315498-060,https://everytime.kr/lecture/view/2315498,2315498,문제해결,조재민,23년 2학기 수강자,4,Ps과목이고 처음 접한다면 어려울 수 있습니다 다이내믹 프로그래밍 파트는 열심히 공부하셔야돼요,,,
2315498-061,https://everytime.kr/lecture/view/2315498,2315498,문제해결,조재민,23년 2학기 수강자,5,"백준 열심히 하면 많이 유리함. 은근히 과제에서도 변별이 됨. (Pa3) 주로 pa3에서는 최적해가 존재하지 않아 휴리스틱, 그리디를 요구하는 과제를 내시므로 정답에 최대한 근접한 답을 만들어내는 코드를 작성하시길 바람. 시험은 2번 보고 난이도는 백준 브론즈4 - 실버3쯤",,,
2315498-062,https://everytime.kr/lecture/view/2315498,2315498,문제해결,조재민,23년 1학기 수강자,5,수업도 잘 하시고 과제 양도 그리 많지 않음. 시험은 공부해가는게 크게 의미 없고 평소 실력대로 본다고 생각하는게 마음 편함,,,
2315498-063,https://everytime.kr/lecture/view/2315498,2315498,문제해결,조재민,23년 2학기 수강자,5,발표 지정된 날짜에 한 번합니다. 주어진 문제를 풀고 해설하는데 과제는 아닙니다. 과제는 총 3번 나갔는데 과제가 서로 연관돼서 첫번째 과제 감 잡으시면 나머지 과제도 수월하게 따라갈수있습니다.,,,
2315498-064,https://everytime.kr/lecture/view/2315498,2315498,문제해결,조재민,23년 1학기 수강자,4,재밌긴한데 은근 고인물들 많아서 잘못하면 썰릴 수도 있음.,,,
2315498-065,https://everytime.kr/lecture/view/2315498,2315498,문제해결,조재민,22년 겨울 수강자,5,교수님이 정말 좋고 과제도 쉽고 시험은 좀 어려워요,,,
2315498-066,https://everytime.kr/lecture/view/2315498,2315498,문제해결,조재민,22년 2학기 수강자,5,백준 플레면 코 파면서 에쁠받음~ 벼락치기가 안 되는 과목이라 변별력이 있어서 좋았다.,,,
2315498-067,https://everytime.kr/lecture/view/2315498,2315498,문제해결,조재민,23년 1학기 수강자,5,"교수님 굉장히 깔끔하시고 정확하십니다! 시험 평균이 낮다 보니 시험 잘 보시면 과제 점수가 낮아도 좋은 학점 얻으실 수 있을 것 같습니다. 과제는 전반적으로 난이도가 높다기 보다는 열심히 시간 투자하시면 할 수 있는 난이도인데, 시험 문제나 주차 문제가 난이도가 좀 있는 편입니다. 해매다가 교수님 코드 보면 경이로워요..",,,
2315498-068,https://everytime.kr/lecture/view/2315498,2315498,문제해결,조재민,23년 1학기 수강자,5,"백준 문제 풀어보신 분들은 쉽습니다만, 수업때 푸는문제가 난이도가어느정도있어요",,,
2315498-069,https://everytime.kr/lecture/view/2315498,2315498,문제해결,조재민,23년 1학기 수강자,5,강의력이 좋고 얻어가는 것이 많은 수업 시험도 재밌다,,,
2315498-070,https://everytime.kr/lecture/view/2315498,2315498,문제해결,조재민,23년 1학기 수강자,4,교수님 강의력 좋으심! 수업 내용도 재밌고 교수님 친근해서 좋음,,,
2315498-071,https://everytime.kr/lecture/view/2315498,2315498,문제해결,조재민,23년 1학기 수강자,5,과재 3번에 중간 기말 시험으로 결정나는데 결국 시험이 가장 중요하니 특히 기말 열심히 준비합시다,,,
2315498-072,https://everytime.kr/lecture/view/2315498,2315498,문제해결,조재민,23년 1학기 수강자,4,교수님강의력은 좋아요 들을만합니다! 과제3개에오,,,
2315498-073,https://everytime.kr/lecture/view/2315498,2315498,문제해결,조재민,23년 1학기 수강자,5,ps 거의 노베인 상태에서 들었는데 고인물들도 많고 시험도 어려워서 ps 노베면 좀 나중에 들으세요 노베가 학기중에 공부한다고 되는게 아닌듯 시험은 평균보다 조금 낮고 과제를 잘했더니 A받았습니다 학점 잘 주시는듯하고 교수님도 진짜 귀여우심.. 백준 좀 푸셨으면 엄청 편하실듯,,,
2315498-074,https://everytime.kr/lecture/view/2315498,2315498,문제해결,조재민,23년 1학기 수강자,5,백준같은거 좀 하더놈이면 걱정이 없던 과목. 그걸 제외하고도 주간 문제들은 풀어볼만함,,,
2315498-075,https://everytime.kr/lecture/view/2315498,2315498,문제해결,조재민,23년 1학기 수강자,5,"최종 성적 A 이번 학기 너무 바쁜 바람에 문제해결 과목의 강의를 제대로 들어본 적이 없다.. 다만 과제를 열심히 했더니 3개 다 만점이거나 만점에 가까운 점수를 받았고, 중기말을 평균보다 못 봤음에도 A를 주신걸 보니 학점을 매우 잘 주시는 것 같다.",,,
2315498-076,https://everytime.kr/lecture/view/2315498,2315498,문제해결,조재민,23년 1학기 수강자,5,"재밌고, 바쁘지 않고, 어렵지 않음(쉽다곤 안 함). 교수님도 귀여움. 시험. 60분 4문제. 백준으로 실버 2.5문제 골드 1.5문제 정도 되는듯. 중간고사는 난이도 조절 실패로 처참한 평균이 나옴 (3.1/20) 과제 1. 벡터연산을 이용한 상품추천 시스템 구현. 그냥 시키는 대로 하면 됨. 과제 2. NxN격자에 치즈를 배치하여 점수 높게 받기. 최적의 해를 제한된 시간 안에 구하는 알고리즘이 명확하지 않아서 적당한 수준의 해를 구하기 위한 타협이 필요함. 고민 많이 해서 1등함. 과제 3. 과제 2의 anti 문제. 격자에 방해물을 설치해서 가능한 점수를 최대한 낮추기. 과제 2와 유사한 형식.",,,
2315498-077,https://everytime.kr/lecture/view/2315498,2315498,문제해결,조재민,23년 1학기 수강자,5,"학점 진짜 잘 주시는 교수님입니다. 과제는 3개가 주어지고, 시험은 4문제 60분씩 해서 중간과 기말을 봅니다. 과제같은 경우에는 아예 정답을 찾기 힘들 수 있으므로 최대한 고득점을 얻을 수 있는 방법을 모색하여 푸는 것을 추천드리고, 시험은 문제를 보자마자 머릿속에 떠올린 해결책을 바로 적용하는 것이 좋습니다.",,,
2315498-078,https://everytime.kr/lecture/view/2315498,2315498,문제해결,조재민,23년 1학기 수강자,5,문제해결은 조재민 교수님. 모르면 그냥 외워. 배워갈 내용 엄청 많고 학점도 진짜 잘주십니다.,,,
2315498-079,https://everytime.kr/lecture/view/2315498,2315498,문제해결,조재민,23년 1학기 수강자,5,"과제 3개, 시험 2번 봅니다. 과제가 독특했던게 답이 정해져 있는게 아니라 문제의 명세에 따라 최적화를 얼마나 잘하느냐를 보는거라 좀 신기했습니다. 시험은 코테 보는 것 처럼 60분동안 4문제 푸는 방식입니다. 시간 복잡도를 완벽히 고려한 답을 찾기 보다는 문제 보고 바로 생각나는 방법으로 풀어서 부분 점수를 최대한 챙기는게 좋습니다.",,,
2315498-080,https://everytime.kr/lecture/view/2315498,2315498,문제해결,조재민,23년 1학기 수강자,5,사실 알고있던 내용이라 수업 잘 안들었는데… 우연히 수업 들었다가 빠져들었네요 강의력 좋으심 ㅎㅎ 시험은 백준 문제 좀 풀어봤으면 무난히 에쁠 가능합니다!,,,
2315498-081,https://everytime.kr/lecture/view/2315498,2315498,문제해결,조재민,23년 1학기 수강자,5,강의력 좋음. 얻을게 많은 수업. 추천하고싶다.,,,
2315498-082,https://everytime.kr/lecture/view/2315498,2315498,문제해결,조재민,23년 1학기 수강자,5,강의력도 좋으시고 진짜 도움이 많이 되는 강의엿어요!! 등록금 안 아까움,,,
2315498-083,https://everytime.kr/lecture/view/2315498,2315498,문제해결,조재민,22년 2학기 수강자,5,조재민교수님 수업 좋습니다. 꼼꼼히어려운부분을 알려주세요. 시험도 난이도 보통입니다.,,,
2315498-084,https://everytime.kr/lecture/view/2315498,2315498,문제해결,조재민,22년 2학기 수강자,5,발표 한번씩 돌아가게 시키고 처음부터 c복습하게 시간주셔서 좋아요,,,
2315498-085,https://everytime.kr/lecture/view/2315498,2315498,문제해결,조재민,22년 2학기 수강자,5,ps조금만 할줄알면 복습용으로 좋아요 중간 기말 과제 비중 20 40 30 중간 기말 4문제씩을 한시간안에 푸는 시험과 과제3번 중간2문제 기말2.8문제 풀고 에쁠 시험난이도는 예전 강평들보다는 쉬워진거같아요 중간도 변수초기화 안해서 2개틀린거라.. 난이도는 어려워도 백준골5정도?,,,
2315498-086,https://everytime.kr/lecture/view/2315498,2315498,문제해결,조재민,22년 2학기 수강자,5,"ps 완전 노베인 상태에서 수강했습니다. 학기 초에 c언어 복습 한 번 쫙 해주셔서 좋았어요. 헷갈리는 부분들 정리 해주셔서 도움 됐습니다. 그리고 이 강의 덕에 미루던 백준 공부를 시작할 수 있어서 좋았어요. 물론 시험은 어려웠지만... 다들 어려워해서 중간값이 낮은 편입니다. 중간기말 둘 다 중간값 아래 ~ 중간값 언저리라서 학점 기대 안 했는데 최대한 꽉꽉 채워 주시는 것 같아요 ㅠ 시험 점수 높지 않더라도 과제로 어느정도 만회 가능한 것 같으니 최대한 열심히 해보시길! 저는 과제 1, 3은 만점 가까이 받고 과제2는 평균보다 약간 위였는데 에제 받았습니다. ps 공부 처음 해보는데 실전에서 써먹을 수 있는 유용한 팁들, 많이들 실수하는 부분을 깔끔하게 정리해서 알려주셔서 좋았습니다. 교수님 강의력 짱!",,,
2315498-087,https://everytime.kr/lecture/view/2315498,2315498,문제해결,조재민,22년 2학기 수강자,5,"영어로 강의하셨는데 강의력 엄청 좋으십니다. 좋은 라이브러리가 있는 파이썬이나 C++가 아닌 C언어로 진행하여 복습하는 사람이나 익숙하지 사람이나 공정한 조건이라고 생각합니다. PS 경험 있으신분들은 날먹 가능하고, 그렇지 않은 사람들도 많기 때문에 다른 분들이 강평 남긴 것처럼 돌아가는 코드 짜서 평균만 넘어도 만족할만한 학점 주십니다.",,,
2315498-088,https://everytime.kr/lecture/view/2315498,2315498,문제해결,조재민,22년 2학기 수강자,5,수업너무잘하시고 초반에 c언어한번정리해주셔서 정리가필요한학생이라면 들으면좋을듯요,,,
2315498-089,https://everytime.kr/lecture/view/2315498,2315498,문제해결,조재민,22년 2학기 수강자,5,"시험 두 번 보는데 시간 안에 절대 다 못 푸니깐 최대한 부분점수 노리셈. 백준 푸는 거 처럼 모든 테케 통과시키려고 하면 시험 망함. 최대한 부분점수 노리고, 과제가 3개 나오는데, 갠적으로 2, 3번 개어려웠음. 그니깐 최대한 과제도 부분점수 노리셈. 그냥 부분점수에 의한, 부분점수를 위한 수업임. 그리고 교수님 학점 잘 주심.",,,
2315498-090,https://everytime.kr/lecture/view/2315498,2315498,문제해결,조재민,22년 2학기 수강자,5,"교수님이 강의에 엄청 열정적이심. 수업은 개인적으로 중간고사 전범위까지는 볼 필요없는거 같은데 recursion부분부터 유용한 기술을 많이 알려주시는듯. 같은거여도 다른 방법으로 푸는 방법, 어떤 특정 오류를 피하거나 시간복잡도를 낮추는 방법, 알고리즘 수업에서는 이론으로만 배웠던 dp부분 순서까지 도움이 많이 됨. 하나 짜증나는건 코드가 가끔씩 한 페이지에 넣으시려고 보기 불편한게 좀 있긴함. 그렇게 코드를 안짜서 그런건지는 모르겠는데 이것만 빼면 완벽함. 그리고 시험도 시간이 많았다면 엄청 어렵지는 않은데 문제 수 대비 시간이 부족함. 한시간안에 문제도 이해하고 파일도 제출해야되는데 따로 파일 제출할 시간 안줘서 53-55분 시험이라고 생각하면 됨. 문제보고 이해하고 일단 생각나는데로 빨리 한 두개라도 통과할 수 있게 작성하길 바람. 테스트케이스 전체에서 맞은거만큼 점수주기 때문에 여기서 왜 안돌아가는지 예외처리하는데 시간 쏟는거보다 다른거 심플케이스 찾아서 해결하는게 더 성적 잘나옴. 과제는 이번 학긴 엄청 쉬움.",,,
2315498-091,https://everytime.kr/lecture/view/2315498,2315498,문제해결,조재민,22년 2학기 수강자,5,강의 내용도 진짜 좋았는데 성적 말도 안되게 잘주십니다... 다만 에쁠은 ps베이스없으면 좀 빡센것이 맞기에 염두해두심이 좋을듯합니다. 저는 베이스없이 들었는데 이정도 성적받고 ps입문할수있었다고 생각하면 대만족입니다..,,,
2315498-092,https://everytime.kr/lecture/view/2315498,2315498,문제해결,조재민,22년 2학기 수강자,5,"ps 조금이라도 해봤다면 정말 꿀강 그렇지 않다면 꿀강이 아닐지도 교수님은 정말 좋으십니다. 강의력도 좋으시고 여러가지 다양한 팁들 주셔서 상당히 유용했어요. 시험과 과제는 꽤 어려운 편이긴 하지만, 과제는 막 못해먹을 정도는 아니고, 시험은 어려운 만큼 평균도 낮아서 괜찮습니다.",,,
2315498-093,https://everytime.kr/lecture/view/2315498,2315498,문제해결,조재민,22년 2학기 수강자,5,ps공부하시는 분들에겐 정말 좋은강의 같아요 코딩실력 부족하신 분들은 나중에 들으세요,,,
2315498-094,https://everytime.kr/lecture/view/2315498,2315498,문제해결,조재민,22년 1학기 수강자,5,"ps에 대해서 깊이있는 팁들을 많이 주십니다. 생각나는것들: (a+b)/2가 아니라 a+(b-a)/2로 써서 인티저오버플로 피하기, 알고보니 이분탐색이거나 DP문제인데 naive하게 접근했다가 망하는 과정 보여주기(이렇게 접근하는 순간 이 문제는 풀 수 없다), 4D어레이를 2D어레이의 2D어레이로 발상의 전환 해보기",,,
2315498-095,https://everytime.kr/lecture/view/2315498,2315498,문제해결,조재민,22년 2학기 수강자,5,교수님이 아주 좋으십니다 성격도 좋으신데 매우 잘 가르쳐주셔서 좋아요,,,
2315498-096,https://everytime.kr/lecture/view/2315498,2315498,문제해결,조재민,22년 1학기 수강자,5,설명을 진짜 잘해주십니다. c언어에 대해 다시한번 제대로 배워볼 수 있어요,,,
2315498-097,https://everytime.kr/lecture/view/2315498,2315498,문제해결,조재민,22년 1학기 수강자,5,문제해결이라는 과목이 ps 지식을 상당히 요구해서 ps에 자신이 있다면 편안한 1학기 보내실 수 있습니다. 물론 수업만 열심히 듣는다면 모두 다 따라갈 정도로 어렵진 않아요,,,
2315498-098,https://everytime.kr/lecture/view/2315498,2315498,문제해결,조재민,22년 2학기 수강자,5,"C언어 한번 배우고 dp, 투포인터 등 간단한 ps 기술 배움. 주차 과제는 나중갈수록 어려워져서 시간 좀 넉넉히 생각해야 하지만 시험은 1시간 어택땅이라 주차 과제만으로 준비하면 안됨. 저는 주차 과제만으로 중간 준비했다 0점 맞고 기말때 주차 과제는 버리고 백준 쉬운거 위주로 연습해서 기말 만회했습니다. A 꽉꽉 채워주시고 거의 대부분 +붙이는 것 같습니다. 온라인인 점에서 더 강추",,,
2315498-099,https://everytime.kr/lecture/view/2315498,2315498,문제해결,조재민,22년 1학기 수강자,5,c언어 한번 쫙배우고 알고리즘 배우는데 교수님이 설명을 매우 잘해주십니다.,,,
2315498-100,https://everytime.kr/lecture/view/2315498,2315498,문제해결,조재민,22년 1학기 수강자,3,배우는 내용이 되게 유익했던거같아요! 교수님도 되게 열정적이시고 잘가르쳐주십니다. 이론쪽보다는 스킬위주로 설명해주셔서 더 도움이 된거같아요 그리고 한명당 한번은 한문제가지고 풀어서 발표하는게 있었는데 부담이 되는건아니고 공부겸 해서좋은거같아요 그리고 수업내용은 어려웠는데 시험은 그거에 비해서 훨씬 쉬워서 괜찮았던거같아요 물론 저는 망했지만 ㅜㅜ 요약하자면 듣기에 좋고 유익했던 수업입니다.,,,
2893304-001,https://everytime.kr/lecture/view/2893304,2893304,문제해결,이한국,26년 1학기 수강자,5,백준같은 ps를 하게 만드는 수업이라서 좋습니다. 다만 시험 운영이 조금 매끄럽지 않아서 아쉽긴 했습니다,,,
2893304-002,https://everytime.kr/lecture/view/2893304,2893304,문제해결,이한국,25년 2학기 수강자,5,저는 백준 많이풀어놨어서 생각보다 수월했습니다,,,
2893304-003,https://everytime.kr/lecture/view/2893304,2893304,문제해결,이한국,25년 1학기 수강자,5,백준푸세요 과제만점 최하/평균/최고/내점수 중간 10/21.8/30/25 기말 10/15.6/35/10 기말고사 때 난이도 조절 실패로 대부분 10점이여서 전 A받았습니다,,,
2893304-004,https://everytime.kr/lecture/view/2893304,2893304,문제해결,이한국,25년 1학기 수강자,5,교수님이 바쁘셨는지 과제 개수가 하나가 줄었다. 코딩 대회를 나가는 것이 과제 였고 나가서 한문제 풀면 만점 받을 수 있었다. 그냥 과제는 문제 두개풀고 설명 PPT만드는 거 쉬웠다,,,
2893304-005,https://everytime.kr/lecture/view/2893304,2893304,문제해결,이한국,25년 1학기 수강자,4,교수님이 자동사냥 돌리시긴하는데 본인이 의지있으면 발전이있음 시험이 조금 어렵긴한데 에쁠은 쉬움 백준 열심히 풀어왔다면 쉬움,,,
2893304-006,https://everytime.kr/lecture/view/2893304,2893304,문제해결,이한국,25년 1학기 수강자,5,아무래도 평소에 백준을 많이 풀어야할 것 같고 중간보단 기말이 어려운데 시험 중간에 멘탈 관리가 중요한 것 같아요. 수업과 연계되는 문제도 있고 아난 문제도 있다고 생각하면 됩니다,,,
3058332-001,https://everytime.kr/lecture/view/3058332,3058332,산학협력프로젝트,우홍욱,26년 1학기 수강자,5,산학2가 가장 좋은것같습니다 랩실 경험 체험가능,,,
1772325-001,https://everytime.kr/lecture/view/1772325,1772325,소프트웨어공학개론,이은석,26년 1학기 수강자,3,힘들긴 한데 솔직히 수업이 힘들진 않은 듯. 개발과제가 헬인건 인정,,,
1772325-002,https://everytime.kr/lecture/view/1772325,1772325,소프트웨어공학개론,이은석,26년 1학기 수강자,1,진짜 왜 전공필수인지 이해가 안되는 과목. 교수님은 쓸데없는 qna방식의 수업 고집. 모두가 고통받는 쓰레기 수업,,,
1772325-003,https://everytime.kr/lecture/view/1772325,1772325,소프트웨어공학개론,이은석,26년 1학기 수강자,1,팀플을 랜덤 배치한다는 점에서 불쾌하기 짝이 없음,,,
1772325-004,https://everytime.kr/lecture/view/1772325,1772325,소프트웨어공학개론,이은석,24년 1학기 수강자,3,어쩔 수 없어서 들었지... 굳이 찾아서 듣고 싶지 않음,,,
1772325-005,https://everytime.kr/lecture/view/1772325,1772325,소프트웨어공학개론,이은석,25년 2학기 수강자,5,셤을 잘보면 학점이 잘 나옵니다 팀플은 뭔기준인지 모름,,,
1772325-006,https://everytime.kr/lecture/view/1772325,1772325,소프트웨어공학개론,이은석,25년 2학기 수강자,1,쓰레기수업 듣지마셈 그냥 학점도 짜게주네 팀플은 무슨기준임?,,,
1772325-007,https://everytime.kr/lecture/view/1772325,1772325,소프트웨어공학개론,이은석,25년 2학기 수강자,2,흠 중기합 평균인데 비제네요 차라리 팀플말고 TDD나 MDE같은거 구현하는 과제가 더 좋을것같네요..,,,
1772325-008,https://everytime.kr/lecture/view/1772325,1772325,소프트웨어공학개론,이은석,25년 2학기 수강자,1,"이건 팀플을 빼야한다 그러면 덜 억울핳듯. 마지막에 내가 결국 코딩이나 배포에서 많은 힘을 썻고(나도복전생임), 팀플 비중을 줄이던가;;... 내가 팀플에 힘쏟은거에 비해서 힘빠진다. 그리고 기본적인 감사나 죄송을 모르는 사회성없는 공대생들이 많다고 생각한다. 중간은 중간값+1 기말은 개망하긴했는데 B0뜸.ㅎ 개인적으로 이론부분 흥미롭긴했으나.... 굳이 cs과목만큼 꼭 배워야하는 필요성이 느껴지지는 않는 과목이라서 필수아니였으면 안들었다.",,,
1772325-009,https://everytime.kr/lecture/view/1772325,1772325,소프트웨어공학개론,이은석,25년 2학기 수강자,5,"악평에 비해 상당히 할만했던 수업. 현업에서 가장 많이 사용하는 지식들인데 이게 배울게 없다는 학생들은 대체 뭘까... 수업 하루 전에만 강의듣고 qa작성하고, 수업때 다른 학생들이 만든 qa시트 내용 크로스체크하면서 정리만 하면... 시험도 풀만하고 성적도 잘 주심",,,
1772325-010,https://everytime.kr/lecture/view/1772325,1772325,소프트웨어공학개론,이은석,25년 2학기 수강자,1,"교수는 착할지도? 과목은 쓰레기 배우는거 없는 악의 수업 조원 중에 장애인 한 명 있었는데, 너 그렇게 살지 마라",,,
1772325-011,https://everytime.kr/lecture/view/1772325,1772325,소프트웨어공학개론,이은석,25년 2학기 수강자,5,"초반에는 너무 권위적인 교수님 모습에, 갈때마다 오금이 저렸는데, 학기가 지날 수록 중간중간 보여주시는 상냥한 모습이 포인트입니다ㅋㅋ 많이 배울 수 있었습니다.",,,
1772325-012,https://everytime.kr/lecture/view/1772325,1772325,소프트웨어공학개론,이은석,25년 2학기 수강자,4,"악평에 비하면 생각보다 할 만 했던 수업. 다만 qa가 많고 프로그램을 구현해야 한다는 점이 타 교수님의 소공개 수업에 비하면 단점이다. 그럼에도 불구하고 교수님이 수업 분위기도 유쾌하게 하려고 하시고, 조교님들도 친절하시며, 수업 내용도 유익하고 시험도 쉽기 때문에 추천하는 수업이다. 뭘 배우는지 모르겠는 것 같은 느낌이 들수도 있지만 그건 소공개 과목의 원래 특성이지, 교수님의 강의력 문제는 아닌 것 같다.",,,
1772325-013,https://everytime.kr/lecture/view/1772325,1772325,소프트웨어공학개론,이은석,25년 1학기 수강자,4,생각보다 할 만 하지만 qa시트가 매주 있는 것이 은근 부담되었음. 성적은 잘주세요,,,
1772325-014,https://everytime.kr/lecture/view/1772325,1772325,소프트웨어공학개론,이은석,25년 2학기 수강자,3,생각보다 할 거는 없지만 그만큼 배우는 것도 없는 것 같습니다.,,,
1772325-015,https://everytime.kr/lecture/view/1772325,1772325,소프트웨어공학개론,이은석,25년 1학기 수강자,4,"악평에 비하면 생각보다 할만했습니다 이번 학기는 개발 진행했고, 프로젝트는 미리미리 하면 할만합니다. 그리고 아는 사람 한 명까지는 팀 같이 짤 수 있어서 빌런 만나면 그냥 둘이 개발한다는 생각으로 가셔도 될 것 같습니다... 나머지는 문서 작업 시키고요. 문서 작업도 한 60페이지 정도 적어야 해서 할거 많아요 시험은 중간은 완전 서술형 느낌이었고, 기말은 갑자기 급선회하셔서 객관식 모두 고르시오로 도배해놔서 좀 당황스러웠네요 QA시트도 솔직히 요즘은 지피티가 잘 해주긴 해서, 할게 많은 수업은 맞는데 할만하긴 해요. 학점은 매우 잘 주십니다",,,
1772325-016,https://everytime.kr/lecture/view/1772325,1772325,소프트웨어공학개론,이은석,25년 1학기 수강자,3,기말시험 여러개 고르시오인데 하나라도 빼먹거나 더 쓰면 오답처리함. 프로젝트 개발 해야함. QA 시트라고 질문 10개 정도 매주 나옴. 강의 고봉밥에 재미없음. 성적은 잘 주심,,,
1772325-017,https://everytime.kr/lecture/view/1772325,1772325,소프트웨어공학개론,이은석,25년 1학기 수강자,5,프로젝트가힘든데 하다보면 하긴합니다. 시험은 전역적으로나옵니다,,,
1772325-018,https://everytime.kr/lecture/view/1772325,1772325,소프트웨어공학개론,이은석,24년 2학기 수강자,3,수업 난이도 자체는 안 빡센데 묘하게 교수님이 계속 빡쳐계심 팀원 잘 만나는게 중요할득,,,
1772325-019,https://everytime.kr/lecture/view/1772325,1772325,소프트웨어공학개론,이은석,24년 2학기 수강자,4,매주 qa 시간이 있고 조별로 돌아가면서 모든 팀원이 발표합니다 qa준비에 많은 시간이 소요됩니다 팀플이 있고 구현은 하지않고 설계만 합니다 시험은 중간기말 총2번있고 과정은 좀 힘들었지만 학점을 후하게 주십니다,,,
1772325-020,https://everytime.kr/lecture/view/1772325,1772325,소프트웨어공학개론,이은석,24년 2학기 수강자,5,코딩이 없어서 편했습니다. QA 꾸준히 하시면 좋은 성적 받을 수 있어요,,,
1772325-021,https://everytime.kr/lecture/view/1772325,1772325,소프트웨어공학개론,이은석,24년 겨울 수강자,3,왜 a+을 주셨는지 모르겠음 코딩이없어서 좋지만 때문에 얻는것도 없다,,,
1772325-022,https://everytime.kr/lecture/view/1772325,1772325,소프트웨어공학개론,이은석,24년 2학기 수강자,5,이번학기는 코딩없이 디자인만 했습니다 매주 하는 qa가 귀찮긴한데 성실히하면 시험 대비에도 도움되고 실무와 관련돼서 배우는 게 많았다고 생각합니다,,,
1772325-023,https://everytime.kr/lecture/view/1772325,1772325,소프트웨어공학개론,이은석,24년 2학기 수강자,1,본인 수업이 굉장히 가치있다고 생각하지만 정작 전공코어 풀리면 아무도 안들을 쓸모 없는 과목. 학생들한테 짜증내기는 기본. 들은 과목 중 최악.할 거만 많고 스트레스만 엄청 주고 얻을 건 없는 전공코어 풀리면 소멸해야할 1순위 과목.,,,
1772325-024,https://everytime.kr/lecture/view/1772325,1772325,소프트웨어공학개론,이은석,24년 2학기 수강자,5,이번학기는 코딩이 없어서 좋았습니다 매주 QA 작성하고 교수님이 질문하시는게 쉽진않았지만 그것만 적당히 따라가니 시험준비가 비교적 수월했습니다,,,
1772325-025,https://everytime.kr/lecture/view/1772325,1772325,소프트웨어공학개론,이은석,24년 2학기 수강자,3,교수님한테 맨날 혼나눈 기분이 좋진 않습니다. 그치만 개발 없어서 좋아요,,,
1772325-026,https://everytime.kr/lecture/view/1772325,1772325,소프트웨어공학개론,이은석,24년 1학기 수강자,4,qa만 열심히 하셔도 좋은 점수 받음 얻어가은 게 많다,,,
1772325-027,https://everytime.kr/lecture/view/1772325,1772325,소프트웨어공학개론,이은석,24년 1학기 수강자,3,"안 좋은 수업도 아니고 해가 갈수록 점점 나아지는 수업인건 분명하나 더 개선돼야할 것 같습니다 팀플의 의미는 개발에서 더 나아가 소프트웨어 프로세스의 처음부터 끝까지 경험해보라는건데, 사실 저희 팀은 엄청 고수들이 많았음에도 수업에 적절한 팀플은 아니라는 생각이 많이 듭니다. 아래 분 댓글처럼 차라리 TDD같은 개념을 하나씩 구현해보는 과제가 더 낫지 않을까 싶고, 시험은 걍 맞출 수 있는거, 없는거 나뉘어져 있어서 점수가 다 똑같습니다.",,,
1772325-028,https://everytime.kr/lecture/view/1772325,1772325,소프트웨어공학개론,이은석,24년 1학기 수강자,1,"뭔가 거추장스러운건 많으나 얻을건 없는 수업 ""소프트웨어공학""이라는 과목은 다른 전공 필수과목과 궤를 달리 합니다. 다른 과목들은 말 그대로 컴퓨터 ""이론""을 가르치기에 학문적이 내용이 주를 이룬다면, 이 과목은 실무와 접하고 있는 지점들이 많습니다. 그렇기에 현재 이론 위주의 수업 방식은 제가 느끼기에는 전혀 얻는게 없는 수업이라고 생각합니다. 실습 차원에서 팀플을 하는데 그냥 웹 프로젝트고 조원만 잘 만나면 그리 양이 많은 느낌은 아닙니다. 사실상 교수님이 팀플을 유기해놓기 때문에 딱히 팀플로 배우는 건 없습니다. 다들 얻을게 많다고 하시는데 저는 잘 모르겠습니다... 실질적인 개발 프로세스를 경험해보는 것도 아니고 그냥 이론적으로 이런 프로세스가 있고 저런 개발 방법론이 있다~ 하는 걸 배우는게 무슨 의미인가요...? 차라리 팀플을 없애고 작은 프로젝트를 기반으로 각자 각종 다이어그램을 그려보고 테스트케이스 짜보고 TDD 해보는 그런 실습을 하는 편이 낫지 않을까 조심스럽게 생각 해봅니다.",,,
1772325-029,https://everytime.kr/lecture/view/1772325,1772325,소프트웨어공학개론,이은석,24년 1학기 수강자,1,공부 열심히할사람은 참 좋은데 아니면 힘듭니다,,,
1772325-030,https://everytime.kr/lecture/view/1772325,1772325,소프트웨어공학개론,이은석,24년 1학기 수강자,1,안들어도 된다면 듣지 않는걸 추천드려요! 특히 고학번일수록 비추천합니다. 매주 10문항이 넘는 서술형 qa시트를 작성하고 팀프로젝트에 중간 기말까지 있어요. 수업은 누가 혼나냐 눈치보는 분위기입니다. 매주 랜덤으로 조를 선택하고 qa 답변을 시켜요. 그리고 중간고사 1등이 되면 앞에 나가 진행을 하는... 수업방식이 저랑 너무 안맞아 힘들었습니다. 녹화강의가 수업 끝이고 실제 수업시간에는 토의에요. 소프트웨어공학개론 수업 내용만 보면 의미있습니다. 저는 실제 인턴을 해봐서... 실무에서 많이 쓰이는 용어이긴 합니다 근데 이론으로 달달 암기하는 것과 실무에 투입되서 경험하면서 배우는거랑 차이가 있죠. 팀프로젝트는 뭐.. 팀을 직접 짜주십니다 학번을 고려했다곤 하는데 직접 짜주시는거라 아무래도 잘 진행되지는 않더라구요. 그래도 반영비율이 qa시트보다 낮아서 대충 기본조건 충족만 목표로 하시는거 추천.,,,
1772325-031,https://everytime.kr/lecture/view/1772325,1772325,소프트웨어공학개론,이은석,24년 1학기 수강자,4,배우는건 매우매우 많으나 할것도 많음. 학점은 아직안나왔는데 개념을 명확하게 이해하는것이 중요,,,
1772325-032,https://everytime.kr/lecture/view/1772325,1772325,소프트웨어공학개론,이은석,23년 2학기 수강자,4,"학점미화가 되어버린 수업,,,, 되도록이면 친구 한명이랑 같은 팀으로 진행하시는 게 좋을 것 같습니다. 매주 금요일마다 공포의 QA 때문에 스트레스 많이 받고, 시험 때도 암기하느라 힘들었지만 학점만큼은 잘 주십니다,,,",,,
1772325-033,https://everytime.kr/lecture/view/1772325,1772325,소프트웨어공학개론,이은석,23년 2학기 수강자,4,공부량 진짜 많고 프로젝트도 있고 다 하는데.. 학점때문에 미화 돼버림,,,
1772325-034,https://everytime.kr/lecture/view/1772325,1772325,소프트웨어공학개론,이은석,23년 2학기 수강자,5,5점은 아닌데 2.9는 너무 낮네 QA시트가 좀 빡치고 공부량이 많고 팀플도 잇긴합니다,,,
1772325-035,https://everytime.kr/lecture/view/1772325,1772325,소프트웨어공학개론,이은석,23년 2학기 수강자,4,플립러닝으로 미리 조별로 토론하고 수업시간에 참가해야합니다. 수업시간내에 모든 문제를 질문하기 때문에 대비를 철저히해야합니다,,,
1772325-036,https://everytime.kr/lecture/view/1772325,1772325,소프트웨어공학개론,이은석,23년 2학기 수강자,5,"팀원 잘못 걸려서 시간적 감정적으로 고생 많이 했고, 결국 결과도 좋지 않았는데 학점을 잘 주셔서 감사하게 생각하고 있습니다.",,,
1772325-037,https://everytime.kr/lecture/view/1772325,1772325,소프트웨어공학개론,이은석,23년 2학기 수강자,5,학점 goat 할게 많아서 귀찮은만큼 학점 잘 주십니다 내가 왜 이 학점을 받은지 이해 x,,,
1772325-038,https://everytime.kr/lecture/view/1772325,1772325,소프트웨어공학개론,이은석,23년 2학기 수강자,4,강제 팀플에 flip 러닝 빡세게해서 시간 많이 먹는대신 강의가 그만큼 머리에 잘들어옴,,,
1772325-039,https://everytime.kr/lecture/view/1772325,1772325,소프트웨어공학개론,이은석,23년 2학기 수강자,5,수업에서 얻어가는건 많은데 할게 너무너무 많아요..,,,
1772325-040,https://everytime.kr/lecture/view/1772325,1772325,소프트웨어공학개론,이은석,23년 2학기 수강자,4,"하는거 많긴한데 못할 정도는 아닙니다. 팀플에 팀운이 있다는건 어느 팀플이나 마찬가지 이니까 패스. 근데 팀플도 사실 6,7명이서 할 분량 절때 아님ㅇㅇ그리구 수업시간에 배운 내용들 생각보다 유익합니다",,,
1772325-041,https://everytime.kr/lecture/view/1772325,1772325,소프트웨어공학개론,이은석,23년 1학기 수강자,1,"프론트 95퍼 혼자 개발 모든 과제 제출 중간 중간값 정도 기말, 과제 점수 공개x, 의의제기 안읽 B이하 도망가",,,
1772325-042,https://everytime.kr/lecture/view/1772325,1772325,소프트웨어공학개론,이은석,23년 1학기 수강자,4,"매주 QA시트 + 중간/기말 + 보고서 제출 두번 + 팀 프로젝트로 정말 하는게 많긴 한데 qa시트 잘 작성해놓으면 시험 공부하는데 큰 도움이 되고, 팀원들을 잘 만나면 나름 잘 헤쳐나갈 수 있습니다.",,,
1772325-043,https://everytime.kr/lecture/view/1772325,1772325,소프트웨어공학개론,이은석,23년 1학기 수강자,3,얻어가는건 많았지만 시키는거에 많은거에 비해 시험만 잘보면 되는 수업...그냥 시험만 잘보세요 팀플 열심히 해봤자 시험점수만 반영되는것같아요,,,
1772325-044,https://everytime.kr/lecture/view/1772325,1772325,소프트웨어공학개론,이은석,23년 1학기 수강자,4,"과제로는 매주 작성해야 하는 QA 시트, 50~60장 분량의 보고서 두 번, 한 학기에 걸쳐 진행되는 팀 프로젝트가 있습니다. 악명 높은 것에 비해 다행히 팀원 분들을 잘 만나 팀 프로젝트가 잘 진행됐고 시험 평균 이상 받아서 좋은 학점 받았습니다. 시험은 QA 시트 위주로 나와서 매주 QA 시트 열심히 작성하시면 될 거에요! 시키는 게 많아 힘들긴 하지만 팀원 분들만 잘 만난다면 많은 걸 얻어갈 수 있는 유익한 수업인 것 같습니다.",,,
1772325-045,https://everytime.kr/lecture/view/1772325,1772325,소프트웨어공학개론,이은석,23년 1학기 수강자,3,ㅈㄴ힘들었는데 학점미화됨 아래 강의평처럼 버스 탈 생각은 하지 말고 몰라도 새로 배우겠다는 마음가짐으로 1인분은 하자.,,,
1772325-046,https://everytime.kr/lecture/view/1772325,1772325,소프트웨어공학개론,이은석,23년 1학기 수강자,5,웹 하나도 모르는 상태에서 들음 팀플 아무것도 안해도 누군가 그냥 알아서 버스태워줌 친구랑 2인팀신청하고 정치질좀하면 조원평가도 무난히 넘어감. 시험만 잘보면 끝,,,
1772325-047,https://everytime.kr/lecture/view/1772325,1772325,소프트웨어공학개론,이은석,22년 겨울 수강자,4,양이 넘 많아요.. 매주 꾸준히 공부해두세요~! 그리고 조별과제는.. 웹 해본 사람이 많으면 좋습니다. 안해본 사람들 많이 버스 타시더라고요.. ㅎㅎ,,,
1772325-048,https://everytime.kr/lecture/view/1772325,1772325,소프트웨어공학개론,이은석,23년 1학기 수강자,3,"그냥 무난하게 괜찮아요. 악명이 높지만 아직 그렇게 힘들진 않고 매주 하는 qa시트가 좀 귀찮고, 교수님 말투가 좀 무섭고 날카로울 뿐.. 이번 학기는 gpt를 이용해 프로그래밍 교육 시스템을 만드는게 프로젝트입니다",,,
1772325-049,https://everytime.kr/lecture/view/1772325,1772325,소프트웨어공학개론,이은석,22년 2학기 수강자,2,"매주 하는 QA 시트가 귀찮기는 하지만, 그래도 팀원을 잘 만나서 프로젝트는 무난하게 했습니다. 대신 상금은 혼자 다 가져가셨... 성적은 그래도 잘 주시는 것 같습니다.",,,
1772325-050,https://everytime.kr/lecture/view/1772325,1772325,소프트웨어공학개론,이은석,22년 2학기 수강자,3,"프로젝트 발표, 시연 과정에 참여하는 조교 중 무례한 사람이 많습니다. UI/UX 관련해서 시덥잖은 트집을 잡는가 하면, 면전에서 고개 까딱거리면서 반존대투로 '이거 해볼래요?'라고 말하거나, 특정 라이브러리 사용할 때 옵션 빼먹었다고 비아냥대서 상당히 불쾌했네요. 참고로 메인 조교님은 친절하셨습니다.",,,
1772325-051,https://everytime.kr/lecture/view/1772325,1772325,소프트웨어공학개론,이은석,22년 2학기 수강자,5,악명에 비해 이번학기는 상당히 스무스하게 흘러간편. 팀원을 잘만난 것이 아주 큰 몫을 하였다. 팀원만 잘 만난다면 프로젝트도 수업내용도 유익하다. 근데 매주 과제가 있는것이 좀 귀찮다.,,,
1772325-052,https://everytime.kr/lecture/view/1772325,1772325,소프트웨어공학개론,이은석,22년 2학기 수강자,3,개인과제는 따로 없고 매주 주차과제가 있는데 어렵지 않다. 시험은 좀 지엽적으로 물어봐서 꼼꼼하게 외우고 가라. 팀플은... 자세한 설명은 생략한다. 버스기사가 팀에 있으면 편하다. 그래도 버스 탈생각만 하진 말고 모르면 따로 공부해서 1인분은 하자(...). 학점은 잘 주신다. 3과목 이하로 듣는다면 추천.,,,
1772325-053,https://everytime.kr/lecture/view/1772325,1772325,소프트웨어공학개론,이은석,22년 2학기 수강자,3,악명에 비해 은근 꿀임 ㅇㅇ 생각보다 팀플 할만하고 평가도 ㅈㄴ 널널함 근데 왜그런지 팀원중에 절반은 아무것도 못하는 버러지들인 팀이 많음 중간기말 조졌는데 성적 잘준거보면 진짜 개 후하게 주는거 같긴함 무임승차한 팀원들은 ㄹㅇ 반성 하긴 해야됨,,,
1772325-054,https://everytime.kr/lecture/view/1772325,1772325,소프트웨어공학개론,이은석,22년 2학기 수강자,3,"이번 학기는 다른 학기보다 좀 더 유하게 진행된 거 같지만, 그럼에도 무척 빡셌다. 수업은 사전에 온라인 강의를 들은 뒤 Q/A Sheet를 작성하고, 오프라인 강의에서 해당 내용을 발표하는 방식으로 진행된다. 교수님 질문이 공격적이긴 하지만 대답을 제대로 못해도 학점에 큰 영향을 주지 않는 거 같기 때문에 편하게 답하면 될 거 같다. 팀 프로젝트의 경우, 이번 학기에는 공통 주제에 사전에 정해진 프레임워크로 진행되었다. 팀을 잘 만나는 게 중요하지만 어쩔 수 없이 누군가는 희생하고 누군가는 버스타게 된다..ㅠ 중간고사, 기말고사 모두 있으며 Q/A 내용 위주로 문제가 출제되는 듯 하다. 성적은 그럭저럭 나쁘지 않게 주시는 거 같다.",,,
1772325-055,https://everytime.kr/lecture/view/1772325,1772325,소프트웨어공학개론,이은석,22년 2학기 수강자,3,인턴 생활에 비추어 보았을 때 강의 내용이 실제 필드에서 도움되는 거 맞아요 내용도 괜찮음 근데 양이 너무 많아…. 많아도 너무 많아 진짜,,,
1772325-056,https://everytime.kr/lecture/view/1772325,1772325,소프트웨어공학개론,이은석,22년 2학기 수강자,3,정해진 프레임워크로 한 학기동안 모든 팀이 똑같은 웹 플젝을 했음 팀을 잘 만나야함 웹플젝 해본건 좋은 경험이었으나 악명 높은만큼 힘들긴 하다 강의 내용이 재미는 없지만 교수님 강의력도 좋고 얻어가는건 꽤 있었던거같다,,,
1772325-057,https://everytime.kr/lecture/view/1772325,1772325,소프트웨어공학개론,이은석,22년 2학기 수강자,1,강의는 올려주신거 잘 듣기만 하면 쉬워요 팀 프로젝트는 인원 중 절반은 없는 사람이라 생각하시면 돼요 만약 여러분이 잘 하신다면 괜히 열심히 하지 마시고 다른 과목 학점 잘 받으세요,,,
1772325-058,https://everytime.kr/lecture/view/1772325,1772325,소프트웨어공학개론,이은석,22년 2학기 수강자,3,기대한 바가 없어서 그런지 생각보다는 유하게 한학기 넘어간 느낌.. Q&A는 너무 귀찮았지만 팀프로젝트나 과제 규모가 이전 학기보다는 많이 유해진 것 같다.,,,
1772325-059,https://everytime.kr/lecture/view/1772325,1772325,소프트웨어공학개론,이은석,22년 1학기 수강자,1,"매주 과제 : 강의 듣기 + 강의 듣고 QnA sheet 채워가서 수업시간에 발표(토론 느낌) 보고서 : 명세서 2장, 각각 50~60 페이지 정도 나옴 시험 : 중간 기말 모두 봄 프로젝트 : 학기 내내 진행하는 개발 프로젝트 하나 있음 교수님께서 가르쳐주시는 내용이 중요한 내용이고, 솔직히 들으면서 재미있는 부분도 있었고 도움되는 부분도 있었습니다. 심지어 교수님 강의력도 진짜 좋으십니다. 머리에 쏙쏙 박혀요. 근데 학기 중에 진행하는 내용이 너무 많아요 그냥 많은 정도도 아니고 너무 많습니다. 한 과목이 이 정도로 학생들에게 요구하는 내용이 많으면 자동적으로 다른 과목들에 투자하는 시간도 줄어들고 그냥 모든 과목 학점이 박살납니다. 교수님께서 학생들을 진짜로 좋아하시고 생각해주시는게 수업시간 내내 느껴지고, 학생들에게 이런 저런 경험 시켜주고 싶어하시는 것도 알겠는데, 학생들은 본인 학점과 연관되서 맘편히 포기하지도 못해서 죽어납니다. 솔직히 탈주할만한 양이고, 팀원분들이 탈주했어도 전혀 원망하지 않았을 것 같습니다. 그런데 저희는 팀원분들 모두 참여 잘해서 그나마 좋은 결과 얻은 것 같습니다. 시험은 어차피 매주 QnA 시트 작성하면서 복습이 되서 하루 전에 외울 부분 외우고 했더니 둘 다 평균보다 훨 높게 나왔습니다. 시험도 그렇게 어렵지는 않지만 밑의 강의평처럼 보기 8개 중 옳은 것 모두 고르기 이런식으로 나와서 깡암기 해야합니다. 내용이 어렵지 않아서 성대 학생분들이라면 투자한 시간만큼 점수 얻어가실 것 같습니다. 팀플 비중이 큰 것 같고, 시험도 중요해서 모두 챙기셔야 합니다. 저는 이 과목 C+ 맞는 한이 있더라도 적당히 팀플만 기여하고 다른 과목에 집중하는 걸 추천합니다. 사실 다른 교수님 수업 듣는게 베스트.",,,
1772325-060,https://everytime.kr/lecture/view/1772325,1772325,소프트웨어공학개론,이은석,21년 2학기 수강자,3,"내용은 아주 중요한 내용이라고 생각하나, 프로젝트가 매우 큰 비중을 차지하다보니 이론에 집중하기 힘들었습니다. 이론과 프로젝트가 나뉘면 어떨까 하는 생각이 들었습니다.",,,
1772325-061,https://everytime.kr/lecture/view/1772325,1772325,소프트웨어공학개론,이은석,21년 2학기 수강자,3,소문보다는 들을만 했음 피피티 페이지 수가 많아서 그렇지 잘 들어보면 다 비슷한 얘기들이라 내용이 방대하지 않고 상식적인 내용들임 매주 qna시트가 있었으나 내용을 확인하는진 의문임 실시간 수업에선 매번 부르는 사람만 계속 호명함 팀을 잘 만나서그런지 각자 자기 몫만 제대로 하면 큰 무리는 없는 듯 그치만 vrchat은 선 세게 넘음 이거 또 한다고 하면 무조건 도망치길,,,
1772325-062,https://everytime.kr/lecture/view/1772325,1772325,소프트웨어공학개론,이은석,21년 2학기 수강자,1,저는 혼자 뭐좀 해보겠다고 아득바득 대다가 참여 안하는 조원 두명한테 당신들만 바쁜거 아니라고 한소리 했는데 그 두명이 조원평가에서 제 등에 칼꼽아서 할건 다하고 성적은 개차반으로 나왔습니다 뭐 배우고 얻어가는 과목 아니니까 저처럼 스트레스 받고 다른 과목들 성적 까먹으면서 여기에 시간 노력 쓰지 마시고 전필이니까 그냥 넘기기만 하면 된다는거 인지 하시고 없는 과목이다 생각 하시면서 그냥 던지세요 뭐 하려고 하는놈이 지는 과목입니다 팀원 두명 이름 기억하고 있습니다..,,,
1772325-063,https://everytime.kr/lecture/view/1772325,1772325,소프트웨어공학개론,이은석,21년 2학기 수강자,3,"솔직히 말해서 주제 자체가 생소해서 지금까지 배운걸 써먹기는 어려운데, 구현을 해야함 그렇다고 막 어렵지 않았고, 만들기하는 느낌으로 조금씩 하면 완성함 시험은 하루전 공부시작해서 둘 다 평균넘음. 어렵진 않고 내용을 전체적으로 이해하고 있으면 풀리는 문제들이 많음 일단 중요한건 암기가 베이스라 공부 시작자체가 싫음 제안서는 그냥 기존에 있던 것들 보고 내용만 채우면 점수 주는 듯",,,
1772325-064,https://everytime.kr/lecture/view/1772325,1772325,소프트웨어공학개론,이은석,21년 2학기 수강자,1,학점미화 멈춰ㅡㅡ 다음학기도 Vrchat쓴다고 하시면 빠르게 도망가시길. 뭐 남는게 없음.,,,
1772325-065,https://everytime.kr/lecture/view/1772325,1772325,소프트웨어공학개론,이은석,21년 2학기 수강자,5,"시험에서 많이 갈린다는 말을 들었지만, 생각보단(?) 팀플도 중요한듯... 시험이 그렇다해서 안중요하다는건 아님.. 근데 되게 감을 못잡음.. 중간은 완전 지엽적으로 나왓다가, 기말에는 약간 핵심 개념들만 물어보는 정도..? 팀플은 뭐 다들었다싶이 후.. 쉽지 않다...",,,
1772325-066,https://everytime.kr/lecture/view/1772325,1772325,소프트웨어공학개론,이은석,21년 2학기 수강자,3,딱히 얻어가는 게 없는 것 같았습니다. 내용은 중요한 내용들 같긴한데 글쎄...,,,
1772325-067,https://everytime.kr/lecture/view/1772325,1772325,소프트웨어공학개론,이은석,21년 2학기 수강자,1,학점 미화 됐는데도 너무 싫습니다. 고생이란 고생은 다하고 얻는거도 없고 망할 vrchat,,,
1772325-068,https://everytime.kr/lecture/view/1772325,1772325,소프트웨어공학개론,이은석,21년 2학기 수강자,5,"한줄평: 구현 with 봉알챗 feat. 메타버스라서 트롤일줄 알았는데 A+ 폭격에 시간도 많이 안잡아먹었음. 이번학기부터 구현이 생겼고, 좀 뜬금없지만 봉알챗으로 월드 구현하는 거였음. 명세서 작성은 팀원들끼리 분담해서 하니 할만 했고, 구현도 VRChat 월드 제작 튜토리얼 영상 보면서하면 그냥 디자인만 다르지 복붙 수준에 그친다는 것을 깨닫을 수 있음. 월드 구현할 때 무료 에셋 공유된 거 잘 찾아서 아낌없이 복붙해서 팍팍 넣으면 평가 잘 받을 수 있는듯. 족보있으면 확실히 중간, 기말에서 몇 문제 남들보다 더 챙겨갈 수 있는 것 같고, 중간고사 평균에 비해 +4~5점 가량 맞고 (23점 만점) A+ 나옴 (기말은 점수 공개가 안돼서 모름). 팀플이라 아는 사람들이랑 같이 수강하는게 좋고, 앞으로도 봉알챗으로 구현이 플젝이라면 시간아끼고 학점따기엔 매우 좋은 과목일듯.",,,
1772325-069,https://everytime.kr/lecture/view/1772325,1772325,소프트웨어공학개론,이은석,21년 2학기 수강자,1,"학점은... 생각보다 잘 주신것 같지만 vrchat한다고 정신놓은거 생각하면 미화는 안됨 그래 뭐 플젝은 학기마다 다를 수 있다 쳐... 근데 시험이랑 과제, 실시간에서까지 질의응답하는건 너무 할게 많아서 극혐 다른 교수님 수업이 얼마나 좋을진 모르겠지만 잘 골라서 들어보시게나.. 전공필수 ㅋㅋ",,,
1772325-070,https://everytime.kr/lecture/view/1772325,1772325,소프트웨어공학개론,이은석,21년 2학기 수강자,3,"쌩 암기 과목. 킹타버스 뽕알쳇. 뱃사공 도합 7명, 산으로 안갈수없는 팀플. 구현과는 젠젠 무관한(?) 명세서 두개. 시험 두번 롸끈. 매주 QA shit. 근데 롹점 미화... 돔황챠",,,
1772325-071,https://everytime.kr/lecture/view/1772325,1772325,소프트웨어공학개론,이은석,21년 2학기 수강자,1,"1. 수업 내용 자체는 좋음. 확실히 필수느낌. 근데 다른 분께 들어도 됨. 2. 개발 생김, 온라인 개발 7명이라는데 사람 수가 오히려 안 좋다 느낌. 3. VRCHAT 위에 개발하는 게 대체 누구에게 도움이 되는 거지? 차라리 자유롭게 개발했다면 포트폴리오 한줄이라도 되었을텐데, 다신 쳐다도 보지 않을 짓을 함. 4. 명세서 작성을 과제로 내지만, 정작 수업은 나중에 들어서 순서가 매우 이상함. 5. 7명이서 팀플을 하면, 아무리 좋은 사람들이라도 시간 맞추는 것부터 일임. 그리고 일의 분배와 소통도 매우 어렵기 마련. 6. 중간고사는 매우 어렵고 시험범위를 벗어났었음. 물론 그 문항은 삭제해줌. 기말고사는 매우 쉽고 문항도 적었음. 7. 과제를 총 정리해주자면, 매주 수업 미리 듣고 팀과 함께 작성해야 하는 QA 시트 + 명세서 2개(100장 넘음) + 개발(결국 시험기간에 하게 되며, 종강다운 종강은 삭제됨) + 발표영상(발표자료 만들어서 녹화해야 함) + 시연(조교님, 교수님께 직접 시연해야 함.) 임. 여기에 중간고사와 기말고사를 버무리면 환상적임. 8. 수업 미리 듣고 가도, 수업 시간이 알찬 느낌은 절대 아님. 발표 몇 번하기도 했는데, 솔직히 도움은 안됨. 요약: 내용 자체는 좋고 현업에도 분명 도움이 될 것. 다만, 이렇게 운영해서 학생들에게 남는 것이 뭔지 의아함. 고생해도 남는 게 있다면, 다들 이렇게 악명 높게 부르진 않을 것임. 분명 개선한다면 보다 나은 수업이 될 수 있다고 생각함.",,,
1772325-072,https://everytime.kr/lecture/view/1772325,1772325,소프트웨어공학개론,이은석,21년 2학기 수강자,3,학점은 잘 받았지만 메타버스 프로젝트는 ㄹㅈㄷ다!! 다른 교수님 수업으로 돔황챠!!,,,
1772325-073,https://everytime.kr/lecture/view/1772325,1772325,소프트웨어공학개론,이은석,21년 2학기 수강자,5,"수업에 대한 고민을 하지도 하려고도 않는, 스승으로서 적합하지도 해서도 안되는 교수의 전형적인 예",,,
1772325-074,https://everytime.kr/lecture/view/1772325,1772325,소프트웨어공학개론,이은석,21년 2학기 수강자,1,슉. 슈슉 메. 메타버스 슈슉. 슉 슉메. 메타버스. 슉. 메타. 슈슉 슉. 버스. 메타. 슉 버스 슈슉. 메타. 버스 슉. 슈슉 슉. 슉 메. 메타버. 스슉 슈슉 슉. 메타버스. 슉슉. 슈슉 메. 메타버스 슈슉. 슉 슉메. 메타버스. 슉. 메타. 슈슉 슉. 브이알. 챗. 슉 멈춰 슈슉. XX.,,,
1772325-075,https://everytime.kr/lecture/view/1772325,1772325,소프트웨어공학개론,이은석,21년 2학기 수강자,1,아...... ..... .... ..,,,
1772325-076,https://everytime.kr/lecture/view/1772325,1772325,소프트웨어공학개론,이은석,21년 2학기 수강자,2,15컴공인데 이거 들으면 졸업작품 면제해줘야 된다 진심으로,,,
1772325-077,https://everytime.kr/lecture/view/1772325,1772325,소프트웨어공학개론,이은석,21년 2학기 수강자,1,진짜 무례한 말인건 아는데 교수님 꿀밤 한대만요. 네? 제발.,,,
1772325-078,https://everytime.kr/lecture/view/1772325,1772325,소프트웨어공학개론,이은석,21년 2학기 수강자,1,메타버스는 찻잔 속의 태풍인줄 알았습니다. 근데 그 찻잔을 제가 들고 있었네요.,,,
1772325-079,https://everytime.kr/lecture/view/1772325,1772325,소프트웨어공학개론,이은석,21년 2학기 수강자,1,"전공임에도 불구하고 앙트레마냥 교안에 짜임새X 단어혼용 심함. 시험은 통암기+지엽적 ""뭐 내용이 내용이니.... 시험 비중 적고 플젝 위주인가보네 ㅎㅎ"" - 팀플. 중간 : 기말 : 플젝 = 1 : 1 : 1. 기말고사랑 플젝 제출이 겹치니 터질 가능성 농후 ""에이, 학점은 잘주겠지 그래도~"" - 다른 학기 강의평 참조 ㅋ ""안들으면 되지 ㅋㅋ"" -전필임. 너가 선택한 성균관대 소프트웨어학과다. 악으로, 깡으로 버텨라.",,,
1772325-080,https://everytime.kr/lecture/view/1772325,1772325,소프트웨어공학개론,이은석,21년 2학기 수강자,1,응~ 안해~ 응~ 졸업필수야~ 응~ 유니티 깔아~ 응~ 우린 이미 뒤졌어~ 응~ 씨발!,,,
1772325-081,https://everytime.kr/lecture/view/1772325,1772325,소프트웨어공학개론,이은석,21년 2학기 수강자,1,진짜 말이 필요없다.. 메타버스한다고 VRChat은 무슨 생각인지.. 차라리 로블록스나 마인크래프트를 시키던지 ㅋㅋㅋ 시험도 이상하고 ㅎ..,,,
1772325-082,https://everytime.kr/lecture/view/1772325,1772325,소프트웨어공학개론,이은석,21년 1학기 수강자,5,"과 선배가 졸업하고 회사오니 제일 많이 생각났던, 도움된 수업이래서 들었는데 악명높은거에 비해선 무난했음. 불평 불만 가득한 애들은 다 C 받은 애들인듯 ㅋㅋㅋㅋㅋㅋ",,,
1772325-083,https://everytime.kr/lecture/view/1772325,1772325,소프트웨어공학개론,이은석,21년 1학기 수강자,3,A를 받고 학점 미화. 만약 낮은 학점을 받았다면 그닥 좋지 않은 수업이었을듯. 그래도 어쩌겠음 전공핵심인데 ㅜ 그래도 소프트웨어공학은 개발자로서 필수 지식이니 다들 화이팅합시다!,,,
1772325-084,https://everytime.kr/lecture/view/1772325,1772325,소프트웨어공학개론,이은석,21년 1학기 수강자,1,"이 좋은 과목을 가지고 이렇게까지 멸망시킬수 있는지 알 수 있는 수업 이 수업이 좋다고 생각하면 수업이 좋은게 아니라 다루는 과목이 좋은 것임. 그 어떤 수업도 이렇게 진행하면 안됨 전공 필수 주제에 1학기에 수업 1개만 열리고 시험, 과제, 팀프로젝트 성적 배점까지 학생을 착즙하는 방향으로 구성되어 있음. 남는거? 당연히 있지 그렇게까지 빡세게 시키는데. 하지만 이렇게까지 ""전공 필수""라는 탈을 쓰고 학생을 착취하는 것은 난 매우 혐오스럽게 본다. 1학기에 본 수업 2학기 수강신청 할 때 평가하는데 이 수업에 대한 역겨움은 일말도 희석되지 않았다. 두줄평 : 성균관대학교 소프트웨어학과 졸업생의 전공생의 평점을 깎아먹는 필수 과목. 타 학교로 닷지 할 수 있으면 해라",,,
1772325-085,https://everytime.kr/lecture/view/1772325,1772325,소프트웨어공학개론,이은석,21년 1학기 수강자,5,이번학기 들었던 과목중에 가장 도움되는 과목이었고 실제 면접볼때나 프로젝트할때 적용할 수 있는 내용이 많았어요! 시험은 세세하게 나오지만 qa시트 위주로 개념 익히면 쓸 수 있고 과제도 팀원들끼리 분배잘하면 엄청 부담스럽지는 않습니다. 매주 수업때 질문하는 것이 조금 무서운데 그것도 한번해보면 또 그냥 하게 되더라구요 모른다고 답변해도 그냥 넘어가셔서 틀린답 답변할까 걱정하지 않으셔도 될거같아요,,,
1772325-086,https://everytime.kr/lecture/view/1772325,1772325,소프트웨어공학개론,이은석,21년 1학기 수강자,1,수업 내용 자체는 굉장히 좋다고 생각됩니다. 나중에 개발을 하거나 감독할 때 항상 팀단위로 하게 될 텐데 많은 개발 방식을 배울 수 있습니다. 근데 팀플이랑 매주 작성해야 하는 QA시트때문에 시간은 또 겁내 잡아먹어요... 오프땐 진짜 들으면 큰일날거같고 C+나왔긴 한데 재수강은 안할겁니다. A 나온 과목보다 얘에 시간을 배로 투자했는데...,,,
1772325-087,https://everytime.kr/lecture/view/1772325,1772325,소프트웨어공학개론,이은석,21년 1학기 수강자,3,프로젝트는 코로나학기라 생각보다 할만함. 매주 qa시트는 좀 귀찮은 수준. 근데 시험이 개 지엽적임. ex) tf문제에서 6줄 중에 한 단어 틀리면 그거 틀린 이유 적고 false 적어야함. 부분점수 없음 ㅋㅋ 시험만큼은 날먹 불가 난이도 ㅆㅆㅆㅆㅆㅅㅌㅊ,,,
1772325-088,https://everytime.kr/lecture/view/1772325,1772325,소프트웨어공학개론,이은석,21년 1학기 수강자,1,"소프트웨어공학개론이라는 수업 내용 자체는 유익한 수업이라고 생각함. 하지만 매주 강의를 미리 듣고 Q/A시트를 작성하여 실시간 강의때 질의를 해야한다는점과 코시국 온라인이라 그랬는지 개발은 사라졌지만 팀 프로젝트는 존재했음. + 중간고사, 기말고사 두개 다 봄 개발이 없이 문서작성 프로젝트만 한 팀플이었음에도 3학점이라고 절대 느껴지지 않음. 그리고 컴공/솦 게시판에 올린 보닌인데 전체성적 78명중 46등 C+ 차라리 그냥 P/F 형식으로 산학처럼 방학중이나 직접 시켜보면서 따로 처리시키는게 좋을거같음",,,
1772325-089,https://everytime.kr/lecture/view/1772325,1772325,소프트웨어공학개론,이은석,21년 1학기 수강자,1,이게 전공핵심이어야만 했을까요 전공핵심들은 욕하면서 하지만 하다보면 재미는 있던데 그 중에 유일하게 재미도 없는 과목이 아닐까 해요,,,
1772325-090,https://everytime.kr/lecture/view/1772325,1772325,소프트웨어공학개론,이은석,21년 1학기 수강자,2,"소프트웨어 전공의 최종보스라 부를 수 있는 과목이지만, 코로나 학기라 그런지 너프먹긴 했음 일단 악명높은 팀플이 있음. 하지만 프로젝트 구현(코딩)을 안해도 되니 확실히 부담이 이전에 비해 줄긴 했음. 물론 문서작업은 여전한게 함정. 뭐 알려주는 것도 별로 없으면서 문서는 뭔 합쳐서 200페이지 쓴 것 같네요.. 만약 팀이 노답이면 정말 지옥을 경험할 수 있음. 거의 매주 실시간 수업을 하는데, 교수님이 날카롭고 돌발적인 질문을 많이 하신다. 그리고 시키는 사람만 계속 시켰음(특히 고학번들).. 실시간 수업 너무 싫었다. 걍 조원끼리 토론하면 안되나.. Q/A 시트도 매주 제출해야 한다. 은근히 귀찮음. 근데 이러면서 중간 기말 2번 다보는게 함정. 문제가 참 지엽적이라 운빨ㅈ망겜의 느낌이 났다. 시험 문제는 주로 수업 ppt에서 나오는 개념에 대해 설명하는 글을 주고 그게 틀린지 맞는지 적어야함. 또 틀리면 이유를 모두 적어야함. 학점은 잘 주는지 모르겠음. A+ 받았긴 한데 미화는 안되네요.. 근데 어떤분 상위 60% 안쪽인데 C+ 나왔다는건 도대체.. 절대적인 점수 차이가 크게 난건가..? 소공개는 정말 가장 듣기 싫었던 과목중 하나였으나 코로나 학기라 부담을 줄여주긴 했으므로 2점 주겠습니다^^ 오프라인이면 얼마나 지옥일지 상상이 안가는군요..",,,
1772325-091,https://everytime.kr/lecture/view/1772325,1772325,소프트웨어공학개론,이은석,21년 1학기 수강자,4,다른학기에 비해 굉장히 편하게 한것 같아요 구현이 없고 문서작성도 팀플로 나눠서 해서 할만 했습니다 다만 얻어가는거는 별로 없다고 느껴지고 왜 전공핵심인지는 아직 잘 모르겠습니다. 실무경험을 하면 생각이 달라질수도..? 학점은 평범하게 주신것 같습니다 시험은 아주 많이 외워야하는데 저는 그냥 어차치 다 못외울거 같아서 목요일 오후부터 밤새서 외워갔더니 쳥균은 넘겼습니다 코로나 때 꼭 들어야하는 과목! 오프라인때 들으면 힘들었을듯,,,
1772325-092,https://everytime.kr/lecture/view/1772325,1772325,소프트웨어공학개론,이은석,21년 1학기 수강자,1,이번학기는 구현이 없어서 되게겁을먹고 수업들은것에 비해 별로 힘들지않았습니다. 그래서 점수가되게 촘촘한거같고 학점은 또 짜게주십니다.. 거짓말안하고 등수 60프로했는데 C쁠 나왔습니다..,,,
1772325-093,https://everytime.kr/lecture/view/1772325,1772325,소프트웨어공학개론,이은석,21년 1학기 수강자,5,"워낙 악명이 높아서 듣기 전에 많이 걱정했는데 코로나학기라 그런지 괜찮았습니다. 60장 정도의 문서 4개 작성, 매주 Q&A 시트 작성하면 되는데 팀플이었고 구현이 빠져서 괜찮았습니다. 조원들끼리 나눠서 쓰면 됩니다.. 다행히 저희 조에 트롤은 없었습니다 중간/기말은 지엽적이고 제시된 문단의 모든 문장의 참거짓을 파악할 수 있을 정도로 자세히 알아야 합니다. 양이 많아서 공부하기 힘들었네요ㅜ 그래도 열심히 한 만큼 성적은 잘 나왔습니다. 어차피 전핵이라 반드시 들어야하니 마음 굳게 먹고 들으면 나름 버틸만 합니다",,,
1772325-094,https://everytime.kr/lecture/view/1772325,1772325,소프트웨어공학개론,이은석,21년 1학기 수강자,1,공부할 거는 겁나게 많은데 학점은 짜게 주십니다. 전공핵심 아니었으면 안 들었을 과목,,,
1772325-095,https://everytime.kr/lecture/view/1772325,1772325,소프트웨어공학개론,이은석,21년 1학기 수강자,3,점수는 잘주는 편 과제는 옛날처럼 구현이 없어서 상대적으로 부담없다. 시험은 되게 세세하게 외워야함,,,
1772325-096,https://everytime.kr/lecture/view/1772325,1772325,소프트웨어공학개론,이은석,21년 1학기 수강자,4,그 빡세다는 보고서는 팀플로 나눠 작성해서 크으게 부담은 없었고.. 구현도 없었고.. 대신 중기말 문제가 매우 지엽적이었던거 같음.. 별 기대 없었어서 삐플로 만족합니다..,,,
1772325-097,https://everytime.kr/lecture/view/1772325,1772325,소프트웨어공학개론,이은석,21년 1학기 수강자,4,이번 학기에는 온라인이었고 / 조별과제 있었고 / 개발은 안 하고 프로젝트 문서만 작성함. 빡세니 뭐니 너무 겁먹을 필요 없을 것 같다. 무난한 조원들만 걸리면 일 다 나눠서 하니까 그렇게 큰 부담 없었던 것 같음.,,,
1772325-098,https://everytime.kr/lecture/view/1772325,1772325,소프트웨어공학개론,이은석,21년 1학기 수강자,5,시키는 것 많고 시험도 지엽이고 조별과제도 있었지만 마지막 학점으로 모든게 뿌듯해보이는 과목,,,
1772325-099,https://everytime.kr/lecture/view/1772325,1772325,소프트웨어공학개론,이은석,20년 2학기 수강자,5,코로나학기로 그나마 꿀빤 과목!!시험은 굉장히 헷갈게 나오는데 주로 정답이 다 X인것 같고 이유를 잘 설명해야하는것 같습니다,,,
1772325-100,https://everytime.kr/lecture/view/1772325,1772325,소프트웨어공학개론,이은석,20년 2학기 수강자,5,코로나 학기라 그런가 높은 악명에 비해 스무스하게 A+ 획득 그냥 수업 열심히 듣고 QA 꾸준히하니까 시험도 칠만했고 리포트는 하루 죽었다 생각하고 밤새서 그림만 열심히 만들면 가능,,,
2377022-001,https://everytime.kr/lecture/view/2377022,2377022,소프트웨어공학개론,차수영,26년 1학기 수강자,5,소프트웨어 개발에 관한 전반적인 지식을 배울 수 있습니다. 교수님께서 연구하신 서치 휴리스틱을 직접 교안에 첨부하고 가르치시는데 대단한 교수님의 수업을 듣고 있구나 싶었네요.,,,
2377022-002,https://everytime.kr/lecture/view/2377022,2377022,소프트웨어공학개론,차수영,26년 1학기 수강자,3,사실 수업 내용 자체는 흥미롭고 재밌어요. 다만 AI 누가누가 더 잘쓰나 대결하는 과제들과 의미 없는 팀플이 스트레스 주범입니다. 교수님 강의력이 좋지는 않습니다. 영어라 발음도 이해하기 어려운게 많고 교안을 읽는게 대부분입니다.,,,
2377022-003,https://everytime.kr/lecture/view/2377022,2377022,소프트웨어공학개론,차수영,26년 1학기 수강자,5,온라인이라서 좋습니다 다만 과목 특성상 팀플을 많이하는데 생각보다 시간이 많이 드는거 같아요 성적은 아직 안나와서 모르겠지만 너그러우신 편이라고 했던것 같습니다.,,,
2377022-004,https://everytime.kr/lecture/view/2377022,2377022,소프트웨어공학개론,차수영,26년 1학기 수강자,4,중간고사 외울게 너무 많아요... 교안도 있지만 교재도 보라고 하십니다. 그리고 시험 문제는 교안에서만 나오는지 않고 교수님 말씀하신 부분에서도 나오기에 강의도 들어야 됩니다. 과제 같은 경우 다 AI 쓰는 것 같아요. 팀플도 있어요... 그래도 성적은 잘 주시는걸로 유명하세요.,,,
2377022-005,https://everytime.kr/lecture/view/2377022,2377022,소프트웨어공학개론,차수영,26년 1학기 수강자,5,외웁니다. 외울 게 많습니다. 소프트웨어공학의 기초적인 지식에 대해 배웁니다. 개발 방법론과 그 관련된 요소들에 대해 배웁니다.,,,
2377022-006,https://everytime.kr/lecture/view/2377022,2377022,소프트웨어공학개론,차수영,26년 1학기 수강자,5,"팀플에 시간을 많이 쓰셔야 하고, 중간고사는 강의 + 교안암기 위주 입니다.",,,
2377022-007,https://everytime.kr/lecture/view/2377022,2377022,소프트웨어공학개론,차수영,26년 1학기 수강자,3,"중간기말, 과제, 팀플 있습니다. 암기기 빡셉니다 ㅠ",,,
2377022-008,https://everytime.kr/lecture/view/2377022,2377022,소프트웨어공학개론,차수영,25년 2학기 수강자,4,팀플은 나쁘지 않았습니다 다만 중간 기말이 좀 지엽적이네여,,,
2377022-009,https://everytime.kr/lecture/view/2377022,2377022,소프트웨어공학개론,차수영,25년 2학기 수강자,4,팀플은 생각보다 별로 할 건 없음 구현이 빠져서 그런가 근데 중간고사 암기가 너무 빡셈,,,
2377022-010,https://everytime.kr/lecture/view/2377022,2377022,소프트웨어공학개론,차수영,25년 2학기 수강자,3,아시다시피 팀플이 문제. 팀플도 온라인으로 하다보니 조원들 잘 만나서 소통 잘되는게 중요. 직접 구현은 안해도 되지만 그래도 문서작업이나 발표 등 할께 많음. 전공핵심 필수라 들었지만 안들어도 되면 굳이 안해도 됨. 시험은 암기가 많음. 부분점수 크게 없어서 평균이 낮았음. 거기에 개인과제도 2개정도 있어서 생각보다 이래저래 할께 많은 과목.,,,
2377022-011,https://everytime.kr/lecture/view/2377022,2377022,소프트웨어공학개론,차수영,25년 2학기 수강자,3,시험이 지엽적입니다. 중간은 그냥 거의 다 외워야하는 거라 다 끝나면 머리에 남는 게 없네요.,,,
2377022-012,https://everytime.kr/lecture/view/2377022,2377022,소프트웨어공학개론,차수영,26년 1학기 수강자,3,무난한 수업 근데 수업이 너무 재미가 없음 중간고사 범위까지는 그냥 암기가 필요해 보이는 내용들,,,
2377022-013,https://everytime.kr/lecture/view/2377022,2377022,소프트웨어공학개론,차수영,26년 1학기 수강자,4,"팀플 뺴고는 온라인이라 무난하다. 딱히 단점은 없는데, 과목자체가 노잼이라 듣기가 힘들다.",,,
2377022-014,https://everytime.kr/lecture/view/2377022,2377022,소프트웨어공학개론,차수영,24년 1학기 수강자,4,소프트웨어 개발을 하다보면 듣는 방법론 용어들에 대해 배울 수 있는 과목입니다. 수업 내용 자체는 유용했고 시험은 통암기해야합니다,,,
2377022-015,https://everytime.kr/lecture/view/2377022,2377022,소프트웨어공학개론,차수영,24년 1학기 수강자,4,그냥 무난했던 강의 다른 교수님들 강의를 들어본건 아니지만 이 정도면 만족하고 들을만했음.,,,
2377022-016,https://everytime.kr/lecture/view/2377022,2377022,소프트웨어공학개론,차수영,25년 2학기 수강자,4,할것이 많지만 팀을 잘 만나면 할만해요. 다만 이것저것 괴로운게 많은 수업이긴 한듯,,,
2377022-017,https://everytime.kr/lecture/view/2377022,2377022,소프트웨어공학개론,차수영,25년 2학기 수강자,4,팀플 과제가 있는데 개인 과제도 2개 있어서 귀찮은 면이 있습니다. 두 과제 모두 별로지만 특히 첫 번째 과제가 너무 별로입니다. 지피티를 많이 쓰면 쓸 수록 좋은 점수를 받는다는 게 과제의 의도를 잘 모르겠습니다. 시험은 중간고사는 암기 시험이고 기말고사는 응용이 필요합니다. 이번 학기는 중간고사에 비해 기말고사가 어렵게 나왔던 것 같습니다.,,,
2377022-018,https://everytime.kr/lecture/view/2377022,2377022,소프트웨어공학개론,차수영,25년 2학기 수강자,3,"소프트웨어 개발 방법론, 커버리지 등 소프트웨어를 개발할 때, 신경쓰면 좋은 것들에 대해 알려주는 강의입니다. 개인과제 2개와 팀 과제로 나뉘며, 팀 과제는 한 학기동안, Proposal Presenation, SRS Document, Final Presentation으로 이루어져 있으며 팀별로 주제를 선정하고 프로젝트를 진행하는 것입니다. 실제 개발은 하지 않아도 됩니다. 개인과제는 주어진 프로그램의 Coverage를 올리는 것과, 주어진 프로그램의 Memory Deallocation 버그를 찾고 해당 버그를 고치는 리포트를 작성하는 2개의 과제가 있었습니다. 중간고사는 통암기로 그냥 교안의 모든 것을 외우면 됩니다. 기말고사는 활용으로 암기는 거의 의미가 없고 기법들을 사용하는 방법을 알아야 합니다. 다른 것은 다 좋았으나, 팀플이 스트레스를 많이 주었기에 3점으로 하겠습니다.",,,
2377022-019,https://everytime.kr/lecture/view/2377022,2377022,소프트웨어공학개론,차수영,25년 2학기 수강자,4,"소공개는 악명이 자자하니 일단 기본적으로 팀플 운이 굉장히 중요하다고 생각이 드는 과목이다. 팀플만 잘 걸리면 괜찮은데, 중간이 쌩암기과목이라 못하면 나락가는 경험해서 별로였다. 과제들은 AI전이라 얻어가는 건 그렇게 안 컸고, 중간 이후 내용들이 재밌었다고 생각이 든다. 기말고사는 개인적으로 재밌는 파트에서 문제를 내줘서 다행이라 생각한다. 그러나, 이 과목을 추천하지는 않을 것 같고, 다시 하기도 싫은 과목이다. 잘 마무리해서 다행이라 생각한다.",,,
2377022-020,https://everytime.kr/lecture/view/2377022,2377022,소프트웨어공학개론,차수영,25년 2학기 수강자,3,"조별과제에서 구현을 빼버렸지만, 데모 영상을 만들 만큼의 구현은 필요합니다. 다만 SRS 작성 등이 빡세서 그나마 숨통만 틔워준 느낌입니다 조별과제 이외에도 과제가 몇 개 나오는데 과목과 연관되어 있기는 하지만 그다지 뭘 배워간다는 느낌은 안 들었습니다. 시험은 지엽적인 걸 물어봐서 조정이 필요하다 싶었습니다. 수업 중에 메모리 버그 탐색 방법을 과도하게 자세히 다루던데 교수님이 연구하던 내용이더라고요. 소공개 중에 하나를 들어야 한다면 이 과목이 차악이라 생각하고 들어두면 실무에서 유용하긴 한데, 어차피 왠만한 IT 회사에서는 agile 정도는 알려줘서 스트레스받는 거에 비해 배워가는 게 큰 게 맞나 싶었습니다",,,
2377022-021,https://everytime.kr/lecture/view/2377022,2377022,소프트웨어공학개론,차수영,25년 2학기 수강자,1,이게 전공코어인 내 학번을 저주한다... 안 들을 수 있는 사람은 듣지 말길... 강의력 별로에 공부 방법도 모르겠고 시험문제는 억지고 과제는 최악임. 조별과제가 시간 많이 잡아먹으니까 막학기에 시간 많은 사람만 수강하시길,,,
2377022-022,https://everytime.kr/lecture/view/2377022,2377022,소프트웨어공학개론,차수영,25년 2학기 수강자,4,"한과목에 과제 2개, 팀플 1개, 중간 기말 시험 1번씩 있어서 너무 힘들었던 과목이었습니다... 사실상 과목 2개 듣는 셈... 그래서 너무 무리하게 듣진 않으셨으면 좋겠습니다. 온라인 강의인건 편했어요",,,
2377022-023,https://everytime.kr/lecture/view/2377022,2377022,소프트웨어공학개론,차수영,25년 2학기 수강자,3,"팀플은 소공개의 정체성이니 넘어감. 구현 안해도 되는건 좋음. 좀 어려워보이거나 신박한 기능 넣을거면 구현 가능하다는 것을 보이는건 필요함. 과제가 너무 의미 없음. 지피티 딸깍 하는 문제임. HW2는 그나마 나은데, HW1은 상대평가로 누가 더 많이 커버했느냐를 보기 때문에, 모두가 무한 딸깍을 함. HW1 하면서 현타 옴. 시험도 지엽적이고, 부분점수가 없음. 본인 생각보다 훨씬 낮은 점수를 볼 수 있는데, 평균을 보면 다들 그런 듯 함.",,,
2377022-024,https://everytime.kr/lecture/view/2377022,2377022,소프트웨어공학개론,차수영,25년 2학기 수강자,2,"교수님 영어 악센트가 별로라서 계속 듣고 있으면 영어 실력 감소하는 기분. 다른 소공개와 달리 구현이 필요 없다는 것이 장점이라지만, 상대적인 요소를 제외하면 별로였음. 팀플은 소공개 과목에 어울려서 괜찮았지만, HW1같은 쓰레기 과제를 왜 내주는지 의문이다. 모든 학생들이 챗지피티 돌리면서 더 높은 커버리지 찍는 구조였는데, 그냥 피파에서 싸구려 선수 엄청 산 다음에 몇카까지 가나 무제한 강화하는 기분이었음. 살면서 해본 과제 중에 제일 의미 없으면서도 스트레스만 주는 과제였음. 배우는 내용에 대해서도 썩 만족스럽지 못했다. 중간고사때까지 교과서 내용대로 배워서 무난했는데, 중간 이후부터 교과서에 없는 내용을 배워서 싫었음. SWE에 해당하긴 하지만 교과 범위를 넘어가는 파트를 다루는 것이 싫었음. (예를들어 saver의 동작 구조를 살펴보는 것) 그리고 시험이 너무 무식함. 구몬 풀고 채점하는 기분임. 왜 대학교에서 이런 무식한 시험을 쳐야 하는지 의문임. 제발 이 과목이 코어과목에서 빠졌으면 좋겠음.",,,
2377022-025,https://everytime.kr/lecture/view/2377022,2377022,소프트웨어공학개론,차수영,25년 2학기 수강자,4,시험만 좀 지엽적으로 안내면 좋은 강의인거같지만 그래도 3학점 치고는 할게 너무 많다,,,
2377022-026,https://everytime.kr/lecture/view/2377022,2377022,소프트웨어공학개론,차수영,25년 1학기 수강자,2,수업 내용 자체는 재미없고 교수님 강의력도 별로였슴. 과제 많아서 조심하세요,,,
2377022-027,https://everytime.kr/lecture/view/2377022,2377022,소프트웨어공학개론,차수영,25년 2학기 수강자,4,중간은 그냥 단순암기 기말은 문풀위주. 팀플이 있는데 구현은 안해도됨. 데모영상은 만들어야됨 그냥 어쩔수 없이 듣는 과목임,,,
2377022-028,https://everytime.kr/lecture/view/2377022,2377022,소프트웨어공학개론,차수영,25년 2학기 수강자,4,중간은 걍 통암기이고 기말은 두뇌싸움이다... 기말 암기 진짜 하나도 쓸데없다....,,,
2377022-029,https://everytime.kr/lecture/view/2377022,2377022,소프트웨어공학개론,차수영,25년 2학기 수강자,4,수업은 재밌었지만 과제나 팀플 등 할게 많았습니다. 중간은 암기 위주로 공부하고 기말은 응용 위주로 공부하면 성적 잘 나올 거 같습니다,,,
2377022-030,https://everytime.kr/lecture/view/2377022,2377022,소프트웨어공학개론,차수영,25년 2학기 수강자,4,팀플 진행하는 게 좀 귀찮긴 하지만 코딩하는 과제도 없고 상대적으로 부담이 적은 전공과목이라고 생각합니다. 선수과목도 딱히 없어요,,,
2377022-031,https://everytime.kr/lecture/view/2377022,2377022,소프트웨어공학개론,차수영,25년 2학기 수강자,4,할거 많음 그래도 조원들 잘 만나면 적당히 편하게 할 수 있음 중간고사는 통암기 해야됨 어차피 들어야되는거라면 차공개 나쁘지않은 선택,,,
2377022-032,https://everytime.kr/lecture/view/2377022,2377022,소프트웨어공학개론,차수영,25년 2학기 수강자,3,구현 안해도 되지만 그 외에도 할 게 너무 많은 과목이었습니다. 근데 어차피 들어야 하는거라 다 적당히 하면 괜찮은거 같습니다.,,,
2377022-033,https://everytime.kr/lecture/view/2377022,2377022,소프트웨어공학개론,차수영,25년 2학기 수강자,5,구현이 없어져서 프로젝트는 편했습니다. 중간고사는 전범위로 통암기 해야해요,,,
2377022-034,https://everytime.kr/lecture/view/2377022,2377022,소프트웨어공학개론,차수영,25년 2학기 수강자,3,중간고사는 통암기해야합니다. 팀플도 있고 개인 과제도 있어서 힘든 수업이긴 합니다.,,,
2377022-035,https://everytime.kr/lecture/view/2377022,2377022,소프트웨어공학개론,차수영,25년 2학기 수강자,5,구현이 없어져서 할만한데 중간고사 통암기네요,,,
2377022-036,https://everytime.kr/lecture/view/2377022,2377022,소프트웨어공학개론,차수영,25년 1학기 수강자,5,듣는데 어려움이 없는 수업이었습니다. 발표가 있습니다. 기말고사에는 치트시트 하나 허용해주십니다.,,,
2377022-037,https://everytime.kr/lecture/view/2377022,2377022,소프트웨어공학개론,차수영,25년 2학기 수강자,4,외울게 많아서 스트레스지만 그럭저럭 들으만함.,,,
2377022-038,https://everytime.kr/lecture/view/2377022,2377022,소프트웨어공학개론,차수영,25년 1학기 수강자,5,팀플 귀찮긴 하지만 구현 안 해서 부담 별로 없었음,,,
2377022-039,https://everytime.kr/lecture/view/2377022,2377022,소프트웨어공학개론,차수영,25년 2학기 수강자,4,소프트웨어공학개론 지엽적이고 이런걸 왜 배워야 하너 싶지만 전필이니까,,,
2377022-040,https://everytime.kr/lecture/view/2377022,2377022,소프트웨어공학개론,차수영,25년 2학기 수강자,4,확실히 온라인이라 편하긴 한듯 조별 하기 싫어도 필수인데 해야죠 뭐..,,,
2377022-041,https://everytime.kr/lecture/view/2377022,2377022,소프트웨어공학개론,차수영,25년 2학기 수강자,4,구현 없는건 좋지만 그래도 팀플은 팀플이다… 머리로는 왜 전공코어인지는 알겠는데 그럼에도 불구하고 왜 전공코어일까 라는 생각이 드는 과목…,,,
2377022-042,https://everytime.kr/lecture/view/2377022,2377022,소프트웨어공학개론,차수영,25년 2학기 수강자,5,일단 완전 온라인 강의에서 이점이 있고 팀플에서 구현을 안해서 부담이 훨씬 줄어들었음,,,
2377022-043,https://everytime.kr/lecture/view/2377022,2377022,소프트웨어공학개론,차수영,25년 2학기 수강자,5,한 번 배워두면 장기적으로 봤을 때 도움이 되는 과목이라고 생각합니다.,,,
2377022-044,https://everytime.kr/lecture/view/2377022,2377022,소프트웨어공학개론,차수영,25년 2학기 수강자,5,"온라인, 팀플 구현 X 이므로 생각보다 괜찮습니다.",,,
2377022-045,https://everytime.kr/lecture/view/2377022,2377022,소프트웨어공학개론,차수영,25년 2학기 수강자,5,그냥 온러인이라는것 만으로도 최고임 친구들 소공개 듣는거 보면 빡세던데 차공개는 팀플 구현도 안해도 되고 고트임!!,,,
2377022-046,https://everytime.kr/lecture/view/2377022,2377022,소프트웨어공학개론,차수영,25년 2학기 수강자,4,생각보다 구현 안해도돼서 팀플도 안빡세고 따로 뭐 할게 거의 없어서 편한 수업 같습니다 수업도 온라인이고..,,,
2377022-047,https://everytime.kr/lecture/view/2377022,2377022,소프트웨어공학개론,차수영,25년 1학기 수강자,2,할게 많고 쓸데 없는 과목.. 왜 전필이냐 이딴게,,,
2377022-048,https://everytime.kr/lecture/view/2377022,2377022,소프트웨어공학개론,차수영,25년 2학기 수강자,4,팀플이 빡센듯 안빡센듯...? 시험은 아직 안봐서 모르겠다,,,
2377022-049,https://everytime.kr/lecture/view/2377022,2377022,소프트웨어공학개론,차수영,25년 1학기 수강자,5,"이번학기부터 개발이 없어서 매우 편했습니다. 중간고사, 기말고사가 좀 빡센데 2~3회독 하는 걸 추천합니다. 그 외는 다 괜찮았어요 학점도 잘 주시는 편입니다",,,
2377022-050,https://everytime.kr/lecture/view/2377022,2377022,소프트웨어공학개론,차수영,24년 2학기 수강자,4,시험은 진짜 통암기입니다. 교안의 모든 내용을 외워가시고 시험장에서 쏟아내시면 됩니다.,,,
2377022-051,https://everytime.kr/lecture/view/2377022,2377022,소프트웨어공학개론,차수영,25년 1학기 수강자,4,"팀 프로젝트에서 직접 구현을 하지 않아서 이전보다는 부담이 준 것은 사실입니다. 하지만 시험 두 번 중 중간고사는 거의 모든 내용을 외워야 풀 수 있는 형식이었고, 과제 2번도 쉽게 끝나지는 않았던 것 같습니다. 소공개를 무조건 들으셔야 한다면 그나마 추천합니다.",,,
2377022-052,https://everytime.kr/lecture/view/2377022,2377022,소프트웨어공학개론,차수영,25년 1학기 수강자,3,"강의 내용은 크게 도움 안되는 것 같음 교수님이 강의를 괜찮게 하시는 것 같고 문제도 괜찮게 내시는듯 근데 가끔 핀트없는 문제가 한두개 있음 중간고사는 암기싸움, 기말고사는 지능싸움 느낌 팀플이 매우매우 많음 다른 헤비급 과목 두 개랑 같이들어서 집중을 못했더니 성적이 박살남",,,
2377022-053,https://everytime.kr/lecture/view/2377022,2377022,소프트웨어공학개론,차수영,25년 1학기 수강자,5,팀플 그정도로 힘든가? 모르겠음. 구현도 안하고 데모만 만들면 됨. 시험이 어렵냐? 외울게 많냐? 솔직히 그정도 아님 심지어 수업은 온라인임 근데? 전필 아니었으면 절대 안들을 수업,,,
2377022-054,https://everytime.kr/lecture/view/2377022,2377022,소프트웨어공학개론,차수영,25년 1학기 수강자,3,중간 : 왜 배우는지 모르겠는 내용 통암기 기말 : 그래도 이해를 할 수 있는 범주 팀플 : 🥲🥲 과제 : 😢,,,
2377022-055,https://everytime.kr/lecture/view/2377022,2377022,소프트웨어공학개론,차수영,25년 1학기 수강자,4,"팀플 joat 중간고사는 통암기라 쉽고, 기말은 약간 응용이지만 내용 자체는 흥미로웠어요 근데 팀원 그지같이 만나면 한 학기동안 팀플 과제 올라올 때마다 스트레스 받습니다 과제도 하나는 무지성 브랜치 늘리기고, 하나는 답도 안 알려주는 버그 찾아내기인데, 솔직히 그렇게 도움되는 과제는 아닌 것 같네요. 그래도 완전 구현 안 해도 되고, 온라인이라는 점에서 합격",,,
2377022-056,https://everytime.kr/lecture/view/2377022,2377022,소프트웨어공학개론,차수영,25년 1학기 수강자,4,"팀원만 잘 걸렸어도 좋았을 텐데, 팀플 때문에 한 학기 너무 고생하여 별 1개는 없앴습니다. 팀플은 사회 악입니다.",,,
2377022-057,https://everytime.kr/lecture/view/2377022,2377022,소프트웨어공학개론,차수영,25년 1학기 수강자,4,팀플은 조금 힘들었지만 내용은 생각보다 흥미로운것 같습니다,,,
2377022-058,https://everytime.kr/lecture/view/2377022,2377022,소프트웨어공학개론,차수영,25년 1학기 수강자,5,팀플 지옥이긴 해도 팀원만 잘 걸리면 모든게 좋은 수업,,,
2377022-059,https://everytime.kr/lecture/view/2377022,2377022,소프트웨어공학개론,차수영,25년 1학기 수강자,5,차공개는 실제 구현 없어서 확실히 편하긴해여 들을 숭 ㅣㅅ으면 차공개 들으세여,,,
2377022-060,https://everytime.kr/lecture/view/2377022,2377022,소프트웨어공학개론,차수영,25년 1학기 수강자,4,팀플 스트레스 받는것 빼고는 시험 과제 모두 무난한 과목인듯,,,
2377022-061,https://everytime.kr/lecture/view/2377022,2377022,소프트웨어공학개론,차수영,25년 1학기 수강자,5,시험은 외울게 많지만 이제 팀플 구현도 안해도 되고 부담이 줄어듦,,,
2377022-062,https://everytime.kr/lecture/view/2377022,2377022,소프트웨어공학개론,차수영,25년 1학기 수강자,4,시험 달달달 외워야 풀 수 있음 그래도 다른 전공 3학점 비교하면 부담 없는 편,,,
2377022-063,https://everytime.kr/lecture/view/2377022,2377022,소프트웨어공학개론,차수영,25년 1학기 수강자,4,시험은 암기인데 양이 상당했고 팀플은 최종 제출 자료가 데모영상이었습니다,,,
2377022-064,https://everytime.kr/lecture/view/2377022,2377022,소프트웨어공학개론,차수영,25년 1학기 수강자,4,팀플있는게 문제가 큽니다 저는 다행히 팀원분들이 잘 따라줘서 괜찮았지만 주변 팀들 보면 한둘씩 빌런이 껴있는 경우가 많았습니다..,,,
2377022-065,https://everytime.kr/lecture/view/2377022,2377022,소프트웨어공학개론,차수영,25년 1학기 수강자,4,중간범위 진짜 싹 암기여서 너무 힘들었습니다..,,,
2377022-066,https://everytime.kr/lecture/view/2377022,2377022,소프트웨어공학개론,차수영,25년 1학기 수강자,4,과제가 생각보다 많았지만 무난했고 시험은 좀 지엽적으로 나오는 편. 팀플 구현 안해도 돼서 좋음,,,
2377022-067,https://everytime.kr/lecture/view/2377022,2377022,소프트웨어공학개론,차수영,25년 1학기 수강자,4,설마 이런게 나오겠어? -> 나옴 이건 ㄹㅇ 안나온다 ㅋㅋ-> 나옴 이거 좀 중요해보이는데? -> 안나옴 강평이 이러니까 그냥 안중요하다고 생각하는거만 봐야지->미친놈 그래도 이번학기는 좀 덜지엽적이었고 정답개수도 알려줘서 편했음. 그래도 여전히 범위도많은데 달달암기식의 수업에 거부감이 느껴지긴 함. 그래도 어차피 들어야되는거라면 차공개가 나은듯 팀플도 실제로 구현할필요 없이 데모만 만들면됨.,,,
2377022-068,https://everytime.kr/lecture/view/2377022,2377022,소프트웨어공학개론,차수영,24년 2학기 수강자,2,힘든 수업입니다. 과제도 시험 범위도 너무 많아요,,,
2377022-069,https://everytime.kr/lecture/view/2377022,2377022,소프트웨어공학개론,차수영,24년 2학기 수강자,4,솔직히 교수님과 별개로 크게 의미 없는 강의라고 생각함,,,
2377022-070,https://everytime.kr/lecture/view/2377022,2377022,소프트웨어공학개론,차수영,24년 2학기 수강자,3,그냥 너무 힘들어요 시험 과제 팀플 발표.. 빡셈,,,
2377022-071,https://everytime.kr/lecture/view/2377022,2377022,소프트웨어공학개론,차수영,24년 2학기 수강자,3,팀플 팀원 잘 걸려야 해요 그렇지 않으면 본인이 모든걸 해야할 수도...,,,
2377022-072,https://everytime.kr/lecture/view/2377022,2377022,소프트웨어공학개론,차수영,24년 2학기 수강자,4,팀플이 진짜 쉽지않다.. 한 팀에서 두명 정도만 하는 느낌?,,,
2377022-073,https://everytime.kr/lecture/view/2377022,2377022,소프트웨어공학개론,차수영,24년 2학기 수강자,1,다른 분들은 시험이 중요하다고 하지만 팀플도 꽤 중요한 것 같습니다 과제랑 시험 모두 평균이나 평균이상이었지만 팀플을 날려서 학점 악랄하게 나왔습니다 선택이었다면 절대 안들었을 것 같습니다,,,
2377022-074,https://everytime.kr/lecture/view/2377022,2377022,소프트웨어공학개론,차수영,24년 2학기 수강자,5,"중간 다 외워가면 쉽고, 기말은 외우는것보단 이해하면 됨. 팀플은 솔직히 열심히만 해서 결과물만 나오면 되는것같음. 시작하자마자 팀원도 한명 탈주하고 외국인 팀원도 있고 백엔드 프론트엔드끼리 소통 잘 안되는 편이었는데 어찌저찌 결과물만 만드니 에이쁠. 과제는 어렵지 않음. 성적잘주시는듯",,,
2377022-075,https://everytime.kr/lecture/view/2377022,2377022,소프트웨어공학개론,차수영,24년 2학기 수강자,1,단연 소프트웨어학과를 다니면서 최악 중 최악입니다 ㅎㅎ 이번학기 잘 마무리 하신분들 정말 수고 많으셨습니다 공부를 하면 할수록 이거를 왜 해야하는지 의문이 계속 들텐데 참고하세요 . . . . 참고하라고 ㅋㅋ,,,
2377022-076,https://everytime.kr/lecture/view/2377022,2377022,소프트웨어공학개론,차수영,24년 2학기 수강자,4,"중간: 소프트웨어 개발 방법론 - 단순 암기 기말: 소프트웨어 테스팅 (교수님 연구 분야) - 이해와 활용 과목 특성상 다소 뜬구름 잡는 듯한 과목이고, 핵심이 팀플이라 학생들 사이에서는 악명이 높을 수밖에 없습니다. 그건 감안해야합니다. 솦에 존재하는 몇 안되는 팀플 과목 중 하나인데, 개인적인 소감으로는 7명의 팀원이 있지만, 2~3명은 연락두절, 1~2명이 독박쓰고, 남은 2~3명은 적당히 거드는 과목이라 보시면 됩니다. 시험이 워낙 지엽적이라고 악명 높았는데, 이번 학기에는 그래도 생각보다는 덜 지엽적인 걸보니 다소 피드백을 반영하시는 거 같습니다.",,,
2377022-077,https://everytime.kr/lecture/view/2377022,2377022,소프트웨어공학개론,차수영,24년 2학기 수강자,3,학점때문에 미화될뻔하다가 정신차리고 씁니다.. 사실 교수님의 문제가 아니라 소공개의 문제라 막 나쁜 평점을 드리긴 그런데.. 아무튼 그냥 별로에요 뭔가 이것저것 다 잡으려다가 아무것도 못잡는 그런 과목이 소공개라 생각합니다. 듣기로는 곧 소공개가 전핵에서 빠질수도 있다던데 그렇게 되는게 맞다는 생각을 강하게 하고 갑니다.,,,
2377022-078,https://everytime.kr/lecture/view/2377022,2377022,소프트웨어공학개론,차수영,24년 2학기 수강자,4,"그렇게 나쁘지는 않은 수업 같습니다. 팀플에 과제에 시험에 할 게 엄청 많긴 한데, 과제는 금방 끝나는 수준이라.. 물론 과제의 근본은 없긴 합니다. 근데 모두다 대충 하는 느낌이라 괜찮습니다. 팀플은 진짜 팀 운이 중요할 것 같습니다. 아무도 먼저 나서서 하지 않기 때문에 열심히 나서서 주도하는게 중요합니다. 시험 문제도 나쁘지 않았던 것 같고 학점도 나름 잘 주신 것 같습니다.",,,
2377022-079,https://everytime.kr/lecture/view/2377022,2377022,소프트웨어공학개론,차수영,24년 2학기 수강자,1,"내가 들은 강의중에 최고의 joat 수업 국제어 강의: 교안 읽는 수준. 판서 못 알아보겠음 팀플: 할 거 진짜진짜진짜 개많음. 난 팀원 잘 만나서 그나마 다행이었는데 (아니 그래도 개힘들었음 ㄹㅇ) 같이 듣는 친구는 팀원들땜에 고생 하는거보고 좀 많이 안쓰럽더라 과제 1: 의미 없는 무지성 브랜치 늘리기 (regex 쪽 공략하면 되는데 이게 진짜 무지성임) 과제 2: 정답 공개 안 함. 왜 틀린 지 모름. 과제 1에 비하면 매우 쉽지만 점수가 납득되지 않음. 그래도 나만 낮은게 아니라 그러려니 하고 그냥 안 찾아갔음. 중간: 무지성 암기. 진짜 재미 1도 없고 시험 난이도는 헬이었음. TF + 객관식 + 주관식 2문제 + 서술형 1문제 였는데, 이게 단어 하나 때문에 tf가 바뀌고, 이런게 너무 많아서 애매하게 공부하고 가면 침팬치가 찍은 수준의 점수를 받을 수 있음. 기말: 중간보단 나음. 기말 범위 중에 교수님 본인 논문 설명하시는데 그래서 이 논문의 motivation과 result는 알겠는데 methodology가 뭔지 명확히 모르겠음. 시험은 적당했는데 성적 나와봐야 알 듯. 나만 들을 수 없다 여러분들도 꼭 들어라",,,
2377022-080,https://everytime.kr/lecture/view/2377022,2377022,소프트웨어공학개론,차수영,24년 겨울 수강자,5,팀플이 많이 힙듭니다.... 시험이랑 과제는 그냥저냥입니다,,,
2377022-081,https://everytime.kr/lecture/view/2377022,2377022,소프트웨어공학개론,차수영,24년 2학기 수강자,1,"가장 기분이가 나쁜점은요,,, 25학번부터는 소공개가 전필이 아니라는거에오,,,",,,
2377022-082,https://everytime.kr/lecture/view/2377022,2377022,소프트웨어공학개론,차수영,24년 2학기 수강자,5,과제 그렇게 어렵지않고 시험도 생각보다 무난한데 팀플이 벽임 강의 특성 상 어쩔수 없긴한데 그래도 힘들었다,,,
2377022-083,https://everytime.kr/lecture/view/2377022,2377022,소프트웨어공학개론,차수영,24년 2학기 수강자,4,팀플이 ㄹㅇ 헬임 팀 잘만나면 할만한데 시험도 나름 괜찮아졌고 과제도 나쁘지않음,,,
2377022-084,https://everytime.kr/lecture/view/2377022,2377022,소프트웨어공학개론,차수영,24년 2학기 수강자,1,일단 이 과목에서 배우는 내용부터가 노잼임 근데 과제 2개? 3개? 있음 한학기 내내 하는 팀플도 있음 중간도 보고 기말도 봄 쓰고보니 안좋은건 다 때려박은 수업이네 과제는 지정된 목표가 있는게 아니고 다른 학생들이랑 상대적인 등수에 따라 점수를 받아서 커버리지를 조금이라도 올리려고 끝없이 시간을 써야함 걍 노가다 교수님은 좋으심 조교는 불친절함 성적은 아직모름,,,
2377022-085,https://everytime.kr/lecture/view/2377022,2377022,소프트웨어공학개론,차수영,24년 2학기 수강자,3,과제 꿀팁) 해당 과목을 수강하지 않는다 그래도 들어야한다면 물떠놓고 조 잘 걸리게 해달라고 빈다 개인 과제는 프로그램 specificafion을 찾아본다,,,
2377022-086,https://everytime.kr/lecture/view/2377022,2377022,소프트웨어공학개론,차수영,24년 2학기 수강자,4,조운이 중요한듯 합니다 기본적인 웹이나 앱정도는 알고있어야 편함,,,
2377022-087,https://everytime.kr/lecture/view/2377022,2377022,소프트웨어공학개론,차수영,24년 1학기 수강자,1,시험에서 핵심만 이해하고 가시면 0점 받을 수도 있습니다. 모든 것을 무지성으로 암기하고 가십쇼.,,,
2377022-088,https://everytime.kr/lecture/view/2377022,2377022,소프트웨어공학개론,차수영,24년 2학기 수강자,4,범위가 많긴 하지만 다른 사람들도 마찬가지라서 시험점수는 최소한 한만큼 나옴,,,
2377022-089,https://everytime.kr/lecture/view/2377022,2377022,소프트웨어공학개론,차수영,24년 1학기 수강자,5,어차피 시험은 이틀 날잡고 암기하면 되고 팀플 운이 진짜 중요함,,,
2377022-090,https://everytime.kr/lecture/view/2377022,2377022,소프트웨어공학개론,차수영,24년 1학기 수강자,3,다른 소공개에 비해 편하다는데 공감이 안됨 시험 조별 전부 헬이였음,,,
2377022-091,https://everytime.kr/lecture/view/2377022,2377022,소프트웨어공학개론,차수영,24년 1학기 수강자,5,무난했습니다 팀플은 운빨인 것 같습니다 혹시 개발을 못한다면 요구사항 명세서 작성을 맡으면 팀원들이 기여도 낮게 평가는 안하시는 것 같습니다 요구 사항 명세서와 발표로 팀플은 어느정도 결정되는 것 같고 시험은 그냥 피피티 외우면 어느정도 볼 수 있습니다,,,
2377022-092,https://everytime.kr/lecture/view/2377022,2377022,소프트웨어공학개론,차수영,24년 1학기 수강자,1,"솔직히 필수만 아니었으면 절대 안 들었을 과목 시험 극악의 난이도, 팀플 무임승차 개많음 중간고사 3점 이하가 1/3이 넘음. 말이 됨?",,,
2377022-093,https://everytime.kr/lecture/view/2377022,2377022,소프트웨어공학개론,차수영,24년 1학기 수강자,5,무난한 강의와 팀플 학기말에 오히려 바빠지게 된다 과제는 두 개 나오는데 날잡고 하면 중간 이상은 나올 수 있다 시험은 중간고사는 객관식으로 모두 고르기 문제 위주고 기말은 대체로 단답형으로 나온다,,,
2377022-094,https://everytime.kr/lecture/view/2377022,2377022,소프트웨어공학개론,차수영,24년 2학기 수강자,3,조별과제가 있다라는 것 하나로 별로인 수업이다. 안할 수 있다면 안하는것 추천,,,
2377022-095,https://everytime.kr/lecture/view/2377022,2377022,소프트웨어공학개론,차수영,24년 1학기 수강자,4,개발에 자신이 없다면 문서 작업을 열심히 하자 코드 레포 제출 안해도 되어서 좋아요 개인과제 구글링하면 나와요,,,
2377022-096,https://everytime.kr/lecture/view/2377022,2377022,소프트웨어공학개론,차수영,24년 1학기 수강자,5,좋은 팀원분들 만나서 무난하게 팀플했습니다. 그런데 조교님이 프로젝트 관련 공지를 너무 급박하게 알려주셔서 해커톤하듯이 개발했습니다. 강의 초반에 알려주는 일정대로 미리미리 준비하시길 추천드립니다. 중간시험이 맞는거 다 고르기 형식으로 진행되었는데 이게 정확하게 아는게 중요합니다. 0-2점 받은 학생들이 거의 40명되었던 걸로 기억합니다. 기말은 중간만큼 문제 난이도가 빡세지 않아서 괜춘했습니다.,,,
2377022-097,https://everytime.kr/lecture/view/2377022,2377022,소프트웨어공학개론,차수영,24년 1학기 수강자,4,시험2개 과제2개 팀플 팀플 점수는 알려주지 않았으나 대부분 비슷할듯하므로 시험과 과제를 열심히 하는게 점수 받기 좋음,,,
2377022-098,https://everytime.kr/lecture/view/2377022,2377022,소프트웨어공학개론,차수영,23년 2학기 수강자,4,시험 암기와 팀플이 별로지만 어쩔 수 없는거 열심히 하시면 될 것 같습니다 그리고 교수님은 좋으신 것 같아요 또 온라인이라 좋았습니다,,,
2377022-099,https://everytime.kr/lecture/view/2377022,2377022,소프트웨어공학개론,차수영,24년 1학기 수강자,1,막학기 지금까지 들었던 과목들 중 제일 최악의 과목. 교수님 강의력도 별로긴한데 그냥 과목 자체가 별로인듯. 왜 차공개차공개 하는지 모르겠음. 팀플에 과제2번 시험2번 다 보고 시험 유형도 이해가 안가는 강의였음.,,,
2377022-100,https://everytime.kr/lecture/view/2377022,2377022,소프트웨어공학개론,차수영,22년 2학기 수강자,3,"코로나 시기라 온라인으로 했었는데, 온라인 강의임을 감안해도 크게 얻어가는 부분은 없었음. 필수 과목이라 들어야만 했던 과목.",,,
2087318-001,https://everytime.kr/lecture/view/2087318,2087318,데이터베이스개론,남범석,26년 1학기 수강자,5,교수님이 정말 친절하십니다. 과제는 4개였습니다.,,,
2087318-002,https://everytime.kr/lecture/view/2087318,2087318,데이터베이스개론,남범석,26년 1학기 수강자,5,"과제는 4개인데, 마지막 과제 빼면 다 쉽습니다. 시험 성적이 약간 늦게 나오긴 하지만 나오긴 합니다. 시험은 변별력 꽤 있게 내시고 DB에 관해 충분히 알아갈 수 있습니다. DB는 어느 분야든 다 나오므로 빡세게 공부하시는 것을 권장합니다. 해당 교수님의 DB 듣는 것을 매우 권장합니다.",,,
2087318-003,https://everytime.kr/lecture/view/2087318,2087318,데이터베이스개론,남범석,26년 1학기 수강자,4,강의 열심히 해주심.. 근데 성적이 너무너무 늦게 나옴 답답함,,,
2087318-004,https://everytime.kr/lecture/view/2087318,2087318,데이터베이스개론,남범석,26년 1학기 수강자,5,"강의는 정말 열심히 해주십니다. 국제어 수업치고도 내용 전달도 꽤 되는 것 같구요. 근데 진도를 엄청 빠르게 나가셔서 잠깐 다른 생각하면, 수업도 영어라 홀랑 지나갑니다. 이런건 그냥 녹강 들으면 되고, 교안 다시 보면 됩니다. 매 시험마다 작년 기출을 올려주십니다. 그거 참고해서 공부하고, 시험 보면 됩니다. 물론 완전 같은 유형으로는 거의 안 나옵니다. 지식/개념 베이스는 기출로 깨닫고, 그거 기준으로 잘 공부하면 될 듯 합니다. 배우는 내용 자체가 진짜 근본 내용인데다가 교수님도 열심히 강의하셔서 좋은 강의라고 생각합니다. 과제도 마지막 과제 빼곤 큰 부담은 없습니다. 그리고 출석 확인은 안 하셔서 F 기준만 안 넘을 정도로 결석해도 됩니다.",,,
2087318-005,https://everytime.kr/lecture/view/2087318,2087318,데이터베이스개론,남범석,26년 1학기 수강자,4,출석도 안 따지고 강의도 녹강 올려주시고 과제도 무난하고 다 좋은데 범위가 에바임,,,
2087318-006,https://everytime.kr/lecture/view/2087318,2087318,데이터베이스개론,남범석,26년 1학기 수강자,5,수업은 온라인으로 들으세요 지나치게 빠릅니다 과제는 ai쓰면 금방해요,,,
2087318-007,https://everytime.kr/lecture/view/2087318,2087318,데이터베이스개론,남범석,26년 1학기 수강자,5,강의 엄청 열심히하시고 질문도 잘 받아주십니다.,,,
2087318-008,https://everytime.kr/lecture/view/2087318,2087318,데이터베이스개론,남범석,25년 2학기 수강자,4,진도가 빠르긴 한데 할만한 정도 공부 꾸준히 해야 성적 나오는 과목,,,
2087318-009,https://everytime.kr/lecture/view/2087318,2087318,데이터베이스개론,남범석,26년 1학기 수강자,2,진도가 매우빠르고 영어가 제대로 안들려서 집중이 힘드네요,,,
2087318-010,https://everytime.kr/lecture/view/2087318,2087318,데이터베이스개론,남범석,26년 1학기 수강자,4,교수님 진도가 엄청 빨라서 수업 중에는 키워드만 대충 적고 지피티한테 교안 정리해달라고 해서 공부해야 하시는 걸 추천 드려요,,,
2087318-011,https://everytime.kr/lecture/view/2087318,2087318,데이터베이스개론,남범석,25년 1학기 수강자,4,영어 수업이기도 하고 진도가 너무 많아서 힘드네요,,,
2087318-012,https://everytime.kr/lecture/view/2087318,2087318,데이터베이스개론,남범석,26년 1학기 수강자,5,진도가 진짜 개빠름 ㅋㅋㅋ 그냥 개빠름ㅑ설명도 잘 모르겠음,,,
2087318-013,https://everytime.kr/lecture/view/2087318,2087318,데이터베이스개론,남범석,26년 1학기 수강자,5,분량이 너무 많고 진도가 개빠른 거 빼면 설명도 잘하시고 과제 부담도 적음 진도가 진짜 너어무빠름,,,
2087318-014,https://everytime.kr/lecture/view/2087318,2087318,데이터베이스개론,남범석,26년 1학기 수강자,5,분량이 너무 많지만 교수님이 순수하고 착하신 것 같아 별 5개 드립니다.,,,
2087318-015,https://everytime.kr/lecture/view/2087318,2087318,데이터베이스개론,남범석,25년 2학기 수강자,4,출석 감점도 없고 녹강을 올려주셔서 오프라인은 다들 잘 참여하지 않는 것 같습니다. 과제는 적당히 내주시는 편이고 전공 중에서는 널널한 편이나 시험 범위는 널널하지 않은 것 같습니다,,,
2087318-016,https://everytime.kr/lecture/view/2087318,2087318,데이터베이스개론,남범석,25년 2학기 수강자,5,분량이 엄청 많긴한데 내용이 재밌고 성적 잘주십니다,,,
2087318-017,https://everytime.kr/lecture/view/2087318,2087318,데이터베이스개론,남범석,25년 2학기 수강자,3,- 와 진짜 진도 나가는 속도 레전드 3초 멍때리면 다음 슬라이드예요 ㅎㅎ; 그래서 기말은 15주차에 봄 - 가끔 강의하다가 혼자 헷갈리셔서 음.. 하심 처음엔 조금 거슬렸는데 이제는 쉬는시간 개꿀 하고 잠깐 릴스보는 타임 - 시험공부는 교안 위주로만 공부하면 충분할듯 합니다 기출 올려주셔서 교안기출 싹 보고가면 됨 - 과제 뭔가 거창해서 열심히 했는데 거의 다 만점인 거 보니까 변별력은 없는듯,,,
2087318-018,https://everytime.kr/lecture/view/2087318,2087318,데이터베이스개론,남범석,25년 2학기 수강자,5,"정말 광범위하게 데이터베이스개론을 다루는데, 이렇게까지 많은 내용을 다루는 데이터베이스개론 강의를 제공하는 학교가 국내에선 손에 꼽는다는 말이 기억에 남는다. 첫주부터 수업을 계속 잘 따라가기만 하면 충분히 좋은 강의. 이렇게 넓은 범위를 아무렇지도 않게 다루는데다 듣다보면 어느새 이해가 되어있기 때문에 개인적으로는 강의력이 신기할 정도로 좋았다. 족보는 굳이 살 필요 없다. 어차피 직전학기 족보를 제공해주시기 때문에. 학점도 무지 잘 주신다. 꿀팁 : 종강 때 SWE3003 Survivor 스티커 꼭 챙기기.",,,
2087318-019,https://everytime.kr/lecture/view/2087318,2087318,데이터베이스개론,남범석,25년 2학기 수강자,5,양이 많습니다 미리미리 복습 안해가면 진도를 놓치게 됩니다 출석 체크도 안하고 강의력도 좋은 편이며 무엇보다 교수님이 학문에 대한 열정이 있는게 느껴져 듣기 좋습니다,,,
2087318-020,https://everytime.kr/lecture/view/2087318,2087318,데이터베이스개론,남범석,25년 2학기 수강자,5,"SQL 배울 줄 알았는데 뿐만 아니라 인덱싱, 트랜잭션, NoSQL, VectorDB, 분산시스템, GraphLab 등을 배우게 된 수업 그저 알차다",,,
2087318-021,https://everytime.kr/lecture/view/2087318,2087318,데이터베이스개론,남범석,25년 2학기 수강자,5,기출문제도 올려주시고 졸보 풀어보시면 좋은 성적 받을 수 있습니다 2-3문제 정도는 아예 족보에 안나온 문제 내시는데 개념만 잘 알거 있으면 다 풀 수 있는 난이도로 나옵니다 과제도 이번에 ai 활용하는 과제로 바꾸셨는데 저는 개인적으로 재미있었어요 과제 성적도 잘 주신거 같습니다 25% 50% 이렇게 잘라서 성적주신거 같아요 강의력은 개인적으로 좋다고 생각했습니다 중간 범위때는 데이터베이스 관련 사전 지식이 조금 있어서 따라가기 벅차진 않았는데 기말 범위는 다 처음 보는 개념이었어서 좀 진도가 빠르게 느껴졌어요,,,
2087318-022,https://everytime.kr/lecture/view/2087318,2087318,데이터베이스개론,남범석,25년 2학기 수강자,5,수업 시간에는 진도가 너무 빨라서 내용이 잘 이해가 안되는데 집에서 복습하면서 들으면 신기하게 다 이해가 됩니다. 개인적으로 중간고사는 올려주신 기출에서 변형이 많아 어려웠는데 기말 때는 만회하기 위해 공부를 조금 더 했더니 평이하게 느껴졌습니다. 과제는 부담없이 나왔습니다 성적은 너그럽게 주시는 것 같아요,,,
2087318-023,https://everytime.kr/lecture/view/2087318,2087318,데이터베이스개론,남범석,25년 2학기 수강자,5,양이 많다 마아아아아않다 정말많다 다행인점은 수업을 놓쳐도 관계형db 끝난 후에는 강의자료들이 엄청 유기적이지 않아서 따로따로 각개격파가 가능한점,,,
2087318-024,https://everytime.kr/lecture/view/2087318,2087318,데이터베이스개론,남범석,25년 2학기 수강자,5,"교수님께서 수업 내용을 당연하다는듯이 빠르게 나가셔서 분량이 압도적으로 많습니다. 하지만 실제로 읽어보면 당연하게 이해되는 부분이긴 합니다. 교수님께서 학생들이 질문을 많이 하길 바라는 것 같은데 강의 속도가 빨라서 따라가는 게 버겁습니다. 교수님께 이쁨을 받고 싶으시다면 강의 집중하고 질문도 많이 하고, 질문에 답도 많이 하세요, 답 잘하는 학생들한테 칭찬도 많이 하십니다. 마지막 날에는 출석자들한테 센스 있는 스티커도 주십니다. 출석은 점수에 안 들어가는데 최소 출석일은 채우셔야 합니다. 과제는 큰 부담은 없고, 시험이 합리적이고 좀 어렵습니다. 기출에 있는 내용은 당연히 학습해야 하고, 기출에 나오지 않은 것들도 시험에 뜬금포로 반드시 나오니 내용이 방대하더라도 원리를 숙지하셔야 합니다.",,,
2087318-025,https://everytime.kr/lecture/view/2087318,2087318,데이터베이스개론,남범석,25년 2학기 수강자,5,진도가 정말 빠르게 나가긴 하지만 열심히 따라가다보면 많은 걸 배울 수 있는 수업입니다...,,,
2087318-026,https://everytime.kr/lecture/view/2087318,2087318,데이터베이스개론,남범석,25년 2학기 수강자,5,교수님도 좋으시고 수업도 재미있습니다. 과제도 부담 되지 않는 정도에요. 시험도 무난합니다,,,
2087318-027,https://everytime.kr/lecture/view/2087318,2087318,데이터베이스개론,남범석,25년 2학기 수강자,5,전통 데이터베이스부터 최신 데이터베이스까지 넓게 가르쳐주십니다. 강의력도 좋으신 것 같습니다. 다만 시험이나 슬라이드에 오류가 조금 있습니다,,,
2087318-028,https://everytime.kr/lecture/view/2087318,2087318,데이터베이스개론,남범석,24년 1학기 수강자,5,양은 많지만 학점 잘 주십니다. 과제도 할만합니다.,,,
2087318-029,https://everytime.kr/lecture/view/2087318,2087318,데이터베이스개론,남범석,25년 2학기 수강자,5,분량이 너무 많아서 다른 중요한 전공 강의와 함께 듣는 것은 힘들 수 있습니다. 교수님께서 이해하기도 전에 진도를 너무 빠르게 나가셔서 수업 시간에 질문을 하기 어렵습니다. 하지만 나중에 강의를 돌려보면 강의력이 나쁘신 것 같지 않습니다. 문제는 진도가 빛의 속도로 나간다는 점.. 과제는 큰 부담 없습니다,,,
2087318-030,https://everytime.kr/lecture/view/2087318,2087318,데이터베이스개론,남범석,25년 2학기 수강자,5,양이 정말정말 많아서 미리미리 하실 필요가 있습니다. 과제는 교안 한 번 보시고 모르는거 있으면 ai와 함께라면 전혀 문제없는 정도이고 시험도 올려주신 기출 기반으로 교안 열심히 보시면 다 맞을만해요,,,
2087318-031,https://everytime.kr/lecture/view/2087318,2087318,데이터베이스개론,남범석,25년 2학기 수강자,3,양이 진짜 많습니다 기말 공부는 꼭 미리 시작하시길 … 진짜 앞을 보면 뒤를 까먹고 뒤를 보면 앞을 까먹는 수준,,,
2087318-032,https://everytime.kr/lecture/view/2087318,2087318,데이터베이스개론,남범석,25년 2학기 수강자,4,수업은 영어로 하셨어서 익숙하지 않았고 과제는 할만했습니다. 경매 사이트 과제 나중에 포트폴리오로도 써먹었어요,,,
2087318-033,https://everytime.kr/lecture/view/2087318,2087318,데이터베이스개론,남범석,25년 2학기 수강자,4,"진도가 굉장히 빠르고, 공부해야하는 분량이 꽤 있습니다. 시험 문제는 깔끔하고 문제 풀이 중심으로 나옵니다.",,,
2087318-034,https://everytime.kr/lecture/view/2087318,2087318,데이터베이스개론,남범석,25년 2학기 수강자,5,"강의력이 엄청나심 덕분에 진도가 진짜 말도안되게 많이 빠르게 나감 그러나 전혀 급한 느낌이 안드는, 평온한 상태로 수업을 하심 정말 많은걸 배워갈 수 있는 강의",,,
2087318-035,https://everytime.kr/lecture/view/2087318,2087318,데이터베이스개론,남범석,25년 1학기 수강자,5,강의 구성이 아주 좋고 시험문제도 공부하면 다 풀 수 있지만 변별력있게 잘 나옵니다. 저는 예상했던 것 보다 시험 점수가 높게 나와서 부분점수를 잘 주신다고 느꼈습니다. 성적 잘 주십니다. 94명 중 15등 A+ 받았습니다,,,
2087318-036,https://everytime.kr/lecture/view/2087318,2087318,데이터베이스개론,남범석,25년 1학기 수강자,5,교안 범위가 매우 많다. 출결은 반영하지 않으셔서 좋은데 그래도 강의는 미리 들어놔야 좋을 듯,,,
2087318-037,https://everytime.kr/lecture/view/2087318,2087318,데이터베이스개론,남범석,25년 1학기 수강자,5,"시험보다 과제가 조금 더 복잡한 감이 있는데, 데이터 베이스와 관련해서 구축하는 거라 저는 재밌게 했습니다. 하지만 시험 준비 양은 많습니다. 교수님께서 학생들에게 조금 더 쉽게 가르쳐주시기 위해 노력하십니다.",,,
2087318-038,https://everytime.kr/lecture/view/2087318,2087318,데이터베이스개론,남범석,25년 1학기 수강자,5,출결 반영 안하심 기출 올려주신거 조금 변형되니 문풀 위주공부,,,
2087318-039,https://everytime.kr/lecture/view/2087318,2087318,데이터베이스개론,남범석,25년 1학기 수강자,5,교안 양이 많습니다.. 다만 시험은 주요내용 중심으로 나와서 공부하면 한만큼 성적 나옵니다,,,
2087318-040,https://everytime.kr/lecture/view/2087318,2087318,데이터베이스개론,남범석,25년 1학기 수강자,5,강의량 엄청 많고 출석은 신경 안쓰심. 성적너그러움,,,
2087318-041,https://everytime.kr/lecture/view/2087318,2087318,데이터베이스개론,남범석,25년 1학기 수강자,5,강의량 개많은데 배우면 좋은 것들만 쏙쏙 알려주심 학점도 잘 주시고 반드시 ㄱㄱ,,,
2087318-042,https://everytime.kr/lecture/view/2087318,2087318,데이터베이스개론,남범석,25년 2학기 수강자,5,교수님 강의 너무 잘하십니다. 녹강으로 들어도 무리 없습니다!,,,
2087318-043,https://everytime.kr/lecture/view/2087318,2087318,데이터베이스개론,남범석,25년 1학기 수강자,5,아무것도 안해도 c는 주신다.. 열심히하면 학점 잘 챙겨주시는듯,,,
2087318-044,https://everytime.kr/lecture/view/2087318,2087318,데이터베이스개론,남범석,25년 1학기 수강자,5,갓범석 진도와 시험과 과제는 헬 학점은 헤븐 그리고 교수님이 귀여우십니다,,,
2087318-045,https://everytime.kr/lecture/view/2087318,2087318,데이터베이스개론,남범석,25년 2학기 수강자,4,공부량이 너무 많고.. 강의가 매끄럽지 않은 느낌이 들지만 출석 점수가 없다는 게 갓.,,,
2087318-046,https://everytime.kr/lecture/view/2087318,2087318,데이터베이스개론,남범석,25년 1학기 수강자,4,강의력 좋으시고 교수님 착하심 근데 단점은 공부량이 너무 많다..,,,
2087318-047,https://everytime.kr/lecture/view/2087318,2087318,데이터베이스개론,남범석,24년 2학기 수강자,3,진도가 빠름... 강의를 듣는다기 보다는 그냥 독학을 햇던 것 같음. 시험 평균도 낮고 시간이 좀 많이 쓰이는 수업인듯,,,
2087318-048,https://everytime.kr/lecture/view/2087318,2087318,데이터베이스개론,남범석,25년 1학기 수강자,5,진도가 너무 빨라요.. 초반에는 수업시간에 어떻게든 이해해보려고 노력했는데 뒤로 갈수록 계속 내용을 놓쳐서 실시간으로 이해하는건 포기하고 올려주시는 녹강으로 따로 공부했습니다. 기본적으로 배우는 양이 너무 많고 과제1도 해야할 것들이 좀 있어서 전체적으로 할게 많습니다.. 하지만 학점을 잘주시는 것 같아요 b쁠 나올줄 알았는데 에이 주셔서 진짜 감격.... 공부는 미리미리 안해두시면 다 못보고 시험치러 가야되니까 평소에 해두시고 올려주시는 기출 문제 중에서 답 틀린 것들 꽤 되니 꼭 질문을 하도록 하세요.... 그리고 출결은 성적에 반영 안되지만 전자출결은 꼭 찍으셔야 돼요,,,
2087318-049,https://everytime.kr/lecture/view/2087318,2087318,데이터베이스개론,남범석,25년 1학기 수강자,4,"강의력은 좋지 않으시다. 필기하면서 따라가려고 해도 말이 빠르셔서 그냥 막 넘어가니깐 중간부터는 영상으로 공부하는 걸 추천한다. 과제 비중이 생각보다 높고 하나라도 0점이 나오면 아무리 시험을 잘쳐도 복구는 쉽지 않다. 컴파일 에러 꼭 확인하자. 성적 공시가 늦다. 대신 해시값으로 학생 전체의 과제, 시험 성적을 다 올려주시는데 등수를 직관적으로 확인할 수 있다.",,,
2087318-050,https://everytime.kr/lecture/view/2087318,2087318,데이터베이스개론,남범석,25년 1학기 수강자,4,진도가 말이안됨 질문이 없냐고 물어보시는데 몰라서 질문을 못하는거 제외하고는 잘 가르치심 복습하면 쉬움,,,
2087318-051,https://everytime.kr/lecture/view/2087318,2087318,데이터베이스개론,남범석,25년 1학기 수강자,4,강의력이 좋지 않으신데 양은 너무 많아 공부하기가 힘들긴 합니다 그래도 다들 마찬가지라 시험을 좀 못 봐도 다같이 못 보는 것 같아요 .. 학점은 확실히 잘 주십니다 포기하지 않고 끝까지 하는 게 중요하다고 생각하고 크게 추천은 못하겠지만 피해야 할 정도는 아닌 것 같아요 옥션 과제는 꼭 미리 하시는 거 추천드립니다 레포트랑 영상도 찍어야 돼서 시간이 매우 많이 소요됩니다,,,
2087318-052,https://everytime.kr/lecture/view/2087318,2087318,데이터베이스개론,남범석,25년 1학기 수강자,5,진도 나가는 속도가 정말 빠르지만 고생하는 만큼 얻을건 많았던 수업인 것 같음. 성적도 잘 주는 편이신 것 같아요,,,
2087318-053,https://everytime.kr/lecture/view/2087318,2087318,데이터베이스개론,남범석,25년 1학기 수강자,5,강의량 진짜 많다 조오온나 많다아아아 약간 이런느낌 데베개 (sqlDBMS운영체제이산수학llmNlp) 첫번째 은근 어렵고 감점 안될줄 알았는데 되서 시무룩,,,
2087318-054,https://everytime.kr/lecture/view/2087318,2087318,데이터베이스개론,남범석,25년 1학기 수강자,5,과제가 귀찮지만 어렵지는 않게 나옵니다. 그래도 시간을 꽤 써야하니 최대한 빨리 시작하는 것을 추천드립니다. 시험은 범위가 매우 넓다보니 어렵지 않게 출제되지만 은근 까다로운 부분이 있습니다. 교수님께서 주신 기출에 나온 문제 관련 내용을 집중적으로 보는 것이 도움이 되고 완전히 똑같은 문제는 나오지 않을 수 있으니 기출을 보고 어떤 문제가 나오겠구나 감을 잡는 것이 중요해 보입니다,,,
2087318-055,https://everytime.kr/lecture/view/2087318,2087318,데이터베이스개론,남범석,25년 1학기 수강자,5,"꿀 빨면서도 많이 배운 수업. 수업은 오프라인으로 진행되지만, 저장 강의를 올려주시고 출석 체크를 하시 않으시기에 온라인으로 들을 수 있음. 다만, 8번 결석 시 F 처리가 될 수 있으므로 (대부분 구제해주신다곤 하지만...) 전자출결은 해야 함. 수업 진도는 매우 빠르게 나가시며, 교안 양도 매우 많은 편이었음. 시험 전에는 이전 학기 족보를 교수님께서 올려주시며, 선배님께 몇개년 족보를 받을 수 있었음. (답도 포함되어 있기에 공부하기에 좋음). 벼락치기를 하는 상황에서는 족보 위주로 공부하는 방법을 택할 수도 있으나, 매번 문제가 새로 출제되기에 결국 개념을 외워야 함. 중간 범위는 SQL 쿼리 문 작성이, 기말 범위는 SQL 쿼리 최적화와 동시성이 주요 내용임. 중간 범위는 백엔드 지식이, 기말 범위는 운체 지식이 어느 정도 갖고있고 암기에 자신있다면, 2-3일 벼락치기로도 좋은 성적을 낼 수 있음. 과제는 PA1 Auction, PA2 SimpleDB가 있음. PA1인 Auction은 경매 서비스의 백엔드 단을 JDBC를 이용해 구현하는 것이며, 단순 코드 작성뿐만 아니라 보고서와 시연 동영상도 필요해서 시간 소모가 큼. 따라서 미리미리 해야 함. PA2 SimpleDB는 XV6처럼 기존 프로그램(DBMS)에 새로운 기능을 추가하는 과제임. Task 3에서 Compile 실패로 감점된 사례가 매우 많으니 주의하길 바람. 단점은, 성적 공시가 매우 느린 편임. 일단 올해는 성적 공시 기간 중에 기말과 PA1, PA2가 채점이 완료되고, 공시 마지막 날에 학점을 알려주셨음. 마지막으로 본인은 상위 12%로 A+을 받았음. (등수를 알려주셨음.)",,,
2087318-056,https://everytime.kr/lecture/view/2087318,2087318,데이터베이스개론,남범석,25년 1학기 수강자,5,진도는 정말 플라잉더치맨호 수준으로 나갑니다 하지만 녹강올려주시니 그거 보고 복습하면됩니다,,,
2087318-057,https://everytime.kr/lecture/view/2087318,2087318,데이터베이스개론,남범석,25년 1학기 수강자,5,교수님께서 열정이 있으셔서 다른 수업과 비교했을 때 많은 내용을 배울 수 있습니다.,,,
2087318-058,https://everytime.kr/lecture/view/2087318,2087318,데이터베이스개론,남범석,25년 1학기 수강자,5,교수님의 강의력이 매우 훌륭합니다. 하지만 진도가 먀우 빠르니 한번 놓치면 따라가기 힘들 수 있습니다.,,,
2087318-059,https://everytime.kr/lecture/view/2087318,2087318,데이터베이스개론,남범석,24년 2학기 수강자,5,"The class is nice, although the professor voice was slightly small, you don’t need to do attendance either. As long as you do well on both exams you can get A+",,,
2087318-060,https://everytime.kr/lecture/view/2087318,2087318,데이터베이스개론,남범석,24년 2학기 수강자,5,"중간은 sql, 기말은 전반적인 데이터베이스에 대해 배우는데 양이 상당히 많습니다 다 공부 못하겠어서 교수님이 올려주신 기출 몇번 풀고 시험봤는데 성적도 생각보다 잘 나와서 만족",,,
2087318-061,https://everytime.kr/lecture/view/2087318,2087318,데이터베이스개론,남범석,25년 1학기 수강자,5,좋긴한데!! 진짜 진도를 장난아니게 빨리나가신다 다른 교수님 데베개랑 비교해도 매주 부담스러울정도로 많이 빨리 나가신다 ㅠㅠ 복습이 필수인것 같다!!,,,
2087318-062,https://everytime.kr/lecture/view/2087318,2087318,데이터베이스개론,남범석,24년 2학기 수강자,5,"강의 분량이 많긴합니다만 쿼리 부분 말고는 그다지 어렵지 않아요. 근데 아예 오프라인 출석 안해도 돼서 독학하는 사람 많았음. 과제는, 난이도는 많이 쉬운데 반복적인 작업이 필요해서 마감 다 되어서 허겁지겁하면 심적으로 많이 힘들겁니다",,,
2087318-063,https://everytime.kr/lecture/view/2087318,2087318,데이터베이스개론,남범석,25년 1학기 수강자,4,과제는 미리미리 해두세오 강의가 너무 많았어오 힘들었어오,,,
2087318-064,https://everytime.kr/lecture/view/2087318,2087318,데이터베이스개론,남범석,25년 1학기 수강자,5,오프라인으로 듣는거랑 온라인으로 듣는거랑 천지차이니까 꼭 온라인으로 다시 듣기를 추천해요,,,
2087318-065,https://everytime.kr/lecture/view/2087318,2087318,데이터베이스개론,남범석,25년 1학기 수강자,5,옥션 어려웠어요 녹강이라 그거 보면 좋아요 과제는 미리미리,,,
2087318-066,https://everytime.kr/lecture/view/2087318,2087318,데이터베이스개론,남범석,25년 1학기 수강자,5,교수님이 친절하시고 출석반영이 없다. 전반적으로 무난한 과제 2개와 적당한 난이도의 시험 2개로 이루어져있고 평소학습을 했으면 전혀 무리가지 않는 수업이다.,,,
2087318-067,https://everytime.kr/lecture/view/2087318,2087318,데이터베이스개론,남범석,25년 1학기 수강자,5,Db 공부에 좋아요 교수님 친절하셔요 쿼리 연습 많이하세요,,,
2087318-068,https://everytime.kr/lecture/view/2087318,2087318,데이터베이스개론,남범석,24년 2학기 수강자,3,데이터베이스를 가르쳐주신다는 느낌은 없다 그냥 자기가 혼자서 교안보고 공부해야 된다 수업 듣고 공부 절대 안된다,,,
2087318-069,https://everytime.kr/lecture/view/2087318,2087318,데이터베이스개론,남범석,24년 2학기 수강자,5,"과제는 기본적인 프로그래밍 좀 하던 사람이면 무난히 할 수 있는 수준이고, 시험도 무난하다. 정말 성적 따기 괜찮은 무난한 과목.",,,
2087318-070,https://everytime.kr/lecture/view/2087318,2087318,데이터베이스개론,남범석,24년 1학기 수강자,4,시함 전에 예전 시험 미리 주는게 참 좋았음 어렵긴 했다 출석 그렇게.신경안쓰는 것도 호감,,,
2087318-071,https://everytime.kr/lecture/view/2087318,2087318,데이터베이스개론,남범석,25년 1학기 수강자,4,"지이이이나진도가 미사일이다.., 너무 빨라서 정신나갈것깉아요 학점아 아나와서 모르겟음...",,,
2087318-072,https://everytime.kr/lecture/view/2087318,2087318,데이터베이스개론,남범석,24년 2학기 수강자,5,교수님 강의력도 좋고 과제도 할만한데 배우는 내용 자체가 너무 재미 없었다,,,
2087318-073,https://everytime.kr/lecture/view/2087318,2087318,데이터베이스개론,남범석,24년 2학기 수강자,5,교수님은 아주 친절하고 강의력도 좋습니다. 과제는 별로 어렵지않습니다,,,
2087318-074,https://everytime.kr/lecture/view/2087318,2087318,데이터베이스개론,남범석,25년 1학기 수강자,5,교수님이 친절하십니다 강의 내용이 열심이 주차별로 따라가면 들을만 합니다,,,
2087318-075,https://everytime.kr/lecture/view/2087318,2087318,데이터베이스개론,남범석,25년 1학기 수강자,5,친절하시고 수업과 과제는 영어로 진행된다. 출석이 점수에 반영되지 않는다. 양이 매우 방대하니 평소에 미리 복습을 철저히 하자,,,
2087318-076,https://everytime.kr/lecture/view/2087318,2087318,데이터베이스개론,남범석,24년 2학기 수강자,4,"강의력 좋으시고, 학점 잘 채워주시는 듯. 수강신청 꼬여서 선이수 잘 못듣고 들었는데도 이해하는데 어려운 건 없었다",,,
2087318-077,https://everytime.kr/lecture/view/2087318,2087318,데이터베이스개론,남범석,24년 2학기 수강자,5,"최고의 데이터베이스 강의, 모두에게 강추 출첵도 안하고 최신스택도 다루는 드문 강의",,,
2087318-078,https://everytime.kr/lecture/view/2087318,2087318,데이터베이스개론,남범석,25년 1학기 수강자,5,"교수님 강의력이 좋은 편은 아닌듯 하나, 되게 친절하심",,,
2087318-079,https://everytime.kr/lecture/view/2087318,2087318,데이터베이스개론,남범석,25년 1학기 수강자,4,총체적으로 나쁘진 않다. 다만 교수님이 영어를 유창하게 하시지 못하시지만 한국인이면 오히려 알아듣는게 쉬울듯. 다만 원리적인 부분보다는 기술적이 부분이(특히 SQL문법) 수업 중 많은 비중을 차지하고 또 이게 한번에 몰아치다 보니 수업중에 모든 내용을 알아듣는게 좀 어려웠다. 이번 내용 이해하고 나면 다음 내용 이미 설명 중이라 조금식 얻는 정보가 누락된다.,,,
2087318-080,https://everytime.kr/lecture/view/2087318,2087318,데이터베이스개론,남범석,24년 2학기 수강자,4,"개인적으로 강의력의 경우 오프라인으로 들었을 때는 조금 아쉽다고 느꼈었는데, 온라인으로 다시 들어보면 교안에 대해 부가적인 설명을 추가해주시는 방식으로 이해하기 쉽게 설명해주십니다. 출결에 대해 채점하시지는 않으니 온라인으로 들어도 무방하며, 궁금한 사항이 있다면, 질의 응답 사이트에다가 남기면 자세히 답변을 달아 주십니다. 2개의 과제와 2개의 시험으로 성적이 결정되며, 과제 배점이 크기에 시험에서 조금 삐끗하더라도 과제로 커버 가능한 것 같습니다.",,,
2087318-081,https://everytime.kr/lecture/view/2087318,2087318,데이터베이스개론,남범석,24년 2학기 수강자,5,강의력 좋아요 기말 범위가 매우매우 많아요 시험은 체감상 어려웠어요 기출 올려주시는데 문제 스타일은 기출에서 좀 변형 됩니다 시험 망해서 평균 좀 밑이 었던 것 같고 과제는 만점 받았는데 B가 아니라 A를 주시더라고요 학점 매우 좋게 주시는 듯 합니다,,,
2087318-082,https://everytime.kr/lecture/view/2087318,2087318,데이터베이스개론,남범석,24년 2학기 수강자,4,내용이 너무너무너무 방대해요 내용은 좋은데 좀 버거웠습니다 과제는 자바로 나오는데 스켈레톤 코드가 다 짜여있어서 자바 몰라도 과제 쉽게 할 수 있었습니다,,,
2087318-083,https://everytime.kr/lecture/view/2087318,2087318,데이터베이스개론,남범석,24년 2학기 수강자,5,최대한 학생 편의 봐주십니다. 시험은 매우 어려워요ㅜ,,,
2087318-084,https://everytime.kr/lecture/view/2087318,2087318,데이터베이스개론,남범석,24년 2학기 수강자,4,강의력 안좋다는 얘기가 많았는데 저는 괜찮았습니다 시험이랑 과제는 좀 어려운거 같아요,,,
2087318-085,https://everytime.kr/lecture/view/2087318,2087318,데이터베이스개론,남범석,24년 2학기 수강자,5,출석을 아예 반영 안 해서 편했네요 오프라인으로 수업을 듣는 것보다 온라인으로 듣는게 가성비 좋아요 잘못 설명하시는 경우가 꽤 됐어서..,,,
2087318-086,https://everytime.kr/lecture/view/2087318,2087318,데이터베이스개론,남범석,24년 2학기 수강자,3,수업 준비는 안하시는 것 같음. 수업하다가 헷갈려하시고 다음에 학생 질문으로 인해 고치시는 경우 있음. 출석 안보심. 기말 범위 비쳤음. ppt 550장. 1회독도 못했음. 이럴거면 중간에 좀 더 나갔으면 좋았을걸.,,,
2087318-087,https://everytime.kr/lecture/view/2087318,2087318,데이터베이스개론,남범석,24년 2학기 수강자,5,온라인으로 들어도되서 좋아요. 시험도 족보를 올려주시면 그거대로 연습하면 점수는 잘받는거 같어요,,,
2087318-088,https://everytime.kr/lecture/view/2087318,2087318,데이터베이스개론,남범석,24년 1학기 수강자,5,출석안해도돼서 좋고 교안만 열심히 보면 성적나옴,,,
2087318-089,https://everytime.kr/lecture/view/2087318,2087318,데이터베이스개론,남범석,24년 1학기 수강자,4,과제는 쉬운데 시험이 너무 어려웠음 출결안하고 강의는 다 올려주셔서 공부하기엔 편했다,,,
2087318-090,https://everytime.kr/lecture/view/2087318,2087318,데이터베이스개론,남범석,24년 1학기 수강자,4,교수님이 수업 준비를 안해오시는 기분이 들었지만 학생들을 위해 친절하게 설명해주시려고 합니다,,,
2087318-091,https://everytime.kr/lecture/view/2087318,2087318,데이터베이스개론,남범석,24년 1학기 수강자,5,교수님께서 학생들을 생각하시는 것이 느껴집니다. 시험도 깔끔하게 내셔서 풀기에 좋습니다,,,
2087318-092,https://everytime.kr/lecture/view/2087318,2087318,데이터베이스개론,남범석,24년 1학기 수강자,4,무난무난한 과목입니다. 교수님이 수업 준비를 해조시는게 아니라 교안을 보고 본인이 아는 것을 설명하는 느낌의 수업입니다. 의식의 흐름을 따르다 보니 다소 이해가 어려울 수 있긴합니다. 물론 피해야할 정도는 아닌 무난한 강의입니다. 과제는 2회 있고 어렵지는 않습니다. 시험은 중간범위를 어렵게 내고 기말범위를 쉽게 내시려고 합니다. 총평은 직권 받아도 그냥 들을만한 강의입니다.,,,
2087318-093,https://everytime.kr/lecture/view/2087318,2087318,데이터베이스개론,남범석,24년 1학기 수강자,5,"다들 온라인으로 들어 사람이 별로 없어가지고, 보습학원처럼 질문하기도 편하고 너무 좋았어요. 이걸 마지막으로 전공필수 다들었는데, 들었던 전공필수 중에 가장 재밌네요.",,,
2087318-094,https://everytime.kr/lecture/view/2087318,2087318,데이터베이스개론,남범석,24년 1학기 수강자,4,"출석 체크 자체가 없는 수업이라서, 한번도 수업에 나가지 않고 온라인으로만 수강하는 것도 가능한 수업입니다. 온라인 강의를 좋아하신다면 좋을 것으로 보입니다. 하지만 아주 적은 확률로 강의 녹화가 잘 되지 않는 경우에는 손해를 보는 경우가 생길 수도 있습니다. 성적 자체는 굉장히 잘 주신다고 알고 있으며, 두 번의 큰 PA 과제를 잘 수행하고 시험도 적당히 잘 공부한다면 좋은 성적을 받을 수 있을 것 같습니다. 이전 기출을 올려주시는데, 기출보다 중간고사는 더 어려웠으며, 기말고사는 조금 더 쉬웠던 것 같습니다.",,,
2087318-095,https://everytime.kr/lecture/view/2087318,2087318,데이터베이스개론,남범석,24년 1학기 수강자,3,수업 내용이 정말 재미없고 지루함. 교수님도 지루해하시는거 같고 강의에 별로 열정이 없으신듯. 와서 교안을 처음 보시는거 같은 상황도 다수 발생함. 학점은 잘 주심.,,,
2087318-096,https://everytime.kr/lecture/view/2087318,2087318,데이터베이스개론,남범석,24년 1학기 수강자,5,진도는 거의 뭐 미사일 수준이라 옆 동네 교수님 진도 보면 공부할 생각에 열 받기도 함. 처음에 쿼리 공부 어려울 수 있는데 사실 그냥 논리퀴즈 수준이고 굉장히 쉬워요 기말 이후 부뷴은 스케쥴링과 쿼리 최적화 등이 중요하고 나머지는 그냥 쉬요요 과제는 하나는 경매 db구현이고 하나는 dbms 관련인데 두번째 과제는 개쉬우니까 첫번째거 복잡하다고 대충하지 말고 열심히 하세요 근데 열심히 안 해도 성적이 너그럽긴 해서 꿀강인듯,,,
2087318-097,https://everytime.kr/lecture/view/2087318,2087318,데이터베이스개론,남범석,24년 1학기 수강자,4,진도가 굉장히 빠릅니다. 중간 기말 공부 시작할때 개인적으로 되게 막막했네요. 그래도 녹강이 있어서 다행. 성적 잘 주시는 것 같긴한데 학점에 욕심이 있으시다면 녹강 미리듣고 정리를 해놓는걸 추천합니다,,,
2087318-098,https://everytime.kr/lecture/view/2087318,2087318,데이터베이스개론,남범석,24년 1학기 수강자,4,출결 미반영 정말 좋아요 과제는 두번인데 그럭저럭 할만해요,,,
2087318-099,https://everytime.kr/lecture/view/2087318,2087318,데이터베이스개론,남범석,24년 1학기 수강자,5,출석 반영안하고 온라인으로 강의 들을 수 있습니다 과제는 할만한 편이고 기말이 상대적으로 쉬웠습니다,,,
2087318-100,https://everytime.kr/lecture/view/2087318,2087318,데이터베이스개론,남범석,24년 1학기 수강자,5,녹강 있는 게 갓 .... 과제는 2개밖에 없어서 각각 조금 걸리기는 하지만 어렵지 않고 그냥 충분히 할만 합니다! 이해만 하면 됩니당 시험은 어려웠고 생각보다 시간이 촉박하더라고요 아무래도 쿼리 부붕에서 시간을 많이 잡힌 것 같습니다...,,,
1772333-001,https://everytime.kr/lecture/view/1772333,1772333,데이터베이스개론,김응모,26년 1학기 수강자,4,음 시험은 온라인이어서 좋은데 수업이 조금 힘듭니다. 교수님이 참여형수업을 좋아하시고 양이 조금 많아요,,,
1772333-002,https://everytime.kr/lecture/view/1772333,1772333,데이터베이스개론,김응모,26년 1학기 수강자,5,변별력은 없긴하규요 지피티 돌려도 되는 시험이라... 그래도 데이터베이스에 대한 기초지식을 열심히따라간다면 습득할 수 았눈 슈업입니더,,,
1772333-003,https://everytime.kr/lecture/view/1772333,1772333,데이터베이스개론,김응모,26년 1학기 수강자,3,강의 영상들만 올려주시고 시험도 다 온라인으로 진행합니다 강의력이 나쁜건 아니지만 안듣게 됩니다,,,
1772333-004,https://everytime.kr/lecture/view/1772333,1772333,데이터베이스개론,김응모,26년 1학기 수강자,5,온라인이고 강의력도 좋으시고 내용도 어렵지 않아서 추천합니다,,,
1772333-005,https://everytime.kr/lecture/view/1772333,1772333,데이터베이스개론,김응모,26년 1학기 수강자,4,온라인강의 과제없음 성적평가 기준 미공개라서 시험2번 잘봤다고 생각해도 불안감을 갖고있어야함,,,
1772333-006,https://everytime.kr/lecture/view/1772333,1772333,데이터베이스개론,김응모,26년 1학기 수강자,4,강의력 적당히 좋으심 다만 시험이 어떤기준으로 평가되는지 알수가 없는게 답답하네요,,,
1772333-007,https://everytime.kr/lecture/view/1772333,1772333,데이터베이스개론,김응모,26년 1학기 수강자,5,시험이 온라인 + 감독 없음 이라서 변별력이 없는 거 같다. 과제가 없어서 아주 편한 과목이다. 성적은 보장이 안 된다.,,,
1772333-008,https://everytime.kr/lecture/view/1772333,1772333,데이터베이스개론,김응모,26년 1학기 수강자,4,장점: 온라인이다 단점: 온라인이다. 그리고 시험도 온라인으로 본다,,,
1772333-009,https://everytime.kr/lecture/view/1772333,1772333,데이터베이스개론,김응모,25년 1학기 수강자,3,과제없고 풀 온라인이라 편한데 채점이 어떻게 이루어지는지 모르는게 단점,,,
1772333-010,https://everytime.kr/lecture/view/1772333,1772333,데이터베이스개론,김응모,24년 2학기 수강자,3,"강의력 좋으시고 질문하시는거 좋아하십니다 중간 기말 다 있습니다,",,,
1772333-011,https://everytime.kr/lecture/view/1772333,1772333,데이터베이스개론,김응모,26년 1학기 수강자,5,"온라인 강의라 편해요! 시험도 온라인으로 봅니다. 연습문제를 내주시긴 한데, 제출할 필요도 없어요. 편한강의",,,
1772333-012,https://everytime.kr/lecture/view/1772333,1772333,데이터베이스개론,김응모,25년 1학기 수강자,5,온라인으로 보는데 캠이 없어서 누가누가 지피티 잘 돌리나 싸움.,,,
1772333-013,https://everytime.kr/lecture/view/1772333,1772333,데이터베이스개론,김응모,24년 1학기 수강자,1,시험 잘봤는데 성적 이상해서(c0 나옴) 문의드렸는데 확인도 안해보고 성적 맞다고 하고서 그냥 귀를 닫음. 정정 마지막 날까지 메일도 안받으셔서 전화드렸는데 전화 이렇게 말도 없이 거는 거 아니라고 함. 전화 걸어서 공손하게 얘기했음에도 얘는 내가 한 일에 왜 딴지를 거나 라는 식으로 짜증냄. 결국 찾아가서 확인한 결과 잘못된 게 맞았고 미안하다는 말 한마디 없이 바꿔준다고만 함.,,,
1772333-014,https://everytime.kr/lecture/view/1772333,1772333,데이터베이스개론,김응모,26년 1학기 수강자,4,교수님 괜찮으시고 무난하게 듣기 좋은 수업. 교수님이 대답하라고 잔소리를 많이 하심,,,
1772333-015,https://everytime.kr/lecture/view/1772333,1772333,데이터베이스개론,김응모,25년 1학기 수강자,5,지피티 딸깍으로 학점 따긴 했는데 크게 얻어가는 건 없었음,,,
1772333-016,https://everytime.kr/lecture/view/1772333,1772333,데이터베이스개론,김응모,26년 1학기 수강자,5,수업은 좋다만 평가 공개가 없어 성적이 어떻게 갈린지 알 수 없음,,,
1772333-017,https://everytime.kr/lecture/view/1772333,1772333,데이터베이스개론,김응모,26년 1학기 수강자,3,교수님 호통치시는 거 귀여움 아직 성적은 안나왔지만 강의력 좋으심,,,
1772333-018,https://everytime.kr/lecture/view/1772333,1772333,데이터베이스개론,김응모,26년 1학기 수강자,5,교수님이 너무 귀여우시고 강의를 잘하셔서 내용 이해가 쉬움,,,
1772333-019,https://everytime.kr/lecture/view/1772333,1772333,데이터베이스개론,김응모,25년 1학기 수강자,3,대답하는 거 좋아하시는데 호통 너무 치셔서 피곤함,,,
1772333-020,https://everytime.kr/lecture/view/1772333,1772333,데이터베이스개론,김응모,26년 1학기 수강자,4,수업은 괜찮은데.. 학점이 랜덤이라는 평이 너무 많아서 두렵습니다.,,,
1772333-021,https://everytime.kr/lecture/view/1772333,1772333,데이터베이스개론,김응모,25년 1학기 수강자,4,생각보다 나쁘지 않음. 3점대 수업까진 아니라고 생각. 그러나 과목이 꽤 중요한 수업이라고 생각되니.. 날먹하고 싶으면 듣고 아니면 다시 고민해보라,,,
1772333-022,https://everytime.kr/lecture/view/1772333,1772333,데이터베이스개론,김응모,25년 1학기 수강자,4,수업은 편한데 내 시험점수도 모르고하니까 학점 납득이 잘 안될수있습니다,,,
1772333-023,https://everytime.kr/lecture/view/1772333,1772333,데이터베이스개론,김응모,25년 1학기 수강자,5,교수님이 강의를 열정적으로 해주십니다 꽤나 유익한 수업이에요,,,
1772333-024,https://everytime.kr/lecture/view/1772333,1772333,데이터베이스개론,김응모,25년 1학기 수강자,4,녹강이라 편한 걸 꼭 원한다면 들으세요 비대면 시험에 아무런 규정이 없어서 공부 한 사람이나 안 한 사람이나 변별 안 되네요 과제 같은 것도 없고 이론 중심이라 실무적으로 도움 되는 내용도 거의 없음,,,
1772333-025,https://everytime.kr/lecture/view/1772333,1772333,데이터베이스개론,김응모,25년 1학기 수강자,5,"너무 편한 수업입니다, 수업만 잘 듣고 문제만 몇번 풀어주면 좋은 점수 주시는거같아요",,,
1772333-026,https://everytime.kr/lecture/view/1772333,1772333,데이터베이스개론,김응모,25년 1학기 수강자,5,오픈북이라 공부 안 했더니 시험 개말아먹었어요.. LLM의 한계를 여실히 느꼈달까 졸업 할 때 되면 바뀌어 있겠져..? ㅠㅠ 국제어가 아니란 점에서 이미 훌륭한 수업이라고 생각합니다 ㅠ,,,
1772333-027,https://everytime.kr/lecture/view/1772333,1772333,데이터베이스개론,김응모,25년 1학기 수강자,3,과제도 없고 오픈북 시험이라 학기 중에는 정말정말 편했는데... 성적이 랜덤인 느낌입니다ㅜ,,,
1772333-028,https://everytime.kr/lecture/view/1772333,1772333,데이터베이스개론,김응모,25년 1학기 수강자,4,학점랜덤뽑기 성적 안알려주심 그냥 편하게들으려면 ㄱㄱ,,,
1772333-029,https://everytime.kr/lecture/view/1772333,1772333,데이터베이스개론,김응모,25년 1학기 수강자,3,알아서 공부 잘하고 알아서 시험 잘쳐야 함. 성적이 잘 안 나온다면 시험을 잘 못 봤다는 뜻으로 받아들여야 함.,,,
1772333-030,https://everytime.kr/lecture/view/1772333,1772333,데이터베이스개론,김응모,25년 1학기 수강자,5,"수업, 시험 모두 온라인입니다. 과제도 없습니다. 다만 요즘 llm이 너무 잘 돼있는지라 아무 감시 없는 온라인 시험이 변별력이 없다는 생각이 듭니다.",,,
1772333-031,https://everytime.kr/lecture/view/1772333,1772333,데이터베이스개론,김응모,25년 1학기 수강자,2,강의력은 좋으신데 성적 너무 짜요 중간에 알 수도 없고 이의제기도 못해서 그냥 울며 겨자먹기해야돼요,,,
1772333-032,https://everytime.kr/lecture/view/1772333,1772333,데이터베이스개론,김응모,25년 1학기 수강자,1,강의력 좋으신데 성적 랜덤박스 ㅋㅋ ㅈㄴ 열심히 공부했는데 비제뜸 걍 정하림교수님 자구알 들으시길 제발,,,
1772333-033,https://everytime.kr/lecture/view/1772333,1772333,데이터베이스개론,김응모,25년 1학기 수강자,5,온라인으로 모든걸 다 합니다. 시험 또한 온라인이고 따로 캠 배치 같은거도 없습니다. 개꿀입니다,,,
1772333-034,https://everytime.kr/lecture/view/1772333,1772333,데이터베이스개론,김응모,25년 1학기 수강자,5,그냥 편하게 온라인으로 수업 듣고 싶을 때 좋습니다 .. 과제도 없고 시험 두번으로 성적 나옵니다. 성적 이의신청은 받지 않으시니 그냥 학점은 받아들이시면 됩니다.,,,
1772333-035,https://everytime.kr/lecture/view/1772333,1772333,데이터베이스개론,김응모,25년 1학기 수강자,3,한 학기 편하지만 학점은 그렇지 못한 과목 A+ 컷이 중기말합 190이상 이라고 합니다..,,,
1772333-036,https://everytime.kr/lecture/view/1772333,1772333,데이터베이스개론,김응모,25년 1학기 수강자,3,ㅅ부 ㅜ 내 성적 왜이럼? 시험 지피티 써도 되는 개꿀이고 과제도 없음 중간기말 시험 답안 다 적어 냈고 모르는 것도 없었던 것 같은데 비제로 뜸 ㅈㄴ 의문 근데 다른 사람들도 상황이 비슷한 듯 성적 랜덤박스 킹 ㅜ,,,
1772333-037,https://everytime.kr/lecture/view/1772333,1772333,데이터베이스개론,김응모,25년 1학기 수강자,1,"수업 내용 자체는 얻어갈 게 많고 강의력도 좋으십니다. 하지만 중간고사와 기말고사 점수와 평균을 공개하지 않고, 공개되는 성적 정보는 성적공시기간에 뜨는 등급밖에 없습니다. 글융 기준으로 성적도 매우 짜게 주시는 편입니다. 시험은 온라인으로 치르고 오픈북입니다.",,,
1772333-038,https://everytime.kr/lecture/view/1772333,1772333,데이터베이스개론,김응모,25년 1학기 수강자,4,"공부는 열심히 했으나 성적을 잘 못 받아서 아쉬웠던 강의… 하지만 강의력 좋으시고, 데이터베이스에 대해서 배울 수 있어서 좋았어요. 하지만 성적이 짜긴 한 것 같아요 ㅠ….",,,
1772333-039,https://everytime.kr/lecture/view/1772333,1772333,데이터베이스개론,김응모,25년 1학기 수강자,5,"강의력 진짜 좋으시고 질문도 잘 받아주시고 문제도 답 딱 나오게 깔끔하심. 근데 족보에 답이 없어서 잘못풀고 공부하면 자기가 정답이라고 착각하고 성적이 낮게 나오는것 같음. 교안 바탕으로 공부하고 지피티랑 답 맞춰보고 친구들이랑도 맞춰봐야 되는데, 지피티는 멍청이라 오류 계속 말해줘서 오류없이 내 답을 관철시키면 됨. 성적도 나름 잘 주신거 같은데, 본인들이 시험 잘 봤다고 착각하고 성적에 의문 가지는 사람들은 객관적으로 생각해 봤으면 함. 아무튼 나는 에이쁠 받았고 이번학기 제일 만족한 수업임.",,,
1772333-040,https://everytime.kr/lecture/view/1772333,1772333,데이터베이스개론,김응모,25년 1학기 수강자,3,교수님 강의력이 좋은지도 모르겠고 시험 점수도 전혀 안 알려주셔서 내가 왜 이 성적을 받았는지 모르겠음,,,
1772333-041,https://everytime.kr/lecture/view/1772333,1772333,데이터베이스개론,김응모,25년 1학기 수강자,1,창융디 솦 버전.. 학점 랜덤박스 느낌에 2020년 강의 재탕이 별로였습니다 그래도 한 학기 내내 몸은 편했네요,,,
1772333-042,https://everytime.kr/lecture/view/1772333,1772333,데이터베이스개론,김응모,25년 1학기 수강자,1,Db와 sql에 대해서 많이 배울 수 있다. 그러나 시험 점수도 안알려주고 아캠 사험이랑 성적 평가 방식은 최악인듯.,,,
1772333-043,https://everytime.kr/lecture/view/1772333,1772333,데이터베이스개론,김응모,25년 1학기 수강자,3,"성적, 학점 왜 그렇게 나왔는지 아무도 모름. 한 학기 동안 강의만 들으면 되어서 마음은 편하지만.. 그리고 교수님 강의력도 나쁘지 않은데. 2020년 강의 재탕하는거부터 그냥 들을 가치가 없는 수업입니다.",,,
1772333-044,https://everytime.kr/lecture/view/1772333,1772333,데이터베이스개론,김응모,25년 1학기 수강자,4,학기가 널널해지는 효과가 있지만 딱히 배워가는 것도 없는 수업입니다. 적당히 공부하고 A 받았는데 어디가 잘못됐는지는 모르겠습니다. A+은 누가 받는지 궁금하네요...,,,
1772333-045,https://everytime.kr/lecture/view/1772333,1772333,데이터베이스개론,김응모,25년 1학기 수강자,4,과제가 없고 수업도 전면 온라인이라 편하지만 시험지랑 점수 확인이 불가해서 불편한 면이 있습니다. 족보랑 연습문제 위주로 잘 공부하면 될 것 같습니다.,,,
1772333-046,https://everytime.kr/lecture/view/1772333,1772333,데이터베이스개론,김응모,25년 1학기 수강자,1,시험성적 안알려줘서 성적 랜덤박스 돌리는 맛임 과제 없고 몸은 편하지만 시험은 gpt싸움이고 학점도 짠듯 그냥 JOAT,,,
1772333-047,https://everytime.kr/lecture/view/1772333,1772333,데이터베이스개론,김응모,25년 1학기 수강자,3,몸은 세상에서 제일 편한 강의 다만 그걸 대가로 많은 것을 내놓아야한다 일단 뭐 다른건 다 둘째치고 내 db 실력이 듣기 전후로 차이가 없는 것 같음,,,
1772333-048,https://everytime.kr/lecture/view/1772333,1772333,데이터베이스개론,김응모,25년 1학기 수강자,4,으어 쁠 짜다.. 시험 두번으로 갈리는 데 시험지 확인 없습니다 전애 들었던 친구 왈 쁠은 10%-15% 정도 주신다고 합니다 듣지 말걸 그랬어요 .. 열심히 했는데 연습문제는 오타 좀 있고 족보 구해도 답이 안나와있어서 내가 푸는 방향이 맞는지 확인도 안됩니다 응베게 재고해보세요.. B+~A0가 목표라면 무조건적으로 추천합니다 공부 좀 하고 지피티로 검토하면 에제는 나오는 듯하네요,,,
1772333-049,https://everytime.kr/lecture/view/1772333,1772333,데이터베이스개론,김응모,25년 1학기 수강자,2,성적을 안정적으로 받고 싶은 사람은 비추. 그냥 편하게 듣고 해치우고 싶은 사람한테만 추천.. 시험 딱 두 번 보고 맞았는지 틀렸는지도 안 알려줌. 문제는 항상 아리까리한 문제 + 오타나 오류 있는 문제 한 두 개씩 섞여나오는데 이걸로 변별되는 것 같음. 본인이 룰렛 돌리기를 좋아하면 들어볼만 함.,,,
1772333-050,https://everytime.kr/lecture/view/1772333,1772333,데이터베이스개론,김응모,25년 1학기 수강자,1,듣지마라. 성적 개짜다. 이정도로 짠 수업은 없다,,,
1772333-051,https://everytime.kr/lecture/view/1772333,1772333,데이터베이스개론,김응모,25년 1학기 수강자,1,다른 강평에서처럼 다른 분반 선택지가 있었다면 안들었을거임. 강위력도 별로고 시험도 문제가 매번 이상함. 채점도 어떻게 하는지 모르겠고 진짜로 공부 하나도 안하고 시험때 그냥 지피테 빨리 돌려서 써내는게 다임. 데이터베이스가 중요한 과목임에도 이런식으로 강의한다는게 말이 안됨. 방학때 다시 새로 공부할생각하니까 열받음,,,
1772333-052,https://everytime.kr/lecture/view/1772333,1772333,데이터베이스개론,김응모,25년 1학기 수강자,1,"온라인이라 편하다는 것 빼고, 수업의 질적 측면에서는 들을 가치가 없는 과목. 업로드되는 녹화 영상은 20년도, 강의 내용과 연습문제 답안은 매번 상충되는 내용이 존재하고, 시험은 온라인이면서 감독도 하지 않는 이상한 오픈북 형태가 되어버립니다. 그냥 다른 분반이 있었다면, 이 과목은 수강하지 않을 것 같습니다.",,,
1772333-053,https://everytime.kr/lecture/view/1772333,1772333,데이터베이스개론,김응모,25년 1학기 수강자,5,온라인과 시험 2번으로 끝나는 꿀과목 내용도 쉽다 sqld 자격증있으면 거의 다 아는 내용임,,,
1772333-054,https://everytime.kr/lecture/view/1772333,1772333,데이터베이스개론,김응모,25년 1학기 수강자,3,일단 학점이 안나와서 정확히는 모르지만 그냥 gpt싸움에 시험 몰빵인 기괴한느낌... 돌아가면 안 들을듯,,,
1772333-055,https://everytime.kr/lecture/view/1772333,1772333,데이터베이스개론,김응모,25년 1학기 수강자,5,무난무난함..! 아캠시험이 좀...ㅋㅋ gpt대전임,,,
1772333-056,https://everytime.kr/lecture/view/1772333,1772333,데이터베이스개론,김응모,25년 1학기 수강자,5,부담 없어서 좋았고 교수님 설명도 이해하기 쉽습니다,,,
1772333-057,https://everytime.kr/lecture/view/1772333,1772333,데이터베이스개론,김응모,25년 1학기 수강자,5,"온라인으로 진행되었으며 과제가 없어 부담이 굉장히 적었고, 교수님의 강의력이 매우 좋으셔서 한 학기 동안 많은 것을 배워갈 수 있었습니다!!",,,
1772333-058,https://everytime.kr/lecture/view/1772333,1772333,데이터베이스개론,김응모,25년 1학기 수강자,5,전체적으로 만족하는 수업이었습니다. 좀 수업이 오래된듯,,,
1772333-059,https://everytime.kr/lecture/view/1772333,1772333,데이터베이스개론,김응모,25년 1학기 수강자,5,수업이랑 시험이 둘 다 온라인인게 너무 편함 무조건 이 교수님 수업 듣길 잘한듯 학점은 나와봐야 알듯,,,
1772333-060,https://everytime.kr/lecture/view/1772333,1772333,데이터베이스개론,김응모,25년 1학기 수강자,5,교수님 강의력 좋으시고 과제도 없어서 부담 없이 들을 수 이ㅛ습니다!,,,
1772333-061,https://everytime.kr/lecture/view/1772333,1772333,데이터베이스개론,김응모,25년 1학기 수강자,5,수업이랑 시험 다 온라인이라 편한게 크다 다만 시험 두번으로 갈리는데 중간 기말 각각 점수를 모름,,,
1772333-062,https://everytime.kr/lecture/view/1772333,1772333,데이터베이스개론,김응모,25년 1학기 수강자,5,시험에 대한 부담이 적은편이라 마음이 편함. 교안과 연습문제등을 미리 잘 다운 받아놓길 아주아주 권장함,,,
1772333-063,https://everytime.kr/lecture/view/1772333,1772333,데이터베이스개론,김응모,25년 1학기 수강자,5,수업과 시험 모두 온라인이라 부담이 적어요..,,,
1772333-064,https://everytime.kr/lecture/view/1772333,1772333,데이터베이스개론,김응모,25년 1학기 수강자,4,"내용이 그렇게 쉽지만은 않습니다! 교수님 강의력은 진짜진짜 좋아요 그리고 귀여우세요,,,,,",,,
1772333-065,https://everytime.kr/lecture/view/1772333,1772333,데이터베이스개론,김응모,24년 1학기 수강자,5,과제 없고 시험2번만 온라인으로 봐서 편해요. 근데 시험 점수 공지를 안하셔서 성적공시때 스릴 있습니다.,,,
1772333-066,https://everytime.kr/lecture/view/1772333,1772333,데이터베이스개론,김응모,25년 1학기 수강자,4,온라인강의에 온라인시험이라 완전편합니다 과제도 없어서 중기말 몰빵…,,,
1772333-067,https://everytime.kr/lecture/view/1772333,1772333,데이터베이스개론,김응모,24년 1학기 수강자,5,강의 잘하십니다 다만 강의 교안 매주 미리 받아놓으시는 것을 추천합니다,,,
1772333-068,https://everytime.kr/lecture/view/1772333,1772333,데이터베이스개론,김응모,24년 2학기 수강자,4,직접 db를 다뤄보고 싶으신 분들은 비추. 교수님께서 열정적이셔서 수업은 좋습니다. 근데 아직 20년 강의를 사용하시는...,,,
1772333-069,https://everytime.kr/lecture/view/1772333,1772333,데이터베이스개론,김응모,25년 1학기 수강자,5,"온라인으로 들었는데, 이해하기 쉽게 잘 가르쳐주십니다 저는 SQLD를 따고 들었는데, 기본적인 개념만 나오니 겁먹지 않으셔도 될것 같습니다~ 온라인으로 들었는데 시험도 온라인입니다",,,
1772333-070,https://everytime.kr/lecture/view/1772333,1772333,데이터베이스개론,김응모,25년 1학기 수강자,5,강의 잘하십니다! 다만 교안 미리 받아놓는거 추천드려요,,,
1772333-071,https://everytime.kr/lecture/view/1772333,1772333,데이터베이스개론,김응모,25년 1학기 수강자,5,수업 나쁘지 않아요 설명도 쉽게 잘해주세요 아직까지 과제가 없어서 좋아요,,,
1772333-072,https://everytime.kr/lecture/view/1772333,1772333,데이터베이스개론,김응모,24년 1학기 수강자,5,점수를 안알려주시고 갠적으론 잘 본 것 같은데 은근 성적이 안나와서 아쉬웠습니다 과제도 없고 깔끔해요,,,
1772333-073,https://everytime.kr/lecture/view/1772333,1772333,데이터베이스개론,김응모,24년 1학기 수강자,5,교수님의 강의력이 정말 좋으십니다. 최고에요ㅔ,,,
1772333-074,https://everytime.kr/lecture/view/1772333,1772333,데이터베이스개론,김응모,24년 1학기 수강자,5,최고의 강의! 부담 전혀 없습니다 족보 꼭 구하세요,,,
1772333-075,https://everytime.kr/lecture/view/1772333,1772333,데이터베이스개론,김응모,24년 1학기 수강자,4,과제 하나도 없고 오직 동영상 강의 출석 여부와 중간 기말 시험 두 번으로 모든 게 갈린다... 시험 문제 개수도 많지 않기 때문에 한 문제 한 문제가 매우 중요함. 미리미리 공부하는 것을 추천...,,,
1772333-076,https://everytime.kr/lecture/view/1772333,1772333,데이터베이스개론,김응모,24년 1학기 수강자,5,교수님 강의력 좋으시고 귀여우십니다. 근데 이해하고 문제 풀기가 꽤 어려운 것 같아요 전 중간은 족보 없이 하다가 대차게 망했고 기말은 잘 본 것 같은데 (점수는 둘 다 안 알랴주십니다) 비쁠 나왔어요. 족보 구해서 여러 문제 풀어보시는 걸 추천드립니다,,,
1772333-077,https://everytime.kr/lecture/view/1772333,1772333,데이터베이스개론,김응모,24년 1학기 수강자,4,과제 없고 설명 잘해주셔서 좋은데 시험 성적 하나도 안 알려주시고 B0 받았어요..^^ 인생 첫 비제로... 족보 풀어보시고 연습문제도 꼼꼼히 보세요 친구들이랑 같이 답 맞춰보면서 푸는게 좋을듯 전 친구없어서 족보풀때부터 틀리게풀었는데 몰랐던 거 같아요,,,
1772333-078,https://everytime.kr/lecture/view/1772333,1772333,데이터베이스개론,김응모,24년 1학기 수강자,5,학점이 많이 짭니다. 평소에 편하지만 시험은 매우 잘봐야 합니다.,,,
1772333-079,https://everytime.kr/lecture/view/1772333,1772333,데이터베이스개론,김응모,24년 1학기 수강자,3,과제도 없고 강의력도 좋으심. 시험은 오픈북이고 족보랑 꽤 비슷하게 출제되는데 성적을 안 알려주신다,,,
1772333-080,https://everytime.kr/lecture/view/1772333,1772333,데이터베이스개론,김응모,24년 1학기 수강자,4,"강의력은 정말 좋으신데 제가 응용력이 부족해서 학점은 잘 나오진 않았어요. 원래 DB에 관심이 많다고 하면 재밌게 들을 수 있을 것 같아요. 족보랑 비슷한 문제도 꽤 나왔고 시간 분배 잘해서 푸시길. 과제 없고 팀플 없고 중간 기말 몰빵인데, 중간 기말 점수를 안 알려주셔서 학점 예측이 안 된다는 게 단점입니다.",,,
1772333-081,https://everytime.kr/lecture/view/1772333,1772333,데이터베이스개론,김응모,24년 1학기 수강자,4,"강의력 좋으시고 과제도 없음 연습하라고 문제만 주심. 꿀강이었지만 cl 과목이었고 이쪽 머리가 좋진 않아서 학점은 별로였음. 그래도 수업 내용은 재밌었고 교수님께서 열정을 다해 가르치셨다. 학생들 집중도도 높았던 것 같음 시험은 꼭 족보 풀어보길, 거의 비슷하게 나옴",,,
1772333-082,https://everytime.kr/lecture/view/1772333,1772333,데이터베이스개론,김응모,24년 1학기 수강자,5,온라인인데 과제도 하나 없다니 이렇게 꿀강일 수가 없다 심지어 내용도 재미있다 시험 성적으로 모든 것이 결정되는 게 부담스러웠지만 족보 사서 참고하니 겹치는 문제가 많아서 생각보다 수월했다 꽤나 실수도 한 것 같은데 에이쁠 주신 거 보면 애들이 생각보다 공부를 안하는 것 같기도,,,
1772333-083,https://everytime.kr/lecture/view/1772333,1772333,데이터베이스개론,김응모,24년 1학기 수강자,5,"노 과제, 중간 기말로만 승부. 시험지 온라인으로 받고, 정해진 시간동안 알아서 풀고 제출하는 스타일",,,
1772333-084,https://everytime.kr/lecture/view/1772333,1772333,데이터베이스개론,김응모,24년 1학기 수강자,5,오로지 시험 두번 끝 온라인 강의 학점은 잘 안주시는듯ㅠ,,,
1772333-085,https://everytime.kr/lecture/view/1772333,1772333,데이터베이스개론,김응모,24년 1학기 수강자,4,"수업에 정말 열정적이십니다! 학생들이 수업 안 듣고 딴짓하면 뭐라 하시구 자꾸 대답을 유도하셔요! 중간, 기말, 출석으로 평가하시구 과제는 따로 없습니다. 성적은 잘 받았지만 중간, 기말 시험 점수를 안 알려주셔서 별 하나 깎습니닷 아 그리고 시험 형식은 중간 기말 모두 온라인으로 파일하나 올려주시고 시간내로 제출하는 형식입니다!",,,
1772333-086,https://everytime.kr/lecture/view/1772333,1772333,데이터베이스개론,김응모,24년 1학기 수강자,5,시험 성적을 안알려주시는게 단점이지만 꿀강을 찾으시는 분은 무조건 강추!! 노과제 온라인 녹강 온라인 노캠 시험... 말이 더 필요한가,,,
1772333-087,https://everytime.kr/lecture/view/1772333,1772333,데이터베이스개론,김응모,24년 1학기 수강자,5,에쁠받긴 했지만 이유는 모르겠는 .. 수업입니다. 과제도 없어서 그냥 가볍게 듣기 좋았습니다. 녹화영상에서 자꾸 화내시긴 합니다.,,,
1772333-088,https://everytime.kr/lecture/view/1772333,1772333,데이터베이스개론,김응모,24년 1학기 수강자,5,"교수님이 너무 귀여우십니다. 강의하다가 막 화내셔욬ㅋㅋㅋㅋㅋㅋㅋㅋㅋㅋㅋㅋ 다른 분들은 모르겠지만 저는 A+ 받았습니다! 교수님의 단점은 중간 기말 성적을 안 알려주십니다. 꿀팁하나 드리겠습니다. 기출을 푸시는데, 남들이 틀릴 거 같은 문제가 꼭 있습니다. 이거 맞추시면 A+ 받아가십니다.",,,
1772333-089,https://everytime.kr/lecture/view/1772333,1772333,데이터베이스개론,김응모,24년 1학기 수강자,5,그냥 포기하냐 안하냐에 갈리는 것 같아요 포기하면 학점 후루루 내려가는 것 같은데 공부하면 또 시험은 할만한 정도에요 잘 가르치시고 연습문제랑 결이 거의 비슷합니다,,,
1772333-090,https://everytime.kr/lecture/view/1772333,1772333,데이터베이스개론,김응모,24년 1학기 수강자,4,공부를 미리 안 하면 내용이 좀 많다는 것 빼고는 좋았습니다! 과제 없이 시험 두 번으로 학점이 결정되므로 듣기에 부담은 없습니다.,,,
1772333-091,https://everytime.kr/lecture/view/1772333,1772333,데이터베이스개론,김응모,24년 1학기 수강자,4,과제 없고 시험 두번으로 결정이 나서 학기중엔 편하지만 성적을 알려주지 않아서 불안합니다,,,
1772333-092,https://everytime.kr/lecture/view/1772333,1772333,데이터베이스개론,김응모,24년 1학기 수강자,4,지금 24년도지만 20년 강의를 올려주시는. 100% 녹화강의이고 과제 1도 없고 중간 기말만 있음. 교수님이 연습문제랑 답도 올려주고 시험도 비슷하게 나옴. 꿀 과목이긴 하나 자신이 열정이 없다면 남는 건 없다... 실제 DB를 만지고 싶은 사람은 다른 교수님 들으시길. 들이는 시간 없이 학점 쉽게 받고싶다면 듣기. 20년도 강의지만 강의력은 좋다. 쉽고 재밌게 설명해줌! QA게시판 답변이 정말 쿨하셔서 신선했음.,,,
1772333-093,https://everytime.kr/lecture/view/1772333,1772333,데이터베이스개론,김응모,24년 1학기 수강자,5,과제 없고 시험 2번만 보면 됨. 족보사서 풀면 학점도 잘 받을 수 있을듯,,,
1772333-094,https://everytime.kr/lecture/view/1772333,1772333,데이터베이스개론,김응모,23년 2학기 수강자,5,과제가 전혀 없어서 매우 매우 편합니다 대신 시험 몰빵이라 시험을 잘 봐야합니다,,,
1772333-095,https://everytime.kr/lecture/view/1772333,1772333,데이터베이스개론,김응모,24년 1학기 수강자,4,최고의 데이터 베이스 수업 과제 없이 중간 기말 2번의 시험으로 결정된다 배우는 내용도 많지 않고 설명도 깔끔하다 응 GOAT,,,
1772333-096,https://everytime.kr/lecture/view/1772333,1772333,데이터베이스개론,김응모,24년 1학기 수강자,5,2학년 1학기에 들은 수업 중 탑2에 드는 과목. 진짜 엄청 알차게 배워 갑니다. 학점은 아직 안 받아봐서 모르겠는데 공부에 열정이 있으시면 추천합니다. 교수님도 귀여우시고 재밌어요.,,,
1772333-097,https://everytime.kr/lecture/view/1772333,1772333,데이터베이스개론,김응모,24년 1학기 수강자,4,교수님 열정적인 거 같습니다!! 진짜 진도 빨리 나가시고 공부할내용이 많아여!! 컴공 전공 아닌분들은 공부을 진짜!! 2배로 해야할꺼같아여!! 저는 딸라가기 힘들었어용ㅠㅠㅠㅠㅠㅠ,,,
1772333-098,https://everytime.kr/lecture/view/1772333,1772333,데이터베이스개론,김응모,24년 1학기 수강자,4,나쁘지않음 근데 혼자서 열심히 해야됨 출석도 적당히 중요하고 교수님이 수업때 알려주시는것도 중요하지만 무엇보다도 족보를 자세히볼것,,,
1772333-099,https://everytime.kr/lecture/view/1772333,1772333,데이터베이스개론,김응모,23년 1학기 수강자,4,수업 자체는 재밌고 배운 것도 많았는데 중간 기말 점수를 하나도 안 알려주셔서 성적에 대한 의문이 남음,,,
1772333-100,https://everytime.kr/lecture/view/1772333,1772333,데이터베이스개론,김응모,24년 1학기 수강자,4,교수님 자체는 좋고 강의력도 좋아요 다만 성적이 짜다고 들었는데 과연..,,,
488935-001,https://everytime.kr/lecture/view/488935,488935,운영체제,서의성,26년 1학기 수강자,4,한번 놓치면 망함 그다음 이해가 안됨 운영체제 책으로 독학해도 ㄱㅊ은듯 출튀해도 ㄱㅊ 프로그래밍 과제는 ai ㅆㄱㄴ,,,
488935-002,https://everytime.kr/lecture/view/488935,488935,운영체제,서의성,26년 1학기 수강자,5,강의력 너무 좋으시고요 과제인 xv6 프로젝트 하다가 대머리가 될 수 있긴 합니다 중간 기말 시험보단 과제로 성적이 갈릴 여지가 있음,,,
488935-003,https://everytime.kr/lecture/view/488935,488935,운영체제,서의성,25년 2학기 수강자,4,교수님이 재밌고 친절하게 잘 알려주심. 근데 너무 어렵고 과제를 진행하는데 어려움이 있음....그것만 빼면 괜찮습니다.,,,
488935-004,https://everytime.kr/lecture/view/488935,488935,운영체제,서의성,25년 2학기 수강자,5,교수님이 설명을 너무 잘하세요.. 운체는 꼭 서운체 들었으면 대신에 녹화영상은 따로 안올리셔서 녹음본으로 정리하거나 본 수업시간에 잘 들어야합니다 시험은 수업 잘 듣고 공부 열심히하면 잘 볼 수 있게 출제하시는거 같아요,,,
488935-005,https://everytime.kr/lecture/view/488935,488935,운영체제,서의성,26년 1학기 수강자,5,"내용이 많고 어렵다고 느껴질 수 있어요. 출석 반영은 안 하고 최소 일수만 채우면 돼요. 과제는 프로젝트만 있고, 총 4번 필수로 제출해야 했어요. 복습만 잘 하면 시험은 어렵지 않은 편인 것 같아요.",,,
488935-006,https://everytime.kr/lecture/view/488935,488935,운영체제,서의성,26년 1학기 수강자,5,"교수님이 아주 열정적으로 잘 강의해주십니다. 내용 자체는 기존의 전공들을 종합해서 조금 더 심화 + 복습하는 느낌이라, 좀 이해하는 순간부터 괜찮습니다. 시험을 너무 쉽게 내셔서 변별이 잘 안되는 것 같습니다... 그래도 좋은 강의입니다!",,,
488935-007,https://everytime.kr/lecture/view/488935,488935,운영체제,서의성,26년 1학기 수강자,5,교수님이 수업을 너무 잘하십니다. 내용이 어려운데 이해하기 쉽게 설명해주십니다,,,
488935-008,https://everytime.kr/lecture/view/488935,488935,운영체제,서의성,26년 1학기 수강자,4,강의력 좋음. 질문 주고받는거 좋아하심. 교안은 그럭저럭 보고 공부할만함,,,
488935-009,https://everytime.kr/lecture/view/488935,488935,운영체제,서의성,26년 1학기 수강자,5,강의력 좋으시고 수업 재밌음 매주 안빠지고 수업만 들어도 그렇게 빡센편은 아님,,,
488935-010,https://everytime.kr/lecture/view/488935,488935,운영체제,서의성,25년 2학기 수강자,5,개념이 너무 어려워요 복습 필수임 교수님도 필기를 하신다기보다는 말로 설명하시는 스타일이셔서 그리고 과제가 꽤나 많이 어려움,,,
488935-011,https://everytime.kr/lecture/view/488935,488935,운영체제,서의성,26년 1학기 수강자,5,설명잘해주시는거같긴한데 개념자체가 수업한번에 이해하긴쉽지x,,,
488935-012,https://everytime.kr/lecture/view/488935,488935,운영체제,서의성,26년 1학기 수강자,4,교수님이 친절하게 설명해주심 근데 내용이 좀 어렵고 과제가 5개 있음,,,
488935-013,https://everytime.kr/lecture/view/488935,488935,운영체제,서의성,26년 1학기 수강자,5,강의력 좋음. 질문 주고받는거 좋아하심. 교안은 그럭저럭 보고 공부할만함,,,
488935-014,https://everytime.kr/lecture/view/488935,488935,운영체제,서의성,26년 1학기 수강자,5,배경 지식이 탄탄하지 않으면 수강을 후회할 수도 있음. (제가 그랬음) 하지만 강의력 좋으시고 수업이 교수님과 학생의 상호작용이 많아서 인상 깊음. 과제가 좀 많고 시간도 꽤 소요되는 듯.,,,
488935-015,https://everytime.kr/lecture/view/488935,488935,운영체제,서의성,26년 1학기 수강자,5,설명을 정말 잘해주십니다. 유익한 강의입니다.,,,
488935-016,https://everytime.kr/lecture/view/488935,488935,운영체제,서의성,26년 1학기 수강자,5,교수님께서 강의력이 좋으시고 수업 외적으로 컴퓨터공학도가 갖춰야할 지식 및 태도를 가르쳐주심,,,
488935-017,https://everytime.kr/lecture/view/488935,488935,운영체제,서의성,26년 1학기 수강자,4,교수님 강의력 좋으시고 상당히 재미있지만 분량이 너무 많아서 미리미리 복습 해야함,,,
488935-018,https://everytime.kr/lecture/view/488935,488935,운영체제,서의성,26년 1학기 수강자,3,교수님께서 재미있걱 설명을 잘 해주십니다. 근데 내용이 쉽지 않고 공부할 범위가 넓어서 어려운 것 같습니다,,,
488935-019,https://everytime.kr/lecture/view/488935,488935,운영체제,서의성,26년 1학기 수강자,5,수업 내용이 상당히 알차서 운영체제뿐만 아니라 시스템 전반적으로 이해가 깊어집니다,,,
488935-020,https://everytime.kr/lecture/view/488935,488935,운영체제,서의성,26년 1학기 수강자,4,강의력 엄청 좋다고해서 기대하면서 들었는데 막그정도까진.. 아닌 것 같아요 기본베이스가 있어야 이해하기 쉽습니다,,,
488935-021,https://everytime.kr/lecture/view/488935,488935,운영체제,서의성,26년 1학기 수강자,5,"영강이 다른 분반보다 진도가 느린 것 같아서 좋은 것 같은데 한국어 강의 들으셈 더 재밌고 쉽게 설맹해주심,,",,,
488935-022,https://everytime.kr/lecture/view/488935,488935,운영체제,서의성,25년 2학기 수강자,5,강의력 진짜 좋으심. 서운체가 최고다. 쁠을 채워주시는건지는 모르겠음. 과제가 빡세긴 합니다만 딸깍을 많이 한다면…그것보단 범위가 진짜 많음.,,,
488935-023,https://everytime.kr/lecture/view/488935,488935,운영체제,서의성,26년 1학기 수강자,5,개념을 항상 비유해서 설명해주시는데 그래서 기억이 잘 남 Concurrency -> 창조경제~~,,,
488935-024,https://everytime.kr/lecture/view/488935,488935,운영체제,서의성,26년 1학기 수강자,5,교수님 강의력 굿 수업 안졸고 들을 수 있음 재밋다 하지만 내용이 개많음 미리미리공부해둬라,,,
488935-025,https://everytime.kr/lecture/view/488935,488935,운영체제,서의성,26년 1학기 수강자,5,교수님은 정말 좋습니다. 강의도 아주 상세하고 내용도 흥미롭습니다.,,,
488935-026,https://everytime.kr/lecture/view/488935,488935,운영체제,서의성,26년 1학기 수강자,5,예습을 해야지 이해할 수 있습니다. 한국어 강의 수강을 추천드려요,,,
488935-027,https://everytime.kr/lecture/view/488935,488935,운영체제,서의성,26년 1학기 수강자,4,예습을 무조건 하고 가야 이해가 그나마 가는 수업입니다 그렇게까지 재밌다고는 못하겠어요,,,
488935-028,https://everytime.kr/lecture/view/488935,488935,운영체제,서의성,26년 1학기 수강자,5,수업에 매번 열정적이시고 질문도 잘 받아주셔요 수업이 재밌습니다,,,
488935-029,https://everytime.kr/lecture/view/488935,488935,운영체제,서의성,25년 2학기 수강자,5,설명 매우 잘해주시고 다른 강의평처럼 과제가 어렵긴 하나 ai 쓰면 충분히 해낼 수 있습니다. 마지막 과제는 다들 점수 많이 까여서 꼼꼼하게 하시는게 중요합니다.,,,
488935-030,https://everytime.kr/lecture/view/488935,488935,운영체제,서의성,25년 2학기 수강자,5,강의력이 좋으셨던게 기억에 남습니다 과제가 좀 어렵지만 본인뿐만 아니라 모두에게 어렵답니다,,,
488935-031,https://everytime.kr/lecture/view/488935,488935,운영체제,서의성,25년 2학기 수강자,4,과제 악명높은데 후반은 좀 대충하고 시험1등했더니 A+나옴 뭐가 중요한지 감이 안와서 필기하기 어려운데 다 중요하니까 걍 다 받아적으면 시험때 도움되는것같음 xv6 힘내십쇼,,,
488935-032,https://everytime.kr/lecture/view/488935,488935,운영체제,서의성,26년 1학기 수강자,5,출석체크 점수가 안들어가는 신기한 수업 교수님은 내 학교생활중 봤던 교수중에 원탑,,,
488935-033,https://everytime.kr/lecture/view/488935,488935,운영체제,서의성,25년 2학기 수강자,3,수업은 들으면 이해는 잘되는데 수업이 잘 안들려요.. 가까이서 들으려고 해도 자꾸 돌아다니셔서 슬펐네요,,,
488935-034,https://everytime.kr/lecture/view/488935,488935,운영체제,서의성,26년 1학기 수강자,4,수업을 제발 잘 들으세요 … 질문하면 설명도 잘해주심다 유익한 수업 굿,,,
488935-035,https://everytime.kr/lecture/view/488935,488935,운영체제,서의성,26년 1학기 수강자,5,교수님께서 강의력도 너무 좋으시고 학생들이랑 대화하면서 하는게 부담되긴했지만 이해는 더 잘되고 했던것같습니다.,,,
488935-036,https://everytime.kr/lecture/view/488935,488935,운영체제,서의성,25년 겨울 수강자,5,"교수님께서 강의력이 좋으셨고 어려운 운영체제 잘 이해해서, 미래에도 내용 잘 써먹을 것 같습니다. 과제는 xv6-riscv 로 진행했었는데, pa0, pa1, pa2 과제는 할 만했는데 pa3, pa4 로 갈수록 난이도가 급격히 올라갑니다.. 그래도 수업 듣고, C 언어를 잘 한다면 큰 문제는 없습니다. 시험은 수업에 충실하면 그렇게 어렵지 않습니다.",,,
488935-037,https://everytime.kr/lecture/view/488935,488935,운영체제,서의성,25년 2학기 수강자,5,"시험으로 변별되는 듯? 과제는 AI로 변별력을 좀 잃었고 그래도 AI 안 쓰고 만들려고 해보세요 교수님은 인터랙션 많이 해주시고, 개념의 모티베이션 주시고, 재밌게 수업 하심",,,
488935-038,https://everytime.kr/lecture/view/488935,488935,운영체제,서의성,25년 2학기 수강자,5,pdf ai한테 학습사켜서 혼자 공부 + 과제는 ai와 동기 찬스로 A+ 받아갑니다. 기말 범위가 너무 많은 관계로 미리미리 공부하세요,,,
488935-039,https://everytime.kr/lecture/view/488935,488935,운영체제,서의성,25년 2학기 수강자,3,시험 문제가 특정 단원에서만 나옴. 강의력도 좋은지 잘 모르겠음. 과제는 xv6고 힘들었음,,,
488935-040,https://everytime.kr/lecture/view/488935,488935,운영체제,서의성,25년 2학기 수강자,4,"이번 분반이 다들 잘해서 학점따기는 어려웠지만, 많이 배워갈 수 있습니다.",,,
488935-041,https://everytime.kr/lecture/view/488935,488935,운영체제,서의성,25년 2학기 수강자,5,제가 들은 전공중에 가장 재밌고 유익한 내용이였습니다. 운영체제의 개념들이 다른 과목 같이 공부하면서 도움되는 내용도 많았습니다. 시험은 솔직히 쉽습니다. 과제가 좀 빡센데 점수 낮게 받아도 어차피 평균도 비슷해서 너무 걱정하시지 않으셔도 되요. 녹화를 안해주시기 때문에 복습을 미루지말고 하시는게 좋습니다.,,,
488935-042,https://everytime.kr/lecture/view/488935,488935,운영체제,서의성,25년 2학기 수강자,5,"정말 재밌는 수업이었습니다. 학생들의 질문을 좋아하시고 스스로 생각해보는걸 권장하시는 분입니다. 수업 내용은 운영체제의 핵심적인 내용들을 다루어주십니다. 중간중간 교수님이 최신 운영체제 내용이나 개발자가 갖추어야 할 태도 등을 말씀해주시는데, 이것들이 정말 좋았습니다. 강의 녹화는 올려주시지 않으셔서 아쉬웠습니다. 그리고 시험에 객관식에서 여러개 고르는 문제는 정말 스트레스였습니다. 저는 중간은 잘봤지만 기말은 평균보다 조금 높았습니다. 다만 과제를 끝까지 잘 했기에 a+을 맞았다 생각됩니다. 과제와 시험 모두 잘 챙기시길 바랍니다.",,,
488935-043,https://everytime.kr/lecture/view/488935,488935,운영체제,서의성,25년 2학기 수강자,5,"중간 + 17 기말 + 29 으로 A+ 받았습니다. 제가 아마 A+ 마지노선 라인이 아닐까 생각해요 수업 자체는 너무 재밌었는데, 저는 바쁜 일이 있었어서 못들은 적도 많았어요. 수업시간에 안들으면 망한다 뉘앙스의 겁을 주시지만 그렇지는 않은것 같아요.",,,
488935-044,https://everytime.kr/lecture/view/488935,488935,운영체제,서의성,25년 2학기 수강자,3,2점을 뺀 이유는...기말에 갑자기 진도를 훅훅나가심.. 기말고사다가올수록 걍 하루에 두챕터씩나감. 그래서 중간범위의 약 2배가 기말범위라서 어이없었다 아마 시간이 상대적으로 많은 저학년들일수록 학점을 잘받지않았을까 싶다. 별개로 교수님은 친절하고 착하시다. 강의력엔 불만 x,,,
488935-045,https://everytime.kr/lecture/view/488935,488935,운영체제,서의성,25년 2학기 수강자,5,"운영체제를 서의성 교수님 수업으로 배워서 정말 다행이라는 생각이 듭니다 교수님이 재미있는 비유와 유머를 섞어가면서 추상적인 운영체제 개념을 설명하시는데 이해도 잘 되고 아마 시프나 컴구개 등등 잘 들으셨던 고학년 분들은 쉽게 따라갈 수 있을 거고 조금 복습하면서 따라가면 다른 분들도 쉽게 들을 수 있어요 과제는 xv6로 작은 운영체제 기능을 하나씩 구현하는 건데 횟수도 많고, gpt도 100% 해결해주지는 못해서 쉽지는 않습니다 pa0~pa4까지 5번이고, pa0, pa1은 거의 기본 설정 바꾸는 거라 큰 무리 없고 pa2도 하루 안엔 끝낼 수 있을 정도였어요 pa3랑 pa4는 나름 해서 제출했지만 감점받았고.. 뭔가 이것저것 건드려야 할 것도 많아서 어렵긴 해요 시험은 무난합니다 개념 위주로 출제가 되고, 교수님이 이 정도는 할 수 있어야 한다고 언급하신 계산 문제들 한 두 문제 그대로 나옵니다 그리고 교수님이 강조하시는 게 “이 모델의 문제점이 뭘까”, “os를 이렇게 설계하면 나중에 가서 어떤 장점이 있고 한계가 있을까”를 자주 물으시는데 이런 게 서술형으로 나오니 개념 위주로 스스로에게 설명하며 공부하시면 잘 풀 수 있어요 제 기준으론 학점도 잘 주신 것 같아서 강의력, 수업 난이도, 학점 등 모든 측면에서 모두 별 5개 이상의 수업이라 생각합니다!!",,,
488935-046,https://everytime.kr/lecture/view/488935,488935,운영체제,서의성,25년 2학기 수강자,5,"서의성 교수님의 운영체제는 체고입니다. 중간 +30 기말 +20 과제 만점-6 으로 A+ 받았습니다. 공부는 교수님 강의와 교안 위주로 했고, 시험에 복잡한 계산이나 지엽적인 문제를 안내시기 때문에 개념을 잘 이해하는 것만 해도 충분히 잘 볼 수 있는 것 같습니다. 과제는 하나에 사흘 정도 잡고 했습니다.",,,
488935-047,https://everytime.kr/lecture/view/488935,488935,운영체제,서의성,25년 2학기 수강자,5,과제가 좀 힘듭니다. 강의력 좋으셔서 수업만 잘 따라가도 따로 시험공부하지 않아도 됩니다.,,,
488935-048,https://everytime.kr/lecture/view/488935,488935,운영체제,서의성,25년 2학기 수강자,5,솦트 교수님 중 강의력 1등 이해하기 쉽고 재밌게 설명하십니다,,,
488935-049,https://everytime.kr/lecture/view/488935,488935,운영체제,서의성,25년 2학기 수강자,4,교수님의 설명이 본인과 잘 맞지않더라도 열심히 설명해주시기에 충분히 이런 부분에서 좋은 수업이다,,,
488935-050,https://everytime.kr/lecture/view/488935,488935,운영체제,서의성,25년 2학기 수강자,5,라디오 토크쇼 같아 재밌음 과제 어려움 명강은 맞는데 운체 관심 없어서.. 그냥 그랬음 증원이나 잘 되었으면,,,
488935-051,https://everytime.kr/lecture/view/488935,488935,운영체제,서의성,25년 1학기 수강자,5,강의력 최상 이거 듣고 시스템쪽 관심 갖게 됐습니다 과제가 좀 어렵긴 한데 점수 낮아도 시험 잘 보면 커버되는 수준인듯,,,
488935-052,https://everytime.kr/lecture/view/488935,488935,운영체제,서의성,25년 2학기 수강자,5,수업이 굉장히 밀도 높고 과제가 어렵지만 성실하게 수업들으묜 문제 없는 느낌,,,
488935-053,https://everytime.kr/lecture/view/488935,488935,운영체제,서의성,25년 2학기 수강자,5,강의력 좋으셔요 과제가 좀 어렵다만.. 추천합니다,,,
488935-054,https://everytime.kr/lecture/view/488935,488935,운영체제,서의성,25년 2학기 수강자,5,되게 열정젇이시고 강의력이 좋습니다. 추천합니다,,,
488935-055,https://everytime.kr/lecture/view/488935,488935,운영체제,서의성,25년 2학기 수강자,5,교수님이 재밌고 강의력이 엄청 좋으십니다. 분야까지 관심이 많은 분야였던터라 학교 와서 들은 과목 중 제일 재밌게 들었습니다.,,,
488935-056,https://everytime.kr/lecture/view/488935,488935,운영체제,서의성,24년 2학기 수강자,5,강의력 너무 좋고 시험도 열심히 공부하면 잘 볼 수 있어요 xv6는 화이팅,,,
488935-057,https://everytime.kr/lecture/view/488935,488935,운영체제,서의성,25년 2학기 수강자,5,"재밌고, 쉽게 설명해주시고, 그냥 강의력 goat 이다. 만약 이 수업을 듣는데 강의력이 별로라고 생각하는 사람이 있다면 그건 강의력의 문제가 아닌 당신의 이해력의 문제일 뿐이다..",,,
488935-058,https://everytime.kr/lecture/view/488935,488935,운영체제,서의성,25년 2학기 수강자,5,강의력 엄영익 교수님 다음으로 좋으신 것 같아요,,,
488935-059,https://everytime.kr/lecture/view/488935,488935,운영체제,서의성,25년 2학기 수강자,5,xv6 어렵긴 한데 교수님이 재밌스십니다 학생들이랑 소통 하려고 하시고 앞자리 앉으면 질문 많이 하시긴 해요,,,
488935-060,https://everytime.kr/lecture/view/488935,488935,운영체제,서의성,25년 2학기 수강자,5,교수님이 정말 재밌으십니다. 과제가 어렵습니다. 운영채제 goat,,,
488935-061,https://everytime.kr/lecture/view/488935,488935,운영체제,서의성,25년 2학기 수강자,5,재미있게 운영체제 수업을 들을 수 있어 좋았어요,,,
488935-062,https://everytime.kr/lecture/view/488935,488935,운영체제,서의성,25년 2학기 수강자,5,일단 재밌게 설명해주심. 강의력 goat라서 이해도 잘되고 흥미로윰,,,
488935-063,https://everytime.kr/lecture/view/488935,488935,운영체제,서의성,25년 2학기 수강자,5,다른 강의평처럼 강의력 좋으시고 중간중간 재밌는 비유나 이야기도 많이 해주셔서 재밌습니다‘,,,
488935-064,https://everytime.kr/lecture/view/488935,488935,운영체제,서의성,25년 2학기 수강자,4,양이 많긴 한데 강의력이 좋으셔서 잘 따라가기만 하면 .. xv6는 뭐 ..,,,
488935-065,https://everytime.kr/lecture/view/488935,488935,운영체제,서의성,25년 2학기 수강자,5,강의력 goat 과제는 무난하게xv6입니다,,,
488935-066,https://everytime.kr/lecture/view/488935,488935,운영체제,서의성,25년 1학기 수강자,5,"과제 어렵긴한데 시험이 정직하게 나와서 공부 열심히하면 한대로 나옵니다 중간 +2,30 기말 안나옴 과제 평범 에이쁠",,,
488935-067,https://everytime.kr/lecture/view/488935,488935,운영체제,서의성,25년 2학기 수강자,5,운체들을거면 이교수님 들으셈. 배워가는거 많고 수업도 재밋음. 다만 질문받기싫으면 일찍와서 미리 뒷자리잡아야함,,,
488935-068,https://everytime.kr/lecture/view/488935,488935,운영체제,서의성,25년 1학기 수강자,5,진짜 열심히했더니 A+주셨어요.. 시험은 강의시간 집중했으면 왠만큼 나오고 크게 머리 굴릴 필요는 없던 것 같아요 대신 과제가 진짜 진짜 어렵고 시간 많이 잡아먹습니다. 그래도 재밌었고 잘 배웠습니다,,,
488935-069,https://everytime.kr/lecture/view/488935,488935,운영체제,서의성,25년 2학기 수강자,5,쿨하심 출결 안보심 과제가 좀 빡세긴 함 재미있고 유머 있으시메,,,
488935-070,https://everytime.kr/lecture/view/488935,488935,운영체제,서의성,25년 1학기 수강자,5,잘 가르치심 공부 열심히하면 됨 과제는 좀 어려움,,,
488935-071,https://everytime.kr/lecture/view/488935,488935,운영체제,서의성,25년 2학기 수강자,5,수업이 기다려지는 강의입니다 강의 설명도 이해가 잘 되고 운체 이외의 여러가지 지식도 얻어갈 수 있습니다,,,
488935-072,https://everytime.kr/lecture/view/488935,488935,운영체제,서의성,25년 2학기 수강자,5,갓의성교수님 수업이너무재밋어요 아직 성적은 안나와봐서 모르지만열심히해보겟습니다,,,
488935-073,https://everytime.kr/lecture/view/488935,488935,운영체제,서의성,25년 2학기 수강자,5,수업들을땐 좀 어려워보였는데 다시 보면 생각보다 이해가 잘되는,,,
488935-074,https://everytime.kr/lecture/view/488935,488935,운영체제,서의성,25년 2학기 수강자,5,딱 한가지 아쉬운 점을 꼽자면 영상 녹화를 해주시지 않습니다ㅜ,,,
488935-075,https://everytime.kr/lecture/view/488935,488935,운영체제,서의성,25년 2학기 수강자,5,이 과목 자체가 분량도 많고 난도도 높은 편이지만 교수님 강의력이 뛰어나서 이해가 잘 가는 편입니다! 과제하고 배우는 내용이 많기 때문에 미리 공부하신다면 무리없이 잘 성적 받을 수 있습니다!,,,
488935-076,https://everytime.kr/lecture/view/488935,488935,운영체제,서의성,25년 1학기 수강자,5,수업 내용은 어려운데 여러 예시를 들면서 굉장히 열정적으로 수업해주십니다. 과제 내용은 어렵지만 다들 어려워하니 할만해요.,,,
488935-077,https://everytime.kr/lecture/view/488935,488935,운영체제,서의성,25년 1학기 수강자,5,설명을 잘해주십니다 여담이 많지만 시험은 개념 키워드 위주로 공부하시면 됩니다.,,,
488935-078,https://everytime.kr/lecture/view/488935,488935,운영체제,서의성,25년 2학기 수강자,5,강의 녹화 안 해주시는거랑 참여형 수업이 본인 스타일 아닌 분만 아니면 재밌을거 같아요,,,
488935-079,https://everytime.kr/lecture/view/488935,488935,운영체제,서의성,25년 1학기 수강자,4,수업은 도움되고 재미있지만 과제가 많고 어려워요,,,
488935-080,https://everytime.kr/lecture/view/488935,488935,운영체제,서의성,25년 1학기 수강자,5,서의성 교수님의 운영체제를 들을 수 있어서 영광이었습니다. 운영체제가 좋아졌어요.,,,
488935-081,https://everytime.kr/lecture/view/488935,488935,운영체제,서의성,25년 1학기 수강자,5,교수님 수업 잘하시고 재밌습니다. 판서가 조금 애매하긴 한데 좋은 수업같습니다!,,,
488935-082,https://everytime.kr/lecture/view/488935,488935,운영체제,서의성,25년 1학기 수강자,5,"이번 학기 가장 재미있게 들은 수업. 운영체제 과목이 정말 양도 많고 어렵기도 한데, 비유라던지 농담 같은 것들 섞어서 재미있게 그리고 이해하기 쉽게 설명해주심. 다만, 강의 저장을 안 해주시기에 수업 시간에 열심히 듣고, 클로바 노트로 녹음한 내용 글로 보면서 당일이나 최대한 빠른 시일내에 복습하면서 공부했음. 또한 내용이 어렵다보니 교수님 부차적인 설명을 많이 진행하시는데, 그 내용들은 교안에 안 적혀있어서 필기 부담이 좀 있었음. 과제는 그 유명한 XV6였고, 2주에 하나씩 총 6개가 존재하지만, PA0는 간단한 환경 설정 과제이고 PA5는 선택이라서 실질적으로는 4개라봐도 무방했음. PA1, PA2는 무난하게 할 수 있었지만, PA3, PA4는 시간 투자가 많이 필요했음. 악명높은 이유가 있긴한데, 컴구개에서 SPIKE 과제를 했었고 GPT가 XV6를 잘 이해하고 있어서인지 생각보다는 어렵지 않았음. (GPT가 XV6 각 파일마다의 담당 기능을 잘 알고있기에, 검색 용도로 사용하면 👍) 시험은 객관식, 용어, 주관식 문제가 출제되는데, 객관식 문제의 경우 각 문제당 5점이나 틀리면 5점이 감점되므로 (실질적으론 -10) 주의해야 함. 시험 문제는 매번 거의 새로 출제하시는 듯 했음. 기말과 PA4 점수는 공지하지 않으셨고, 일단 본인은 중간 분반 1등 & PA3까지 만점으로 A+ 받았음.",,,
488935-083,https://everytime.kr/lecture/view/488935,488935,운영체제,서의성,25년 1학기 수강자,5,Xv6 과제 양이 많긴 한데 그렇다고 못할 수준은 아닌 것 같습니다 다만 시험 기간을 제외하곤 내내 과제가 있는 느낌이라 이 부분에선 힘들게 느껴집니다 그래도 뒷부분 과제만 열심히 하면 시험 조금 못봐도 학점을 상당히 후하게 주시니까 끝까지 열심히 하는걸 추천드립니다! 또한 강의력은 단연코 최고십니다..!,,,
488935-084,https://everytime.kr/lecture/view/488935,488935,운영체제,서의성,25년 1학기 수강자,5,과제보다는 시험으로 갈리는 것 같아요. 과제는 미리미리 해서 평균보다 늘 높게 맞아야하고 배우는 양이 많으니 시험 준비도 미리 잘해놓으셔야 합니다. 과제 pa0부터 3까지 해서 60점인데 중간 점수 평균 +25이고 기말도 잘 본 것 같아서 a+ 받았습니다.,,,
488935-085,https://everytime.kr/lecture/view/488935,488935,운영체제,서의성,25년 1학기 수강자,5,"악명높은 xv6에 지레 겁 먹었지만 저는 되게 재밌게 했습니다 과제 나오고 한달 정도 시간 있는데 나오자마자 2-3일 투자해서 바로 해놓고 제출 전에 검토하는 식으로 했습니더 조교님들이 랩세션 열어주시는 데 사정 상 한번밖에 못갔는데 그 한 번은 도움 많이 됐습니다 시험은 과제가 어려워서인지 공부한다면 쉽게 느껴질 수 있는 난이도로 나옵니다 수업시간에 밑천이 드러날까봐 질문이나 대답도 잘 못했는데 돌아간다면 적극적으로 할 거 같아요 출결은 F기준만 아니면 체크 안하신다고 했던거 같아요 성적은 중간 평균 +20, 과제 75점 중 68점 (기말, pa4 성적 안나옴) 해서 에이쁠 나왔습니다 좀 애매하지 않나했는데 기말을 잘 본거 같아요 운체 들으실 거면 서운체 추천합니다 항상 수업시간이 기대됐던거 같아요 ㅋㅋㅋㅋㅋ 근데 국제어였으면 내용 자체가 어려워서 좀 고민할거 같네요 한국어 서운체면 강추드립니다",,,
488935-086,https://everytime.kr/lecture/view/488935,488935,운영체제,서의성,25년 1학기 수강자,4,다들 goat라고 하는데 그정도인지는 모르겠음 강의력도 분명 좋으시긴 하지만 애초에 과목이 어려워서 그런지 막 엄청 잘 이해가 되도록 설명하시는건 아님 앞부분 진도는 엄청 천천히 나가다가 뒷부분은 시간에 쫓기며 휘릭휘릭 나가고 한 챕터는 아예 시험 주간에 영상 올려서 알아서 보라고 하는데 막상 시험은 거기서 다나옴 수업 방식은 좋은 것 같음. 그냥 단순 강의식이었다면 많이 어려웠을 내용을 덕분에 잘 배울 수 있었던 것 같다. 다만 훌륭하신 티스토리 교수님들이 없었다면 난 포기했을 것,,,
488935-087,https://everytime.kr/lecture/view/488935,488935,운영체제,서의성,25년 1학기 수강자,5,"운영체제랑 과목이 어려운걸로 악명 높다는걸 알아서 많이 겁먹고 있었는데, 서교수님한테 배워서 정말 다행이라는 생각이 들었음. 다른 교수님은 어떨지 모르지만 어쨌든 교수님이 정말 잘 가르치신다는 건 확실함. 과제가 까다롭긴 하지만 오래 잡고있으면 못할건 절대 아님. 다만 시험기간이랑 과제 폭탄 겹칠때는 좀 힘들긴함. 시험은 생각보다 쉽게 나옴. 매번 공부한거만큼 시험 문제가 어렵게 안나와서 아쉬웠음. 출석은 부리시지도 않고 반영도 하지않을 거라고 하셨음.",,,
488935-088,https://everytime.kr/lecture/view/488935,488935,운영체제,서의성,25년 1학기 수강자,5,"PA 4개, 중간고사, 기말고사 모두 봅니다 강의 녹화는 없습니다",,,
488935-089,https://everytime.kr/lecture/view/488935,488935,운영체제,서의성,25년 1학기 수강자,4,예복습을 꾸준히 하면 강의 이해도 잘 되고 너무 좋은데 중간에 놓치면 따라가기 빡셉니다..,,,
488935-090,https://everytime.kr/lecture/view/488935,488935,운영체제,서의성,25년 1학기 수강자,5,"교수님 좋으심. 강의력 좋으시고 능력도 좋으심. 수업 분위기도 질문 자유로운 분위기라 분위기 좋음. 과목 자체가 암기가 좀 있지만, 진도를 빠르게 나가는 건 아니라 머리 아프지는 않음 과제는 xv6로 운영체제 기능 구현인데.. 과제 설명이 자세하게 잘 되어있어서, 어렵지만 할 수는 있음. 시험은 수업 내용에서 별로 벗어나지 않음.",,,
488935-091,https://everytime.kr/lecture/view/488935,488935,운영체제,서의성,25년 1학기 수강자,5,"강의 저장이 안 되는 것 빼고 다 goat. 그래서 책이랑 gpt에 의존하면서 공부함. 수업 정말 집중해서 꼼꼼하게 듣는 것 추천. 수업 내용이 90%는 책에 있는 내용이라 책 있는 게 좋음. xv6 어렵긴 한데, 운체는 안 들을 수 없는 과목이니... ㅎㅇㅌ",,,
488935-092,https://everytime.kr/lecture/view/488935,488935,운영체제,서의성,25년 1학기 수강자,5,강의력이 엄청 좋으십니다. 잘 알아듣게 설명해주세여 근데 과제가 좀 어렵긴 하나 할만해요,,,
488935-093,https://everytime.kr/lecture/view/488935,488935,운영체제,서의성,24년 1학기 수강자,5,"과제가 개어렵지만, 교수님께서 수업을 정말 잘하십니다. 인자하시고 수업 제일 열심히 들은듯",,,
488935-094,https://everytime.kr/lecture/view/488935,488935,운영체제,서의성,25년 1학기 수강자,5,"교수님의 명성이 괜히 만들어지지 않는다는 것을 매 수업 깨닫고 있습니다. 다양한 예시를 들어 설명해주셔서 이해가 쉽고, 학생들의 참여를 유도해서 집중이 잘됩니다. 처음에 되게 겁주시는데, 생각보다 베이스가 탄탄하지 않은 저도 수업 따라가기 수월했습니다",,,
488935-095,https://everytime.kr/lecture/view/488935,488935,운영체제,서의성,24년 2학기 수강자,4,영어면 듣지 마시고 한국어면 들으세요 xv6는 이제 다 해서 그것 때문에 이 교수님 안 들으실 필요는 없어요 교안은 자세하고 괜찮은데 강의 녹화가 안돼서 불편함,,,
488935-096,https://everytime.kr/lecture/view/488935,488935,운영체제,서의성,24년 1학기 수강자,4,강의 잘해주십니다 녹화영상 남겨주시면 여러번 봤을텐데 없어서 아쉽,,,
488935-097,https://everytime.kr/lecture/view/488935,488935,운영체제,서의성,24년 2학기 수강자,5,좋은수업이고 시험잘보면되는수업 대단히 어렵거나 하지도않고 교수님 설명 듣다보면 마법같이 이해됨 다만 너무 양이많아서 그냥 미리미리 이것만은 제발 미리미리 해야함 왠만해서 벼락치기하는데 이건 벼락치기하다가 개망함,,,
488935-098,https://everytime.kr/lecture/view/488935,488935,운영체제,서의성,23년 2학기 수강자,4,강의력은 좋으신 편임 시험에서 좀 갈리는 듯? 과제 뒤로갈수록 평균 확 떨어짐,,,
488935-099,https://everytime.kr/lecture/view/488935,488935,운영체제,서의성,24년 2학기 수강자,5,강의력 정말 조으시지만 저한테는 좀 많이 어려웠네요... 그래도 잘 하실수있어요,,,
488935-100,https://everytime.kr/lecture/view/488935,488935,운영체제,서의성,24년 2학기 수강자,4,교수님의 강의력이 정말 좋다고 생각했습니다 저는 좀 어려웠어요 ㅠ,,,
2840821-001,https://everytime.kr/lecture/view/2840821,2840821,컴퓨터구조개론,민동문,26년 1학기 수강자,5,솦 수업 GOAT. 덕분에 컴퓨터 구조에 대해 재밌게 알고 갑니다.,,,
2840821-002,https://everytime.kr/lecture/view/2840821,2840821,컴퓨터구조개론,민동문,26년 1학기 수강자,5,"마지막 프로젝트만 2인 팀플 있고 모두 개인 진행 시험 정보 많이 참고하세요, 중간고사 기준 많이 비슷했습니다",,,
2840821-003,https://everytime.kr/lecture/view/2840821,2840821,컴퓨터구조개론,민동문,26년 1학기 수강자,5,수업 내용이 쉽지만은 않지만 교수님 강의력이 좋으셔서 할만합니다.,,,
2840821-004,https://everytime.kr/lecture/view/2840821,2840821,컴퓨터구조개론,민동문,26년 1학기 수강자,5,무난무난한 강의 같습니다! 덕분에 한학기동안 많이 배웠습니다,,,
2840821-005,https://everytime.kr/lecture/view/2840821,2840821,컴퓨터구조개론,민동문,26년 1학기 수강자,5,"꼼꼼하게 알려주시고 배울게 많습니다. 1,2과제는 교재 문제 푸는 것이고 3번째 과제는 조별과제로 진행됩니다.",,,
2840821-006,https://everytime.kr/lecture/view/2840821,2840821,컴퓨터구조개론,민동문,26년 1학기 수강자,5,민동문 교수님 정말 많이 배웁니다. 사람이 어떻게 저렇게 완벽할수가있을까요? 그 뒤에 엄청 많은 노력이 있는 것 같아 존경합니다.,,,
2840821-007,https://everytime.kr/lecture/view/2840821,2840821,컴퓨터구조개론,민동문,26년 1학기 수강자,5,무난무난함 싸강이라 몸은편함 기본적인 자료구조 배울수있고 알고리즘 쪽에서 쓰이는게 많아서 유용할덧,,,
2840821-008,https://everytime.kr/lecture/view/2840821,2840821,컴퓨터구조개론,민동문,26년 1학기 수강자,5,정말 생각한 대학 강의의 표본 진짜 꼼꼼하게 알려주시고 양은 많아도 천천히 세세하게 나가셔서 복습하다 보면 다 이해돼요 강의를 너무 잘 들었어서 가능하면 국제어말고 한국어 수업으로 들으면 좋을거같아요,,,
2840821-009,https://everytime.kr/lecture/view/2840821,2840821,컴퓨터구조개론,민동문,26년 1학기 수강자,5,수업이 어렵긴 하지만 배우는게 많았습니다. 교수님이 잘 가르쳐 주십니다,,,
2840821-010,https://everytime.kr/lecture/view/2840821,2840821,컴퓨터구조개론,민동문,26년 1학기 수강자,5,강의가 매우 알차고 교수님께서 매우 열정적이십니다. 토픽 관련해서 중요한 최근의 정보들도 많이 알려주시는 거 같습니다.,,,
2840821-011,https://everytime.kr/lecture/view/2840821,2840821,컴퓨터구조개론,민동문,26년 1학기 수강자,5,강의 알차고 과제도 난이도 적당하면서 유익하다. 시험준비는 이상한 거 하지 말고 그냥 교재 문제 푸는 게 좋다.,,,
2840821-012,https://everytime.kr/lecture/view/2840821,2840821,컴퓨터구조개론,민동문,26년 1학기 수강자,5,최고의 수업입니다. 국제어 수업도 크게 문제 없습니다.,,,
2840821-013,https://everytime.kr/lecture/view/2840821,2840821,컴퓨터구조개론,민동문,26년 1학기 수강자,5,젊은 교수분이신데 정말 열의가 넘치시고 과제도 배운거 적당히 응용하면서도 verilog 맛보기할 수 있게 내주셔서 좋습니다. HW도 내주시는데 시험공부한다고 생각하면서 풀면 또 금방하고요. 수업도 재밌게 잘 해주시고 중간중간에 현업 얘기도 종종해주셔서 재밌었습니다,,,
2840821-014,https://everytime.kr/lecture/view/2840821,2840821,컴퓨터구조개론,민동문,26년 1학기 수강자,5,교수님이 영어를 잘하셔서 국제어 수업임에도 이해가 잘 됐습니다. 교안도 깔끔하고 과제나 HW도 부담되지 않는 정도입니다. 마지막 과제는 2인 1조로 진행되는데 팀원 구성 방식은 먼저 같이 하고 싶은 사람들 신청받고 랜덤입니다.,,,
2840821-015,https://everytime.kr/lecture/view/2840821,2840821,컴퓨터구조개론,민동문,26년 1학기 수강자,5,"교수님이 일단 강의력이 상당히 좋으시고, 학생들 한명한명 질문도 친절하게 받아주셔서, 어려운 과목임에도 불구하고, 편하고 재미있게 공부할 수 있었던 것 같아요!",,,
2840821-016,https://everytime.kr/lecture/view/2840821,2840821,컴퓨터구조개론,민동문,25년 2학기 수강자,5,"교안도 깔끔하고, 교수님도 열정있게 가르쳐주십니다",,,
2840821-017,https://everytime.kr/lecture/view/2840821,2840821,컴퓨터구조개론,민동문,26년 1학기 수강자,5,교수님께서 젊으시고 지루하지 않게 잘 가르쳐주십니다. 추천하는 강의입니다.,,,
2840821-018,https://everytime.kr/lecture/view/2840821,2840821,컴퓨터구조개론,민동문,26년 1학기 수강자,5,나쁘진 않은데 한국어 분반 들어서 그런지 펑균이 좀 높네요.. ㅎㅎ,,,
2840821-019,https://everytime.kr/lecture/view/2840821,2840821,컴퓨터구조개론,민동문,26년 1학기 수강자,4,"내용이 좀 어려운거 같지만, 잘 따라가시면 좋은 수업입니다",,,
2840821-020,https://everytime.kr/lecture/view/2840821,2840821,컴퓨터구조개론,민동문,26년 1학기 수강자,5,"강의력 좋긴 함. 3주차부터 이해 안되서 그냥 공부 미루고 있었는데, 과제 하느라 강제로 공부했음. 근데 개꿀임. 덕분에 시험 공부도 됨. 즉 과제가 베웠던 걸 복습하고 활용할 수 있게 출제됐음. 시험대비는 걍 에타 정보 보셈. 출석 5번까지 결석해도 됨ㅇㅇ",,,
2840821-021,https://everytime.kr/lecture/view/2840821,2840821,컴퓨터구조개론,민동문,25년 2학기 수강자,5,교수님 강의력이 너무 좋으시고 교안도 꼼꼼해서 내용파악하기 좋습니다,,,
2840821-022,https://everytime.kr/lecture/view/2840821,2840821,컴퓨터구조개론,민동문,26년 1학기 수강자,5,"강의력 좋으시고 진짜 과목에 열정이 있으면 배울게 많은 수업 같아요. 공부량은 다른 과목에 비해 많고, 중간고사도 어려운 편입니다. 출결은 5번까지 감점없고 과제도 적습니다.",,,
2840821-023,https://everytime.kr/lecture/view/2840821,2840821,컴퓨터구조개론,민동문,26년 1학기 수강자,5,"교수님이 강의력이 정말 좋으시고, 학생들의 질문도 항상 상세히 대답해 주십니다. 교안의 퀄리티 역시 좋아 얻어가는게 많은 강의입니다.",,,
2840821-024,https://everytime.kr/lecture/view/2840821,2840821,컴퓨터구조개론,민동문,26년 1학기 수강자,5,한국어 강의라 오히려 이해하기 더쉽고 교안도 좋고 교수님께서 질문도 친절하게 잘 받아주세요,,,
2840821-025,https://everytime.kr/lecture/view/2840821,2840821,컴퓨터구조개론,민동문,26년 1학기 수강자,5,성적도 최대비율로 주시고 수업에 신경 많이 쓰는 티가 난다. 이번학기 들으면서 가장 만족스러웠던 강의,,,
2840821-026,https://everytime.kr/lecture/view/2840821,2840821,컴퓨터구조개론,민동문,26년 1학기 수강자,5,교수님 강의력 좋으시고 과제도 많이 없어서 편합니다,,,
2840821-027,https://everytime.kr/lecture/view/2840821,2840821,컴퓨터구조개론,민동문,26년 1학기 수강자,5,교수님 강의력 너무 좋으십니다. 그리고 온라인 수업 아님에도 아캠에 오늘 강의 영상 올려주셔서 공부하기도 정말편합니다. 내용은 쉽진않지만 교수님 설명과 함께라면 ㄱㄴ합니다.,,,
2840821-028,https://everytime.kr/lecture/view/2840821,2840821,컴퓨터구조개론,민동문,26년 1학기 수강자,5,논리회로 + 컴퓨터구조. 논리회로는 예상 안하고 들었지만 강의 빼먹지 않고 잘 듣다보면 이해하기 아주 어려운 내용은 아님.,,,
2840821-029,https://everytime.kr/lecture/view/2840821,2840821,컴퓨터구조개론,민동문,26년 1학기 수강자,5,교수님이 친절하게 잘 설명해주십니다 국제어 수업이라 어렵다면 교안으로도 충분히 혼자 이해할 수 있는 수준입니다!,,,
2840821-030,https://everytime.kr/lecture/view/2840821,2840821,컴퓨터구조개론,민동문,26년 1학기 수강자,5,수업도 잘 가르치시고 열정이 있으십니다 좋습니다,,,
2840821-031,https://everytime.kr/lecture/view/2840821,2840821,컴퓨터구조개론,민동문,26년 1학기 수강자,5,매주 수업시간 전에 복습해가면 이해 잘됨 추천드림,,,
2840821-032,https://everytime.kr/lecture/view/2840821,2840821,컴퓨터구조개론,민동문,25년 1학기 수강자,5,강의력 좋으시고 잘 알려주십니다. 들으시는 걸 추천드려요,,,
2840821-033,https://everytime.kr/lecture/view/2840821,2840821,컴퓨터구조개론,민동문,26년 1학기 수강자,5,일단 교수님이 젊으십니다. 3대 중반 정도 되어 보이시는데 학교 다니실 때 기억이 생생하셔서 그런가 저희가 어디서 헷갈리고 어려운 지에 대한 니즈를 확실하게 알고 계십니다. 과제가 많지는 않지만 정말 훌륭한 과제들만 내 주십니다. 컴구개 들어야 하니까 이 교수님 수업 들으세요! 강추입니다,,,
2840821-034,https://everytime.kr/lecture/view/2840821,2840821,컴퓨터구조개론,민동문,26년 1학기 수강자,5,강의력 좋으심.그래도 내용은 좀 어려운것 같음,,,
2840821-035,https://everytime.kr/lecture/view/2840821,2840821,컴퓨터구조개론,민동문,24년 여름 수강자,5,좋아요좋아요좋아요좋아요좋아요좋아요좋아요좋아요좋아요좋아요좋아요좋아요좋아요좋아요좋아요좋아요좋아요좋아요좋아요좋아요좋아요좋아요좋아요좋아요좋아요좋아요좋아요좋아요좋아요좋아요좋아요좋아요좋아요좋아요좋아요좋아요좋아요좋아요좋아요좋아요좋아요ㅍ,,,
2840821-036,https://everytime.kr/lecture/view/2840821,2840821,컴퓨터구조개론,민동문,25년 2학기 수강자,4,"진짜 열심히 했는데 잘하는 사람이 너무 잘해서(평균이랑 상위 25프로 컷 차이가 높아요) 플젝 만점, 과제도 거의 만점인데 중기합 합해서 평균보다 1x점 잘봤는데 B+ 나오긴 했습니다",,,
2840821-037,https://everytime.kr/lecture/view/2840821,2840821,컴퓨터구조개론,민동문,25년 2학기 수강자,5,수업을 참 열정적으로 하십니다. 교수님이 귀여워요,,,
2840821-038,https://everytime.kr/lecture/view/2840821,2840821,컴퓨터구조개론,민동문,26년 1학기 수강자,5,강의가 진짜 알참.. 뭔가 전전 강의 듣는 느낌...? 그래서 새롭고 재밌었음,,,
2840821-039,https://everytime.kr/lecture/view/2840821,2840821,컴퓨터구조개론,민동문,25년 2학기 수강자,5,이 학과에서 들어본 교수님 중 가장 수업 준비를 잘하시고 강의력이 좋은 교수님이라고 생각합니다. 성적도 잘 주세요,,,
2840821-040,https://everytime.kr/lecture/view/2840821,2840821,컴퓨터구조개론,민동문,26년 1학기 수강자,5,강의 내용이 실제로 도움이 많이 될거 같다. 영어도 적당히 느린속도로 강의 하셔서 문제 없음,,,
2840821-041,https://everytime.kr/lecture/view/2840821,2840821,컴퓨터구조개론,민동문,25년 2학기 수강자,5,강의를 매주 올려주셔서 좋음. 근데 필기본도 올려주시긴 하는데 교수님 얼굴만 나와서 혼자 공부하기엔 좀 힘들수도있음.,,,
2840821-042,https://everytime.kr/lecture/view/2840821,2840821,컴퓨터구조개론,민동문,26년 1학기 수강자,4,영어 수업인데 영어를 막 잘하시진 않네요..그래서 그런지 한국어 수업 듣는 동기들이 강의력 칭찬하는 걸 잘 공감하진 못 하겠어요. 교수님은 착하셔서 좋아요.,,,
2840821-043,https://everytime.kr/lecture/view/2840821,2840821,컴퓨터구조개론,민동문,26년 1학기 수강자,4,강의가 체계적입니다. 그리고 간간히 산업과 관련된 이야기도 해주시는데 흥미로워요,,,
2840821-044,https://everytime.kr/lecture/view/2840821,2840821,컴퓨터구조개론,민동문,26년 1학기 수강자,5,한국어 강의로 들으면 훨씬 이해하기 좋은 것 같습니다 교수님께서 강의도 열정적으로 하십니다,,,
2840821-045,https://everytime.kr/lecture/view/2840821,2840821,컴퓨터구조개론,민동문,25년 2학기 수강자,4,친절하게 잘 설명해 주시는 것 같은데 저는 강의가 조금 지루했다고 생각합니다. 하지만 수업만 잘 들으면 시험 잘 볼 듯 성적도 너그럽게 주는 것 같음,,,
2840821-046,https://everytime.kr/lecture/view/2840821,2840821,컴퓨터구조개론,민동문,26년 1학기 수강자,4,영어가 조금 아쉽지만 강의력 좋으시고 최대한 자세하게 설명해주십나다. 질문도 잘. 받아주세요,,,
2840821-047,https://everytime.kr/lecture/view/2840821,2840821,컴퓨터구조개론,민동문,25년 2학기 수강자,4,영어가 아니었으면 훨씬 좋았을 것 같아요 질문하면 친절하게 받아주십니다 성적은 잘 주려고 하시는 듯 과제 부담은 거의 없음,,,
2840821-048,https://everytime.kr/lecture/view/2840821,2840821,컴퓨터구조개론,민동문,25년 2학기 수강자,5,교수님 강의력이 좋습니다. 나름 재밌게 들은 과목,,,
2840821-049,https://everytime.kr/lecture/view/2840821,2840821,컴퓨터구조개론,민동문,26년 1학기 수강자,5,정말 잘 가르쳐주십니다 수업에 진심입니다 수업 내용이 알차요,,,
2840821-050,https://everytime.kr/lecture/view/2840821,2840821,컴퓨터구조개론,민동문,26년 1학기 수강자,4,잘 가르쳐주십니다 다만 내용이 생소해서 어렵고 오프라인 강의는 스크린만 보여서 나중에 다시 볼 때 약간 불편해요,,,
2840821-051,https://everytime.kr/lecture/view/2840821,2840821,컴퓨터구조개론,민동문,26년 1학기 수강자,5,영어가 조금 아쉽지만 강의력은 좋으십니다 (3학점인데 일주일에 3시간보다 길게 수업하십니다),,,
2840821-052,https://everytime.kr/lecture/view/2840821,2840821,컴퓨터구조개론,민동문,26년 1학기 수강자,5,강의력 엄청 좋습니다 일반적인 컴구랑은 방향성이 좀 달라요 중간범위 - 논리회로 기말범위 - 컴푸터구조,,,
2840821-053,https://everytime.kr/lecture/view/2840821,2840821,컴퓨터구조개론,민동문,25년 2학기 수강자,5,교수님이 설명을 친절하게 잘 해주십니다 설명해주시는 내용들 필기 잘 해뒀다가 공부만 잘 해가면 좋은 성적 받아가실 수 있습니다,,,
2840821-054,https://everytime.kr/lecture/view/2840821,2840821,컴퓨터구조개론,민동문,25년 2학기 수강자,5,이때까지 들은 최고의 수업 중 하나. 성대에서 이정도의 수업을 해주실 수 있는 분이 몇 분이나 계실까... 계시더라도 이정도로 열정을 갖고 수업을 해주시는 분은 정말 없을 것이라고 확신할 수 있다. 당신이 열정만 있다면 이 수업은 당신에게 큰 도움이 될 것.,,,
2840821-055,https://everytime.kr/lecture/view/2840821,2840821,컴퓨터구조개론,민동문,25년 2학기 수강자,5,"컴구개는 그냥 이거 들으면 될 듯. 시험준비는 에타 시험정보 조회해서 하면 대부분 거기서 나옴. 교과서 읽으면 좋은데 굳이 교과서까지 읽지 않아도 된다고 느껴졌다. 대신 시간 날 때 Example문제는 풀어봐도 좋을 듯. 교안만 제대로 숙지해서 거기 나오는 그림 대부분 그릴 수 있고, 설명할 수 있다면 그것으로 충분하다. 과제는 Handout2개와 Verilog Project형 과제 3개가 나왔는데 Handout을 좀 꼼꼼하게 쓰는 게 좋을 것 같다. 시험도 마찬가지지만 뭔가 조금씩 감점된다. 영어도 잘하시고, 질문도 잘 받아주시고, 설명도 잘해주시고 이번 학기 들었던 강의 중 가장 좋았다.",,,
2840821-056,https://everytime.kr/lecture/view/2840821,2840821,컴퓨터구조개론,민동문,25년 2학기 수강자,5,"교수님은 정말 좋습니다! 과제는 3개이고 중간기말로 시험 두번 봅니다. 수업 영상 매번 올려주시고, 수업시간에 필기하신 피피티도 올려주셔서 좋습니다.",,,
2840821-057,https://everytime.kr/lecture/view/2840821,2840821,컴퓨터구조개론,민동문,25년 2학기 수강자,5,"내용이 쉬운 편은 아니지만, 강의외 교안이 깔끔하고 좋아서 열심히만 하면 따라갈 수 있음. 과제 2개 + 프로젝트 3개 나오는데 마지막 프로젝트 빼면 1시간클 가능함. 대신 중간 기말이 상당히 어려운 편임. 문제 수도 많은데 다 서술형이라서 개념이 확실하게 잡혀 있어야 함. 성적도 잘 주시고 내용도 유익해서 호감 강의였음.",,,
2840821-058,https://everytime.kr/lecture/view/2840821,2840821,컴퓨터구조개론,민동문,25년 2학기 수강자,5,"간단한 회로부터 시작해서 CPU가 어떻게 만들어지는지 배우는 수업입니다. 로우 레벨이라고 해봤자 *nix 커널 프로그래밍 정도나 해봤지 회로는 진짜 알못이라 어려웠습니다. 그럼에도 교수님이 강의도 잘 하시고, 쉬운 영어 쓰시고, 질문도 잘 받아주시고 해서 잘 공부할 수 있었습니다. 중간고사 때는 교과서에 있는 Example과 Exercise의 문제 풀고, Lecture Note의 회로 전부 다 그려보고 가면 되고요, 기말고사 때는 개념 정확하게 이해하고 가면 좋은 성적 받을 수 있습니다. 수업 중간에 이 회로 집에 가서 그려봐라, 이 표 나중에 채워봐라 하시는데 그런거 무조건 시험 문제로 나옵니다. 베릴로그 과제는 개념 이해에는 큰 도움이 되지만 쉽고 변별력 없습니다. 시험 잘 보는게 학점에는 가장 중요합니다. 교칙으로 F 받을 정도 아니면 출석 점수는 없습니다. 그런데 아이캠퍼스 녹화 영상에 교안이 안나와서 결석했을 때 동영상 보고 공부하기는 약간 까다롭습니다. 그래도 필기 노트도 같이 올려주셔서 좋았어요. 시험 문제 난이도도 적절하고 변별력 있다고 생각해요. 그리고 교수님이 자신이 줄 수 있는 최대 범위에서 학점 채워주려고 노력한다고 하시네요. 교수님, 수업, 시험 다 만족스러운 강의였습니다. 추천합니다.",,,
2840821-059,https://everytime.kr/lecture/view/2840821,2840821,컴퓨터구조개론,민동문,25년 2학기 수강자,5,교수님이 성적에 관대해요. 자기가 한것보다 점수 잘나오니까 학점미화됩니다.,,,
2840821-060,https://everytime.kr/lecture/view/2840821,2840821,컴퓨터구조개론,민동문,25년 2학기 수강자,5,교수님 강의력 너무 좋아요!! 중기말은 개념만 확실히 하면 점수 잘 받을 수 있어요. 학점 진짜 잘 주십니다,,,
2840821-061,https://everytime.kr/lecture/view/2840821,2840821,컴퓨터구조개론,민동문,25년 2학기 수강자,5,설명이 필요없는 명강의입니다. 시험은 교안을 전부 설명할 수 있을 정도로 공부해야 성적이 나옵니다.,,,
2840821-062,https://everytime.kr/lecture/view/2840821,2840821,컴퓨터구조개론,민동문,25년 2학기 수강자,5,교수님이 설명을 진짜 잘해주세요 다른 수업 들었을 때 이해 못했던 걸 바로 이해시켜주심ㅇㅇ 영어로 수업하시는 데도 되게 꼼꼼하게 설명해주셔서 그런지 내가 영어 못하는데도 뭔가 모국어처럼 들리는 마법. 질문도 자주 받으시니까 중간중간 모르는 거 있으면 편하게 물어보는 사람이 많음(이번 학기엔 한국어 질문도 허용하심) 시험은 조금 빡센데 과제나 프로젝트는 쉽고 점수도 비율 최대로 밎춰서 후하게 주시는 것 같아요,,,
2840821-063,https://everytime.kr/lecture/view/2840821,2840821,컴퓨터구조개론,민동문,25년 2학기 수강자,5,이번학기 최고의 강의엿어요! 교수님께서 강의력이 너무 좋으셔서 내가 하드웨어 설계에 재능이 있나?하고 착각이 들 정도에요 교수님의 이 분야에 대한 사랑이 느껴지고 학생들에게 이 재밋는 걸 어떻게 이해시키지 하고 많은 노력을 하세요!!,,,
2840821-064,https://everytime.kr/lecture/view/2840821,2840821,컴퓨터구조개론,민동문,25년 2학기 수강자,5,설명 자세하게 해주시긴 하는데 못 따라가는 사람은 그것도 의미가 없음. 플립러닝 방식이면 더 좋을 것 같음. 교수님은 쉽다고 하셔서 자괴감 생김. 시험이 서술형이라서 최대한 구체적으로 적는게 좋음. 출결은 크게 신경 안 쓰시고 5번까지 결석 허용함.,,,
2840821-065,https://everytime.kr/lecture/view/2840821,2840821,컴퓨터구조개론,민동문,25년 2학기 수강자,4,깔끔. 내용이 꽤 방대하고 어려우나 교수님이 천천히 쉽게 설명해주셔서 수업만 잘 들으면 이해할 수 있음 시험은 난이도가 좀 높음,,,
2840821-066,https://everytime.kr/lecture/view/2840821,2840821,컴퓨터구조개론,민동문,25년 1학기 수강자,5,"'컴퓨터구조개론'이라는 과목을 가장 잘 설명한 수업이 있다면, 이 교수님의 수업이 단연 최고지 않을까 싶습니다. 수업 자료와 더불어 설명 또한 출중하여, 허투루 넘어가 학생들의 이해를 방해하는 단점이 거의 없습니다. 다만 공부량이 많기 때문에 어느정도 감수하셔야 합니다. 시험은 지엽적으로 내지 않고, 배운 내용의 대부분을 '이해했는가?'수준으로 물어봅니다. 과제는 무난한 수준으로, 수업 내용을 이해하기 좋게 구조가 잘 짜여있습니다. 난도는 높지만, 성적은 꽤 잘 주십니다 날먹 하실 분들은 듣지 마시고, 제대로 공부하고 싶으신 분들은 꼭 들으시길 추천드립니다",,,
2840821-067,https://everytime.kr/lecture/view/2840821,2840821,컴퓨터구조개론,민동문,25년 2학기 수강자,5,"교수님이 열정적 이시지만 이거 너무 쉽죠? 할때 너무 슬픔 개인의 역량 부족이긴 한데, 하나도 못 따라가겠음",,,
2840821-068,https://everytime.kr/lecture/view/2840821,2840821,컴퓨터구조개론,민동문,25년 2학기 수강자,5,교수님이 열정적으로 가르쳐주심 논리회로와 시프랑 내용이 겹치는 게 많아서 같이 들으면 공부량 경감에 큰 도움이 됨,,,
2840821-069,https://everytime.kr/lecture/view/2840821,2840821,컴퓨터구조개론,민동문,25년 2학기 수강자,4,I hope he includes the slides in his lecture videos except he explains quite good,,,
2840821-070,https://everytime.kr/lecture/view/2840821,2840821,컴퓨터구조개론,민동문,25년 2학기 수강자,5,교수님이 되게 젊으시고 학생들 편의를 봐주려는게 느껴져서 정말 좋습니다! 수업에도 되게 열정적이신것 같아요,,,
2840821-071,https://everytime.kr/lecture/view/2840821,2840821,컴퓨터구조개론,민동문,25년 2학기 수강자,5,정말 대단하신 교수님입니다! 교안도 정말 좋고 잘 설명해주십니다!!,,,
2840821-072,https://everytime.kr/lecture/view/2840821,2840821,컴퓨터구조개론,민동문,25년 2학기 수강자,5,강의 내용이 너무 많지만 교수님이 친절하게 알려주십니다,,,
2840821-073,https://everytime.kr/lecture/view/2840821,2840821,컴퓨터구조개론,민동문,25년 2학기 수강자,4,수업 내용이 너무 방대하고 어려워서 따라가기 힘들지만 교수님은 열정 있게 가르쳐 주시고 질문도 많이 받음. 본인이 따로 공부를 많이 해야함,,,
2840821-074,https://everytime.kr/lecture/view/2840821,2840821,컴퓨터구조개론,민동문,25년 2학기 수강자,5,교수님께서 열정이 넘치십니다. 과제도 부담 없어서 좋아요!,,,
2840821-075,https://everytime.kr/lecture/view/2840821,2840821,컴퓨터구조개론,민동문,25년 2학기 수강자,5,"과목 난이도가 어느 정도 있다고 느껴졌음. 특히, 프로젝트 3개도 그렇고 시험도 그렇고 상당히 해결하는 데 어려웠음. 시험은 진짜 광범위하게 나오고, 양도 많으니 웬만한 그림 다 그릴 수 있어야 하고, 개념들도 전부 외워야 함. 에타 시험정보 까보면 막 뭐도 나왔다 뭐도 나왔다 하는데, 그거 전부 나오니까 다 까보면 도움 됨.",,,
2840821-076,https://everytime.kr/lecture/view/2840821,2840821,컴퓨터구조개론,민동문,25년 2학기 수강자,5,교수님이 정말 열심히 수업준비헤오시고 설명해주십니다,,,
2840821-077,https://everytime.kr/lecture/view/2840821,2840821,컴퓨터구조개론,민동문,25년 2학기 수강자,5,"난생 처음 보는 것들이라 어렵긴 하지만 그만큼 교수님이 열정적으로, 자세하게 설명해주셔서 배우는 보람이 있었던 것 같다.",,,
2840821-078,https://everytime.kr/lecture/view/2840821,2840821,컴퓨터구조개론,민동문,25년 2학기 수강자,4,개인적으로 설명을 그렇게 잘하신다고 생각하지 않습니다. 교제를 읽는 게 훨씬 도움이 됩니다.,,,
2840821-079,https://everytime.kr/lecture/view/2840821,2840821,컴퓨터구조개론,민동문,25년 2학기 수강자,5,강의력이 좋으신데 시험에 나올 중요한 내용을 강의하셔서 수업시간에 꼭 집중을 하고싶어지는 과목입니다. cpu 관련 새로운 내용이 나오면 처음에 따라가기 힘들지만 개념에 익숙해지만 할만한 것 같습니다. 시험문제는 교안 이외에도 문제풀이 연습이나 개념을 잘 이해하고 있어야 고득점이 가능합니다. 그러나 그렇기 때문에 평균은 높지 않습니다,,,
2840821-080,https://everytime.kr/lecture/view/2840821,2840821,컴퓨터구조개론,민동문,25년 2학기 수강자,5,깔끔 of 깔끔 of 깔끔 국제어 수업이라 조금 아쉽긴하지만 그래도 정말 쉽게 설명해주심,,,
2840821-081,https://everytime.kr/lecture/view/2840821,2840821,컴퓨터구조개론,민동문,25년 2학기 수강자,5,깔끔한 강의 깔끔한 시험 깔끔한 과제 성적은 아직 안 받아서 모르겠어용,,,
2840821-082,https://everytime.kr/lecture/view/2840821,2840821,컴퓨터구조개론,민동문,25년 2학기 수강자,5,교수님이 설명을 정말 잘 하시고 수업 구성도 좋아서 이해하기도 좋습니다.,,,
2840821-083,https://everytime.kr/lecture/view/2840821,2840821,컴퓨터구조개론,민동문,25년 2학기 수강자,5,"강의를 굉장히 열심히 하시고, 필기본도 주셔서 수업을 이해하기 좋은 것 같습니다. 굿굿~",,,
2840821-084,https://everytime.kr/lecture/view/2840821,2840821,컴퓨터구조개론,민동문,25년 2학기 수강자,5,교수님 설명 진짜 잘하심 영어로 하셔서 힘들긴한데 알아듣기 어렵진 않음 질문 잘 받아주셔서서 좋음,,,
2840821-085,https://everytime.kr/lecture/view/2840821,2840821,컴퓨터구조개론,민동문,24년 2학기 수강자,5,고트ㅇㅇ 반박 불가 엄청 자세하게 알려줘서 공부하기도 쉬움,,,
2840821-086,https://everytime.kr/lecture/view/2840821,2840821,컴퓨터구조개론,민동문,25년 2학기 수강자,5,출석점수 따로 안들어가는것도 좋고 수업때 이해가 잘됐음(영어 발음은 이정도면 낫밷 속도도 적당 살짝 느린정도),,,
2840821-087,https://everytime.kr/lecture/view/2840821,2840821,컴퓨터구조개론,민동문,25년 2학기 수강자,5,"정말 좋은 강의입니다. 이번에 아키텍처로 전향하게 되어 복습 차원에서 다시 듣게 되었는데, 기본기를 정확하게 다시 다지는 느낌이라 좋았습니다.",,,
2840821-088,https://everytime.kr/lecture/view/2840821,2840821,컴퓨터구조개론,민동문,25년 2학기 수강자,5,살짝 졸리기는 하지만 괜찮는 강의라고 생각합니다.,,,
2840821-089,https://everytime.kr/lecture/view/2840821,2840821,컴퓨터구조개론,민동문,25년 1학기 수강자,5,설명 잘 해주실려고 많이 노력 하는거 같아요! 교수님 너무 좋아요!,,,
2840821-090,https://everytime.kr/lecture/view/2840821,2840821,컴퓨터구조개론,민동문,25년 2학기 수강자,5,강의력 매우 좋으심 하드웨어 입문하기 좋은 강의,,,
2840821-091,https://everytime.kr/lecture/view/2840821,2840821,컴퓨터구조개론,민동문,25년 2학기 수강자,5,내용도 괜찮고 강의력도 좋고 강의노트도 자세하다. 컴퓨터가 어떻게 돌아가는지 알 수 있게 된다. 베릴로그 코딩도 하는데 그렇게 어렵진 않다. 2인1조 과제 한번 있음. 출석 5번까진 째도 됨 반영 안하심,,,
2840821-092,https://everytime.kr/lecture/view/2840821,2840821,컴퓨터구조개론,민동문,25년 2학기 수강자,5,꼼꼼하고 강의력 좋으십니다 컴구개 필수로 들어야하는데 동문교수님 추천합니다,,,
2840821-093,https://everytime.kr/lecture/view/2840821,2840821,컴퓨터구조개론,민동문,25년 2학기 수강자,5,교수님께서 엄청 친절하셔서 듣기 좋습니다. verilog와 회로도 가르쳐주세요,,,
2840821-094,https://everytime.kr/lecture/view/2840821,2840821,컴퓨터구조개론,민동문,25년 2학기 수강자,5,교수님 친절하십니다!! 여전히 영어는 어렵습니다ㅜ,,,
2840821-095,https://everytime.kr/lecture/view/2840821,2840821,컴퓨터구조개론,민동문,25년 2학기 수강자,5,교수님 설명이 깔끔하고 이해하기 쉽습니다 국제어지만 천천히 말씀하시고 쉽게 말해주세요,,,
2840821-096,https://everytime.kr/lecture/view/2840821,2840821,컴퓨터구조개론,민동문,25년 2학기 수강자,5,코딩에만 익숙하신 분들은 회로 개념이 많이 나와 조금 힘드실 수도 있지만 교수님 정말 잘 설명해 주십니다,,,
2840821-097,https://everytime.kr/lecture/view/2840821,2840821,컴퓨터구조개론,민동문,25년 2학기 수강자,5,너무 좋은 강의입니다. 교수님께서 친절하고 자세하게 잘 설명해주세요,,,
2840821-098,https://everytime.kr/lecture/view/2840821,2840821,컴퓨터구조개론,민동문,25년 1학기 수강자,5,강의가 굉장히 깔끔하고 이해하기 쉽게 잘 정리하여 설명해주십니다. 성적도 너그러우신 편인 것 같습니다. 시험에 킬러문항이 있긴하지만 기본 개념 서술 문제와 기본 계산 문제들만 정확히 맞추셔도 고득점 확보 가능합니다.,,,
2840821-099,https://everytime.kr/lecture/view/2840821,2840821,컴퓨터구조개론,민동문,25년 1학기 수강자,5,일단 교수님이 너무 좋으신 분임. 프젝도 쉽고 기말 시험은 킬러 문제 빼면 쉬운 개념문제임,,,
2840821-100,https://everytime.kr/lecture/view/2840821,2840821,컴퓨터구조개론,민동문,25년 1학기 수강자,5,걍 들어라.무조건 들어라.초반에 논리회로 부분부터 시작하니 잊어먹은 사람으로써 큰 도움이 되었고 중간 이후에 본격적인 컴퓨터 구조시작 수업 내용이 깊지만 어렵지 않게 설명해주심. 싱글 사이클 cpu 과제 팀플 (2명) 하나있었으나 그리 어렵진않음.,,,
2377016-001,https://everytime.kr/lecture/view/2377016,2377016,프로그래밍언어,황성재,26년 1학기 수강자,5,"배우는 내용이 재밌고 시험도 변별력 있게 나온다. 시험 성적도 꽤 금방 나왔던 거 같다. 과제 내용은 좋지만 LLM 사용이 사실상 필수이며, 이로 인해 보고서를 아주 꼼꼼히 써야 하는데 그 부분이 진짜 불쾌하긴 하다. 그래도 과목 잘 가르치시고 배워가는 것이 많으므로 열심히 참고 공부하자.",,,
2377016-002,https://everytime.kr/lecture/view/2377016,2377016,프로그래밍언어,황성재,26년 1학기 수강자,5,"교수님이 QnA에서 자세하게 설명해주신다. 이번에 과제가 LLM 사용이 허용되면서, LLM을 사용과정을 보고서에 작성해야 했는데, 이것 때문에 과제 수행시간이 늘어났다.",,,
2377016-003,https://everytime.kr/lecture/view/2377016,2377016,프로그래밍언어,황성재,26년 1학기 수강자,4,내용 흥미로움. 교수님 강의력 좋으시고 Q&A에 친절하심. 과제는 배운 것 구현하기에 LLM 사용 가능이기 때문에 어렵지 않음. 시험은 얼마나 잘 이해하고 있느냐에 따라 시간이 촉박할 수도 있음.,,,
2377016-004,https://everytime.kr/lecture/view/2377016,2377016,프로그래밍언어,황성재,26년 1학기 수강자,4,솔직히 내용도 괜찮고 교수님 수업도 좋은디 국제어인건 좀 아쉬워요. 교수님이 영어를 잘하시지만 아무래도 영어로 수업하시는건 한국어로 하시는거랑 전달력에 차이가 있을 수 밖에 없는듯,,,
2377016-005,https://everytime.kr/lecture/view/2377016,2377016,프로그래밍언어,황성재,26년 1학기 수강자,4,강의력도 좋우시고 과제도 ai 써서 괜찮게 할만 한 거 같아요,,,
2377016-006,https://everytime.kr/lecture/view/2377016,2377016,프로그래밍언어,황성재,26년 1학기 수강자,5,강의력 너무 좋으시고 과제도 모두 할 만해요. Ai 사용하는 구 뭐라 하지 않으시고 어떻게 사용했는지만 작으면 과제도 할 만합니다!,,,
2377016-007,https://everytime.kr/lecture/view/2377016,2377016,프로그래밍언어,황성재,26년 1학기 수강자,5,지피티를써도댐! 어떻게 썼다만 말하면 크게 문제가 없는 듯,,,
2377016-008,https://everytime.kr/lecture/view/2377016,2377016,프로그래밍언어,황성재,26년 1학기 수강자,5,교수님께서 QnA 세션에 적극적으로 의사소통해주십니다.,,,
2377016-009,https://everytime.kr/lecture/view/2377016,2377016,프로그래밍언어,황성재,26년 1학기 수강자,5,일단 강의력 GOAT 교수님이 착하고 귀여우심 과제는 코딩인데 LLM사용 가능하고 어떻게 LLM을 활용했고 코드의 흐름등 적어야됨,,,
2377016-010,https://everytime.kr/lecture/view/2377016,2377016,프로그래밍언어,황성재,24년 1학기 수강자,5,23-1에 들었습니다. 교수님께서 너무 친절하시고 이의신청도 잘받아주셔서 너무 좋었습니다. 시험문제도 공부하면 풀수있는정도,,,
2377016-011,https://everytime.kr/lecture/view/2377016,2377016,프로그래밍언어,황성재,25년 1학기 수강자,5,프언 과목 중에 뭘 들을까 고민했는데 황프언 선택한게 인생에서 젤 잘한 선택 같아요.,,,
2377016-012,https://everytime.kr/lecture/view/2377016,2377016,프로그래밍언어,황성재,26년 1학기 수강자,5,황성재 교수님은 정말 최고입니다 강의 꼭 들으세요 화이팅!,,,
2377016-013,https://everytime.kr/lecture/view/2377016,2377016,프로그래밍언어,황성재,25년 2학기 수강자,5,외국인이 많음 강의력이 좋으신듯 내용은 어렵다 실무에 도움되는 내용인지는 몰루,,,
2377016-014,https://everytime.kr/lecture/view/2377016,2377016,프로그래밍언어,황성재,26년 1학기 수강자,5,플립러닝 방식으로 진행합니다. 수업은 영어로 진행하지만 중간에 한글로 다시 설명해주셔서 괜찮습니다.,,,
2377016-015,https://everytime.kr/lecture/view/2377016,2377016,프로그래밍언어,황성재,26년 1학기 수강자,5,아캠 수업을 듣고 와서 qa를 진행하심 pa1은 ai허용되는 ast트리 만드는 자바 과제 수업은 녹강을 듣고 와야 따라갈 수 있음,,,
2377016-016,https://everytime.kr/lecture/view/2377016,2377016,프로그래밍언어,황성재,25년 2학기 수강자,3,"프로그래밍 언어에 대해서 배울 수 있었습니다 그런데 교수님께서 직접 만드신 언어 (VAE, FVAE, F1VAE... 등등) 확장해가면서 배우는데 외부 학습 소스가 없어서 고생을 많이 했습니다 ㅜ.ㅜ 시험도 어렵긴 했는데 그만큼 평균도 낮았던 것으로 기억합니다. 꽤 난이도가 높은 과목이었습니다. 과제는 3번 있었습니다.",,,
2377016-017,https://everytime.kr/lecture/view/2377016,2377016,프로그래밍언어,황성재,25년 2학기 수강자,5,개인적으로 이번 학기 가장 재미있게 들은 수업입니다. 그런데 기말고사가 정말 어려워요. 기말은 다같이 망하니까 과제랑 중간에서 최대한 점수 챙기시면 학점 잘 받을 수 있을 것 같습니다. 성적은 후하게 주시는 것 같고 교수님도 좋으셔용,,,
2377016-018,https://everytime.kr/lecture/view/2377016,2377016,프로그래밍언어,황성재,25년 2학기 수강자,5,교수님 너무 좋으신데 학생들 참여율이 너무 떨어져서 죄송했음...ㅠ 중간전까지는 파싱하고 ast만드는 거 배우고 기말전까지는 프로그래밍 언어 디벨롭하는 거 배움 내용은 어렵지 않으나 시험 문제가 공부를 안하면 풀 수 없음 변별력이 있는 편이라 a+이 비교적 쉬운듯,,,
2377016-019,https://everytime.kr/lecture/view/2377016,2377016,프로그래밍언어,황성재,25년 2학기 수강자,5,"내용이 어렵고 교수님께서 되게 자세하게 설명을 하시는 편이어서 수업내용 따라가기 벅차긴합니다만, 마지막까지 버티기만 하면 좋은 성적 받아갈 수 있을 거 같습니다. 수업 내용은 중간고사 이전까지는 문법 표현 관련 및 OCaml 조금, 그리고 중간고사 이후에는 OCaml로 AE, VAE, F1VAE, FVAE.. 순으로 내용 설명하십니다(OCaml로 OCaml 구현). 시험은 시간 압박이 심한 편이어서 내용을 눈에 많이 익혀가시는게 좋을 거 같아요",,,
2377016-020,https://everytime.kr/lecture/view/2377016,2377016,프로그래밍언어,황성재,25년 2학기 수강자,5,처음 접할 때는 정말 어렵지만 하다 보면 정말 재밌습니다. 과제는 첫 번째 과제가 정말 어렵고 나머지는 그 정도는 아닙니다. 시험은 이번 학기 기준으로 난이도와 그에 따른 평균이 어마어마 했습니다만 공부 열심히 하면 못 풀 정도는 아닙니다. 학점도 너그러우시고 한 학기 동안 정말 부담 없이 재밌었던 것 같습니다.,,,
2377016-021,https://everytime.kr/lecture/view/2377016,2377016,프로그래밍언어,황성재,25년 2학기 수강자,5,"교수님께서 정말 착하시고 수업 내용도 이해 잘 되게 잘 알려주심. 문제는 시험 문제가 극악의 난이도라서 교안을 완전 정복하는 수준으로 가야한다는 것임. 중간이 개인적으로 더 어려웠는데 기말은 다른 과목 때문에 준비를 제대로 못한 것이 아쉬움. Pa1, 2, 3가 있는데 1은 antlr, 2는 ocaml 체험, 3은 omcal로 인터프리터 만들기임 1이 제일 어려움 근데 못할 건 아님.",,,
2377016-022,https://everytime.kr/lecture/view/2377016,2377016,프로그래밍언어,황성재,25년 2학기 수강자,5,교수님이 좋아요...굿굿 풀립러닝입니다!,,,
2377016-023,https://everytime.kr/lecture/view/2377016,2377016,프로그래밍언어,황성재,25년 2학기 수강자,5,나긋나긋한데 강의 전달력이 좋으신 교수님입니다. 시험문제도 깔끔한 것 같습니다. 부담없는강의입니다. 추쳔드려요,,,
2377016-024,https://everytime.kr/lecture/view/2377016,2377016,프로그래밍언어,황성재,25년 2학기 수강자,5,"PA1은 정말 어려웠는데 2,3은 Ocaml이 익숙치 않은 것만 아니면 금방 끝낼 수 있을 난이도? 걱정하면서 수강신청 했는데 강의도 잘 하시고 오프라인 Q&A 수업도 괜찮았습니다.",,,
2377016-025,https://everytime.kr/lecture/view/2377016,2377016,프로그래밍언어,황성재,24년 1학기 수강자,4,첫 번째 두 번째 과제할 때 진짜 막막한거 빼고는 다 괜찮음 시험은 어려움...,,,
2377016-026,https://everytime.kr/lecture/view/2377016,2377016,프로그래밍언어,황성재,24년 1학기 수강자,5,수업 흐름 잘 따라가면서 공부하면 성적 잘 받을 수 있을 듯합니다. 과제는 조금 어려웠습니다.,,,
2377016-027,https://everytime.kr/lecture/view/2377016,2377016,프로그래밍언어,황성재,23년 2학기 수강자,5,PA1부터 잘 완성하면 끝까지 하는 데에 큰 무리가 없습니다! 내용은 어렵지만 교수님이 귀여우시고 학점 잘 주시는 편입니당~~,,,
2377016-028,https://everytime.kr/lecture/view/2377016,2377016,프로그래밍언어,황성재,24년 1학기 수강자,5,굿굿 시험도 깔끔 과제는 시간투자가 필요한 편 과제1 포기하면 안됨,,,
2377016-029,https://everytime.kr/lecture/view/2377016,2377016,프로그래밍언어,황성재,24년 1학기 수강자,5,수업도 깔끔하고 과제는 어렵지만 할만함 남득할수 있는 점수를 받음 교수님 귀엽다,,,
2377016-030,https://everytime.kr/lecture/view/2377016,2377016,프로그래밍언어,황성재,24년 1학기 수강자,5,"저는 A0 받았지만 마지막 과제를 안냈기 때문에 잘 받았다고 생각합니다..ㅎㅎ PA123 만점, PA4 미제출, 중간 80점대 기말 40점대 맞고 에제면 학점 진짜 잘주신거같아요 다만 기말 시험이 많이 맵기때문에 중간에 잘봐두시길 추천 복전 첫학기였는데 자바 할줄 아시면 따라가는게 힘드시진 않을겁니다 내용은 안어려워요 그리고 조교님 무섭게 생기셨는데 보다보면 귀여우심",,,
2377016-031,https://everytime.kr/lecture/view/2377016,2377016,프로그래밍언어,황성재,24년 1학기 수강자,5,좋았어요 조교님이 엄청난 츤데레(?)입니다 무서워보이는데 아주 친절하십니다 상냥하십니다 앤틀러.. 나름 재밌었습니다,,,
2377016-032,https://everytime.kr/lecture/view/2377016,2377016,프로그래밍언어,황성재,24년 1학기 수강자,5,PA1 자바로 VAE 컴파일러 만들기? 평균 73.2 PA2 Ocaml 프로그래밍 하기 평균 93.4 PA3 자바로 인터프리터 만들기 평균 90.9 PA4 F1VAE 컴파일러 만들기 평균 60.6 학점도 잘 주신니까 어떻게든 비벼보자. 생각보다 과제 평균이 낮지않다. PA1 포기하는 순간 PA4도 포기하게 되는거니까 이악물고 하자. 그리고 기말이 생각보다 어렵고 난해하니 무적권 중간에 몰빵해야 한다. Follow First redundant그거 판별하는 법 무조건 연습해서 풀어내야한다. 30점짜리다. 그리고 뭐라도 적어라 점수준다. 적자생존...,,,
2377016-033,https://everytime.kr/lecture/view/2377016,2377016,프로그래밍언어,황성재,24년 1학기 수강자,5,와우 이 강의 교수님이 대단하다! 나는 열등생이라 성적은 A0맞았지만 수업 적당히 따라간다면 A+ 충분히 받아갈 수 있음,,,
2377016-034,https://everytime.kr/lecture/view/2377016,2377016,프로그래밍언어,황성재,24년 1학기 수강자,5,학점을 진짜 잘 주시는 것 같아요 그리고 수업도 잘 하셔서 듣고 나면 남는 것도 많습니다,,,
2377016-035,https://everytime.kr/lecture/view/2377016,2377016,프로그래밍언어,황성재,23년 2학기 수강자,5,생각보다 시험이 많이 빡센 느낌이었습니다 싹 암기,,,
2377016-036,https://everytime.kr/lecture/view/2377016,2377016,프로그래밍언어,황성재,23년 2학기 수강자,5,과제는 나름 재밌었어요 학점 잘 주신다는데 저는 시험을 못봐서... 그치만 시험을 변별력 있게 잘 내시는 것 같습니다,,,
2377016-037,https://everytime.kr/lecture/view/2377016,2377016,프로그래밍언어,황성재,23년 2학기 수강자,5,"교수님 귀여움. 내용,과제는 어려움. 학점은 좋음",,,
2377016-038,https://everytime.kr/lecture/view/2377016,2377016,프로그래밍언어,황성재,24년 1학기 수강자,4,"조교님 과제 설명 들으려면 오프라인 들어야 됨. (자신 있으면 뭐 상관 없고) 수업 자체는 ON 강의, OFF Q&A. (아주 가끔 진도 더 나감) 과제는 PA1/4 ANTLR, PA2/3 OCaml. 전자는 난이도 있고 후자는 뚝딱. 시험은 대충 교안봤다 = 50이상, 이해했다 = 70이상 정도의 난이도",,,
2377016-039,https://everytime.kr/lecture/view/2377016,2377016,프로그래밍언어,황성재,24년 1학기 수강자,5,pa1을 처음 할 때 다소 어렵지만 꼭 포기하지 않고 해내야 합니당 pa4랑 연계되거든요! 중간에 pa 2 3 는 쉽습니다 1 4가 어렵지만 못할 정도 아니고 시간을 좀 쓰면 충분히 할 수 있습니다. 시험은 전반적으로 어렵게 느껴졌습니다,,,
2377016-040,https://everytime.kr/lecture/view/2377016,2377016,프로그래밍언어,황성재,23년 2학기 수강자,5,전체적으로 나름 할만한 수업. 내용 자체는 좀 어렵긴 하지만 성적 잘 주심.,,,
2377016-041,https://everytime.kr/lecture/view/2377016,2377016,프로그래밍언어,황성재,23년 2학기 수강자,3,교수님이 엄청 착하시지만 강의는 조금 따라가기 어려웠습니다.,,,
2377016-042,https://everytime.kr/lecture/view/2377016,2377016,프로그래밍언어,황성재,23년 2학기 수강자,5,잼있어요ㅎㅎㅎ 과제는 쉬움 못해도 시도라도하는데 좋음,,,
2377016-043,https://everytime.kr/lecture/view/2377016,2377016,프로그래밍언어,황성재,23년 겨울 수강자,5,"교수님은 되게 친절하셨음, 뭐 과제가 좀 생소한 거긴 했는데 해보면 적당히 할만했는 듯.",,,
2377016-044,https://everytime.kr/lecture/view/2377016,2377016,프로그래밍언어,황성재,23년 1학기 수강자,5,강의력이 좋으셨다 과제는 조금 어려웠지만 성적을 너그럽게 주시고 너무 교수님이 착하고 선하십니다.,,,
2377016-045,https://everytime.kr/lecture/view/2377016,2377016,프로그래밍언어,황성재,23년 2학기 수강자,4,"[출석] 전자출결. 교수님이 바쁘신지 온라인 수업으로 전환하실 때가 자주 있는데, 이 때는 그 주 안에 강의 들으면 출석 인정. [수업] 강의력은 좋으신 편이나, 아쉽게도 녹화는 제공이 안됨..교안에도 오타가 많아서 완전히 믿으면 안되고, 수업 내용에서 필기할 부분 집중 안하면 놓칠 때가 있음. 대신 어느때나 질문을 잘 받아주시니까 잘 모르겠는 부분들 꼭 질문해서 이해하고 넘어가자. [과제] ANTLR와 OCaml 과제가 나옴. ANTLR의 경우 자바를 잘 해야 구현하기 편함. OCaml은 함수형 프로그래밍 언어를 처음 다루는거라 걱정 되게 많이 했는데 의외로 할만함. 엄청 걱정할 정도까진 아닌듯? 물론 열심히 공부해야하긴 함.. [시험] 많이 매움. 엄청 깐깐하게 채점하시는 편이니 꼼꼼하게 공부하는걸 추천. 교안에 나온 예제들의 상위호환 문제들도 풀어낼 수 있을 정도의 이해도를 요구함. 중간고사가 어려웠다는 피드백 때문인지 기말고사는 중간고사보단 쉽게 나온듯. 근데 왜 생각보다 다들 점수는 잘나오는거같지..? [종합] 어짜피 들어야 할 프언이다..악으로 깡으로 버텨라...",,,
2377016-046,https://everytime.kr/lecture/view/2377016,2377016,프로그래밍언어,황성재,23년 2학기 수강자,5,"황성재 교수님은 신입니다 풀 오프라인이 처음이라고 하셨는데 다소 학생들에게 질문을 많이 하시는것 말고는 너무너무 재밌게 들었습니다 과제1 : ocaml로 간단한 알고리즘 풀기 + 자바 앤틀러로 기본 인터프리터 만들기 과제 2 : ocaml로 인터프리터 만들기 과제 3 : 과제1해서 한 과제 확장해서 F1VAE 인터프리터 만들기였는데 다소 어렵긴했어도 재미있게 했습니다 절대 쉽진 않지만 잘 이해하고 풀면 충분히 할 수 있는 과제입니다 1은 만점 2는 5점 감점 3은 11점 감점 중간 71.5 기말 86 ( 만점은 아마 100점인것같아요 ) 이러고 무난하게 에이쁠 맞아갑니다 에이쁠 받을만했다고 생각해서 성적을 후하게 주시는지는 모르겠네요 전반적으로 프로그래밍 언어가 어떻게 만들어지고, 어떻게 해석되어 컴파일 되는가를 배울 수 있습니다 너무 재밌게 들었습니다 정말.. 최고의 수업이었어요",,,
2377016-047,https://everytime.kr/lecture/view/2377016,2377016,프로그래밍언어,황성재,23년 2학기 수강자,5,너무 재밌게 수업 듣고 과제 했어요. 과목 자체가 재밌는것도 있고 교수님이 강의력 자체가 엄청 좋으신건 아닌것 같지만 학생들이 강의에 집중할 수 있도록 흥미 가질 수 있도록 신경 쓰시는게 많이 느껴졌어요.,,,
2377016-048,https://everytime.kr/lecture/view/2377016,2377016,프로그래밍언어,황성재,23년 2학기 수강자,5,10주차부터 과제가 미친듯이 나와서 힘들긴 했지만 나름 재밌기도 하고 참고자료들이 많아서 괜찮았습니다. 교수님 강의력도 좋으시고 학점도 잘주시니 과제를 할 시간만 충분하다면 추천합니다.,,,
2377016-049,https://everytime.kr/lecture/view/2377016,2377016,프로그래밍언어,황성재,23년 2학기 수강자,5,중간 평균 이하 기말 대충 평균 과제 300만점중 277점 A를 주시다니 진짜 너무 감사했습니다,,,
2377016-050,https://everytime.kr/lecture/view/2377016,2377016,프로그래밍언어,황성재,23년 2학기 수강자,5,"과제는 3번, 구글시트로 조교님 피드백이 빠르다. 강의 내용에 대해서 중간고사: 렉서, 파서를 구현하기 위한 도구를 배웁니다. 기말고사: 프로그래밍 언어를 설계하는 과정을 단계적으로 진행합니다.",,,
2377016-051,https://everytime.kr/lecture/view/2377016,2377016,프로그래밍언어,황성재,23년 2학기 수강자,5,"내용이 처음 볼 때 난해하긴 한데 교수님 수업 잘 따라가다보면 내용은 또 그렇게 많지 않고 반복되는 느낌이라서 재밌었어요. 형식만 잘 맞게 답안 쓸 수 있을 정도로 공부하면 됩니다. 수업 녹화영상이 따로 올라오자 않으면서 교안에 필기되지 않은 내용 언급도 많이 하시고, 오타를 정정한 것도 올려주시지 않기 때문에 수업 열심히 들어야 합니다. 사실 ANTLR이나 OCaml 이걸 나가서 어디다 써먹어야할 자는 모르겠지만 과제할 때 신기하긴 했어요",,,
2377016-052,https://everytime.kr/lecture/view/2377016,2377016,프로그래밍언어,황성재,23년 2학기 수강자,5,"교수님이 착하십니다. 수업도 재밌어요. 단지 난이도가 갈수록 난해해져서 예습 한번 돌리고 가시면 적당할거같아요. 과제는 어려운데, 할만합니다.",,,
2377016-053,https://everytime.kr/lecture/view/2377016,2377016,프로그래밍언어,황성재,23년 2학기 수강자,5,교수님이 너무 좋으십니다. 과제는 3개로 적당히 할만 합니다(적응되면),,,
2377016-054,https://everytime.kr/lecture/view/2377016,2377016,프로그래밍언어,황성재,23년 2학기 수강자,5,교수님이 참 좋으십니다. 학생들을 배려를 많이 해주셔요.,,,
2377016-055,https://everytime.kr/lecture/view/2377016,2377016,프로그래밍언어,황성재,23년 2학기 수강자,4,배우는 건 많이 있었으나 강의력이 그리 좋은 진 모르겠고 교수님이 많이 바빠보였습니다.,,,
2377016-056,https://everytime.kr/lecture/view/2377016,2377016,프로그래밍언어,황성재,23년 1학기 수강자,5,A쁠 폭격허십니더. 과제 마지막꺼 안하고 시험은 평균 정도인데 에이플 주십니다 열심히만 따라가시면 될듯합니다,,,
2377016-057,https://everytime.kr/lecture/view/2377016,2377016,프로그래밍언어,황성재,22년 2학기 수강자,5,저희 때는 1만 라인은 안해서 과제도 무난했던 것 같습니다 수업도 꼼꼼히 잘해주셔서 수업만 잘 듣고 몇번 읽으면 좋은 성적 받을 수 있습니다,,,
2377016-058,https://everytime.kr/lecture/view/2377016,2377016,프로그래밍언어,황성재,23년 1학기 수강자,4,교수님 너무 착하심... 과지도 할 만하나 시험이 쫌 엥? 싶은게 많음..,,,
2377016-059,https://everytime.kr/lecture/view/2377016,2377016,프로그래밍언어,황성재,23년 1학기 수강자,5,"자바쟁이인 저는 굉장히 쉽게 들었던 수업입니다. 내가 논리, 증명, 그리고 자바를 좋아한다면 적극 추천드려요",,,
2377016-060,https://everytime.kr/lecture/view/2377016,2377016,프로그래밍언어,황성재,22년 1학기 수강자,5,뭘 배워간지는 잘 모르겠지만 성적은 잘 챙겨주시는 것 같습니다. 교수님 착하십니다.,,,
2377016-061,https://everytime.kr/lecture/view/2377016,2377016,프로그래밍언어,황성재,23년 1학기 수강자,5,"프로그래밍 언어의 파싱과 평가가 어떻게 이루어지는지 궁금했는데, 이를 배울 수 있는 재밌는 수업이었습니다. 첫 번째 과제와 마지막 과제는 ANTLR를 활용하는데 Java를 잘 활용할 수 있다면 ANTLR는 주어지는 유튜브 영상을 보고 빠르게 익힐 수 있습니다. 마지막 과제가 Kotlin->Java 번역기 만들기라 어려워 보이지만 테스트케이스가 모두 주어지므로 시간만 충분히 들인다면 빡구현으로 끝납니다. 두 번째 과제와 세 번째 과제는 OCaml을 사용합니다. 최근 많은 프로그래밍 언어에 함수형 기능이 추가되는 추세이므로 한 번 배워보면 좋은 것 같습니다. 개강 전에 시간있을 때 구글에 ""OCaml Programming: Correct + Efficient + Beautiful"" 검색해서 OCaml 간단히 익히고 백준에서 브론즈~실버 몇 문제 풀고 가면 과제 가볍게 처리 가능합니다. 중간:91 기말:91.5 과제1~과제4:100 으로 A+ 받았습니다. 시험에서는 교안에 있는 예제들 직접 손으로 따라서 해보는게 도움이 됩니다.",,,
2377016-062,https://everytime.kr/lecture/view/2377016,2377016,프로그래밍언어,황성재,23년 1학기 수강자,5,"매우 어려운 내용 투성이였지만, 그래도 얻어가는 것이 많은 수업이었습니다 :)",,,
2377016-063,https://everytime.kr/lecture/view/2377016,2377016,프로그래밍언어,황성재,23년 1학기 수강자,5,과제가 좀 어렵고 시험준비하기도 뭔가 까다롭고 내용이 막 도움이되는건지는 잘모르겠지만 그래도 좋았던수업,,,
2377016-064,https://everytime.kr/lecture/view/2377016,2377016,프로그래밍언어,황성재,23년 1학기 수강자,4,과목 자체가 미래에 어떤 도움이 될지 감이 안잡혀서 아쉬운 과목... 자바 연습하는데는 좋았다,,,
2377016-065,https://everytime.kr/lecture/view/2377016,2377016,프로그래밍언어,황성재,23년 1학기 수강자,5,"기말 범위 내용이 어려웠지만 모두가 어려워해 시험은 잘봤네요. pa 4개합 330, 중간기말 다 상위 15% 안쪽으로 받고 에이쁠 가져갑니다.",,,
2377016-066,https://everytime.kr/lecture/view/2377016,2377016,프로그래밍언어,황성재,23년 1학기 수강자,5,"중간은 평균보다 20점 정도 높고, 기말은 평균보다 30점 정도 높았지만 마지막 과제가 0점이라 조금 걱정했는데 에쁠 주심 역시 학점은 진짜 잘 주시는듯.. 꽉꽉 채워주시고 강의력도 좋으시고 중간중간에 한국어로 설명도 해주셔서 좋았음. 프언 듣는다면 이 교수님꺼 꼭 잡으세요",,,
2377016-067,https://everytime.kr/lecture/view/2377016,2377016,프로그래밍언어,황성재,23년 1학기 수강자,5,"교수님 좋으시고 배우는 내용도 생각을 확장하는데에 도움 될 것 같습니다. 다만, 마지막 과제랑 기말고사 난이도가 매우 높아서 고통스러웠습니다.",,,
2377016-068,https://everytime.kr/lecture/view/2377016,2377016,프로그래밍언어,황성재,23년 1학기 수강자,5,"일주일에 하루는 녹화강의를 듣고, 하루는 오프라인에서 qna 세션을 하는 방식으로 수업이 진행됐습니다. 진도도 여유있게 나가서 부담이 좀 덜했고, pa1이 처음에 ANTLR4라는 프로젝트에 대해서 이해해야 해서 많이 어려웠습니다. 그리고 기말 볼때는 교안에 나온 수식을 다 외우고 가시는걸 추천합니다.",,,
2377016-069,https://everytime.kr/lecture/view/2377016,2377016,프로그래밍언어,황성재,23년 1학기 수강자,2,"교수님은 정말 착하고 학생들 신경도 많이 쓰시지만 과제에서 불만이 너무 컸습니다. 과제로 새로운 언어 배우기를 하다가 갑자기 마지막에 수업 때 배운 모든 내용과 지금까지 익힌 언어의 기능 외에 다른 부분까지 공부해야 하는, 아마 절대 풀 수 없는 과제를 던져주십니다. (교수님도 푸는 사람 거의 없을거라 말씀하셨습니다) 과제의 난이도가 문제가 아니라 단계별로 수업 내용을 적용해볼 수 있는 과제면 좋을 것 같은데 마지막에 너무 한꺼번에 몰아서 던져주시니 배우는 것도 적고 벽에 헤딩하는 느낌이 듭니다. 수업을 너무 기초적인 내용만 해주셔서 그런 부분도 있는 것 같지만 한 학기 동안 배운 것이 별로 없는 수업이었던 것 같습니다.",,,
2377016-070,https://everytime.kr/lecture/view/2377016,2377016,프로그래밍언어,황성재,23년 1학기 수강자,4,소통 진짜 최고 수업도 진짜 유익했음 한국어 수업이었으면 더 좋았을듯ㅜㅢ 근데 시험 너무 어려움.... 교안 다 외워야됨 ㄹㅇ 과제도 pa1은 악명에 비해 생각보다 할만했음... 제공해준 참고영상 보면서 따라하면 괜찮음 물론 자바 기본은 해놔야 할 수 있음!! 특히 pa1은 pa4랑 연결되니깐 pa4 포기안하고 해야겠다하면 꼼꼼히 공부한거 정리해놓으셈 개인적으로 pa2 pa3인 ocaml이 더 어려웠음.. 함수형프로그래밍 익숙치 않으면 c언어 포인터 처음에 공부할때 기분이 들거임...,,,
2377016-071,https://everytime.kr/lecture/view/2377016,2377016,프로그래밍언어,황성재,23년 1학기 수강자,3,"중간고사까지 수업 내용, 시험, 과제 삼 박자가 너무 잘 맞아서 정말 좋은 수업이라고 생각했었습니다. 하지만 학교 측에서 강제로 1만 라인 프로젝트를 하라고 시키셔서 그런지 기말 부분은 수업도 급박하게 많이 나가고 타학기보다 3-4주차 정도의 양이 추가되었습니다. 그래서 그런지 개인적으로 기말 수업은 전달도 잘 안됐던 것 같네요. 마지막 과제는 배우지 않은 코틀린인데 기말고사 시험 기간에 나오고, 기말은 정말.. 왜 이렇게 내신거지라는 생각이 들 정도로 어렵고, 개념적인 부분이 많이 나온듯 합니다. 교수님은 너무 좋으신 분이나 기말 부분이 정말 너무너무너무 아쉽습니다.",,,
2377016-072,https://everytime.kr/lecture/view/2377016,2377016,프로그래밍언어,황성재,23년 1학기 수강자,5,과제가 좀 고통스럽지만 얻어가는 게 많습니다.,,,
2377016-073,https://everytime.kr/lecture/view/2377016,2377016,프로그래밍언어,황성재,22년 2학기 수강자,4,"과제는 고통이지만 강의는 편안하다. 다만, 시험은 타임어택으로 나오니 주의해야한다.",,,
2377016-074,https://everytime.kr/lecture/view/2377016,2377016,프로그래밍언어,황성재,22년 2학기 수강자,5,너무 좋은 수업.. 걍 있으면 들으세요. 과제는 자바 노베면 좀 어려울수있는데 할수 있는데까지만 해보시고 시험이 어렵지만 배운 범위에서 다 나옵니다 무엇보다 학점 퍼주심,,,
2377016-075,https://everytime.kr/lecture/view/2377016,2377016,프로그래밍언어,황성재,22년 2학기 수강자,4,"교수님의 인품은 타의 추종을 불허하지만 강의 부분에 있어서는 아직 미흡한 부분이 많다. 중간 이후 강의는 교수님의 개인적인 일정으로 인해 2주간 업로드 되지 않았던 점, 과제 진행에 있어 전학기 과제의 PDF와의 차이로 인해 생기는 오류가 늦게 공지되는 점 등 약간의 아쉬움이 존재하였다. 시험에서도 중간과 기말간의 괴리감이 있고 교수님이 매 학기 정해진 유형 없이 내시는 점에 유의하여야 한다. 성적은 공시된 이후에도 비율을 늘려 많은 학생들이 좋은 점수를 받아갈 수 있도록 노력해주신다.",,,
2377016-076,https://everytime.kr/lecture/view/2377016,2377016,프로그래밍언어,황성재,22년 2학기 수강자,5,강의력이 좋으십니다만 교수님이 너무 바쁘셔서 강의가 변칙적으로 올라왔습니다. 과제는 족보가 없으시다면 조금 힘들것같습니다 자바 쌩초보 상태로는 앤틀러 다루기 어렵습니다 그래도 교수님께서 학생을 위하는 마음이 너무 잘 느껴져서 따뜻한 수업이었습니다.,,,
2377016-077,https://everytime.kr/lecture/view/2377016,2377016,프로그래밍언어,황성재,22년 2학기 수강자,5,중간 기말 어려워요 그래도 공부 열심히 하면 학점 잘 주십니다.,,,
2377016-078,https://everytime.kr/lecture/view/2377016,2377016,프로그래밍언어,황성재,22년 2학기 수강자,5,그저 갓 그냥 듣자 학점진짜 잘주심 프언은 황프언,,,
2377016-079,https://everytime.kr/lecture/view/2377016,2377016,프로그래밍언어,황성재,22년 2학기 수강자,4,본인 A+ 시험은 어려운게 아니고 더럽고 과제는 어려운건 아닌데 낯섬 학점 퍼줬는데 징징대지마라,,,
2377016-080,https://everytime.kr/lecture/view/2377016,2377016,프로그래밍언어,황성재,22년 2학기 수강자,5,그저 빛과 같은 강의 소프트 강의 중 최고의 GOAT,,,
2377016-081,https://everytime.kr/lecture/view/2377016,2377016,프로그래밍언어,황성재,22년 2학기 수강자,5,그는 신이다.. 성적에 왜 졸라 너그러움 없냐?,,,
2377016-082,https://everytime.kr/lecture/view/2377016,2377016,프로그래밍언어,황성재,22년 2학기 수강자,5,교수님이 너무 귀여우심....강의력도 매우 훌륭하십니다! 첫 과제가 저는 너무 힘들었어서(JAVA) JAVA를 모르신다면 고전하실겁니다. 시험 두 번 다 너무 어려웠어요..,,,
2377016-083,https://everytime.kr/lecture/view/2377016,2377016,프로그래밍언어,황성재,22년 2학기 수강자,5,다른 사람들 내용이 많아서 1번 과제는 자바와 antlr로 해결하는 과제인데 유튜브에 보면 어떻게 하는지 나오는 강의들 에타에 있으니 그거보고 작성하길 바람. 2번 과제는 못하는 사람 없는거 같고 3번과제는 ocaml의 module이랑 타입체크 기능을 잘 활용하길 바람. 함수만 써져있어서 뭔지 모르다가 타입체크 기능 사용하면 각각의 함수가 어떤걸 받아서 어떤걸 내놓는 녀석인지 알려줌. 그거 이용해서 예외처리 부분을 작성하는걸 만들고 생각하면 쉽게 해결할 수 있음. 모르면 에타 예전 글들보고 생각해보시길 바람. 시험은 어려움. 중간고사는 타임어택이라 일등이랑 그 이 외의 사람들이랑 점수차이가 안 큼. 기말은 쉬웠다고 하는데 난 중간고사보다 기말고사가 더 어려웠음. 여유가 없어서 공부를 덜했는데 안 빡센 학기라면 pa3를 해결하면서 교안을 보면 이해가 잘 될 것임.,,,
2377016-084,https://everytime.kr/lecture/view/2377016,2377016,프로그래밍언어,황성재,22년 2학기 수강자,5,"여러모로 얻어갈 것도 많고 재밌는 수업이었지만, 시험이 정말, 정말 어렵다. 공부할 것은 적은데 응용이 무궁무진하게 되다 보니까 그냥...네.",,,
2377016-085,https://everytime.kr/lecture/view/2377016,2377016,프로그래밍언어,황성재,22년 2학기 수강자,5,"월요일은 녹강, 수요일은 온라인 QnA 세션. QnA 세션은 질문 받으려고 만든 시간이라고 했는데, 시간 남으면 보충수업도 하신다. 수업 진도 못나가도 녹강 올려주시고, QnA 세션은 원래 질문 받는 시간이라는거. 과제는 총 3개, Antlr를 이용하여 Java로 AST(tree) 만들기, Ocaml로 간단한 문제 풀기(gcd구하기), Ocaml로 interpreter 만들기. 첫번째 과제가 어렵다고 하는데, 조금만 구글링하고(에타에 황프언 검색ㄱ) 자료구조개론에서 트리를 만들어봤다면 생각보다 쉬움. 재귀함수 이용하고 child node의 해당 타입에 따라(instance of) 다른 함수를 부르면 됨. 마지막 과제는 샘플코드 주어지고, 첫번째 과제랑 비슷함. 강의력 좋음! 이론에 대한 예시 문제 많이 올려주시고. 근데 아쉬운 점은 진도가 좀 느린 것 같다는 점? 매주 월요일만 수업인데, 다른 과목에 비해 배우는게 상대적으로 적어보임. 내용도 크게 어렵지 않아서 다들 잘함. 시험은 중간고사가 시간어택이 심함. 엄청 긴 문자열을 주고(한 50자? 60자?) 해당하는 문법, 토큰을 찾는 문제 나오고. 문제 수도 엄청 많았음. 그래도 학생들 의견 받아서 기말은 엄청 적고 쉽게 나옴. 변별력 없을 듯. 난 대충 공부해서 헷갈리는게 있었지만. 학생들과 소통이 잘되는 수업은 이 과목이 처음. QnA 세션에서 학생들이 적극적으로 참여함. 줌으로 해서 댓글로 부담 없이 달 수 있어서 그런듯. 질문 구글 시트도 익명으로 많이 올라옴. 편하게 질문하고 얻어갈 수 있는 좋은 수업이었음!",,,
2377016-086,https://everytime.kr/lecture/view/2377016,2377016,프로그래밍언어,황성재,22년 2학기 수강자,5,"java, ocaml을 이용한 과제로 많이 고전했습니다. 덕분에 새로운 언어를 많이 익히는 시간이 되었던 듯 합니다. 수업은 재밌었습니다",,,
2377016-087,https://everytime.kr/lecture/view/2377016,2377016,프로그래밍언어,황성재,22년 2학기 수강자,5,수업에 열정 강하시고 재밌는대 시험은 시간이 너무 촉박하다. 공부만 한다면 못 풀 문제는 아닌데 너무 시간이 부족함,,,
2377016-088,https://everytime.kr/lecture/view/2377016,2377016,프로그래밍언어,황성재,22년 1학기 수강자,4,자바를 못하는자 과제가 아주 어려울것이다... 수업 분위기는 매우 좋았다,,,
2377016-089,https://everytime.kr/lecture/view/2377016,2377016,프로그래밍언어,황성재,22년 1학기 수강자,4,"착하신 교수님, 혜자로운 학점, 좀 아쉬운 수업 진행 처음 오셔서 처음 진행하시는 수업이라 그런지 진도 나가는 속도라던가 수업 진행에 있어 그렇게 매끄럽진 않았다고 생각한다. 실시간 수업을 통해 질문 받는 것을 매우 좋아하시는데, 이 질문 타임이 너무 길어져 진도를 제대로 못나가는 날이 상당히 많았다. 수업을 못하시는건 아니라서 이 질문과 수업의 밸런스를 적절히 조절해주시면 매우 좋을 것 같다. 앞으로 계속 발전? 해나가는 수업이 될 것으로 기대됨 + 시험 난이도는 꽤 어려웠다..",,,
2377016-090,https://everytime.kr/lecture/view/2377016,2377016,프로그래밍언어,황성재,22년 1학기 수강자,5,잘 가르치신다. 배우는 것도 많다. 자바 기본기 있으면 편하다,,,
2377016-091,https://everytime.kr/lecture/view/2377016,2377016,프로그래밍언어,황성재,22년 1학기 수강자,5,과제난이도는 정말 어렵지만 교수님이 잘가르쳐주시고 배우는게 많은 수업!,,,
2377016-092,https://everytime.kr/lecture/view/2377016,2377016,프로그래밍언어,황성재,22년 1학기 수강자,5,과제 난이도는 구현이 막 어렵다기보다 생소해서 엄청 힘들었어요.. 시험도 꽤 어렵고 힘들었지만 교수님이 너무 잘 가르쳐주셔서 얻는건 많았습니다!,,,
2377016-093,https://everytime.kr/lecture/view/2377016,2377016,프로그래밍언어,황성재,22년 2학기 수강자,5,"첫 과제가 난이도도 높고 기준이 애매한 부분이 많았는데, 이후 과제들은 학생들 의견 최대한 수렴해주셔서 기준도 명확해서 좋았고 난이도는 첫 번째에 비해서는 쉬워서 크게 부담 없었음. 교수님 강의력도 좋으셔서 이해도 잘 되고 크게 어려운 내용들은 없어서 부담없이 들을 수 있을 것 같음. 중간고사 때는 진도가 생각보다 느리게 나가서 시험범위도 워낙 적었는데, 이번 학기 프언 첫 수업이셔서 다음부터는 적절히 조절될 것 같음. 시험은 부정행위 방지 위해 타임어택 방식이라 촉박하긴 하지만 기본 개념 열심히 공부하고 예시들 찾아서 연습해보면 괜찮음.",,,
2377016-094,https://everytime.kr/lecture/view/2377016,2377016,프로그래밍언어,황성재,22년 1학기 수강자,4,"질문 답변 / 수업 진행의 밸런스만 잘 잡혔으면 베스트일듯 평가에 수업 참여도가 있다 보니까 그 점수 채우려고 일부러 질문하는 듯한 학생들이 있어서 초반에 간단한 내용에서 시간을 많이 쓰고, 오히려 후반 수업은 진도 나가시느라 쭉 달리시는 느낌이 됐음 그러다 보니까 수업에 비해 시험에서 깊게 나와서 따로 많이 공부했어야 했고 그 외에 antlr, ocaml 등 익숙치 않은 것들을 다루는 과제도 학생에 따라 좀 부담이 될듯 위의 사항들로 별 1개만 뺐어요",,,
2377016-095,https://everytime.kr/lecture/view/2377016,2377016,프로그래밍언어,황성재,22년 1학기 수강자,5,교수님께서 수업을 너무 잘 해주십니다! 질문을 잘 받아주셔서 그만큼 진도가 느려지긴 하는데 못 배우고 간 건 딱히 없는 느낌이었어요. 수업은 쉽게 시험은 어렵게의 정석인데 다들 어려워하기 때문에 저는 괜찮았던 것 같습니다. 과제도 생각이 필요하긴 하지만 일단 제대로 들어가보면 아주 어렵지는 않습니다. 충분히 할 수 있는 과제니까 겁먹지 마세용,,,
2377016-096,https://everytime.kr/lecture/view/2377016,2377016,프로그래밍언어,황성재,22년 1학기 수강자,4,교수님은 진짜 너무너무너무 좋으십니다. 평소 실시간으로 강의 진행할 때도 학생들이랑 질의응답하시면서 너무 흥미롭게 강의 진행하셨고 과제나 기타 사항에 관련된 질문들도 너무 잘받아주셨습니다. 그럼에도 평점을 하나 깎은 것은 과목 자체가 좀 어려워서 였습니다. 특히 과제가 좀 상당히 까다로웠습니다... antlr나 ocaml 모두 익숙치 않아서 꽤 상당한 시간을 투자해야했고 많은 시간을 투자해도 결과가 나오지 않으면 아무래도 좋은 성적을 받기 힘들기 때문에 저는 사실 정말 좋은 학점이나 가성비를 원하신다면 타프언을 차라리 추천드립니다...(교수님 죄송합니다ㅠㅠ) 시험은 꼬리 문제를 포함해서 10문제 내외로 나왔고 타임어택 성향이 강했습니다. 그래도 지엽적으로 내시지는 않아서 교수님께서 강조하신 사항이나 수업시간에 중요하게 다루신 부분을 잘 이해만 하시면 될 것 같습니다. 여기서도 하나 아쉬운 게 있다면 '시험에 출제되는 유형과 비슷한 연습 문제와 같은 것들을 한 두개 정도 수업시간에 좀 풀이해주셨으면 좋지 않았을까'하는 개인적인 아쉬움은 있습니다!,,,
2377016-097,https://everytime.kr/lecture/view/2377016,2377016,프로그래밍언어,황성재,22년 1학기 수강자,5,걍 프언 들어야하면 이 강의가 0티어라 생각하면 될듯 ㅇㅇ 수업도 좋고 교수님도 좋고 과제도 그리 어렵진 않고(상대적으로) 시험은 조금 타임어택 느낌이라 헷갈리면 어렵긴한데 문제는 재밌음 조아따~,,,
2377016-098,https://everytime.kr/lecture/view/2377016,2377016,프로그래밍언어,황성재,22년 1학기 수강자,5,일단 교수님이 정말 좋으시다. 특히 학생들 질문을 정말 성실하게 받아주심. 유일한 흠이라면 너무 성실하게 받아서 가끔 진도를 못나가는 점. 오토마타 수업을 듣고 오는걸 추천함. 오토마타를 들었냐 안들었냐가 꽤 크게 갈림. 다만 교수님이 워낙 친절하고 열심히 설명해주시기 때문에 열심히 듣고 공부하면 다 이해는 할 수 있다. 과제는 3번. 첫번째는 antlr를 써서 java로 ast만드는 과제. 이게 통곡의 벽같은 느낌이었다. 두번째는 ocaml 쓰는 쉬운 코딩. 세번째는 ocaml로 interpreter만들기였다. 과제가 공통적인 특징이 코드를 제대로 짰든 아니든 일단 완성이 안되면 중간 실행결과를 보기가 힘들다는 점. 시험은 타임어택으로 시간안에 다 풀기 빡세게 내신다. 교수님왈 컨닝할 여유를 주지않으려고 일부러 그러신거라고 한다. 아무튼 이번학기 제일 인상적인 수업이었다,,,
2377016-099,https://everytime.kr/lecture/view/2377016,2377016,프로그래밍언어,황성재,22년 1학기 수강자,5,"교수님이 정말 좋은 분이십니다. 고민없이 들으시면 됩니다. 전체적으로 수업내용을 시험과 과제를 통해 완성시키는 방식이라 좋았습니다. 오토마타를 들었다면 초반 Lexical analysis랑 syntax analysis의 대부분을 쉽게 넘기실 수 있습니다. 시험문제는 타임어택 느낌이 강해서 개념이 익숙해지셔야 고득점을 하실 수 있습니다. PA1은 난이도가 있습니다. 자바를 잘 모른다면 아예 손도 못댈수 있습니다. 스펙문서가 불명확부분이 있어서 어수선하게 진행되었는데 처음 출제하시는 과제라 그랬던 것 같습니다. PA2,3는 명확하게 조건을 제시해주셨습니다. 초반에는 Ocaml을 처음해서 어렵지만 익숙해지면 쉽습니다.",,,
2377016-100,https://everytime.kr/lecture/view/2377016,2377016,프로그래밍언어,황성재,22년 1학기 수강자,5,"과제는 총 3개로 첫번째 과제인 antlr로 ast 만들기가 가장 어려웠습니다. 시험은 중간 기말 두번 쳤으며, 기말은 전범위였습니다. 코로나 이슈 등으로 인해 많은 내용을 배우진 못한것같지만 실시간 수업으로 소통을 한 것은 개인적으로 만족합니다. 시험은 수업시간에 배웠던 이론 자체를 물어보는 문제도 있었지만, 역시 배운것으로 응용하는 문제가 많이 나왔습니다. 학점은 꽉꽉 채워주십니다. 처음 열렸던 수업이라 걱정을 많이 했는데 정말 좋았습니다!",,,
993404-001,https://everytime.kr/lecture/view/993404,993404,프로그래밍언어,한환수,26년 1학기 수강자,4,교수님은 좋으신거 같습니다. 다만 이쪽 분야를 완전 파고들거 아니면 살짝 왜배우는지 의문 생기는..? 시험을 잘봐야하는거 같습니다. 과제는 요즘 뭐..다들 AI돌려서,,,
993404-002,https://everytime.kr/lecture/view/993404,993404,프로그래밍언어,한환수,26년 1학기 수강자,5,교수님이 친절하시고 유쾌하십니다. 개인적으로 과제는 난이도가 조금 있는 것 같아요.,,,
993404-003,https://everytime.kr/lecture/view/993404,993404,프로그래밍언어,한환수,26년 1학기 수강자,5,내용이 겁나 어렵습니다. 그래도 교수님이 착하십니다. 과제는 요즘 시대에 부담이다 아니다 따질 건 없는 것 같고. 그냥 무난한 강의인 것 같습니다.,,,
993404-004,https://everytime.kr/lecture/view/993404,993404,프로그래밍언어,한환수,26년 1학기 수강자,5,수업 자체가 엄청 어려운 내용인 컴파일러 이론을 담고 있다 보니까 정신줄 놓으면 수업 못따라감 그래도 기말 범위는 좀 괜찮은 듯,,,
993404-005,https://everytime.kr/lecture/view/993404,993404,프로그래밍언어,한환수,26년 1학기 수강자,5,내용 개 어려운데 성적을 후하게 주시는 편입니다! 수업은 재미없어서 다른 교수님 추천합니다!,,,
993404-006,https://everytime.kr/lecture/view/993404,993404,프로그래밍언어,한환수,26년 1학기 수강자,4,내용은 어려운데 할만하고 교수님이 친근해요 재밌어요,,,
993404-007,https://everytime.kr/lecture/view/993404,993404,프로그래밍언어,한환수,26년 1학기 수강자,3,내용이 어려운데 강의 자체만 들어서는 잘 따라기가 힘들음 과제는 프로그래밍 과제인데 시간 어느정도 투자할 필요가 있음,,,
993404-008,https://everytime.kr/lecture/view/993404,993404,프로그래밍언어,한환수,26년 1학기 수강자,4,내용이 잘 이해가 안 가기는 하는데 문제 몇번 풀어보면 조금 이해 갑니다. 수업은 평이한거 같아요,,,
993404-009,https://everytime.kr/lecture/view/993404,993404,프로그래밍언어,한환수,25년 1학기 수강자,4,많이 졸린 수업.. 시험은 기출을 주셔서 준비하기에 도움이 많이 되지만 내용 자체가 생소하고 조금 어려웠던 것 같습니다,,,
993404-010,https://everytime.kr/lecture/view/993404,993404,프로그래밍언어,한환수,26년 1학기 수강자,4,"온라인 강의는 듣기가 좀 난해하고, 오프라인 강의는 잘하는 지는 모르겠는데 듣다보면 납득이 감,,,,",,,
993404-011,https://everytime.kr/lecture/view/993404,993404,프로그래밍언어,한환수,26년 1학기 수강자,4,강의력은 잘 모르겠고 과제는 난이도가 상당합니다.. 타프언 추천,,,
993404-012,https://everytime.kr/lecture/view/993404,993404,프로그래밍언어,한환수,26년 1학기 수강자,5,어렵다 다시 돌아가면 타프언한다.. 진심으로 ㅜ,,,
993404-013,https://everytime.kr/lecture/view/993404,993404,프로그래밍언어,한환수,26년 1학기 수강자,4,강의도 어렵고 과제도 어렵습니다. 과제는 기간을 많이 주시기는 하지만 설명이 아쉽습니다.,,,
993404-014,https://everytime.kr/lecture/view/993404,993404,프로그래밍언어,한환수,26년 1학기 수강자,4,강의력 무난 과제 설명 다소 불친절 좋습니다~~~~~,,,
993404-015,https://everytime.kr/lecture/view/993404,993404,프로그래밍언어,한환수,25년 1학기 수강자,4,무난무난 과제 시험 둘 다 두번 있는데 그냥 무난했음,,,
993404-016,https://everytime.kr/lecture/view/993404,993404,프로그래밍언어,한환수,25년 1학기 수강자,4,조는 내용과 과제 시험 다 어려웠어요 컴파일러는 어렵네요.. 그래도 성적에비하면 잘받은거 같슴다,,,
993404-017,https://everytime.kr/lecture/view/993404,993404,프로그래밍언어,한환수,25년 1학기 수강자,4,매주 문제만 잘 풀어도 시험을 어느 정도 대비 할 수 있습니다. 과제는 기간은 긴대 그만큼 어렵고 시간도 오래 걸립니다.,,,
993404-018,https://everytime.kr/lecture/view/993404,993404,프로그래밍언어,한환수,25년 1학기 수강자,3,이해하기 어려웠습니다 ㅠ 교수님께서 굉장히 스윗하시지만 강의력은 잘 모르겠어요.. 그래도 들을만하니 추천!,,,
993404-019,https://everytime.kr/lecture/view/993404,993404,프로그래밍언어,한환수,25년 1학기 수강자,3,강의력은 잘.. 모르겠어요 수업영상 올려주셔서 그걸로 복습하려해도 영상 녹화를 잘 못하시는건지.. 수업하는 칠판 화면이 아니라 ppt화면을 크게 녹화하셔서 보기 힘들어요 과제는 어렵고 B+은 잘 주시는 것 같아요,,,
993404-020,https://everytime.kr/lecture/view/993404,993404,프로그래밍언어,한환수,25년 1학기 수강자,4,한국어 강의임에도 내용이 바로바로 이해가 되지는 않았습니다. 강의력은 좋으시나 많은 내용을 빠르게 설명하려고 하시다 보니 이렇게 느껴진 것 같습니다. 시험은 쉬운 편인 것 같습니다. 기출문제를 주시는데 그것을 제대로 이해할 수 있다면 좋은 성적 받으실 수 있을 것입니다. 내용이 좀 많다 보니 주관식에서 생각이 잘 안나서 주요 단어들은 외우는 것이 필요해보입니다. 과제는 좀 어렵고 가이드라인이 완벽하지 않습니다. 그러디 보니 질문이 매우매우 많고 질문의 답 사이에서 모순이 발생하기도 하여 과제는 개인적으로 아쉬움이 많이 남습니다. 중간 기말 합쳐서 30점 정도 감점에 과제 5점 정도 감점되어 A+ 받았습니다,,,
993404-021,https://everytime.kr/lecture/view/993404,993404,프로그래밍언어,한환수,25년 1학기 수강자,5,컴파일러에 대한 개념을 확립할 수 있던 강의여서 너무 좋았습니다. 시험은 개념을 정확히 알아야 풀 수 있는 응용문제 형태로 나옵니다,,,
993404-022,https://everytime.kr/lecture/view/993404,993404,프로그래밍언어,한환수,25년 1학기 수강자,4,과제 기간 한 달 준다고 미루지 마시고 미리미리 하시길 바래요. 저는 미루고 미루다가 하필 제출해야하는 때에 구현은 했지만 에러를 충분히 못 잡아서 감점을 많이 당했어요. 최대한 복잡한 케이스까지 점검해보시길. 중기합 평균+50이지만 과제 점수가 평균 수준이라 A0였습니다.,,,
993404-023,https://everytime.kr/lecture/view/993404,993404,프로그래밍언어,한환수,25년 1학기 수강자,5,"1학년 때 공컴프를 재밌게 들었다면 재밌게 들을 수 있는 수업입니다. 저는 중기합 평균+70에 과제는 28/30으로 A+을 받았습니다. 과제가 재밌지만, 생각보다 고려하지 못하는 경우의 수가 있을 수 있어서 꼼꼼히 테스트를 해보는게 중요한 것 같아요. 저도 결과가 나오고서야 고려하지 못한 경우가 있던걸 코드에서 발견헀네요. 내용은 중간 범위는 컴파일러의 프론트엔드 부분에 대해 배우고, 기말 범위는 객체 지향 언어의 특징에 대해서 배우는데 중간 이후부터는 개념적인 내용위주로 배우기 때문에 중간 범위보다는 이해하기가 수월했습니다. 한국어 강의라서 온라인 강의 듣는 시간도 오래걸리지 않고, 매주차 강의 밀리지 않고 조금씩만 복습해 두시면, 시험 직전에 1회독+족보 풀이만 해도, 큰 시간 쏟지 않고 시험준비가 되는 것 같습니다.",,,
993404-024,https://everytime.kr/lecture/view/993404,993404,프로그래밍언어,한환수,25년 1학기 수강자,5,"중간 범위가 다소 생소한 내용이라 이해하기 어려웠고 막 엄청 흥미가 생기진 않았지만, 그럭저럭 재밌게 들은 수업임. 중기합 +55에 과제는 28/30으로 A+을 받았음. 수업은 플립러닝이었고, 오프라인 수업은 문제 풀이 위주이나 가끔 수업도 진행했으며 저장 강의 올려주심. 내용은 중간 범위는 컴파일러 부분이라 다소 어려웠고, 기말 범위는 공컴프(C++) 상위 호환 버전이라 다소 쉬웠음. 시험은 용어 적는 문제와 오프라인에서 다룬 문제 위주로 나오며, 용어 문제는 살짝 지엽적이기도 하지만, 그 외 문제는 딱 나올 만한 문제들에서 나옴. 또한, 교수님이 족보를 올려주시는데 (17/21이나 20/21년도) 족보보다는 문제가 쉽고 시험 시간도 여유롭게 남으니 걱정 안 해도 됨. 조교분이 바뀌실 수도 있지만 이번 학기는 채점이 매우 빨라서 좋았음. 시험 성적이 당일~2일 후 안에는 나왔던듯. 또한 문제별 받은 점수, 그리고 과제도 케이스별 받은 점수 알려주셔서 좋았음.",,,
993404-025,https://everytime.kr/lecture/view/993404,993404,프로그래밍언어,한환수,24년 2학기 수강자,5,에이쁠은 잘 안주시지만 에제는 50프로 맞춰주십니다 2학년때 듣자니 과제가 상당히 어려웠지만 배우는건 많았어요,,,
993404-026,https://everytime.kr/lecture/view/993404,993404,프로그래밍언어,한환수,25년 1학기 수강자,5,교수님 젠틀하시고 학생들이 이해하든 말든 불도저처럼 진도만 빼는 교수님과 달리 잘 풀어서 설명해주신다 질문 게시판에도 잘 답변해주신다 과제양도 적당해서 좋았디,,,
993404-027,https://everytime.kr/lecture/view/993404,993404,프로그래밍언어,한환수,24년 2학기 수강자,5,과제는 참 어려움 시험은 감탄만 나옴 뭔가 많이 배운 거 같고 막상 말해보라 하면 쉽지 않은데 나중에 코딩해볼 때 톡톡 어디선가 귀신처럼 튀어나오는 내공이란 게 생김 걍 한프언 들으면 코딩 도사가 되는듯 강의 영상만으로는 이해를 완전히 하기는 어려움 질문 많이하고 다양하게 예시를 찾아보길,,,
993404-028,https://everytime.kr/lecture/view/993404,993404,프로그래밍언어,한환수,25년 1학기 수강자,5,교수님 강의력 훌륭하시고 수업도 깔끔합니다. 추천드립니다,,,
993404-029,https://everytime.kr/lecture/view/993404,993404,프로그래밍언어,한환수,25년 1학기 수강자,5,교수님 짱 착하세요. 수업도 재밌어요. 배우는게 많아서 흥미로워어요,,,
993404-030,https://everytime.kr/lecture/view/993404,993404,프로그래밍언어,한환수,25년 1학기 수강자,4,교수님은 좋으시다. 질문도 잘 받아주시고 강의력도 좋으나 내가 잘 따라가지 못한다는게 단점..,,,
993404-031,https://everytime.kr/lecture/view/993404,993404,프로그래밍언어,한환수,24년 2학기 수강자,5,"내용은 초반부는 할만 했지만 후반부로 갈수록 꽤 어려워졌습니다. 미리하는걸 추천드려요 과제가 저한테는 많이 어려웠습니다. C++ 이용하며, 과제에 썼던 프로그램을 다시 사용해서 진행하는 경우가 많아 프로그램을 잘 저장해두고 주석도 적어두는게 유용했을 것 같아요",,,
993404-032,https://everytime.kr/lecture/view/993404,993404,프로그래밍언어,한환수,25년 1학기 수강자,4,강의력이 상당히 좋으시다 과제에 지피티 사용해도 된다고 하신다 하지만 어렵다 너무 어렵다,,,
993404-033,https://everytime.kr/lecture/view/993404,993404,프로그래밍언어,한환수,25년 1학기 수강자,5,전체적으로 무난하고 재밌는 수업입니다. 과제는 미리 해야돨거같아요,,,
993404-034,https://everytime.kr/lecture/view/993404,993404,프로그래밍언어,한환수,24년 1학기 수강자,2,수업은 나름 알차고 유익했어요. 성적은 조금 짜니까 조심하세요.,,,
993404-035,https://everytime.kr/lecture/view/993404,993404,프로그래밍언어,한환수,24년 2학기 수강자,4,시험 자체는 충분히 할만한데 과제를 미리미리 안하면 나중에 머리 깨집니다 수업때 조교님이 설명해주시는거 잘듣고 하면 그래도 할만함,,,
993404-036,https://everytime.kr/lecture/view/993404,993404,프로그래밍언어,한환수,24년 1학기 수강자,5,과제가 어렵긴 한데 하다보면 재밌습니다. 시험은 수업때 풀어주시는 연습문제만 잘 이해하면 잘 푸실 수 있습니다,,,
993404-037,https://everytime.kr/lecture/view/993404,993404,프로그래밍언어,한환수,25년 1학기 수강자,5,내용이 어렵고 강의만으로 내용을 전부 이해하기에는 어려움이 있다. 과제는 총 3번이 있으며 c++에 익숙하지 않았다면 어려움이 있었을것으로 생각된다,,,
993404-038,https://everytime.kr/lecture/view/993404,993404,프로그래밍언어,한환수,25년 1학기 수강자,4,"PA1을 던져주시는데 그래서 뭘 해야하는건지 갈피를 잡는 것이 힘들었습니다. 또한 코드를 완전히 이해하기 위해서는 ANTLR 가 만들어주는 파일에 대해서도 스스로 알아봐야하는 것 같습니다. 다만, 컴파일 과정을 직접 이해해볼 수 있는 기회라는 점에서 유익한 과제였습니다.",,,
993404-039,https://everytime.kr/lecture/view/993404,993404,프로그래밍언어,한환수,25년 1학기 수강자,5,과제할때 ANTLR를 미리 알고 있어야 하는게 매우매우매우매우 중요. 모르면 한참 헤맴 교수님이 수업시간에 알려주시긴 하는데 그때는 아직 과제를 시작 안해서... ANTLR기본개념만 따로 녹화해서 올려주시면 너무 공부할때 좋을 것 같음,,,
993404-040,https://everytime.kr/lecture/view/993404,993404,프로그래밍언어,한환수,24년 2학기 수강자,5,정말 제대로 배우고 싶다면 프언은 한프언 얻어가는건 많으나 플은 다소 짠 것 같습나다,,,
993404-041,https://everytime.kr/lecture/view/993404,993404,프로그래밍언어,한환수,24년 2학기 수강자,1,"강의력: 매우 졸림 성적: 본인 중기합 +40, 과제합 27/30 (평균 15) -> A0 / A+을 주긴 한 건지 의문 과제: 2개 있는데 꽤 어려움. 강의 내용에서 도움되는게 없어서 혼자 찾아보고 해야함",,,
993404-042,https://everytime.kr/lecture/view/993404,993404,프로그래밍언어,한환수,24년 2학기 수강자,5,강의 준비 정말 많이 하시는 것 같고 시험도 깔끔합니다. 시험은 배운 내용을 많이 꼬아서 내시고 과제는 가이드라인이 너무 없어서 문의 게시판 계속 확인하셔야됩니다. 성적은 무난하게 잘 주시는듯,,,
993404-043,https://everytime.kr/lecture/view/993404,993404,프로그래밍언어,한환수,24년 1학기 수강자,5,갓프언 24년 1학기에 과제가 바뀐걸로 앎 이제껏 했던 과제 중 제일 재밌는듯,,,
993404-044,https://everytime.kr/lecture/view/993404,993404,프로그래밍언어,한환수,24년 2학기 수강자,5,과제가 너무 어려웠음 나는 근데 평균은 생각보다 높더라 과제때매 B+ c++제대로 준비하고 가세요 수업 자체는 배우는거 많습니다.,,,
993404-045,https://everytime.kr/lecture/view/993404,993404,프로그래밍언어,한환수,24년 2학기 수강자,5,"솔직히 온라인 강의에서는 내용이 명료하게 이해가 되진 않았습니다. 온라인 강의를 듣고 계속 고민하다가 오프라인 강의에서 해답을 얻는 구조가 학기 내내 반복되었던 것 같습니다. 중간 범위에서는 컴파일러 front end의 lexer와 parser에 대한 학습을 하고, 기말 범위에서 보편적인 프로그래밍 언어의 특징을 다룹니다. 내용적 측면에서는 유용한 것을 많이 얻어갈 수 있었던 것 같습니다. 과제는 antlr를 활용한 symbol table 구성 및 type inference였습니다. 과제는 여러 코너 케이스들을 고려해야 하다보니 귀찮고 까다로웠던 것 같습니다. C++ base의 과제로, 과제를 시작할 때 visitor 구조에 대해 잘 파악하면 수월하게 해결해 나갈 수 있을 것 같습니다.",,,
993404-046,https://everytime.kr/lecture/view/993404,993404,프로그래밍언어,한환수,24년 2학기 수강자,5,개인적으로 온라인이랑 오프라인 강의력이 차이가 심하다고 느꼈다. 온라인은 뭔가 설명도 길어지고 요점이 뭔지 잘 모르겠는데 막상 오프라인은 또 강의력이 나쁘지 않으시다. 그리고 온라인에서는 마우스 포인터을 좀 표시해두셨으면 좋을듯ㅠ 시험은 족보를 올려주시는데 이번 학기는 중간 기말 둘 다 족보에서 한 단계 응용한 형태로 나와서 족보대로 나온다는 친구 말대로 공부했다가 약간 당황했다. 과제는 엄청 어려우니 미리미리 시작하자,,,
993404-047,https://everytime.kr/lecture/view/993404,993404,프로그래밍언어,한환수,24년 2학기 수강자,4,"교수님이 젠틀하시고 열심히 강의해주신다. 근데 과제 조건이 모호한 것은 둘째치고 학기 초반에 갑자기 PA1이 던져지는데 이게 정말 막막하다. 물론 1달 여유기간이 있고 천천히 건드리면 못 할 수준은 아니나, 사실상 이 과제가 무엇인지에 대한 이해부터 해결까지를 혼자 해야한다. 강의력은 중상. 가끔 녹강에서 마우스는 가만히 있는데 ""이게 어떻게 되면 저게 어떻게 되니까"" 하실 때는 당황스럽다.",,,
993404-048,https://everytime.kr/lecture/view/993404,993404,프로그래밍언어,한환수,24년 2학기 수강자,3,과제가 너무 어려워요 대신 던지는 사람 많음 과제 들다 0점이면 F라고 하셨습니다,,,
993404-049,https://everytime.kr/lecture/view/993404,993404,프로그래밍언어,한환수,24년 1학기 수강자,5,강의력은 한국어 강의여서 그런지 무난무난했습니다. 개인적으로 느끼기에 중간중간 이해하기 어려운 부분은 교수님의 강의력의 문제라기보다는 그냥 내용자체가 이해하기 쉽지 않은 느낌이었습니다. 과제는 알고리즘+구현능력이 좀 있어야 풀리는 문제입니다. 구현이 빡센 알고리즘문제 푼다고 생각하시면 될것 같습니다. 시험은 그냥 무난무난 한것같습니다. 교수님께서 기출을 직접 주셔서 공부하기 좋습니다.,,,
993404-050,https://everytime.kr/lecture/view/993404,993404,프로그래밍언어,한환수,24년 1학기 수강자,3,수업도 모호하고 과제도 모호한 부분이 많았던 것 같아요. 과제 미리미리 시작해도 변동사항이 은근 많아서 번거로웠던.. 학점은 잘 주시는 편인데 쁠은 많이는 안 달아주시는듯!,,,
993404-051,https://everytime.kr/lecture/view/993404,993404,프로그래밍언어,한환수,24년 2학기 수강자,4,씨플플을 처음하는 사람입장에선 Pa1은 어떻게 어떻게 해결했지만 pa2에서 벽느끼고 소프트 인생 처음으로 과제를 던져봤네요 하지만 제가 씨플플을 공부하지않고 들은거니 그거에대한 불만은 없습니다. 다만 과제가 제 기준 운체보다 어려우니 꼭 씨플플을 다룰줄아는 상태에서 들으시길바랍니다. 강의력은 정말 애매한것같아요 내용이 어려운만큼 공부를 열심히했다면 얻어가는게 많았을것같긴한데 너무 어려워서 포기했다는 제 무용담이었습니다…,,,
993404-052,https://everytime.kr/lecture/view/993404,993404,프로그래밍언어,한환수,24년 1학기 수강자,5,어려워요.. 근데 학점은 잘 주시는듯 합니다 오프가는건 좀 귀찮긴함,,,
993404-053,https://everytime.kr/lecture/view/993404,993404,프로그래밍언어,한환수,24년 2학기 수강자,5,"교수님이 상당히 친절하시고 강의력도 좋으신 것 같다. 플립수업이라 강의를 미리 듣고 오는게 귀챃기는 하지만 뭐 이건 모든 플립 강의들 공통사항이니,,,과제는 딱 2개 나오고 좀 빡세긴 한데 열심히 하면 못할 정도는 아님",,,
993404-054,https://everytime.kr/lecture/view/993404,993404,프로그래밍언어,한환수,24년 1학기 수강자,5,"일단 교수님이 친절하십니다! 온라인으로 올려주시는 개념 설명은 이게 뭐지 싶을 때가 꽤 많았는데 문풀은 이해 잘 되게 설명해주십니다. 첫 번째 과제는 무난한 난이도였고, 두 번째는 다뤄야 할 케이스가 많고 까다로워서 고통스러웠습니다.. 시험 난이도는 어려운 시험은 아닌데, 각 문제에 꼬리 문제가 있고 배점이 높아 한 번 실수해서 틀리면 학점이 바뀝니다!",,,
993404-055,https://everytime.kr/lecture/view/993404,993404,프로그래밍언어,한환수,23년 1학기 수강자,5,강의력이 저는 괜찮아서 집중해서 수업 듣기 좋았습니다,,,
993404-056,https://everytime.kr/lecture/view/993404,993404,프로그래밍언어,한환수,24년 1학기 수강자,5,온라인 강의력은 잘 모르겠지만 오프라인 강의에서 저는 얻어갈수 있는게 많았습니다. 과제가 이해하는데 조금 걸리지만 이해하면 재밌게 할 수 있었습니다.,,,
993404-057,https://everytime.kr/lecture/view/993404,993404,프로그래밍언어,한환수,24년 1학기 수강자,5,교수님이 주시는 기출과 거의 유사하게나옵니다. 용어 정의 문제도있어요.,,,
993404-058,https://everytime.kr/lecture/view/993404,993404,프로그래밍언어,한환수,24년 1학기 수강자,4,과제점수가 매우 안좋았는데 시험을 잘 봤더니 성적 잘주셨습니다 교수님 굉장히 젠틀하세요 수업 괜찮다는 분들도 보이는데 저는 독학했습니다,,,
993404-059,https://everytime.kr/lecture/view/993404,993404,프로그래밍언어,한환수,24년 1학기 수강자,4,중간 기말 모두 평균 이하를 받았는데 생각 이상의 점수를 받았습니다. 과제는 재밌는 편이고 커리도 재밌는 거 같습니다. 다만 수업이 좀 졸립니다.,,,
993404-060,https://everytime.kr/lecture/view/993404,993404,프로그래밍언어,한환수,24년 1학기 수강자,5,교수님이 친절하고 강의가 맛있어요 플립러닝 온라인 강의 한번 오프라인 한번 과제는 두개 첫번째껀 할만한데 두번째껀 기말시즌 들어가기 전에 끝내는걸 추천 시험은 어려운듯 싶으면서도 기출 잘 보면 그럭저럭 풀만함,,,
993404-061,https://everytime.kr/lecture/view/993404,993404,프로그래밍언어,한환수,24년 1학기 수강자,5,"수업 내용이 쉬운 편이 아닌건지 모르겠지만 녹화강의의 교수님의 설명이 종종 장황해서 이해가 안 될 때가 있습니다. 하지만 오프라인 수업 내 설명도 잘해주시고 재미있게 들었습니다. 과제는 2개가 나오는데 처음에는 막막하지만, 과제 내용을 이해만 하신다면 재미있게 하실 수 있을 겁니다. 첫 번째 과제를 던지면 두 번째 과제도 못하는 방식이기 때문에 필수로 하셔야합니다. 시험 성적이 나오면 한 번 가서 확인하시는 것이 좋습니다. 시험 난이도는 중간은 약각 지엽적이고 기말은 나올 곳에서 나온 느낌입니다. 족보를 풀되 너무 믿으면 절대 안 됩니다. 성적은 +이 아니면 잘 주시는 편입니다.",,,
993404-062,https://everytime.kr/lecture/view/993404,993404,프로그래밍언어,한환수,24년 1학기 수강자,5,"수업은 온라인 강의가 하나 올라오고, 오프라인 강의로 일주일에 한 번 수업하는 형식입니다. 온라인 강의에서는 내용 설명 위주의 강의가 진행되고, 오프라인 강의에서는 그 내용을 바탕으로 좀 더 실전적인, 시험에 나올 수 있는 문제를 해결하는 방식입니다. 오프라인 강의에서는 교수님께서 학생들을 지명해서 문제를 앞에 나와 풀게 하는데, 처음에는 이런 부분이 부담이 되었으나 내용에 대해 잘 모르는 경우에도 떠먹여 주는 정도로 문제를 어떻게든 풀 수 있게 유도해주시기 때문에 걱정 없이 나가서 문제를 풀어도 될 것 같습니다. 시험은 오프라인 강의에서 풀었던 문제들과 거의 흡사한 유형들로 대부분 출제되며, 문제가 깔끔해서 공부만 열심히 했다면 잘 볼 수 있을 것이라고 생각합니다. 성적은 나쁘지 않게 주시는 것 같지만, +를 그리 후하게 달아주시지는 않는다는 얘기도 있는 것 같으니 참고하시면 될 것 같습니다. 시험 문제는 잘못 채점된 것이 있어서 크게 깎였다가 회복 되었어서, 만약 미심쩍은 부분이 있다면 꼭 방문해서 시험지 확인을 하시는 것이 좋을 것 같습니다.",,,
993404-063,https://everytime.kr/lecture/view/993404,993404,프로그래밍언어,한환수,24년 1학기 수강자,5,과제는 애매한부분이 많아서 문의게시판 잘 활용할것 시험은 두번인데 중간은 기출과 다르게 나오고 기말은 기출과 비슷하게 나옴,,,
993404-064,https://everytime.kr/lecture/view/993404,993404,프로그래밍언어,한환수,24년 1학기 수강자,5,교수님 강의력 좋으시고 질문도 잘 받아주십니다. 시험은 족보랑 좀 다르게 나오는거 같아요. 기말은 그나마 약간 비슷했고요 과제 2개가 까다롭긴 한데 시간 들이면 할 수 있는 정도입니다,,,
993404-065,https://everytime.kr/lecture/view/993404,993404,프로그래밍언어,한환수,24년 1학기 수강자,5,"교수님이 참 젠틀하시고 귀여우십니다. 수업은 플립러닝으로 온라인으로 수업을 듣고, 오프라인에는 관련 기출을 풀거나 조금 더 깊은 내용에 대해 수업을 합니다. 이런 수업 방식이 매우 도움이 됩니다. 물론 이래서 시험 점수가 높기도... 시험은 난이도가 오묘합니다. 기출은 영어인데 시험은 한국어라 다소 해석이 난해하가도 합니다만, 기출에서 반, 처음 보는 거 반 해서 나오니 기출 잘 푸시길 바랍니다.(팁으로 교재 문제를 좀 참고 하시는 거 같긴 합니다) 과제는 난이도가 좀 있습니다. Antlr4를 통해 새로운 문법으로 작성된 언어를 다루게 되는데 얘가 난이도가 좀 있습니다. 프로그래밍 언어 자체가 low level이다보니 상당히 자잘한 케이스들을 잘 헨들링 해줘야합니다.(여기에 기상천외한 케이스들도 있는데 수업에서 얘기해주시기도 하고 문의 게시판에 질문하면 잘 답변해주십니다)",,,
993404-066,https://everytime.kr/lecture/view/993404,993404,프로그래밍언어,한환수,24년 1학기 수강자,5,교수님이 좋으시다 못 알아듣겠는 것도 좀 있었지만 구글링으로 찾아보고 또 이해하다보면 언젠가 이해된다,,,
993404-067,https://everytime.kr/lecture/view/993404,993404,프로그래밍언어,한환수,24년 1학기 수강자,5,교슈님께서 되게 젠틀하시고 과제도 크게 어렵지 않습니다. 배워가는 것도ㅠ있지만 노베로 들어서 그런가 처음에는 외계어 투성이라 너무 어려웠습니댜. 하지만 하다보면 다 되더라구요,,,
993404-068,https://everytime.kr/lecture/view/993404,993404,프로그래밍언어,한환수,24년 1학기 수강자,5,교수님 너무 젠틀하시고 멋있어요. 개인적으로 과제랑 수업이 가장 잘 연결된 수업이라고 생각해요. 이런 수업이 많았으면 좋겠어요☺️,,,
993404-069,https://everytime.kr/lecture/view/993404,993404,프로그래밍언어,한환수,24년 1학기 수강자,4,일단 들을만 한 것 같습니다. 근데 강의력이 그리 출중하진 않으심 이정도면 잘 가르치시는가 싶다가도 엄쌤이나 다른분들 생각해보면 막 잘가르치진않아요 근데 그래도 수업 들을만합니다.,,,
993404-070,https://everytime.kr/lecture/view/993404,993404,프로그래밍언어,한환수,24년 1학기 수강자,4,일주일에 한번은 온라인 한번은 오프라인이라서 좋음. 오프라인 수업때 학생들 무작위로 선정하고 앞에 나와서 문제 풀게 하시는데 처음엔 당황스러웠지만 교수님께서 어떻게 푸는지 친절히 설명해주심. 그래도 부담스러운건 사실... 교수님 설명 자세히 해주셔서 좋아요,,,
993404-071,https://everytime.kr/lecture/view/993404,993404,프로그래밍언어,한환수,22년 2학기 수강자,5,일단 학점을 너무 잘주심 내용 너무 어려워서 포기했는데도 성적 너무 잘주셨고 다들 안해서 포기만 안하면 성적 잘 받을듯,,,
993404-072,https://everytime.kr/lecture/view/993404,993404,프로그래밍언어,한환수,23년 1학기 수강자,5,"강의력 정말 좋으시고 예전에 국제어였다고 들었는데 아무래도 그게 문제였지 않았을까 싶습니다 과목이 어려워서 내용 익히는 데에 시간과 노력이 필요한데 강의 듣고 이해된 부분이 많았습니다. 다만 미리 책을 안 보고 가면 효능이 떨어지는데 난이도 때문에 이 감소의 영향이 좀 크니 공부 열심히 하세요.. 과제도 마찬가지라 기한을 길게 주시는 이유가 있습니다. 그리고 수업시간에 학생들 반 정도는 아래를 보고 있어서, 이해 안 된다는 표정으로 앞을 보고 있으면 교수님께서 더 자세하게 설명해 주십니다. 힘들었지만 재밌었어요",,,
993404-073,https://everytime.kr/lecture/view/993404,993404,프로그래밍언어,한환수,23년 1학기 수강자,5,"다른건 모르겠고, 앞으로 깊이있는 개발자가 되고 싶으면 중간 넘어서 뒷부분에 나오는 개념은 꼭 알고 있어야겠더라고요.. 중간고사까지는 그냥 파서, 렉서 등 문법을 규칙에 맞게 풀어내는 내용 즉, 컴파일러 개념 내용이지만 기말 뒷부분부터 진짜 '프로그래밍언어'를 배우는 느낌이었슴니다,, 개념적인 부분에서 유용한게 많았습니다. 하지만 확실하게,, 교수님이 수업을 잘하시는지는 전혀 모르겠습니다.. 저는 그냥 맨날 출튀하고 독학했어요. 성적은 A 받았습니다. 과제는 2개인데 한달 넘는 시간을 주시고 내주셔서 빡빡하진 않습니다.. 그말인즉 나중에 하면 진짜 뭐됩니다ㅋㅋㅋ.. 아 그리고 개념이 어려운 내용이다보니 시험 채점에서 오류가 많이 있어서 성적 수정이 중간기말에 꽤 있었습니다 꼭.. 이의신청하러 가서 엄밀하게 따져보시길..!!",,,
993404-074,https://everytime.kr/lecture/view/993404,993404,프로그래밍언어,한환수,23년 1학기 수강자,5,한국어로 수업하셨는데 녹화 강의는 따로 없어서 수업시간에 이해하고 질문하는 게 좋습니다. 강의 자료가 친절하지 않아 혼자 공부하기에는 빡센 것 같고 한번 더 말씀해주셨으면 하는 부분도 가끔 애매모호하게 말씀하시고 지나가긴 하지만... 재미있게 들었습니다. 물론 시험은 다른 얘기라 망하긴 했지만 이해하고 족보 풀며 이해하는 시간 가지면 잘 볼 수 있을 것 같습니다. 학점도 잘 주십니다.,,,
993404-075,https://everytime.kr/lecture/view/993404,993404,프로그래밍언어,한환수,23년 1학기 수강자,5,"이번 학기는 오프라인으로 진행되었고 한국어로 수업이 진행되었습니다. 중간 범위는 정규표현식, DFA랑 NFA, LL(1), LR(1) 등 컴파일러 관련 내용을 배우고, 오토마타랑 겹치는 부분이 많습니다. 기말 범위는 변수 바인딩, 타입, 제어 흐름, 객체지향, 메모리 관리 등 프로그래밍 언어과 관련한 주제를 배웁니다. 퀴즈는 학기 초에 2개 있었습니다. 학기 초 수업 시간에 배우는 내용에서 퀴즈가 출제되었습니다. 과제는 PA 2개가 있었고 모두 C++을 기반으로 진행되었습니다. 첫번째 과제는 중간고사 때까지 antlr4 listener를 기반으로 계산기를 구현하는 과제였고, 두번째 과제는 기말고사 때까지 antlr4 visitor를 기반으로 type inferring을 하는 과제였습니다. 두번째 과제는 이번 학기의 경우 이전 학기 강의평에 나온 kotlin2java 대신에 변수 자료형이 auto 타입으로 선언된 가상의 B언어를 C언어로 바꾸는 과제로 바뀐 것 같습니다. 두 과제 모두 구현 과정에서 고려해야 할 내용들이 많아 시간이 며칠씩은 걸렸던 것 같습니다. 학점은 A+을 받았는데, 중간 평균 + 44, 기말 평균 + 12, 과제 1은 9점/10점, 과제 2는 16점/20점을 받았습니다. 정확하지는 않지만 시험과 과제 모두 일정 이상 점수를 받아야 A+을 주시는 것 같습니다. 개인적으로 드릴만한 팁은 중간고사 범위에 계산 문제가 많은데, 교안에는 예제가 많지 않아 유튜브에서 오토마타나 compiler design 과목 강의를 찾아 예제 문제를 추가로 풀어봤던 게 많이 도움이 되었던 것 같습니다. 특히 FIRST나 FOLLOW를 계산하는 부분은 수업만 듣고는 많이 헷갈렸었는데, 유튜브에서 예제 풀이를 풀어보니 어떻게 풀어야 할 지 감이 잡혔던 것 같습니다. 그리고 오토마타를 듣고 오지 않아도 중간 범위 공부에 엄청 큰 지장은 없지만 그래도 오토마타를 듣고 오면 더 편하게 공부할 수 있을 것 같습니다.",,,
993404-076,https://everytime.kr/lecture/view/993404,993404,프로그래밍언어,한환수,23년 1학기 수강자,1,난딴건모르겠고 강의자료 진짜 두서없다 이해하려는 입장에선 좀 큰그림이 그려지면 좋을텐데 왜갑자기 이얘기가 여기서 싶어가지고 녹음본들어보니 “이번엔 ~얘기를 또한번해볼..게요” 가끔도아니고 많음 성심성의껏 좀 갈아엎었으면좋겠다,,,
993404-077,https://everytime.kr/lecture/view/993404,993404,프로그래밍언어,한환수,23년 1학기 수강자,5,"중간 +5 기말 + 30 과제1 만점 과제2 0 강의력 안좋다는 평이있는데, 교수님의 영어실력으로 인해 억까당하신듯하다. 이번학기 한국어강의 하셨는데 강의력 매우좋으시고 컴파일러에 대한 내공을 느낄수있었음 두번째 과제 던져서 제발 B+만 나오라고 기도했는데 A주심 A에는 관대하지만 A+은 확고한 기준이 있으신듯하다",,,
993404-078,https://everytime.kr/lecture/view/993404,993404,프로그래밍언어,한환수,23년 1학기 수강자,2,이전 강의평대로 에이쁠 짜다 강의는 찾아서 듣자 시험 한번 꼬아서 나옴 내 심사도 꼬임 과제 재밌게 하긴 했는데 점수는 안 나와서 두 번 꼬임,,,
993404-079,https://everytime.kr/lecture/view/993404,993404,프로그래밍언어,한환수,23년 1학기 수강자,4,"강의력은 생각보다 좋으셨지만 과제나 퀴즈, 시험 부분은 생각보다 어려웠습니다. 어렵지 않을거다라는 교수님의 말씀과는 대비되게 항상 난이도는 핵지옥...",,,
993404-080,https://everytime.kr/lecture/view/993404,993404,프로그래밍언어,한환수,23년 1학기 수강자,5,"국제어 + 온라인이라 강의력 별로다라는 소리가 많았던 거 같은데, 이번 학기에는 한국어로 진행하셨고 강의력이 오히려 좋은 편이시다. 과제도 antlr4로 계산기를 구현하는것과, 기존에 나왔던 kotlin2java 대신에 B라는 가상의 언어에서 type inferring을 통해 C로 코드를 변환하는 과제가 나왔다. 시간 오래 걸리긴 했는데 막 어렵지는 않았던 거 같다. 원래 추가과제 주신다는데 이번학기에는 안주시는거 같다. 갠적으로 이번학기에 들은 수업중에선 가장 만족스러웠다.",,,
993404-081,https://everytime.kr/lecture/view/993404,993404,프로그래밍언어,한환수,23년 1학기 수강자,5,"강의평안좋은게 코로나라 온라인+ 국제어의 괴랄한 시너지때문에 평이 안좋은거같은데, 저는이번에 오프라인+ 한국어 수업 들었습니다 교수님 강의력이 엄청좋고 이해하기도 매우좋았습니다",,,
993404-082,https://everytime.kr/lecture/view/993404,993404,프로그래밍언어,한환수,22년 겨울 수강자,3,강의를 이해하기가 너무 힘들다. 교안 혼자 읽거나 인터넷으로 관련 개념검색해서 혼자 공부한게 대부분...그래도 학점은 잘 주시는 것 같다,,,
993404-083,https://everytime.kr/lecture/view/993404,993404,프로그래밍언어,한환수,22년 2학기 수강자,5,재밌는데 다른 학생들이 다 던지기 때문에 학점 따기 쉬운 꿀강이며 교수님이 친절하시다 과제는 3개 합해서 만점 중간고사 평균 + 49 기말고사 평균+ 16,,,
993404-084,https://everytime.kr/lecture/view/993404,993404,프로그래밍언어,한환수,22년 2학기 수강자,5,어렵다. 하지만 학점은 잘주신다 시험은 두번 다 평균언저리 과제는 2개 + 보너스 1개 있는데 보너스는 안했다 학점은 A,,,
993404-085,https://everytime.kr/lecture/view/993404,993404,프로그래밍언어,한환수,22년 겨울 수강자,4,"음질도 떨어지고 중간범위는 난이도도 괴랄함 무엇보다 마우스 커서 문제 아직도 개선이 안됨 과제는 다른 강평이랑 똑같이 나왓는데 3번째 과제는 선택사항으로 1,2 번 보충점수로 들어감 중간고사 잘보고 과제만 잘해놓으면 수월한듯",,,
993404-086,https://everytime.kr/lecture/view/993404,993404,프로그래밍언어,한환수,22년 1학기 수강자,1,나는 잘 모르겠음.. 내가 이해를 못하는건가 싶기도하고 마우스 커서를 만드시면 참 좋을 것 같음,,,
993404-087,https://everytime.kr/lecture/view/993404,993404,프로그래밍언어,한환수,21년 2학기 수강자,4,"1번째 2번째 과제 만점, 3번째 과제 0점. 중간 평균 25점 위, 기말 평균 10점 위. 학점 A 개인적으로 3번째 과제가 너무 어려웠고 2번째 과제를 못했으면 시작할 수 없음..",,,
993404-088,https://everytime.kr/lecture/view/993404,993404,프로그래밍언어,한환수,21년 2학기 수강자,3,"어... 어... 하면서 강의영상에 필기하나도 없음.. 너무 듣기 힘들었습니다,, 교수님은 나쁘신분은 아니었는데.. 강의력이...ㅠ",,,
993404-089,https://everytime.kr/lecture/view/993404,993404,프로그래밍언어,한환수,21년 2학기 수강자,4,Antlr4 kotlin 책까지 삿다 어렵디만 삘타는 숭간 잼씀,,,
993404-090,https://everytime.kr/lecture/view/993404,993404,프로그래밍언어,한환수,21년 2학기 수강자,4,과제 1: 10 과제 2: 0 과제 3: 2.1 중간: 평균+34 기말: 평균+11 A,,,
993404-091,https://everytime.kr/lecture/view/993404,993404,프로그래밍언어,한환수,21년 2학기 수강자,4,중간 평균 -20점 기말 평균 +35 과제점수 10(만점) 0 0 점수 비쁠 중간은 새끼문제가 많아서 하나 틀리면 우수수 틀려서 점수 와장창됐는데 기말은 상대적으로 쉽게 느껴졌음 외워서 하면 되는 문제들이라.. 수업이 막 어렵진 않았다고 생각함 과제는 노가다 하면 된다고들 하는데.. 중간범위 내용을 잘 이해해야 잘할 수 있을 것 같음.. 구글링을 어캐해야하는지도 잘 모르겠고 어려웠음. 노가다하면 뭐 될 것 같기도 함 참고로 모든 과제점수 평균은 0점과 만점 사이 중간에 위치한 값이었음(ex. 0~15점 만점 중앙값인 7.xx),,,
993404-092,https://everytime.kr/lecture/view/993404,993404,프로그래밍언어,한환수,21년 2학기 수강자,3,"중간 기말 둘다평균, pa는 10, 14, 0 으로 b+ 나옴 그 외 홈웍은 감점없고 어중간하게 챙길거면 의미없음",,,
993404-093,https://everytime.kr/lecture/view/993404,993404,프로그래밍언어,한환수,21년 2학기 수강자,4,"한환수 교수님 특징은 바로 A+을 제외하고 매우 관대하다는 것입니다. 아마 A들은 왜 자신이 A인지 의아해할겁니다. 예전에 다른 수업 듣고 동기들끼리 성적 분석해본 적 있는데, 성적 비율이 엄청나게 주관이 뚜렷하신 것 같습니다. 아래 수강평처럼 적당한 학점을 받고 싶다면, 가성비가 매우 좋은 과목입니다. 다만, A+을 노린다? 다음을 주의하세요. 1. 시험은 기본적으로 평균에서 좀 더 높아야 합니다. 2. 마지막 과제 전까진 되도록 만점이어야 하며, 마지막 과제도 어느 정도 점수가 나와야 합니다. 3. 수업이 이해가 안되니, 구글링으로 학습할 각오가 되어 있어야 합니다. 아래에 잘 적혀 있는데 제가 느꼈던 건, 중간고사 범위가 오토마타를 배운 적이 없다면 극악무도하다고 느껴질 수 있습니다. 마치 처음 시스템 프로그래밍을 접했던 그 느낌인데, 다행히 기말고사 범위는 갑자기 귀여워집니다.",,,
993404-094,https://everytime.kr/lecture/view/993404,993404,프로그래밍언어,한환수,21년 2학기 수강자,5,중간 평균 -30 기말 평균 + 10 과제 도합 평균 -15 학점 B+ 프언을 위해 이번 학기에 쓴 시간 5시간 안됨 족보가 있다면 가성비 최고의 수업 없으면 도망쳐~~,,,
993404-095,https://everytime.kr/lecture/view/993404,993404,프로그래밍언어,한환수,21년 2학기 수강자,4,"일단 본인 A+ 맞아서 5점 줄까 하다가 강의력이 너무.. 해서 4점 줌. (강의만 놓고 보면 3점 주고 싶다) 우선 강의 영상 질이 좀 별로임. 마우스 포인터도 없는데 this this이러면 잠깐 졸면 뭘 얘기하는지 놓치게 되고 그렇다고 안 졸리게 수업을 하느냐면 그것도 아님. 마우스로 필기하시는지 딸깍딸깍 소리 나면서 힘겹게 밑줄 긋고 그러시는데 너무 답답함. 이전 강의평에도 이 얘기가 나왔는데 안 고쳐진 걸 보면 계속 재탕하실 확률이 높음. 그냥 강의 자체가 2배속 안 하면 못 듣겠음. 혹시 불면증 있다면 공부도 할겸 강의영상 1배속으로 틀어놓고 침대에 누워보면 좋을 거 같음. 강의 내용 자체는 코딩을 좋아하는 나한테는 재밌었던 거 같음. 근데 컴파일러 설명할 때 front end back end 설명하면서 둘 다 나갈 것 같이 떡밥 깔았는데 front end만 하고 끝나서 그 점은 좀 아쉬움. 중간 기말 족보랑 유사하게 나왔다고 하는데, 난이도는 족보 안 봐도 충분히 고득점 받을 수 있는 난이도임(난 안 보고 시험 봄). 중간은 DFA/NFA 만들기, LR1 State 다 적는 문제가 나오는데 생각보다 시간 걸려서 좀 망했었는데, 인터넷에 이런 유형의 문제를 풀어볼 수 있는 사이트가 있다고 하니 그걸로 연습하면 스무스하게 풀 거 같음. 그거랑 T/F도 나오는데 개념정리만 잘하면 됨. 기말은 V-Table 작성하는 거, GC가 어떻게 동작할지 설명하는 문제, static/dynamic scoping 관련 문제가 나오는데, 그냥 슬라이드만 공부해도 시간도 넉넉하고 할만함. 대신 기말은 범위 특성 상 T/F 문제로 개념 문제가 나오면 너무 쉬워지니까 그런지 개념문제는 T/F로 안 나오고 단답식으로 나옴. 시험은 그냥 그렇게 무난한데 과제가 좀 헬인 거 같음. 과제가 3개(실질적으론 2개)인데 하나가 진짜 너무 시간 잡아먹어서 [과제 많음]으로 줌. 1번째 과제는 ANTLR의 listener pattern으로 수식 계산기를 만드는 건데, 아주 어렵진 않고, 그냥 ANTLR이 자기 컴퓨터에서 잘 돌아가는지, 자기가 앞으로 나오는 ANTLR 과제를 할 수 있을지 없을지 감잡는 정도의 난이도인 거 같음 그 다음 과제는 코틀린 컴파일러를 만드는 건데, 말이 컴파일러지 코틀린을 자바로 변환하는 transpiler를 만드는 거임. 2, 3과제에 걸쳐서 하는데, 2번째 과제가 ANTLR로 kotlin 코드의 parse tree를 만드는 거고, 3번째 과제가 2번째 과제에서 만든 parse tree를 이용해서 java 코드를 생성하는 C++ 코드를 작성하는 과제임. 2번째 과제는 특별히 채점 기준 같은 건 없고, 그냥 parse tree가 에러 없이 나오기만 하면 되는데, parse tree가 생성이 되지 않거나 너무 단순한 parse tree가 나오면 감점하는 듯. 아무튼 그래서 2번째 과제는 하루컷 가능하고, 쉬운데 3번째 과제가 헬임. 2번째 과제에서 작성한 grammer의 rule마다 visitor로 방문하면서 적절한 java 코드로 변경하는 루틴을 작성해야 하는데, type infer 때문에 머리에 쥐 남. 1번째 과제에서 했던 listener pattern이랑 3번째 과제에서 사용하는 visitor pattern이랑 완전 느낌이 다르고 ANTLR에 대해 가르쳐 주는 것도 1도 없어서 visitor pattern tutorial 좀 검색해보고 코드 짜는게 좋을 거임. 일단 해 보면 알게 된다 ㅋㅋㅋ 컴파일러를 어디까지 구현해야 하는지도 명확하지가 않을 텐데, kotlin 공식사이트의 basic syntax 페이지에서 교수님이 특별히 제외하라고 한 기능 빼곤 다 구현해야 되는 거 같음. 이쯤되면 과제 던져서 0점인 사람도 많아서 과제3 점수 반토막 나도 상위권이기 때문에 시간이 쪼들린다면 50% ~ 70% 정도만 제대로 구현해볼려고 하는 걸 추천함. 과제3 버리면 시험 잘봐도 A는 줘도 A+은 안 주시는 거 같으니 꼭 A+ 먹어야 겠다 싶으면 좀 갈릴 각오해야 할 듯.",,,
993404-096,https://everytime.kr/lecture/view/993404,993404,프로그래밍언어,한환수,21년 2학기 수강자,3,과제 거의 최고점 중기말 평균 +15 A임 수업 알아듣기 힘듦 과제 1 2 는 그럭저럭 할만한데 3은 그냥 c++개노가다에다 java kotlin 어케 돌아가는지는 알아야함 과제3의 노가다 덕분에 다른 과목 공부도 제대로 못하고 이거도 정작 + 못 받았네요 참.. 족보없음 시험때 좋은 점수 얻기 힘듦 프로그래밍 언어 전반에 이해가 좀 있고 시간 많을 4학년 이상부터 잡는게 좋은 성적 받을거 같네요,,,
993404-097,https://everytime.kr/lecture/view/993404,993404,프로그래밍언어,한환수,21년 2학기 수강자,5,"A+ 맞았으니 5점(A+아니었으면 5점 아니었을듯) 우선 강의 자체는 알아듣기가 힘들었다. 교수님 마이크가 문제인 건지 발음자체가 약간 씹혀서 들리는 경우도 많았고 문제의 this를 자꾸 연발하셔서 잠시 흐름을 놓치면 무엇을 설명하고 계신지 모르게 되는 경우가 많았다. 과제는 3번 나오는데 첫번째는 패스하고 2번째는 코틀parser rule, lexer rule 만들기 3번째는 antlr4의 visitor를 이용해서 코틀린을 자바로 변환해주는 코드작성이다. 3번째 과제 평균이 말도안되게 낮았고 최고점도 15점만점에7점이었는데 이는 visitor사용법을 모르는 사람들이 많았기 때문일거라고 추측한다. 따라서 못하겠더라도 너무 시간은 쓰지말고 헤더파일 뒤져서 visitor사용법만 알아내고 기초적인거라도 구현해서 내면 좋을 것 같다. 시험은 알면 쉽게 풀고 모르면 낑낑댈만한 문제들이었다. 족보랑 80%유사하게 나오니 족보 꼭 풀어보자",,,
993404-098,https://everytime.kr/lecture/view/993404,993404,프로그래밍언어,한환수,21년 2학기 수강자,3,강의력 매우 안 좋음 과제 매우 어려움 특히 3번째 과제는 아무 설명도 없어서 찾아보는데만 일주일 날림. 그리고 0점 ㅋㅋ. 정신 건강을 위해서 버리는 걸 추천 근대 또 학점은 잘 주시는 듯,,,
993404-099,https://everytime.kr/lecture/view/993404,993404,프로그래밍언어,한환수,21년 2학기 수강자,3,강의력이 너무 안 좋으셔서 고통스러웠다 다른 사람들도 대부분 인도 유튜버 찾는 것 같았음 과제가 확실히 어렵긴 하니까 세 번째 건 버리는 걸 추천하고 앞에 것들은 미리미리 시작하시길,,,
993404-100,https://everytime.kr/lecture/view/993404,993404,프로그래밍언어,한환수,21년 2학기 수강자,4,세번째 과제 버리는거 추천 가성비 쓰레기임 기말 1문제 더 맞는게 훨씬 나음 기말은 족보랑 거의 비슷하니 기출을 풀어보도록,,,
103684-001,https://everytime.kr/lecture/view/103684,103684,컴퓨터그래픽스개론,이성길,26년 1학기 수강자,4,과제는 생각보다 할만합니다. 첫번째 과제부터 차근차근 했다면 무리없이 모든 과제 마무리 할 수 있을 정도 문제는 시험이 지엽적으로 어렵게 나옵니다.,,,
103684-002,https://everytime.kr/lecture/view/103684,103684,컴퓨터그래픽스개론,이성길,26년 1학기 수강자,4,과제도 수업도 참 좋고 배워가는것도 많은데 시험방식이 진짜 쓰레기같음 소공개 시험이랑 비비는 수준임,,,
103684-003,https://everytime.kr/lecture/view/103684,103684,컴퓨터그래픽스개론,이성길,25년 1학기 수강자,4,"강의 내용 자체는 재미 있었고 AI는 절대 금지, 약 1/3 정도 다 AI 사용해서 F 맞았슴",,,
103684-004,https://everytime.kr/lecture/view/103684,103684,컴퓨터그래픽스개론,이성길,26년 1학기 수강자,5,과제도 할만하고 수업내용도 유익합니다! 과제는 미리미리 시작하시는걸 추천드립니다,,,
103684-005,https://everytime.kr/lecture/view/103684,103684,컴퓨터그래픽스개론,이성길,26년 1학기 수강자,5,재밌으시고 과제도 공부좀 하고 시간 투자하면 할만해요! 출석은 8번만 안넘으면 신경 안쓰심!!,,,
103684-006,https://everytime.kr/lecture/view/103684,103684,컴퓨터그래픽스개론,이성길,25년 2학기 수강자,5,겁을 많이 주시지만 사실 할만한 수업 다뤄본적 없는 내용이라 재미있음,,,
103684-007,https://everytime.kr/lecture/view/103684,103684,컴퓨터그래픽스개론,이성길,26년 1학기 수강자,5,과제 스케줄이 조금 빡세지만 강의 내용은 유익합니다 그래픽스 관심 있으면 재밌게 할 수업입니다,,,
103684-008,https://everytime.kr/lecture/view/103684,103684,컴퓨터그래픽스개론,이성길,25년 1학기 수강자,4,과제가 빡세고 ai 못써요 그래픽스 관심 있으면 들으세요,,,
103684-009,https://everytime.kr/lecture/view/103684,103684,컴퓨터그래픽스개론,이성길,26년 1학기 수강자,5,오프라인에서는 그냥 재밌는 얘기 듣다 온다 느낌이고 온라인에서 거의 배움 교수님 착하시고 굿,,,
103684-010,https://everytime.kr/lecture/view/103684,103684,컴퓨터그래픽스개론,이성길,25년 2학기 수강자,2,과제가 총 네번 나가는데. 과제가 진짜 너무 빡세서... 열정있는 사람만 들으세요!,,,
103684-011,https://everytime.kr/lecture/view/103684,103684,컴퓨터그래픽스개론,이성길,25년 2학기 수강자,4,개인적으로 과제가 재미있었는지도 모르겠습니다. 지피티 표절에 예민하시니 조심하시길…,,,
103684-012,https://everytime.kr/lecture/view/103684,103684,컴퓨터그래픽스개론,이성길,26년 1학기 수강자,5,과제 어렵기는 하지만 재미있습니다. 온러인 강의는 배울 것이 많아서 좋습니다.,,,
103684-013,https://everytime.kr/lecture/view/103684,103684,컴퓨터그래픽스개론,이성길,25년 2학기 수강자,5,그저 갓. 아쉬운 건 내 머리일 뿐 선형대수학은 반드시반드시 들어야하며 전 선대 안듣고 듣긴 했는데 교안보고 어떻게든 과제해서 A0나옴 하지만 쓸데없이 갈아넣어진 시간이 너무 아깝습니다 과제는 총 4개인데 다 연계되는 과제라 하나라도 안되면 다음 과제가 불가능은 아닌데 많이 힘들어요 지피티 걸려서 에프 받은 사람들 은근 있어서 생각보다 저점은 낮을거임 선형대수학은 반드시 수강하고 들으시길,,,
103684-014,https://everytime.kr/lecture/view/103684,103684,컴퓨터그래픽스개론,이성길,25년 2학기 수강자,4,재밌어요 .. 나름 .... 성적은 과제가 중요한 것 같아요. 과제 총 4개인데 저는 뒤에 두개 좀 던졌더니 b+ 나왔어요 그래도 시험 기말만 있어서 은근 꿀이고 출석도 6번까지 빠질 수 있어서 정말 좋아요 ..,,,
103684-015,https://everytime.kr/lecture/view/103684,103684,컴퓨터그래픽스개론,이성길,25년 2학기 수강자,5,직전학기 20명 넘게 f줬다해서 쫄았는데 교수님 재밌고 설명도 친절하게 잘 해주십니다. 과제1 설명할 때 코드 사실상 거의 다 작성해주셔서 보고 베껴쓰면 큰 문제없습니다,,,
103684-016,https://everytime.kr/lecture/view/103684,103684,컴퓨터그래픽스개론,이성길,25년 2학기 수강자,4,제발 a1에서 감점당하지마라 삶이 힘들어진다 성적은 너그러운거 같음 부분점수 없는 서술형 너무 무서워요,,,
103684-017,https://everytime.kr/lecture/view/103684,103684,컴퓨터그래픽스개론,이성길,25년 2학기 수강자,5,"저번에 F로 썰려나간 과목으로 알고 있는데, 이번 학기에는 20번 정도 당부를 하셔서 그런지 2명 이외에 F는 없었습니다. 결석은 6번이상(인지 초과인지는 정확히 기억이 안 나지만) 안 하면 별도의 감점이 없습니다. 과제는 총 4개가 있고, A1은 오프라인 수업 때 live coding을 통해서 구체적으로 방향을 잡아주십니다. A1은 live coding을 바탕으로 하면 수월하고 A1을 하고 과제에 해당하는 openGL 강의 내용을 숙지하면 나머지 과제도 할만합니다. openGL 내용을 숙지한 다음, 예시 코드가 어떤 식으로 작성 됐는지 구조를 파악하고 그 다음 과제를 진행하면 무리없이 진행할 수 있습니다. (저는 C++를 잘 몰라서 중간중간 애를 먹긴 했지만 그래도 과제가 2주에 하나 꼴이라 할 만합니다.) 시험은 기말시험 1번이었는데,시 험은 2~3단원만 집중적으로 공부하는 게 나을 거라는 식으로 말씀하셨는데, 실제 시험은 핵심적인 부분을 건드리는 문제가 많이 나왔습니다. (field, ring 정의까지 외웠는데...ㅜ) 저번 학기에는 엄청 지엽적이고 각 단원마다 힘을 줘서 내신 것으로 알고 있습니다. 아직 시험에 대해서는 구체적으로 방향이 정해지지 않은 것 같습니다. 아쉬운 것은 오프라인 수업 때 말의 흐름이나 빠르기가 빨라서 분명 재밌는 이야기를 하신 것 같은데 이해를 못하거나, 수업 내용을 이해하지 못하는 경우가 더러 있었습니다. 근데 수업 내용의 경우 대부분 오프라인이 핵심이고 오프라인 수업은 prerequisite 부분부터 꼼꼼하게 다뤄주셔서 수업의 흐름을 이해하는 데 큰 지장은 없습니다. 솔직히 과제나 수업 내용등을 고려했을 때 이 정도로 짜임새 있는 수업은 손에 꼽는 것 같습니다. 아쉬운 것은 오프라인 수업 때 타과생인데 막 학기에 알찬 수업 잘 듣고 갑니다.",,,
103684-018,https://everytime.kr/lecture/view/103684,103684,컴퓨터그래픽스개론,이성길,25년 2학기 수강자,5,"오프라인 강의는 과제 설명 4타임, 라이브 코딩 시간 제외하면 거의 쉬어가는 느낌인데 온라인 강의는 진짜 내용이 알찹니다 강의 교안도 잘 정리되어 있어서 혼자 공부하기에도 좋았어요 시험문제 중에는 교안에는 간단하게 그림으로만 나와있지만 온라인 강의에서는 짚고 넘어가는 부분이 있어서 강의도 잘 들으셔야 합니다 과제 4번에 기말시험 1번으로 성적이 나오는데 과제는 비율이 2:1:1:1이니까 첫번째 과제 감점 안 당하게 잘 체크해주시면 됩니다",,,
103684-019,https://everytime.kr/lecture/view/103684,103684,컴퓨터그래픽스개론,이성길,25년 2학기 수강자,4,"현장 강의는 비교적 영양가 떨어지고 쉬어가는 느낌인데, 녹화 강의 보면서 공부하시면 알찹니다. OpenGL 과제 4번 가량이 나오는데, 꼭 지시사항 잘 지켰는지 잘 검토하고 내세요. 은근 감점 폭 큽니다 시험은 기말 하나만 보고 지엽적으로 낼거라고 계속 겁을 주긴 하시는데, 실제로 문제에서 함정을 파두는 경우가 많긴하나 너무 지엽적인 거보다는 중요하긴 한데 각 챕터의 초중요 핵심까지는 아닌 걸 슬쩍 물어보는 느낌이었습니다. 전부 주관식이니 단어 철자는 틀릴지언정 확실히 외워두는 게 낫습니다. 교수님이 하지 말란거만 하지 않으면 크게 손해볼 일은 없습니다. 하지 말라는 거 하면 봐주는 거 없이 바로 F 들어가고 아니면 성적 괜찮게 받아요",,,
103684-020,https://everytime.kr/lecture/view/103684,103684,컴퓨터그래픽스개론,이성길,25년 2학기 수강자,4,"과제 자체는 OpenGL 실습 강의만 듣고도 재밌게 할 수 있어서 좋았음. 사실 과제가 재밌고, 학점 잘 주신대서 수강 신청했는데... 지난 학기가 F가 많아서 학점을 잘 주신게 아닐까 싶음. (이번 학기는 출결로 1명, 과제 치팅으로 1명, 총 2명) 시험은 매우 어렵다고 몇 챕터만 외우는게 오히려 점수 잘 나올꺼라고 하셨는데, 이번에 시험 보니 그정도는 아니었던 듯... 3개 챕터만 달달달 외워갔는데, 한 3개 챕터 빡세게 외우고 전체 챕터 자체를 보긴봐야 점수가 잘 나오지 않았을까... 과제 거의 만점(과제 평균은 대략 70점대)이고, 시험도 나쁘지 않게 봤다고 생각했는데, A0 받음. 과제 때문에 고생 좀 했는데, A0 받으니... 그냥 안 듣는 게 평균 평점 더 높기도 하고, 괜히 들은 듯.",,,
103684-021,https://everytime.kr/lecture/view/103684,103684,컴퓨터그래픽스개론,이성길,25년 2학기 수강자,4,"과제는 열심히 알아서 하자. Gpt쓰다걸리면 (성의없는복붙) f, 출튀해도 f. 양은 뒤지게 많고 내용 어렵다.",,,
103684-022,https://everytime.kr/lecture/view/103684,103684,컴퓨터그래픽스개론,이성길,25년 2학기 수강자,4,시험은 아직 안침(자신 없음). 근데 과제는 어렵지 않다. 솔직히 첫번째 과제를 빼면 교수님이 주시는 코드 짜집기랑 전 과제에서 썼던 코드 재탕밖에 안한거 같다. 내가 그냥 재밌게 느껴서 그런걸 수도. 근데 시험이 너무 무섭다. 성적도 빡빡하게 주실거 같다. 과제는 만점인데 시험 빵점 맞을 거 같다.,,,
103684-023,https://everytime.kr/lecture/view/103684,103684,컴퓨터그래픽스개론,이성길,25년 2학기 수강자,4,과제 초반의 어려움을 극복하면 후반에 괜찮아짐. 하지 말란거 안 하면서 얌전히 수업 들으면 모가지 간수할 수 있으니 하라는대로 하면 됨,,,
103684-024,https://everytime.kr/lecture/view/103684,103684,컴퓨터그래픽스개론,이성길,25년 2학기 수강자,3,강의내용도 복잡하고 오프라인은 시간아깝습니다.,,,
103684-025,https://everytime.kr/lecture/view/103684,103684,컴퓨터그래픽스개론,이성길,25년 2학기 수강자,5,과제가 get 없이 하기엔 난이도가 꽤 있지만 재밌습니다.,,,
103684-026,https://everytime.kr/lecture/view/103684,103684,컴퓨터그래픽스개론,이성길,25년 2학기 수강자,4,어렵고 과제는 gpt를 못써서 꽤 힘듭니다. 그래도 수업자체가 재미는 있으니 나쁘지 않습니다,,,
103684-027,https://everytime.kr/lecture/view/103684,103684,컴퓨터그래픽스개론,이성길,25년 1학기 수강자,5,엄청난 수업이죠.. 지피티를 쓰지 않는 아날로그 시대로 돌아가고싶으시다면 추천~ 참고로 기말고사 진짜 지엽적이랍니다.. 출튀해도 에프~,,,
103684-028,https://everytime.kr/lecture/view/103684,103684,컴퓨터그래픽스개론,이성길,25년 2학기 수강자,4,처음에 opengl몰라서 그냥 난감했는데 듣다보니 이해되는 느낌이네요.,,,
103684-029,https://everytime.kr/lecture/view/103684,103684,컴퓨터그래픽스개론,이성길,24년 2학기 수강자,2,"10주동안 긴장과 스트레스를 받을 수 있는 수업입니다. 개인적으로 실망했던 부분은 오프라인 수업이 정말 의미가 없을 정도로 왜 하는 지 모르겠습니다. 온라인 한국어로 알려주시는 내용은 이해가 잘 되는데, 나머지는 아닙니다. 과제 4번, 시험 1번(전범위)",,,
103684-030,https://everytime.kr/lecture/view/103684,103684,컴퓨터그래픽스개론,이성길,25년 1학기 수강자,3,"과제가 재밌고 기말고사는 괴로워요 근데 뭘 배웠는지를 모르겠어요 분명 배우긴 했는데, 교수님의 강의력이 좋진 않은거 같아요.",,,
103684-031,https://everytime.kr/lecture/view/103684,103684,컴퓨터그래픽스개론,이성길,25년 1학기 수강자,3,"프로듀스101 빰치는 서바이벌쇼. 수업의 절반이 무려 ""F""로 갈려나간다. 정신나갈듯한 기말고사 난이도와 교수님의 라이브 코딩 딸깍 그냥 정신나갈거같애 수준의 수업. 무엇을 배웠는가? 몰?루?",,,
103684-032,https://everytime.kr/lecture/view/103684,103684,컴퓨터그래픽스개론,이성길,25년 1학기 수강자,5,"들었던 수업 중 과제가 가장 잘 짜여져있다는 느낌을 받았습니다. 불필요한 노가다가 아닌, 정말 과목에서 배운 내용들을 직접 적용하면서 배워가는 방식으로 과제가 구성되어 있어 매우 유익했습니다.",,,
103684-033,https://everytime.kr/lecture/view/103684,103684,컴퓨터그래픽스개론,이성길,25년 1학기 수강자,5,재밌게 수강했습니다. 기말고사로 나오는 부분 점수 없는 서술형 10문제가 좀 폭력적이긴 했지만 수업 듣고 과제 하는 건 재밌게 해서 전체적으로 만족도는 높은 편인 거 같습니다.,,,
103684-034,https://everytime.kr/lecture/view/103684,103684,컴퓨터그래픽스개론,이성길,25년 1학기 수강자,5,강한 자만이 이곳에서 살아남는다. 수업 내용 자체는 재밌고 시험이 매~~우 지엽적으로 나오지만 버틴다면 충분히 들을만한 과목인 듯.,,,
103684-035,https://everytime.kr/lecture/view/103684,103684,컴퓨터그래픽스개론,이성길,25년 1학기 수강자,5,공식은 가장 복잡한 것만 내십니다. 몇번 보고 외울 수 있는 공식은 안 내시네요 ㅋㅋ,,,
103684-036,https://everytime.kr/lecture/view/103684,103684,컴퓨터그래픽스개론,이성길,25년 1학기 수강자,5,과제는 재밌지만 키워드를 반드시 포함해야 점수를 받을 수 있는 기말시험이 너무 두렵다.. 아직 학점 받기 전이지만 수업 내용이 알차서 만족,,,
103684-037,https://everytime.kr/lecture/view/103684,103684,컴퓨터그래픽스개론,이성길,25년 1학기 수강자,5,수업듣기 너무 좋아요 수업듣고 들은 내용을 바탕으로 과제하면 시간이 녹아 없어진다는 단점이 있지만 과제가 너무 즐겁습니다.,,,
103684-038,https://everytime.kr/lecture/view/103684,103684,컴퓨터그래픽스개론,이성길,25년 1학기 수강자,5,"강의도 재밌고, 교수님이 잘 가르쳐주심 F만 25명 나온 전설의 과목 하지만 충분히 들을만합니다 중간없구요 과제는4개였어요",,,
103684-039,https://everytime.kr/lecture/view/103684,103684,컴퓨터그래픽스개론,이성길,25년 1학기 수강자,1,잘 들어....passion없으면 수강하지 마세요!!! 진짜.... 뛰어!!!,,,
103684-040,https://everytime.kr/lecture/view/103684,103684,컴퓨터그래픽스개론,이성길,23년 2학기 수강자,5,한국어 수업이었다면 정말 완벽했을 강의.. 국제어 수업이라면 교수님 영어 발음이 좀 듣기 힘들어서 집중해서 들어야 한다. 기말시험만 있고 전범위지만 중간에 5~6주 정도는 opengl 강의고 시험에 안 나와서 그부분 빼고 생각하면 나름 공부할 만한 듯. 과제는 꼬박꼬박 하자. 한 번 삑나면 따라가기 힘듦,,,
103684-041,https://everytime.kr/lecture/view/103684,103684,컴퓨터그래픽스개론,이성길,23년 2학기 수강자,5,재미있게 들을수 있는 과목 시험은 엄청 어려웠고 과제는 힘들지만 할만했음 출튀는 절대 금지,,,
103684-042,https://everytime.kr/lecture/view/103684,103684,컴퓨터그래픽스개론,이성길,23년 2학기 수강자,5,솔직히 지피티가있는이상 과제가 어렵다고 할수없음 시험은 어렵고 채점도 깐깐하긴합니다,,,
103684-043,https://everytime.kr/lecture/view/103684,103684,컴퓨터그래픽스개론,이성길,23년 2학기 수강자,5,a1 평균 78.8 a2 평균 77.4 a3 평균 70.3 a4 평균 70.3 (130점만점) 그래픽스! 게임보다 재밌다!,,,
103684-044,https://everytime.kr/lecture/view/103684,103684,컴퓨터그래픽스개론,이성길,23년 2학기 수강자,5,교수님이 인간적인 것 같다 과제도 최대한 포기하지 않도록 힌트 주시고 지각제출도 가능한 커버해주려 하심 근데 수업때 뭐라하시는지 잘 안들림.. 성적 매우 잘주셔서 아무튼 좋은 수업인 것 같다,,,
103684-045,https://everytime.kr/lecture/view/103684,103684,컴퓨터그래픽스개론,이성길,23년 2학기 수강자,5,재미있고 출석도 너그럽고.. 과제는 많지만 성실하면 할 수 있습니다,,,
103684-046,https://everytime.kr/lecture/view/103684,103684,컴퓨터그래픽스개론,이성길,23년 2학기 수강자,5,적절한 난이도의 과제. 다만 과제가 이어져있는 느낌이라 처음에 잘 따라가지 못하면 계속 해서 무너질 수도 있습니다. 그래도 손도 못댈 정도의 난이도는 아니기 때문에 시간투자 조금 하시면 누구든 해내실 수 있습니다! 한국어 강의 올려주신 것과 교안으로만 공부했고 A+ 받았습니다.,,,
103684-047,https://everytime.kr/lecture/view/103684,103684,컴퓨터그래픽스개론,이성길,23년 2학기 수강자,5,과제가 재밌는 편이긴 한데.. 대면 수업이 영어로 하는데다가.. 그냥 집중을 안하게 됩니다.(게다가 대면 수업은 시험에도 안들어감) 그래서 온라인 한국어 강의로 공부했고 과제도 혼자 pdf보면서 했습니다. 과제는 첫 과제가 생소해서 어렵고 나머진 그 연장선상이라 어찌어찌 할 순있습니다(족보가 도는지 난이도가 생각보다 낮은건지 평균은 되게 높습니다). 또 과제 주의사항 잘 읽어봐야 됩니다.(잘 못하면 감점이 매우 큼). 시험은 기말 한 번이었고 100점 만점에 10점짜리 문제 10개였습니다. 영어 서술형위주 시험이고 부분점수 아예 없습니다. 점수를 직접가서 확인해야했는데 확인해보니 거의 다 30점 밑이여서 ㅋㅋ 4문제만 맞춰도 A+이었을 겁니다. 나름 만족한 수업,,,
103684-048,https://everytime.kr/lecture/view/103684,103684,컴퓨터그래픽스개론,이성길,23년 2학기 수강자,5,여태 들은 과목들 중 과제 goat라고 생각합니다. 과제 난이도가 정말 적절하게 잘 짜여져 있어 수업 내용을 여러번 곱씹으면서 고민하다보면 할 수 있도록 만드신 것 같습니다. 수업 때 대충 이해하고 넘어갔던 내용이 과제를 하면서 아 이게 이런거였구나 하고 이해할 수 있었어요. 강의도 국제어 수업이지만 한국어도 따로 찍어서 올려주셔서 정말 편하게 들었습니다.,,,
103684-049,https://everytime.kr/lecture/view/103684,103684,컴퓨터그래픽스개론,이성길,23년 2학기 수강자,5,"※ 금학기 기준 맥(애플실리콘) 에서 과제(테스트)하는 법 ※ ★제출은 Mac Compatible도 안 받으시므로 윈도우/리눅스에서 최종 작성/확인 필요★ 맥에서만 돌릴거면 GLAD 필요없고 <OpenGL/gl3.h> 쓰면 되고, metal 위에서 프레임워크로 돌아가는 것으로 추정됨. 4.1에서 지원 끊겼으나 viewport 말고 과제 테스트 하는데에는 문제 없음. viewport는 window size 말고 버퍼 사이즈 받아와서 계산해야 함(레티나 디스플레이 문제같음). 컴파일 할 때 플래그 --framework OpenGL IOKit Cocoa 줘야 함. 교수님이 주시는 유틸리티 헤더/메이크파일도 오류 뜨는 부분 적당히 수정해야 함. 나는 걍 맥 테스트용 makefile 따로 썼음. ---------------- 과제에 기준이 명확하기 때문에 명세를 제대로 읽고 이상한데서 까먹으면 안 됨. 교수님이 분야에 열정과 자부심이 있는 게 느껴져서 좋았음. 주신 스켈레톤이나 유틸리티 헤더만 뜯어봐도 얻어갈 내용이 많음. 학부생 수업임에도 강의, 시험과 과제를 신경써서 관리하시는 것이 느껴짐. 족보, 출튀 등에 매우 민감하심. 원론 수업도 열렸으면 조켓어용.",,,
103684-050,https://everytime.kr/lecture/view/103684,103684,컴퓨터그래픽스개론,이성길,23년 2학기 수강자,5,"최고의 전공심화 교수님 첫인상은 빡세고 깐깐해보이지만 누구보다 학생들을 생각하심. 클릭만 하면 되는 과제 환경 세팅이나 수업 중 라이브코딩은 충격 그 자체 과제 4개가 쉽지만은 않은데, 그렇다고 수업 들으면 못할 것도 아님 디버깅이 빡세지만 눈에 바로바로 보이는 즐거움은 말할 수 없음 영어...는 조금 듣기 힘들지만 강의는 어려운 개념도 쉽게 이해할 수 있도록 준비하심 선대나 물리를 모르고 듣는게 가능은 한데, 알고 듣는게 100배 쉽고 재밌다고 생각",,,
103684-051,https://everytime.kr/lecture/view/103684,103684,컴퓨터그래픽스개론,이성길,23년 2학기 수강자,5,별 생각 없이 수강신청 했다가 재미있게 들은 과목,,,
103684-052,https://everytime.kr/lecture/view/103684,103684,컴퓨터그래픽스개론,이성길,23년 1학기 수강자,5,"과제4번 시험1번 나옵니다. 과제 4개 다 재밌고 시험은 빨강, 파랑 글씨 위주로 보시면 엥간하면 잘 볼 수 있습니당",,,
103684-053,https://everytime.kr/lecture/view/103684,103684,컴퓨터그래픽스개론,이성길,23년 1학기 수강자,5,좋으신 강의력 국제어 수업인데도 한국어 수업 녹화본을 똑같이 올려주신다. 하지만 과제가 조금 어렵고 호불호 개인적인 편차가 심하다,,,
103684-054,https://everytime.kr/lecture/view/103684,103684,컴퓨터그래픽스개론,이성길,23년 1학기 수강자,5,"확실히 코딩의 결과물이 눈앞에 펼쳐지니까 수업에 흥미붙이기 좋음. 수업 방식이 지난학기는 좀 과도기였던 부분이 있어서 아쉽긴 하지만, 과제를 하나하나 따라가면서 배우는 것들이 충분히 있었음. 과제도 수업 자료나 코딩 예시 같은 거 참고해서 충분히 따라갈만 했음. 출튀만 하지말기.",,,
103684-055,https://everytime.kr/lecture/view/103684,103684,컴퓨터그래픽스개론,이성길,23년 1학기 수강자,5,"이번 학기 제일 재미있게 들은 과목입니다. 과제는 4번 나오고 생각보다는 무난했습니다만 주어진 조건들을 꼼꼼하게 봐야 합니다. 2-4번 과제는 연결되므로 신경써서 하셔야 합니다. 족보가 돌기 때문에 평균은 꽤 높은 편입니다. 시험은 하이라이트된 부분(빨강, 파랑)을 잘 보시면 무난한 점수 가져갈 수 있습니다. OpenGL 부분은 시험에 안 나오니(전체 수업의 30-40% 정도) 공부량도 부담이 적은 편입니다. 학기중에 질문 5개를 해야 하는데, 점수 비중이 꽤 크니 다 채우셔야 합니다. 플립 러닝이라 이론은 아캠에 올려주시고 일주일에 한 번 현장에서 이렇게 모인 질문에 답하는 식입니다. 꽤 마음에 들었던 운영 방식입니다. 출튀하지 마세요. 걸리면 가차없이 f일 뿐더러, 어차피 6번까지는 결석해도 점수 안 깎입니다. 일주일에 한 번만 가도 되는 수업이니 6주를 빠져도 점수가 안 깎이는 겁니다. 선대나 공수를 안 들었어도 충분히 수업 내용으로 커버됩니다. 행렬곱이랑 transverse만 알면 됩니다.",,,
103684-056,https://everytime.kr/lecture/view/103684,103684,컴퓨터그래픽스개론,이성길,23년 1학기 수강자,5,재미있는데 국제어인 게 힘들었던 수업… 1. 출튀하지말자 2. 과제 일찍하자 미루지말자. 1번 제외 연쇄라 못하면 이전거까지 해야된다. 모르면 질문하자. 디음날 아침에 답변 달아주신다. 과제 파일을 제대로 정독하자. 3. 제출시 pdf파일과 .vs파일을 잘 지우자. 4. 시험은 수식만 다 쓸 줄 알면 40점정도 나온다. 10개미만이니까 다 외우고 나머지는 키워드만 기억하자.,,,
103684-057,https://everytime.kr/lecture/view/103684,103684,컴퓨터그래픽스개론,이성길,23년 1학기 수강자,5,"성적은 보다시피 너그럽게 주시는 편입니다. 총 4번의 코딩과제가 있고, 강의를 꼼꼼하게 이해했다면 하루 내외로 해결될만한 난이도입니다. 이번 학기에는 프로젝트와 코딩과제의 추가점수를 제거하셨는데, 다음번엔 어떻게 하실지는 교수님 재량이실 듯 합니다. 시험은 피피티에 색깔있는 키워드 중심으로 보고, 수식이 있으면 외워두시면 좋을 듯 합니다.",,,
103684-058,https://everytime.kr/lecture/view/103684,103684,컴퓨터그래픽스개론,이성길,23년 1학기 수강자,5,그래픽에 관심 있으신 분들에겐 좋은 선택이라고 생각합니다.,,,
103684-059,https://everytime.kr/lecture/view/103684,103684,컴퓨터그래픽스개론,이성길,21년 2학기 수강자,5,"그래픽 관련 과목으로 처음 들어봤는데 상당히 흥미로웠습니다. 과제는 살짝 난이도가 있을 수 있지만, 그래도 강의력도 좋으시고 수업만 잘 따라가면 충분히 해결가능하다고 생각합니다.",,,
103684-060,https://everytime.kr/lecture/view/103684,103684,컴퓨터그래픽스개론,이성길,22년 2학기 수강자,5,"재밌습니다! 첫번째 과제만 잘하면 된다 -> 이건 틀린말인게 중간에 한번 생각 좀 해야하는 꼬은 과제가 나와서 ㅠㅠ 조금 던졌더니 A 받았습니다,, 과제마다 약 8시간씩 투자한 것 같고 기말 몰빵인데 생각보다 어렵지만 뭐랄까 아무도 제대로 풀긴 어려울 것 같은 난이도라서 ㅋㅋ 편하게 기억나는거 쓰고 나왔습니다",,,
103684-061,https://everytime.kr/lecture/view/103684,103684,컴퓨터그래픽스개론,이성길,22년 2학기 수강자,5,행렬곱 정도 빼면 선대 모르고 들으셔도 됩니다 어차피 꼭 필요한 컨셉은 설명이 있어서 cg쪽 지망 아니어도 재미삼아 들어볼만한 과목,,,
103684-062,https://everytime.kr/lecture/view/103684,103684,컴퓨터그래픽스개론,이성길,22년 2학기 수강자,5,"한 학기 동안 그래픽스 관련해서 알차게 배웠던 것 같습니다. 과제는 수업 열심히 따라가면 손 못댈 정도는 아닌데, 평균 자체가 솔직히 이상하리만큼 높았던 것 같아서 그게 빡셌습니다. 다들 과제 잘 하는 거에 비해 시험 평균이 높진 않았던 것 같고, 학점도 나름 잘 주시는 것 같습니다.",,,
103684-063,https://everytime.kr/lecture/view/103684,103684,컴퓨터그래픽스개론,이성길,22년 2학기 수강자,5,"☆☆☆ 맥북 이용자는 못들어요. ONLY window/linux(vm안됨)! ☆☆☆ 👨‍🏫 안녕! 👨‍🎓하세요~ 첫수업때 반말 쓰시는거 보고 충격받았었음. 굉장히 친근한 아빠/형 같은 스타일. 수업은 진도가 매우 빠르다. 오프라인이지만 OpenGL부분은 온라인으로 수업함. 전자출결인데 출튀 걸리면 F다! 13?14주차에 2번 출석 부르셨다. 선형대수 지식이 필요하다. 행렬 곱만 알아도 ok. 그 외 프로그래밍 능력은 원리 알려주면 따라서 구현하는 정도?만 있음 된다. 복습 매번 하면 수업 따라가는데 문제가 없지만, 복습을 안하면 따라가기 엄청 힘들다.(이전 수업내용이랑 개념이 연결되서ㅠㅠ) 이른바 cg. CPU에서 계산해서 GPU를 거쳐 display하는 과정을 배움. OpenGL 라이브러리를 배우고, cpp 사용함. cpp 내장 함수 쓰는 것보다 교수님이 주는 cgmath.h 에 있는 함수 사용하면 훨씬 편하다. 과제4+기말1 과제는 원 여러개 튕기는 것부터 자전하는 구 만들기, 공전하는 여러 구 만들기, 이미지 입혀서 태양계 만들기 순차적으로 진행됨. 과제 설명할때 방법 다 알려주고 평균이 어마무시하게 높음. 추가구현하면 보너스점수 주는데, 120점이 최고점이고 평균은 70 언저리(은근 높다). 기말은 전범위라 개념 전부 암기해야함. 색깔부분에서 나오고 수식에서 좀 나옴. appendix랑 OpenGL부분은 안보고 시험쳤는데 다행히 그부분에서 나오지는 않은 것 같음. 결론은 재밌게 들을만하다!",,,
103684-064,https://everytime.kr/lecture/view/103684,103684,컴퓨터그래픽스개론,이성길,22년 1학기 수강자,5,과제에 대한 두려움이 상당히 많았지만 생각보다는 할만해서 괜찮았습니다 물론 어렵긴 했지만..그래도 신기한 것들 많이 배워서 재밌었습니다,,,
103684-065,https://everytime.kr/lecture/view/103684,103684,컴퓨터그래픽스개론,이성길,22년 1학기 수강자,5,개인적으로 이번학기 제일 재밌었던 수업. 하지만 과제 난이도가 좀 있음. 수업을 확실하게 이해한게 아니면 정말 어려움 수업 잘들어야함. 과제 감점은 정말 기준이 명확해서 이의제기 할게 없음. 시험도 마찬가지. 과제 제출 양식 꼼꼼히 신경쓰도록 합시다,,,
103684-066,https://everytime.kr/lecture/view/103684,103684,컴퓨터그래픽스개론,이성길,22년 1학기 수강자,5,제발 소프트웨어 학과면 컴그 들읍시다 어차피 들을 것도 없잖아요 매우 재미있는 과목입니다.,,,
103684-067,https://everytime.kr/lecture/view/103684,103684,컴퓨터그래픽스개론,이성길,22년 1학기 수강자,5,오프라인+한국어수업+팀플없음+개인 과제 4번+기말고사 출석 10% 과제 60% 기말고사 30% 한국어 수업이라서 넘 좋았고 교수님이 은근 귀여우심 그래픽스 관심있으시면 꼭 들어보세요! 과제가 좀 어렵긴 한데 악명높은거에 비해 할만함 힘들게 다 구현했는데 레포트 형식때문에 감점당하지 말고 감점사항 잘 확인하세요 과제 평균은 80점정도였고 추가구현 안해도 과제점수는 100점 넘길수있을듯 저는 과제 거의 만점받아놓고 기말 망해서 A나옴.. 교수님께서 자세히 설명해주시는 타입이 아니라서 이해가 잘 안될수있음 한번에 이해 안되는게 정상이니 걱정하지마세요.. 기말고사는 부분점수 없는 단답형+서술형 10문제,,,
103684-068,https://everytime.kr/lecture/view/103684,103684,컴퓨터그래픽스개론,이성길,21년 2학기 수강자,5,"과제 난이도가 어렵지만.. 과제도 만점을 못 받았거나, 파이널 팀 프로젝트 발표때 다른 팀과 너무 비교되어서 민망할 정도였는데 에쁠을 주셨습니다.. 눈물이 나요",,,
103684-069,https://everytime.kr/lecture/view/103684,103684,컴퓨터그래픽스개론,이성길,21년 2학기 수강자,3,과제랑 프로젝트가 상당히 어렵습니다 그래도 열심히 버티다 보면 절반 가까이가 드랍해서 학점은 잘 나온 과목 안 그런 과목은 없겠지만 이 과목은 잘 하는 사람과 못하는 사람의 실력 편차가 어마어마 합니다,,,
103684-070,https://everytime.kr/lecture/view/103684,103684,컴퓨터그래픽스개론,이성길,21년 2학기 수강자,5,강의들으면 뭔소린가 싶은데 과제 끙끙대면서 해내고 다시 내용보면 아 그게 그소리였구나 싶음. 각 내용마다 소스를 제공해 주시기도 하고 해서 시각적으로 학습을 하고 결과도 눈으로 확인이 가능. 어렵지만 재미있었다,,,
103684-071,https://everytime.kr/lecture/view/103684,103684,컴퓨터그래픽스개론,이성길,21년 2학기 수강자,5,학부생 때 들을 수 있는 가장 어려운 강의다. 프로젝트를 해야하는데 절반 가량이 드랍한다. 그래도 배워가는게 많다.,,,
103684-072,https://everytime.kr/lecture/view/103684,103684,컴퓨터그래픽스개론,이성길,21년 2학기 수강자,5,시험기간 1주일전에 프로젝트 마감이라 다른시험공부에 영향을안줌. 과제완성됐을때 시각적으로 만족도가 다른과목들보다 높다 채점기준도 굉장히구체적이라 감점되어도 할말이없었다.,,,
103684-073,https://everytime.kr/lecture/view/103684,103684,컴퓨터그래픽스개론,이성길,21년 2학기 수강자,5,아무래도 수업을 오래 진행하셔서 그런지 강의도 빨리 올라오고 과제 점수 기준이 명확하고 채점도 1주내로는 되서 수업을 듣는데 굉장히 편했습니다! 성적평가는 과제4개와 게임 프로젝트로 진행하는데 코드 짜는거뿐만 아니라 발표 비디오도 만들어야 하기떄문에 미리 준비하시면 편하게 하실수 있습니다,,,
103684-074,https://everytime.kr/lecture/view/103684,103684,컴퓨터그래픽스개론,이성길,21년 2학기 수강자,5,개꿀입니다 과제도 어렵댓는데 해보니가 할만하고 다들 비슷비슷해서 재밌는거같네요,,,
103684-075,https://everytime.kr/lecture/view/103684,103684,컴퓨터그래픽스개론,이성길,21년 1학기 수강자,5,"게임을 좋아한다면, 그래픽에 관심이 있다면 반드시 들어야 할 과목. 과제가 어느정도 난이도가 있는 편이지만 수업을 잘 들었다면 ppt다시 읽어보면서 충분히 구현할 수 있다. 거의 노베이스 상태에서 구현해야 하는 첫번째 과제가 가장 어렵다. 대학교 6학기 통틀어 가장 재미있었던 과목.",,,
103684-076,https://everytime.kr/lecture/view/103684,103684,컴퓨터그래픽스개론,이성길,21년 1학기 수강자,5,과제가 4번 나오는데 첫 번째 과제만 좀 오래 걸리고 나머지 과제는 그냥 저냥 할만 하다. 기말 프로젝트가 있는데 팀원은 3명까지 모을 수 있어서 아는 사람이랑 같이 수업 들으면 편함. 4개의 과제는 사실 거의 대다수의 학생이 구현해내기 때문에 편차가 심하게 갈리지는 않는다. 그래서 기말 프로젝트가 제일 중요한데 팀원들과 잘 상의해서 점수 주는 부분 위주로 구현하여 제출하면 점수는 잘 주시는 듯 하다. 무엇보다도 재밌음. 구현 하는 대로 눈에 보이고 애니메이션 돌아가고 하는 거 보면 신남.,,,
103684-077,https://everytime.kr/lecture/view/103684,103684,컴퓨터그래픽스개론,이성길,21년 1학기 수강자,5,"태양계 모델 만드는 과제까지 총 4개가 나옵니다. 추가구현하면 점수 더 주고, 저는 전부 다 추가구현을 어느정도 했습니다. 평균이 100점을 넘으니 추가구현은 거의 필수라고 생각하시는게 좋아요. 팀 프로젝트에 공을 많이 들여야 합니다. 게임 만들기인데 재밌기는 해요. 팀원들이랑 소통 잘 하는게 중요할 것 같아요. 친구랑 같이 듣는게 best입니다. 중간 기말은 없습니다. (하지만 그 이상의 노력이 팀 프로젝트에 들어갑니다.) 학점은 잘 챙겨 주신 것 같습니다.",,,
103684-078,https://everytime.kr/lecture/view/103684,103684,컴퓨터그래픽스개론,이성길,21년 1학기 수강자,4,수업이 굉장히 체계적이다. 과제의 난이도는 쉽지는 않지만 점수를 주는 항목이 명확하고 사용할 수 있는 소스를 많이 주셔서 열심히 변형하다보면 완성되는 느낌? 과제가 2주마다 있어서 빡빡한데 모두가 점수를 잘 받아서 마지막 과제와 팀프로젝트는 평균이 100점이 넘었다. 모두가 잘하므로 기본점수에 만족하지말고 꼭 추가구현해서 점수를 더 받아야할듯... 필자는 이번에 c++을 처음 써봤는데 이 과목을 가장 우선순위로 두고 열심히 했고 A+받았다.,,,
103684-079,https://everytime.kr/lecture/view/103684,103684,컴퓨터그래픽스개론,이성길,21년 1학기 수강자,5,"본인 3학년 기준으로, 가장 흥미로운 주제로 가장 복잡한 것을 만들어야 하는 과목. - 시험을 보진 않지만, 게임 제작 프로젝트에 다른 과목 하나의 시험 공부와 프로젝트를 합친 것에 상응하는 노력을 들였음. - C++에 익숙하면 익숙할수록 좋음. 본인의 구현 능력 매우 중요.",,,
103684-080,https://everytime.kr/lecture/view/103684,103684,컴퓨터그래픽스개론,이성길,21년 1학기 수강자,5,"뭔가,,, 뭔가 흥미롭고,,, 뭔가 빡치고,,, 뭔가,,, 형용키어려운 이 뭔가,,",,,
103684-081,https://everytime.kr/lecture/view/103684,103684,컴퓨터그래픽스개론,이성길,21년 1학기 수강자,5,눈에 보이는 결과물이 나와서 할만함 교수님이 하라는대로 하면되고 어렵게 생각하지 마세용,,,
103684-082,https://everytime.kr/lecture/view/103684,103684,컴퓨터그래픽스개론,이성길,20년 2학기 수강자,3,"플젝이 열심히 한다기 보단, 잘하는 사람이 잘 받는다는 느낌 받았어요. 나머지는 편했습니다.",,,
103684-083,https://everytime.kr/lecture/view/103684,103684,컴퓨터그래픽스개론,이성길,20년 2학기 수강자,5,학점은 잘주시는것 같아요. 추가구현 안해도 프로젝트 좀 빡빡하게하면 A는 받아가는듯해요. 그래서 중간고사 끝나고부터 구상하고 바로 구현 계속 해야해요.,,,
103684-084,https://everytime.kr/lecture/view/103684,103684,컴퓨터그래픽스개론,이성길,20년 2학기 수강자,5,코딩에 자신있으시면 녹화강의+과제100%는 꿀강이라고 생각합니다. 혼자서 뭔가를 해보려고 하는것보단 교수님께서 제공해주시는 자료(소스와 ppt)들을 잘 활용하는것이 제일 중요합니다. 한 학기 커리큘럼이 잘 짜여있어서 강의 퀄리티가 좋습니다. 또 시험이 없다보니 기말 전주에 과제가 끝나서 스케줄 관리하기도 좋았어요. 다만 그래픽스에 어느정도 관심 있는 학생들만 수강하다보니 과제 평점이 좀 높은것같네요...,,,
103684-085,https://everytime.kr/lecture/view/103684,103684,컴퓨터그래픽스개론,이성길,20년 2학기 수강자,5,"교수님 친절하시고 수업도 알차고, 과제도 학생들이 공부하면 할만한 수준으로 내주심. 프로젝트도 게임만드는 건데 할만함. 과제나 프로젝트에 대한 설명이 잘되어 있고, 쉽게 접근할 수 있도록 참고자료가 많음. 하지만 그런 만큼 다른 학생들도 잘하기 때문에 좋은 학점을 위해서 어느정도는 노력해야 합니다!",,,
103684-086,https://everytime.kr/lecture/view/103684,103684,컴퓨터그래픽스개론,이성길,20년 1학기 수강자,5,다들 어렵다고 해서 디게 쫄았었는데 생각보다 어렵지 않고 시간 들이는 만큼 잘 나옵니다. 코로나때문에 시험 대체로 추가 과제 나온건 정말 어려웠음 프로젝트 꿀잼,,,
103684-087,https://everytime.kr/lecture/view/103684,103684,컴퓨터그래픽스개론,이성길,20년 1학기 수강자,4,c++은 무조건 잘 알고 가시는게 좋습니다. 팀플은 혼자하지 마시고 왠만하면 팀웤 잘 맞는 분들 구하셔서 같이 하시는게 좋을 겁니다. 고인물들이 많고 제가 실력이 안좋아서 좋은 학점을 받지는 못했지만 그래픽스를 배우기에는 좋은 과목인 것 같습니다.,,,
103684-088,https://everytime.kr/lecture/view/103684,103684,컴퓨터그래픽스개론,이성길,20년 1학기 수강자,5,이번 학기 최초로 온라인으로 진행하셨는데 크게 부족한 점은 없었던 것 같습니다. 원래는 기말시험에 과제 3개에 팀과제 1개라고 들었는데 이번학기는 학생들 투표를 통해 기말 시험을 추가 과제로 대체했습니다. 교수님이 많이 부지런하신 것 같습니다. 2주뒤에 열리는 강의를 미리 업로드하시기도 하고... 과제 점수도 비교적 빠르게 나오는 편입니다. 과제는 서로 연결되는 부분이 어느 정도 있기에 처음만 잘하시면 아마 뒤이어 나오는 과제들은 수업 잘듣고 PPT 잘 보면서 하면 아마 큰 문제는 없을 겁니다. OpenGL로 강의를 진행하시는데 C++을 잘 모르시면 아마 과제하기 힘드실 듯. 팀과제 같은 경우는 다른 분들 강의평에 적혀있는 대로 게임 만드는 프로젝트입니다. 최대한 사람 많이 모여서 하는게 좋은 이유가 점수주는 평가 항목이 여러가지가 있고 난이도가 조금씩 있는 항목들 때문에 혼자서 하려면 그래픽스에 올인하셔야 점수 잘 받으실 수 있을겁니다. 되도록이면 아는 분들과 팀을 이룰 수 있게 같이 수강하시는 걸 추천합니다. 난이도는 좀 있지만 의외로 생활에서 많이 접하게 되는 그래픽스에 관해서 많이 알아갈 수 있는 과목이었습니다.,,,
103684-089,https://everytime.kr/lecture/view/103684,103684,컴퓨터그래픽스개론,이성길,20년 1학기 수강자,5,"첫 과제가 좀 어렵고, 이후에는 할만 합니다. 교수님이 수업도 열심히 잘 해주십니다",,,
103684-090,https://everytime.kr/lecture/view/103684,103684,컴퓨터그래픽스개론,이성길,20년 1학기 수강자,5,"이번엔 코로나 바이러스 때문에 시험 안 치르고 팀과제 몰빵(36%)에 개인과제 4개(1,2,3-13%, 4-15%) 나왔는데 C++ 경험 있으면 크게 안 어렵고 선형대수학 사전지식도 벡터 및 매트릭스 개념 정도만 알면 됩니다. 솔직히 이 수업이 왜 악명 높은지는 잘 모르겠습니다. 개인과제는 크게 어렵지 않고 하루정도 시간 투자하면 만들 수 있는 정도입니다. 팀과제로는 게임 만드는 건데 1명이 만들건 3명이 만들건 점수 똑같으니 어떻게든 3명 찾아서 팀과제하는게 가장 좋습니다. 팀과제 기간이 한달 정도인데 시간이 많이 걸리고 따로 공부해야하는 부분도 있어서 팀 구성 이후부터 바로 계획 들어가서 꾸준히 하는걸 추천합니다. 전 3명끼리 서로 으쌰으쌰해서 정말 재밌게 했는데 이걸 혼자 한다면 끔찍했을거 같다는 생각이 듭니다...",,,
103684-091,https://everytime.kr/lecture/view/103684,103684,컴퓨터그래픽스개론,이성길,19년 2학기 수강자,4,일반 과제는 시간 투자하면 할만함. 시간은 되게 넉넉하게 주심 조별 과제 난이도를 자기가 설정하기에 어느정도 어려운걸 하는 것을 추천. 누가봐도 전 과제 이용해서 대충 해먹은 애들은 점수 못받은듯,,,
103684-092,https://everytime.kr/lecture/view/103684,103684,컴퓨터그래픽스개론,이성길,19년 2학기 수강자,5,"컴퓨터 그래픽스, 게임엔진에 대해서 관심이 있다고 한다면 정말 최고의 자료와 함께 친절한 강의를 들을 수 있다. 할 것은 게임 기말 프로젝트를 포함해서 적지 않은 편이지만 컴퓨터 그래픽스 관련해서 거의 탑급의 교수님이 제대로 알려주시는 수업을 들을 수 있어서 좋았다. 만약 컴퓨터 그래픽스에 아무런 관심이 없고 학점만 받고 싶다면 다시 한번 생각해보는 것도 좋을 것 같다.",,,
103684-093,https://everytime.kr/lecture/view/103684,103684,컴퓨터그래픽스개론,이성길,19년 2학기 수강자,3,내가 다녔던 학기에 컴그 괴물들이 많은지 그래서인지는 모르겠지만 쉽지 않은 과목이었습니다.. 수업 적당히 들으면 과제와 게임 만들기 프로젝트는 할만 하지만 시험은 적당히 들어서는 맞히기 힘들 수 있습니다. 시험은 주관식 10문제로 나오고 직관적인 문제가 많아서 용어를 제대로 외우는게 중요합니다. 추천이냐 비추냐하면 저는 컴그에 공부하고 싶다면 추천입니다.,,,
103684-094,https://everytime.kr/lecture/view/103684,103684,컴퓨터그래픽스개론,이성길,19년 2학기 수강자,3,과제 난이도 조절 대실패. 시험 난이도도 그런거 같음.,,,
103684-095,https://everytime.kr/lecture/view/103684,103684,컴퓨터그래픽스개론,이성길,19년 2학기 수강자,5,교수님이 강의평가에 민감하셔서 학생들이 대부분 안하는 과제는 아예 빼버리시기도 하고 수업도 하나하나 친근하게 설명해주시는데 솔직히 수업 들을때는 조금 이해가 잘 안가는 부분이 있었지만 그래도 다시 복습하고 시험공부할때는 꽤 할만한 편이고 양도 매우 적당한 편입니다. 과제는 맨처음에 그래픽과 관련된 코드이다 보니 익숙하지 않아서 어렵게 느껴질 수 있는데 그 때만 이겨내고 나면 거의 어려운것 없습니다. 70%는 교수님이 어떻게 해야하는지 설명 다 해주셨네요. 학기 프로젝트로 게임을 하나 만들어야하는데 너무 어렵게만 생각하지 않고 교수님이 수업 중간중간에 어떤 어떤 형식이 좋다!라고 말씀하시는 거 잘 캐치해서 만드시면 큰 문제는 없을겁니다. 수업도 월9시 3시간연강 수업이었지만 항상 30분정도 일찍 끝내주시고 중간에 쉬는 시간도 꼭 가지시기 때문에 수업듣는게 그렇게 힘들진 않았으니 꼭 참고하시기 바라요!,,,
103684-096,https://everytime.kr/lecture/view/103684,103684,컴퓨터그래픽스개론,이성길,19년 1학기 수강자,5,전공자인데 C++ 자신있다면 적극 추천한다. 내용 당연히 어렵고 시험도 적당히 어렵다. 과제 매우 어렵다. 다만 교수님이 매우 좋으시다. 킹갓길 교수님과 함께라면 모든 것을 할 수 있다. 야 너두 그래픽스 할 수 있어,,,
103684-097,https://everytime.kr/lecture/view/103684,103684,컴퓨터그래픽스개론,이성길,19년 1학기 수강자,5,"개인과제 3개에 팀플과제 하나인데 첫번째 과제에서 c++로 입문하는게 많이 빡세고, 그 이후부터는 무난하게 가능함. 팀플과제는 게임 만드는건데 엄청나게 잘만드는 팀도 있고, 아얘 안내는 팀도 굉장히 많음. 이거는 순전히 실력이랑 아이디어로 알아서 승부해야함. 이 과목의 가장 장점이 시험공부하기 매우 좋은거임. 수업의 반밖에 시험에 안나오고, 그 내용도 ppt에 전부 다 있기 때문에 중간기말 모두 ppt 달달 외우면 무난히 볼 수 있음.",,,
103684-098,https://everytime.kr/lecture/view/103684,103684,컴퓨터그래픽스개론,이성길,19년 1학기 수강자,5,이번 학기 가장 재밌었던 수업임 과제나 팀플이나 어려울 수 있으나 교수님 수업 자료에 다 나와있음 잘 조합하고 구글링 잘 하면 다 할 수 있음 근데 코딩 처음 한다거나 그러면 듣지 않는 것을 추천 최소 C++ 쓰는 수업 수강하고 듣길,,,
103684-099,https://everytime.kr/lecture/view/103684,103684,컴퓨터그래픽스개론,이성길,19년 1학기 수강자,5,"솔직히 악명 왜 높은지 모르겠음... 과제는 죄다 알려주셔서 쉽게 할 수 있고, 프로젝트가 있긴 했는데 미리 같이 듣는 친구 있으면 재밌게 할 수 있음. 일단 그래픽스 과목 특성상 화면에 계속 뭔가 보여서 재미가있어서 과제를 재밌게 할 수 있고 그렇게 어렵지도 않음 딱히... 이미 다 짜서 주시기 떄문에... 시험은 그냥 PF느낌이긴한데 그래도 어렵게 나오지않고 PPT잘보고 가면 잘볼수있음",,,
103684-100,https://everytime.kr/lecture/view/103684,103684,컴퓨터그래픽스개론,이성길,19년 1학기 수강자,5,선형대수학이랑 C++ 미리 공부하고 들어라. 과제 1 2 3은 자기가 C++이랑 선형대수학 잘한다 싶으면 6시간 내로 구현 가능. 반대로 잘 못한다 싶으면 미리미리 해둬라. 이전 과제에서 내용이 이어지는 거라 한 번 못하면 쭉 못한다고 봐야 함. 그리고 렌더링 쪽 말고 다른 부분도 잘 짜야 함. 과제 1 공튀기기에서 공 튀기는 물리 파트를 잘못 짜서 감점 받는 사람들 많아서 과제 3개 만점 받기 은근 힘듦. 그리고 과제 요구조건 잘 봐라. 화면 크기 깜박하고 안바꿔서 감점 나오는 사람도 있고 별의 별 이유로 감점 받는 경우 많음. 팀플은 게임 만들기인데 2인 1조나 1인 1조로 마음대로 팀 짜면 됨. 과제 3에서 배운 내용 이외에 이것저것 추가로 공부해서 구현에 써먹어야 함. 오디오 라이브러리도 써야 하니 미리미리 해두는 게 정신건강에 좋다. 나는 3일만에 만드느라 쓰러지는줄.... OpenGL 3 이상의 모던 OpenGL을 쓰니까 인터넷에 널린 2.0 버전대 코드는 쓸모 없다. 미리 공부할 거면 되도록 4 이상의 버전 위주로 공부하셈. 채점은 윈도우의 경우 비주얼 스튜디오에 NVIDIA GPU 기준으로 채점함. 리눅스 코드도 받는데 mac용 코드는 안받음. 시험은 개념 이해 및 용어 암기 위주임. 쉽다면 쉽고 어렵다면 어려울듯. 수학적으로 어떻게 계산해야 하는가도 물어보니 행렬 계산에 능통해야 수월함. 수업은 그래픽스쪽 흥미 있으면 재미있는데 아닌 사람들은 좀 난해할듯.,,,
2315315-001,https://everytime.kr/lecture/view/2315315,2315315,인공지능개론,박진영,26년 1학기 수강자,2,"과제가 모델 학습시켜서 단어 틀린 거 정규화하는 건데, 학습 시키는 법도 모르고 GPU도 없고.... 그 와중에 이 내용으로 논문 작성도 해야함. 연구 안 해본 학생에게는 너무 가혹한데 이게 30점짜리 과제임.",,,
2315315-002,https://everytime.kr/lecture/view/2315315,2315315,인공지능개론,박진영,26년 1학기 수강자,1,"의외로 출석에 굉장히 후함 교수 재량 휴강 ㅈㄴ많음 ㅋㅋ 출석 대체용 행사도 많아서 걍 수업 안듣고 저거 참여하는게 훨씬 이득 인터뷰 수업 별로라는 말 많은데 걍 수업 안가면 그만임 과제는 ㅈㄴ힘듦 무슨 모델 만들고 보고서 쓰는 팀플인데, 외국인 2병 랜덤 걸려서 망함 걍 혼자함 시험은 족보 다 공개하고 치팅페이퍼까지 ㄱㄴ 성적 잘 준다니깐 믿어볼게",,,
2315315-003,https://everytime.kr/lecture/view/2315315,2315315,인공지능개론,박진영,26년 1학기 수강자,2,대체 왜 인터뷰 시간에 학생들을 비꼬는 걸까 그리고 대체 과제가 본인이 가르친 인공지능개론과 어떤 상관이 있다는 걸까ㅋㅋㅋㅋ.. 도저히 이해할 수 없는 과목,,,
2315315-004,https://everytime.kr/lecture/view/2315315,2315315,인공지능개론,박진영,26년 1학기 수강자,4,악평에 비해서는 들을만함 다만 인터뷰때 가끔 비꼴 때가 있음 야지 먹어도 학생들은 별 생각 안 하니까 나가서 점수 따세요,,,
2315315-005,https://everytime.kr/lecture/view/2315315,2315315,인공지능개론,박진영,26년 1학기 수강자,3,수업을 온라인으로만 진행하셔요 인터뷰 세션 부담스럽지만 교수님이 원하시는 핵심만 잘 말하면 잘 주셔요,,,
2315315-006,https://everytime.kr/lecture/view/2315315,2315315,인공지능개론,박진영,26년 1학기 수강자,3,플립러닝으로 진행 인터뷰 세션을 오프라인 때 하는데 부담됨,,,
2315315-007,https://everytime.kr/lecture/view/2315315,2315315,인공지능개론,박진영,26년 1학기 수강자,2,인터뷰 세션 좀 스트레스 받음 영어도 알아듣기가 어려움,,,
2315315-008,https://everytime.kr/lecture/view/2315315,2315315,인공지능개론,박진영,26년 1학기 수강자,3,수업에 코딩 더 하시면 좋을 것 같아요. 그리고 인터뷰는 너무 많아요..,,,
2315315-009,https://everytime.kr/lecture/view/2315315,2315315,인공지능개론,박진영,25년 2학기 수강자,3,플립러닝이라 하고 실제 강의도올리고 수업도하는 교수님들이 많은데 이분은 진짜 플립러닝을 하심. 강의듣고 오면 한명씩 처형대로 올라가게되니 다들 잘준비해가시길 참고로 저는 뽑기운이 좋은편이라 한번도 발표 안하고 A+ 받았습니다. 발표 감점 안당하고 퀴즈 평균이상에 시험잘보면 충분히 성적받을듯.,,,
2315315-010,https://everytime.kr/lecture/view/2315315,2315315,인공지능개론,박진영,25년 2학기 수강자,4,"교수님이 수업 시간에 굉장히 많은 다양한 이야기를 하시는데 그래서 호불호가 갈리는 수업 방식이라고 생각합니다. 시험은 2번 보는데 중간고사보다 기말고사가 어려우니 중간고사를 잘 봐두면 좋습니다. 과제도 2,3개 존재했었는데 난이도가 조금 있는 편이었던 것 같습니다.",,,
2315315-011,https://everytime.kr/lecture/view/2315315,2315315,인공지능개론,박진영,25년 2학기 수강자,1,"A+을 받아도 불쾌한 과목 학점치료가 불가능한듯 수업 커리큘럼은 GPT를 시켜도, 굴러다니는 책을 그대로 빼껴도 이것보단 나을듯... 이건 뭐 제비뽑기로 목차를 정한건지 과제에선 수업 내용과 하나도 관련없는 과제를 내고, 자기가 보기에 마음에 안들면 GPT 표절을 근거로 시험주에 불러내서 인터뷰를 시킴 수업시간엔 이상한 질문으로 엄청 꼽주고 그거 시험문제에 냄. 족보를 많이 타는 것 같아보여도 시험 점수에서 35점 정도 밖에 안됨. 그래도 외워갈 수 밖에 없음",,,
2315315-012,https://everytime.kr/lecture/view/2315315,2315315,인공지능개론,박진영,25년 2학기 수강자,4,인터뷰 세션 비중이 커서 중요함 성실히 참여하면 a는 무난히 받을듯 과제와 기말고사의 변별력이 없어 a+을 노리기는 어려웠음,,,
2315315-013,https://everytime.kr/lecture/view/2315315,2315315,인공지능개론,박진영,25년 2학기 수강자,2,장점: 인공지능이 싫으시면 인공지능에 대한 배움없이 날먹 가능한 수업입니다. 학점도 잘 줍니다. 출튀 잡는건 저는 좋다고 생각합니다. 단점: 그 외 전부. - academic integrity를 중시하시면서 정작 본인은 남자 여자 삼각관계 퀴즈로 인터뷰 점수 주는 등 내로남불이 심하십니다 - 이번 기말고사의 경우 기존 족보 패턴을 깨는 것은 좋으나 인공지능 문제라기보단 그냥 상식 문제에 가까워서 공부한 것이 하나도 의미가 없어졌습니다,,,
2315315-014,https://everytime.kr/lecture/view/2315315,2315315,인공지능개론,박진영,25년 2학기 수강자,3,"매주 인터뷰하는 것때문에 스트레스 엄청 받지만, 시험 한번 보고, 족보대로 나오고, 과제도 점수를 잘 주시고, 절대평가인데 학점도 잘 주셔서 그나마.... 낫습니다. 하지만 이 수업으로 인공지능을 배운다는 느낌은 없고, 영어발음도 안 좋으셔서 이해도 안 되고, 이상한 부분에서 고집이 있으셔서 깐깐하시고..... 인터뷰가 진짜 ㄹㅇ 스트레스 엄청받아요.... 다른거 들으세요..",,,
2315315-015,https://everytime.kr/lecture/view/2315315,2315315,인공지능개론,박진영,25년 2학기 수강자,3,흔히 말하는 얻어가는거 많고 학점짠수업 vs 얻어가는거 없고 학점 잘주는 수업의 후자를 담당하는 것 같습니다,,,
2315315-016,https://everytime.kr/lecture/view/2315315,2315315,인공지능개론,박진영,25년 2학기 수강자,2,"이 강의가 introduction to artificial intelligence인지는 다소 의문이 듦. 차라리 각 주차마다 개인 과제가 있었다면 어떨까 싶고, 팀 과제가 BERT에 쏠린 것은 아쉬운 부분. 예컨대, mixture of gaussian, mcts, q-learning, bayesian network 등은 인터뷰 지원자도 매우 부족했고 문제로도 출제가 잘 되지 않았는데, 이러한 부분들을 공부할 모티베이션을 주는 강의가 되어야 할 것.",,,
2315315-017,https://everytime.kr/lecture/view/2315315,2315315,인공지능개론,박진영,25년 2학기 수강자,5,시험 잘치시면 인터뷰 필요 없어요. 이번에 족보랑 다르게 나온부분이 많아서 그냥 공부하세요,,,
2315315-018,https://everytime.kr/lecture/view/2315315,2315315,인공지능개론,박진영,25년 2학기 수강자,3,Academic integrity~ Something like that~ What i want to say is that~ Thank you for coming~,,,
2315315-019,https://everytime.kr/lecture/view/2315315,2315315,인공지능개론,박진영,25년 2학기 수강자,4,인터뷰 세션만 피하면 되는데 신청자 받고 나머지는 랜덤이라서 부담 있음. 기말고사는 치팅페이퍼 한장 허용인데 족보 줘서 그걸로 공부하면 됨. 조별과제 부담이 꽤 있음. 중간중간 내라는 거랑 퀴즈 안 빼먹는게 좋음. 줌 세미나 참여해서 출석 점수 얻을 수 있음,,,
2315315-020,https://everytime.kr/lecture/view/2315315,2315315,인공지능개론,박진영,25년 2학기 수강자,3,장점: 수업이 30분 이내로 끝난다 단점: 장점 빼고 다,,,
2315315-021,https://everytime.kr/lecture/view/2315315,2315315,인공지능개론,박진영,24년 2학기 수강자,2,그냥 인터뷰 걸릴까봐 무서워하면서 들었어요 오프라인 수업 유의미한지 모르겠고 그냥 뭐 적당한 과제에 적당한 난이도 시험이었지만 전 괴로웠어요,,,
2315315-022,https://everytime.kr/lecture/view/2315315,2315315,인공지능개론,박진영,25년 2학기 수강자,2,"영상 수업은 괜찮지만 인터뷰세션이 조금 무의미하게 흘러가는 것 같고, 중요도에 비해 성적에 너무 큰 비중을 차지하는 것 같습니다",,,
2315315-023,https://everytime.kr/lecture/view/2315315,2315315,인공지능개론,박진영,25년 2학기 수강자,1,"1. 교수의 영어 발음이 듣기 힘듦 2. 강의 방식은 플립러닝으로 영상 듣고오면 수업 1시간동안은 “인터뷰세션”이라는 것을 함. 3. 인터뷰세션 뭐냐하면 1시간동안 랜덤돌리기 해서 학생 한명을 강의실 앞으로 부름. 4. 이제부터 압박면접이 시작됨. 5. 그 주차 강의 내용을 영어로 물어봄. 틀린 답 말하거나 대답 못하면 점수 마이너스 됨. 6. 대답을 잘하면 꼬리질문, 못하면 공개망신 힉생 주도 참여형 수업을 듣기 원한다면 강추",,,
2315315-024,https://everytime.kr/lecture/view/2315315,2315315,인공지능개론,박진영,25년 2학기 수강자,4,인터뷰만 열심히 받으면 시험 개박아도 성적이 나오는 신기한 과목 출튀하면 큰일남,,,
2315315-025,https://everytime.kr/lecture/view/2315315,2315315,인공지능개론,박진영,25년 2학기 수강자,5,수업때 무작위로 인터뷰 세션 진행하시는데 그것만 피하면 꿀강. 수업도 매번 빨리끝내시고 플립러닝에 기말 한번이지만 족보도 다 주시고 좋습니다. 물론 기억에남는건없고 배운것도 없음ㅎ,,,
2315315-026,https://everytime.kr/lecture/view/2315315,2315315,인공지능개론,박진영,25년 2학기 수강자,1,으아아아아아아아아아아아아아아아아아아 아우아아누루아낭,,,
2315315-027,https://everytime.kr/lecture/view/2315315,2315315,인공지능개론,박진영,25년 2학기 수강자,2,강의력은 아쉽다 시험은 쉽다 교수님은 착하시다,,,
2315315-028,https://everytime.kr/lecture/view/2315315,2315315,인공지능개론,박진영,25년 2학기 수강자,3,인터뷰가 너무 쫄려요. 시험은 족보대로 안내심.,,,
2315315-029,https://everytime.kr/lecture/view/2315315,2315315,인공지능개론,박진영,25년 2학기 수강자,1,그냥 뭘 가르치는 지도 모르겠고 이럴거면 그냥 온라인 수업하지 현장 수업때 boyboygirl 관계 맞추기나 하고 스트레스 받고 싶지 않으면 걍 듣지 마세요,,,
2315315-030,https://everytime.kr/lecture/view/2315315,2315315,인공지능개론,박진영,25년 2학기 수강자,3,"이번학기는 과제랑 수업의 진도가 적어서 사실 큰 부담은 없었습니다. 수업의 내용은 호불호가 갈릴것같습니다. 다만, 시험은 수업에 대해 얼마나 공부했냐보단 스스로 수업 이상을 찾아보는게 중요한것같습니다.",,,
2315315-031,https://everytime.kr/lecture/view/2315315,2315315,인공지능개론,박진영,25년 2학기 수강자,1,"수업시간이 짧고, 휴강이 잦다는 점 두개를 제외하면 얻어갈게 없는 수업 직배가 아니라면 굳이 들을 이유가 없다고 생각합니다",,,
2315315-032,https://everytime.kr/lecture/view/2315315,2315315,인공지능개론,박진영,25년 2학기 수강자,4,"플립러닝 수업으로, 오프라인 수업동안 진도를 나가진 않고 인터뷰만 합니다. 노력하면 성적 받기는 쉬운 것 같아요. 인터뷰를 통해 얻는 추가점수가 굉장히 중요하니 적극적으로 참여하세요",,,
2315315-033,https://everytime.kr/lecture/view/2315315,2315315,인공지능개론,박진영,25년 2학기 수강자,2,얻어갈 게 거의 없고 스트레스만 받는 강의. 오프라인 강의는 조금 일찍 끝나지만 언제 이름이 불릴지 모르기에 내용을 완전히 숙지하지 않았다면 항상 긴장하고 있어야함. 피할 수 있다면 반드시 피하십쇼,,,
2315315-034,https://everytime.kr/lecture/view/2315315,2315315,인공지능개론,박진영,25년 2학기 수강자,3,플립러닝대로 수업합니다. 가볍게 듣기 좋습니다,,,
2315315-035,https://everytime.kr/lecture/view/2315315,2315315,인공지능개론,박진영,25년 2학기 수강자,1,지도학습/비지도학습부터 여러가지 search 방법 등 다양하게 배웁니다. 교수님에게서 얻어갈 게 없는 수업. 영어 발표 어려워하시는 분에게 매우 비추. 질문을 미리 알려주지 않으시기 때문에 준비할 수 없고 즉석에서 영어로 답할 수 있어야 합니다.,,,
2315315-036,https://everytime.kr/lecture/view/2315315,2315315,인공지능개론,박진영,25년 2학기 수강자,3,오프라인 수업은 인터뷰로 대체 지원/랜덤 출튀 F 빨리 마침,,,
2315315-037,https://everytime.kr/lecture/view/2315315,2315315,인공지능개론,박진영,25년 2학기 수강자,3,"매주 인터뷰 세션을 하는게 부담이 되긴 하는데, 사실 교수님 기분에 따라 안 하는 경우도 많다. 이번 학기 한 3번..? 정도밖에 안 한 것 같다. 오프라인 수업은 풀로 안채우고 빨리 끝내주셔서 좋았다.",,,
2315315-038,https://everytime.kr/lecture/view/2315315,2315315,인공지능개론,박진영,25년 2학기 수강자,3,교수니께서 그리 열정이 많아 보이시진 않습니다. 그저 그런 수업인 것 같습니다.,,,
2315315-039,https://everytime.kr/lecture/view/2315315,2315315,인공지능개론,박진영,25년 2학기 수강자,3,"기말 1번, 팀플 3번, 매주 퀴즈, 출결은 출튀하면 F다. 매번 인터뷰 섹션이라고 있는데 문제는 어렵지 않지만, 랜덤으로 사람 뽑는 것에 대해 부담감이 꽤 있다. 이번에 휴강을 여러번 해서 최대 5점 추가 점수로 주시지만, 다음학기는 정상적으로 추가 점수 10점으로 주실 것 같다. 참고로 인터뷰 답에 모른다라고 답하면, 마이너스 점수 주신다.",,,
2315315-040,https://everytime.kr/lecture/view/2315315,2315315,인공지능개론,박진영,25년 2학기 수강자,3,플립러닝 강의 수업은 빨리 끝납니다 그런데 인터뷰 세션에서 뭔갈 얻어가는게 있나? 하면 솔직히 모르겠습니다 그냥 전공학점 채운다는 생각으로 들은 것 같네요 교수님 성향 상 출튀 적발시 즉시 F인건 주의하세요,,,
2315315-041,https://everytime.kr/lecture/view/2315315,2315315,인공지능개론,박진영,25년 2학기 수강자,3,수업 빨리 끝나는 것이 최고 장점 최대 단점은 수업 그 자체임 왜 들어야하는지 모르겠다,,,
2315315-042,https://everytime.kr/lecture/view/2315315,2315315,인공지능개론,박진영,25년 2학기 수강자,5,인공지능 이라고 하지만 넓게 커버리지 가져가는것보다 강화학습쪽이 비중이 좀 큰 것 같긴 합니다. 과제는 bert에 치우쳐져 있고요 시험 문제는 줘서 좋은 것 같은데 문제가 애매하네요,,,
2315315-043,https://everytime.kr/lecture/view/2315315,2315315,인공지능개론,박진영,25년 2학기 수강자,4,인공지능이라는 분야랄 짧게 흝는 느낌으로 넘어갑니다. 오프라인 수업은 인터뷰 세션이라는 이름 하에 학생들이 나가서 교수님과 실시간 면접 보는 느낌으로 진행되는데 은근 점수 비중이 큽니다. 가장 큰 장점으론 교수님이 편의를 많이 봐주시고 수업이 빨리 끝납니다.,,,
2315315-044,https://everytime.kr/lecture/view/2315315,2315315,인공지능개론,박진영,25년 2학기 수강자,3,"주마다 랜덤으로 학생을 골라 그 주 내용을 물어보는 인터뷰 세션이 있어서 불편한 감이 있긴 합니다. 인터뷰 지원을 받아놓고도 수시로 랜덤하게 학생을 뽑는다는 게.. 교수님의 뜻이 무엇인지는 알겠습니다만 학생들 입장에서는 그리 달갑지는 않은 것이 사실입니다. 그리고 여기서 운 안좋으면 풀튀한걸 걸릴수도 있으니까 조심하세요. 그래도 그냥 수업 내용 제때제때 공부하면 크게 어려운 부분은 없고, 인터뷰하는 대신 일찍 끝내주실 때도 많아서 출튀만 안하면 나쁘진 않은 수업 같습니다.",,,
2315315-045,https://everytime.kr/lecture/view/2315315,2315315,인공지능개론,박진영,25년 2학기 수강자,1,academic integrity를 중시하시면서 무슨 BBG 퀴즈로 점수를 주시고 투표한걸로 0.1점 주시고 잣대가 학생에게만 너무 엄격하신것같습니다,,,
2315315-046,https://everytime.kr/lecture/view/2315315,2315315,인공지능개론,박진영,25년 2학기 수강자,4,교수님께서 엉뚱하시다. 중간고사가 없다는 것이 장점이며 랜덤 인터뷰가 있다는 것이 단점이다. 수업을 일찍 끝내주시는 경우가 많아 좋다.,,,
2315315-047,https://everytime.kr/lecture/view/2315315,2315315,인공지능개론,박진영,25년 2학기 수강자,1,이걸 들을 바에야 졸업 안 함 공정 때문에 출석 깐깐하게 한다면서 BoyBoyGirl 관계 맞추면 인터뷰 점수 주는 수업 교수가 되기 전에 사람이 안됨,,,
2315315-048,https://everytime.kr/lecture/view/2315315,2315315,인공지능개론,박진영,25년 2학기 수강자,3,교수님 마음대로 수업하시는 느낌이 있긴 함 수업 스케줄이 계속 바뀜 출튀하다 걸리면 F 인터뷰 세션 생각보다 빡셈 영어 잘 해야함,,,
2315315-049,https://everytime.kr/lecture/view/2315315,2315315,인공지능개론,박진영,25년 2학기 수강자,4,수업 빨리 끝내주셔서 좋고 과제도 풀만합니다. 팀플은 좀 하는편,,,
2315315-050,https://everytime.kr/lecture/view/2315315,2315315,인공지능개론,박진영,25년 2학기 수강자,5,수업 빨리 끝내주셔서 좋아요. 과제도 적당해요.,,,
2315315-051,https://everytime.kr/lecture/view/2315315,2315315,인공지능개론,박진영,25년 2학기 수강자,3,"출석 빡셉니다. 진짜 조심하시고, 각오하셔요.",,,
2315315-052,https://everytime.kr/lecture/view/2315315,2315315,인공지능개론,박진영,24년 2학기 수강자,3,영어 발음이 개구림 근데 성적은 잘 줌 그리고 출석 개빡셈 차라리 째는게,,,
2315315-053,https://everytime.kr/lecture/view/2315315,2315315,인공지능개론,박진영,24년 2학기 수강자,3,영어 강의 솔직히 듣기 좀 힘들었습니다... 수업 내용에 더해서 혼자 조금 더 공부한다면 그래도 유익하게 얻어갈건 얻어갈 수 있는거 같아요,,,
2315315-054,https://everytime.kr/lecture/view/2315315,2315315,인공지능개론,박진영,24년 2학기 수강자,3,말그대로 인공지능기초에 대해서 전반적으로 배울 수 있습니다 하루는 온라인강의 다른 날은 오프라인 강의로 하는데 온라인 강의야 강의 재탕이니 그렇다치고 오프라인 강의날에는 교수님이 질문하면 답변하는 식으로 수업합니다. 학생들이 생각하게끔 답은 안알려주시는데 이게진짜 의미없다고 느꼈습니다. 그냥 가서 애들 대충 얘기하는거 듣다가 수업 끝납니다. 수업보다 출첵을 더 열정적으로 잡으십니다. 근데 수업시간도 엄청짧아서 걍 출첵좀 빡세게 잡고 몇명 발표하다가 끝납니다.,,,
2315315-055,https://everytime.kr/lecture/view/2315315,2315315,인공지능개론,박진영,24년 2학기 수강자,3,"교수님 강의가 크게 도움이 되지는 않았습니다.시험은 올려주시믄 족보와 인터뷰 질문들, pa에서 나왔습니다. 출첵 아주 꼼꼼하게 잡으시고 출튀를 매우 엄격하게 관리하십니다. 인터뷰로 출첵하십니다",,,
2315315-056,https://everytime.kr/lecture/view/2315315,2315315,인공지능개론,박진영,24년 2학기 수강자,3,"강의 재탕....이긴 하고, 발표가 좀 부담스러우나 그런 것 상관없이 한 학기 생각없이 다니고 싶으면 추천. 플립 러닝이라 일주일에 한 번 오는데 50분 내에 수업이 끝남",,,
2315315-057,https://everytime.kr/lecture/view/2315315,2315315,인공지능개론,박진영,24년 2학기 수강자,5,"플립러닝수업으로, 매주 미리 강의를 시청한 뒤, 수업시간에 퀴즈와 1시간동안 이어지는 인터뷰로 수업이 구성되며 출결이 매우 엄격해 걸릴 시 F를 받고 이번학기부터 예고없이 갑작스럽게 과제가 팀플로 진행되는 등 수업방식이 스트레스로 다가올 수 있지만 학점은 너그러운편",,,
2315315-058,https://everytime.kr/lecture/view/2315315,2315315,인공지능개론,박진영,24년 2학기 수강자,4,뭘 배우는지도 뭘 가르치고 싶어하시는지도 모르겠고 과제는 어렵지만 학점 잘주셔서 감사합니다.,,,
2315315-059,https://everytime.kr/lecture/view/2315315,2315315,인공지능개론,박진영,24년 2학기 수강자,3,과제도 기말고사도 수업진행도 심지어는 출석체크도 즉흥적으로 이루어지는게 신기하다,,,
2315315-060,https://everytime.kr/lecture/view/2315315,2315315,인공지능개론,박진영,24년 2학기 수강자,3,인터뷰 점수가 기말을 능가해버릴 정도로 중요합니다,,,
2315315-061,https://everytime.kr/lecture/view/2315315,2315315,인공지능개론,박진영,24년 2학기 수강자,4,굉장한 fm 교수님이십니다. 인터뷰가 조금 어렵습니다. 출결이 엄청 중요하다는걸 기억하세요.,,,
2315315-062,https://everytime.kr/lecture/view/2315315,2315315,인공지능개론,박진영,24년 2학기 수강자,5,상당히 넓은 범위로 시험을 봐서 좀 어렵긴하다만 교수님은 참 좋으심,,,
2315315-063,https://everytime.kr/lecture/view/2315315,2315315,인공지능개론,박진영,24년 2학기 수강자,5,매주 플립러닝으로 공부해가고 수업시간에 퀴즈랑 인터뷰 진행합니다. 인터뷰로 얻어가는 추가 점수가 생각보다 크니 매주 미리 공부하면서 인터뷰 하는게 좋습니다.,,,
2315315-064,https://everytime.kr/lecture/view/2315315,2315315,인공지능개론,박진영,24년 2학기 수강자,4,출튀 절대절대 하지말고 차라리 결석이 나음 출튀잡고 잡히면 얄짤없이 f 근데 학점은 진짜 진짜 후함,,,
2315315-065,https://everytime.kr/lecture/view/2315315,2315315,인공지능개론,박진영,24년 2학기 수강자,4,"개인적으로 전체적인 수업 목차는 괜찮다고 판단됨. 다만 문제점이라고 한다면, 모든 내용을 가볍게 보고 넘어가서 정신없게 느껴짐. 과제도 개인적으로 좀 다루어본 내용이라서 괜찮았지만 그게 아닌 인공지능 입문하는 분들에게는 굉장히 어렵지 않을까 생각함. 수업에서 거의 다루지 않은 내용이 과제로 나오다보니 개인적으로 과제 내용을 한번 다루어주었으면 어땠을까 싶음. 시험은 족보대로 나옴. 족보는 제공해주심. * 생각보다 너무 겁을 주셔서 조금은 힘들었음.. (성실하게 출석하고 하면 사실 아무 문제 없긴 한데 괜히 좀 그럼)",,,
2315315-066,https://everytime.kr/lecture/view/2315315,2315315,인공지능개론,박진영,24년 2학기 수강자,3,시험은 평가기준 자체를 모르겠지만 쉬움. 공부 한거 안한거 차이가 없음. 근데 그 전까지가 너무 괴롭다. 매 수업이 그냥 긴장의 연속이고 팀플도 나는 운이 좋아서 열심히 하는 팀원이 걸렸지만 무임승차 하는 팀 꽤 봄. 솔직히 말해서 알고리즘이나 NLP 분야 전반적으로 공부하기에는 나쁘지는 않고 스트레스를 받을 뿐이지 그렇게 나쁘지는 않았음 그래도 별은 많이 못주겠다,,,
2315315-067,https://everytime.kr/lecture/view/2315315,2315315,인공지능개론,박진영,24년 2학기 수강자,1,학점을 채우기 위해서 본 수업을 듣는 행위에 대해서 신중히 고민해보시길 바랍니다,,,
2315315-068,https://everytime.kr/lecture/view/2315315,2315315,인공지능개론,박진영,24년 2학기 수강자,3,인공지능 분야가 넓어서 한 학기에 담기 어려운 느낌. 출석체크 빡빡하게 하시니깐 출튀할거면 결석이 오히려 나음. 수업 시간에 인터뷰하는데 전날에 공부 좀 해서 인터뷰하는데 무조건 이득.,,,
2315315-069,https://everytime.kr/lecture/view/2315315,2315315,인공지능개론,박진영,24년 2학기 수강자,4,"일단 출튀충들 F 꽂아버리는거 보고 속이 다 시원했습니다. 수업은 녹회된 강의로 개념수업이 진행되고 현장에선 간단한 아캠 퀴즈 두문제와 인터뷰 퀴즈만 한다고 보면 됩니다. 인터뷰 퀴즈가 난이도 편차가 있어서 쉬울땐 쉽고 어려울땐 어렵지만 교수님께서 생각하기에 인터뷰 퀴즈가 어려웠다 싶으면 대답 못해도 이상하게 생각하지 않으시니 너무 겁먹지 마시길 바랍니다. 가끔 랜덤뽑기로 인터뷰 대상을 뽑는데, 그렇게 뽑은 학생에게 하는 질문은 강의만 듣고 가면 다 대답할 수 있는 수준의 질문이니 걍 수업 전에 강의만 들으시면 됩니다. 자연어처리와 머신러닝에 관심이 있다면 들어보길 추천합니다. 근데 과제가 갑자기 팀플로 진행된건 좀 아쉽습니다.",,,
2315315-070,https://everytime.kr/lecture/view/2315315,2315315,인공지능개론,박진영,24년 2학기 수강자,4,그냥 무난하고 퀴즈가 좀 별로에요 교수님이 출석에 너무 민감하십니다,,,
2315315-071,https://everytime.kr/lecture/view/2315315,2315315,인공지능개론,박진영,24년 2학기 수강자,5,학생들을 잘 배려해주세요. 앞부분에서는 뭐를 배우는 거지 생각이 들때도 있었는데 자연어처리로 넘어오니까 재밌는거 같아요. 알아서 찾아보고 공부하는 거를 좋아하면 들을만해요,,,
2315315-072,https://everytime.kr/lecture/view/2315315,2315315,인공지능개론,박진영,24년 2학기 수강자,1,joat 이유는 물어보지마세요 joat joat,,,
2315315-073,https://everytime.kr/lecture/view/2315315,2315315,인공지능개론,박진영,23년 2학기 수강자,2,"[출석] 조금 특이한 방식인데, 출석을 한 번이라도 놓치면 기말고사 점수가 0점이 되는 빡센 방식임. 대신 오프라인 수업의 경우 출석 기준이 널널한 편이며, 혹시라도 출석을 못하는 경우가 생기더라도 AI 관련 행사에 참여하여 질의응답 하는걸로 보너스 점수를 챙겨 만회할 기회를 주심. 실제로 관련 이슈가 있었던 만큼 본인 출석점수는 주기적으로 체크하는걸 추천. [수업] 강의도 재탕인 경우가 많고, 강의력도 많이 아쉬우심. 수업에 큰 기대를 안하는 것이 좋음.. [과제] 이번 학기부터 AI 실험 진행 후 보고서 작성하는 팀플로 변경된것 같음. 관련 경험이 있으면 날먹수준으로 느껴질 수도 있고, 처음 다루는 경우에는 개고생을 하고도 개판인 레포트를 제출하는 상황도 생길 수 있음. [시험] 지난 시험문제들을 올려주시는데, 거기서 겹치는 내용들은 시험에 95% 확률로 나온다고 생각하면 될듯. 따로 답안을 제공하시진 않으니 스스로 풀어봐야 하긴 함. 물론 교수님이 에타를 자주 체크하시는 만큼 나중엔 시험 유형을 바꾸실지도 모르겠다.. [종합] 인지개 수업들이 대부분 평점이 안좋은 것으로 알고있음. 그냥 이 학교에서의 인지개 수업을 기대하면 안되는것 같기도 함..",,,
2315315-074,https://everytime.kr/lecture/view/2315315,2315315,인공지능개론,박진영,23년 2학기 수강자,3,인공지능개론을 이렇게 배워서는 얻어갈 수 있는게 매우 적습니다 개론이라는 이름을 앞세워 과도하게 겉핥기만 하는 느낌입니다 기초적인 머신러닝 라이브러리의 털끝조차 건드리지도 않고 강의가 끝날줄은 몰랐네요 하다못해 search 알고리즘조차 구현 없이 대충 이렇다 하고 넘어갔네요 자연어 프로젝트로 랭체인이나 LLM을 조금 다루긴 했는데 이건 또 개론과목의 프로젝트로는 적합하지 않은 것 같습니다... 교수님의 능력과 소통정신(?)에 비해 아쉬운 강의였습니다.,,,
2315315-075,https://everytime.kr/lecture/view/2315315,2315315,인공지능개론,박진영,23년 겨울 수강자,1,"이 강의를 듣고 그냥 원래도 없었지만 ai에대한 정이싹 사라짐 수업은 옛날에찍어둔 강의영상 그대로 재탕하고, 플립러닝방식이어서 월요일은 온라인으로 강의듣고오고, 수요일은 오프라인수업(줌으로도가능)이 이있는데 그냥 교수가 아무말 30분하고 끝낸다. 공지사항 알려주고, 질문없으면 교수가 걍 아무말 30분채우고 바이바이 하고끝 ㅋㅋ 마치 전역 한달남은 말년 중위를 보는느낌이었음 대놓고“ 나 꿀빨겠다 애들아~” 이런느낌 배운거라곤 전무하며 영어를 매우못하시는 편인데 그것때문인지 설명을 거의 대충한다. (뭔가 설명을 더 하고싶은데 본인의 영어한계때문에 그냥 넘어가는느낌) 덕분에 듣는사람입장에선 오히려 혼란이오고 모르는것만 못한 상황이옴. 이거들을바에 그냥 티스토리 블로그에서 ai 정리해놓은거 하나 쭉읽는게 더 도움된다.ㅋㅋ 솔직히나는 ai에 관심이없고 오히려 ai를 싫어한다고 말하고 다니는 편인지라 꿀과목이었다고생각함. ai에진심으로 관심이있고 파보고싶으면 그냥 듣질마셈. 첫단추를 아주 이상하게 꾈수있음",,,
2315315-076,https://everytime.kr/lecture/view/2315315,2315315,인공지능개론,박진영,23년 2학기 수강자,1,"정말 아쉬운 부분이 많은 강의. AI를 배우기엔 곤란한 강의다. 개론답게 여러 주제를 배우는데 그 갯수가 적지 않다. 제한된 시간 때문인지 교수님의 강의력 문제인지 무언가를 배웠다라고 말하기가 정말 곤란한 강의. 커버 내용 : 7주차까지 AI의 기초적이고 중요한 부분을 다룸(informed search, local search., A* search 등등) 8주차부터 회귀, 분류 등 다양한 주제를 다룸. 강의 도중 교수님이 슬라이드를 자주 skip하신다. 그렇지 않은 슬라이드 내에서도 설명하다 넘어가시는 부분도 있어 곤란한 경우도 있다. 밑을 안 닦고 바지 입은 기분이 든다. 과제 : AI를 전혀 다뤄보지 않았다면 많이 곤란할 과제이지만 다뤄봤던 사람에겐나름 괜찮을 과제, Traditional ML algorithm과 langchain을 사용해 특정 데이터셋(sst-2)에 대한 accuracy를 높이고 그에 대한 내용을 논문 형식으로 작성해 제출하는 과제인데 LLM API limit때문에 상당히 곤란한 경우가 많다.. 개인, 팀으로 진행할 수 있다. 결론: AI를 '체계적'으로 배우고 싶어요, -> 비추 offline강의, 중간X기말O 좋아요 -> 추천",,,
2315315-077,https://everytime.kr/lecture/view/2315315,2315315,인공지능개론,박진영,23년 2학기 수강자,1,너무 무책임하심 강의전달력도 매우 후지고 영어발음도 짜증나고 등록금 갖다버리는기분 이거들을바에그냥 위키독스랑 구글링하면서 독학 하는게 훨씬 효율적일듯 과제도 그냥 ㅋ..,,,
2315315-078,https://everytime.kr/lecture/view/2315315,2315315,인공지능개론,박진영,23년 2학기 수강자,1,진짜 안듣는걸 추천드려요.. 강의는 겉만 번지르르하고 알맹이는 텅 비었고요 과제는 가르쳐주는건 없지만 알아서 찾아서 해라고 던져주는데 근데 심지어 팀플이에요 시험은 아직 안봐서 모르겠지만 그냥 이미 이번 학기 아니 전공 수업 들은것중에 최악이에요.. 솔직히 등록금 아까워요 너무..,,,
2315315-079,https://everytime.kr/lecture/view/2315315,2315315,인공지능개론,박진영,23년 2학기 수강자,1,"강의가 너무 부실함 일단 ppt에 제대로 된 설명없이 그림만 있는 슬라이드가 너무 많음 그런데 설명이 너무 빈약함 아무리 개론 수업이라도 어느 정도 설명을 해주셔야 학생들도 이해를 할 수 있는데 어물쩡 거리면서 넘어가는 설명이 너무 많음 그에 비해 프로젝트에서 요구하는 게 너무 많으심 NLP에 대해 배운거라곤 distributed hypothesis와 NLP 응용분야, 어려운 이유 등 에기활 깊이의 내용 뿐인데 갑자기 Langchain을 구현하고 레포트를 쓰는 과제를 내주심 코드를 어느 정도 주시긴 했으나 배운 적이 없어 전부 새로 공부하고 논문 뒤져가면서 레포트 작성함 적당히 알려주고 심화 내용을 과제로 내주시면 이해라도 하겠는데 이건 뭐 아예 무에서 유를 창조하라는 격임 추가로 아직 기말고사 시험을 보지 않아 성적 비율은 잘 모르겠지만 이 강의에는 교환학생이 꽤 많음 매주 거저먹는 퀴즈를 보는데 교환학생들이 많이 깔아줘서 그건 나쁘지 않았음 그리고 플립 러닝인데 온라인으로 수강할 수 있었음 이 2가지가 이 수업의 유일한 장점이라 생각함",,,
2315315-080,https://everytime.kr/lecture/view/2315315,2315315,인공지능개론,박진영,23년 1학기 수강자,1,진짜 총체적 난국 교수님은 학교를 안오고 조교는 마음대로 하고 (아니 내가 너보다 나이 많을 것 같은데 왜 반말 찍찍함) 심지어 특강은 왜케 많음..,,,
2315315-081,https://everytime.kr/lecture/view/2315315,2315315,인공지능개론,박진영,22년 2학기 수강자,3,"1. 과제 팩맨 과제를 3번인가 4번 내주셨는데 모두 연결되는 과제였어요 구글링하면 나오는데 또 표절검사 하시고 너무 빡세게 잡으셔서 못 채우고 제출을 좀 못했어요 2. 시험은 기말 한번, 전범위에 치팅페이퍼 1장 양면 수기 허용이었는데 의미없습니다 3. 시험이랑 과제를 너무 빡세게 잡으셔서 무서울 정도",,,
2315315-082,https://everytime.kr/lecture/view/2315315,2315315,인공지능개론,박진영,22년 2학기 수강자,5,과제만 잘하면 됨 구글링하면 과제 다 나오는데 안걸릴자신 있는 사람만 베끼도록 참고로 10명정도 걸려서 F받은듯 기말고사는 솔직히 쉬웠음,,,
2315315-083,https://everytime.kr/lecture/view/2315315,2315315,인공지능개론,박진영,22년 2학기 수강자,1,재수강 절대 안하고 싶은 수업 중 하나.. 과제가 너무 많고 교수도 인간성 상실..,,,
2315315-084,https://everytime.kr/lecture/view/2315315,2315315,인공지능개론,박진영,22년 2학기 수강자,2,"1. 강의 다른 강의평들과 같이 강의력은 좋지 않으신 것 같습니다. 영어 발음도 발음일 뿐더러 교안에서 추가로 이해를 돕는 설명이 많지 않았다고 생각합니다. 한 학기 동안의 강의 내용은 대략적으로 탐색, 로직, Bayesian 네트워크, 지도 및 비지도학습 등을 빠르게 배워나갑니다. 2. 과제 팩맨 탐색 구현 과제를 내주십니다. 총 3번의 과제가 있고 전체적인 코드 동작 과정은 과제 1~3이 유사하고 익숙해지기 때문에 1을 잘해놓으시면 한결 편할 것 같습니다. Extra credit 문제들로 출석 혹은 퀴즈에서의 감점을 메울 수 있으니 이 또한 잘 챙기시면 좋을 것 같습니다. 과제 난이도 자체는 동작 과정 파악을 제외한다면 그렇게 어렵지는 않았습니다. 3. 시험 기말고사 한 번 입니다. 전범위이고 교수님이 올려주시는 기출 문제를 꼭 풀어가면서 공부하시면 좋을 것 같습니다. 난이도는 적당했던 것 같습니다. Cheat paper를 어느 정도 꼼꼼히 써간 것이 시험 때 많이 도움이 되었습니다. 4. 기타 (학점, 퀴즈 등) 매주 실시간 강의 시간에 퀴즈를 봅니다. 매주 치르는 퀴즈인만큼 신경 쓰시면 좋겠지만, 과제 extra credit으로 충분히 커버 가능합니다. 제가 높은 성적을 받아 학점은 잘 주시는지 확인을 못하였습니다. 무조건 과제 extra credit 잘 챙기시고 기말 기출 열심히 풀어보시기 바랍니다.",,,
2315315-085,https://everytime.kr/lecture/view/2315315,2315315,인공지능개론,박진영,22년 2학기 수강자,5,학점은 잘 주시는 것 같지만 과제 어렵고 무슨 설명을 하시는지 이해하기 어렵습니다ㅠ,,,
2315315-086,https://everytime.kr/lecture/view/2315315,2315315,인공지능개론,박진영,22년 2학기 수강자,3,강의력은 정말 안 좋으십니다. 핵심적인 설명을 잘 못하시고 빙빙 돌다가 끝나는 느낌? 근데 더 큰 문제는 개선의 여지가 보이지 않는다는 겁니다 이게 무슨 말이냐면 작년에도 강의력이 좋지 않다는 평이 있었는데도 작년과 똑같은 녹화 강의를 올리셨다는 점에서 개선할 생각이 없으신 것 같다고 느꼈습니다. 과제는 총 3개 나왔고 기간은 3주 정도 주십니다. 과제는 강의에서 배운 내용을 가지고 팩맨을 구현하는 겁니다. 전체 코드 중 일부분만 저희가 작성하는 건데 문제는 저희가 작성하는 부분 이외에 이해해야하는 부분이 방대하다는 것입니다. 이때문에 저는 코드 작성 이외에도 전체적인 코드가 어떻게 동작하는지 이해하는데 시간을 많이 사용했습니다. 저희가 작성하는 부분은 분명히 수업 내용을 이해하고 활용해보는데 도움이 되긴하지만 이외의 부분을 이해하느라 시간을 쓰는게 도움이 되는지에 대해서는 의문이 들었습니다. 시험은 기말 한번만 봅니다. 문제는 난이도는 무난했던것 같고 작년 기출문제를 시험전에 올려주시는데 여기서 똑같이 출제한 문제도 꽤 있었습니다. 기말 비중이 높아서 시험이 학점을 거의 결정하는 것 같습니다. 학점은 제가 기말 성적 2등으로 A+을 받아서 비율을 어떻게 주시는지 감이 안오네요 앞선 강의평에 구체적인 내용이 없는 거 같아서 앞으로 수강하실 분들을 위해 구체적으로 적어봤습니다.,,,
2315315-087,https://everytime.kr/lecture/view/2315315,2315315,인공지능개론,박진영,22년 2학기 수강자,4,학점은 잘 주시는 것 같습니다. 과제가 많이 어렵습니다,,,
2315315-088,https://everytime.kr/lecture/view/2315315,2315315,인공지능개론,박진영,22년 2학기 수강자,1,한마디로 이야기한다 RUN.........,,,
2315315-089,https://everytime.kr/lecture/view/2315315,2315315,인공지능개론,박진영,22년 2학기 수강자,3,과제는 독학으로 불가능 그렇다고 코드를 잘못 참조하면 바로 마이너스가 박힌다 조심해서 과제를 할 것을 추천,,,
2315315-090,https://everytime.kr/lecture/view/2315315,2315315,인공지능개론,박진영,22년 2학기 수강자,2,밑에 블랙코미디가 진짜 맞는 말 학교 다니면서 이렇게 빡세게 잡는거 처음 봤음,,,
2315315-091,https://everytime.kr/lecture/view/2315315,2315315,인공지능개론,박진영,22년 2학기 수강자,2,절-대 이 강의만 들어선 뭔내용인지 알기 힘듭니다 과제로 내준 코드는 뭔 수백 수천줄짜리 코드 파일들 던져주고 알아서 짜오라는데 배운 내용들을 써먹기도전에 주어진 코드들이 어떻게 작동하고 무슨 함수들이 어떻게 작동하는지 알아내는게 더 힘듦 손도대기 힘듦 코드들에 대한 설명 하나도 안해주고 알아서 하라는데 매우 난감함 교안도 그냥 설명 하나없이 정의만 던져주는 수준인데 교수님의 설명이 매우 빈약해서 이해하기 힘듦,,,
2315315-092,https://everytime.kr/lecture/view/2315315,2315315,인공지능개론,박진영,22년 2학기 수강자,2,강의력이 조금 안좋다는 평이 많은데 난 다르게 생각함. 조금이 아니라 진짜 안좋음. 지금까지 들은 수업 중 강의력만 따지면 최하위인 수업이었음. 다만 한글로 수업했다면 더 좋았을 것 같다라는 생각이 들긴 함. 교수님이 강의는 못하지만 교안이라도 좋았으면 괜찮았을텐데 교안도 그냥 버클리에서 수업하는거 그대로 가져온거인데다가 여기에 버클리 교수님이 아니라 진영팍 교수님이 수업하시니 ㄹㅇ 뭔 말인지 모르겠음. 과제도 버클리에서 그대로 베껴옴. 근데 우리가 구글링해서 베끼다 걸리면 바로 F 폭격 맞음. 이런 블랙 코미디가 있을 수 없음. 심지어 과제도 수업만 들어서는 전혀 해결할 수 없음. 결국 얼마나 유사도 덜 걸리게 잘 베끼냐 싸움임. 그나마 있는 장점은 플립드클래스라 월요일 수업이 없고 수요일만 qna 세션 + 퀴즈를 본다는 점. 내가 이 과목을 들은 이유는 2점대 수업인걸 알면서도 밑에 강평에서 개선될 여지가 있다는 식으로 말해서 희망을 갖고 들었던거였음. 앞으로 들을 수강생들에게 경고하지만 개선의 여지는 없다고 봄. 이게 개선되려면 다른 교수님으로 바뀌는게 제일 빠름. 개선안될거같음. 한 줄 요약 : 듣지 마라. 2점대인 이유가 있다.,,,
2315315-093,https://everytime.kr/lecture/view/2315315,2315315,인공지능개론,박진영,22년 2학기 수강자,2,"꽤나 짜증나는 수업 (현재 과제하다가 짜증이 나서 감정적으로 적는 글임을 감안해주세요) 구성과 관련하여. 수업 구성은 UC Berkeley CS 188의 교안, 과제를 모두 갖고와서 진행하시는 듯함. 이게 좋은건지 아닌지 현재 단계에서는 알기 어렵지만, 교수님은 교안 내용을 그대로 따라가는 정도의 설명이 정도라는 점에서는 평가절하의 여지가 있음. (교안 내 세부 내용에 대해 질문 시 현장에서 답변을 못해주시고 나중에 추가 영상을 올려주시는 경우가 많음) 영어와 관련하여. 전면 영어로 진행됨 교수님이 구사하시는 영어에 대해서만 말하자면, 매우 lazy한 언어와 설명. 원어민스러운 리엑션을 사용하는 것일 뿐, 발음, 문법, 어휘 선택에 오류가 굉장히 많아 어떤 말씀을 하시고 싶으신 것인지 내가 다시 생각하고 재구성해서 따라가야함. 설명은 핵심을 짚지 못함. 교수님 특유의 말투인 것 같지만 very very ~, kind of, quite~ 등 설명의 메시지를 흐리는 표현, 핵심에 대한 설명 대신에 쉬운 예시를 보여주며 you know? 류의 마무리는 학생으로써 불편했음. 모든 교수님이 영어를 자유자재로 구사하셔야 될 필요는 없지만, 언어적으로 단순하면서도 명료한 설명으로 좋은 강의력을 보여줄 수 있다고 생각함. (이 부분 교수님도 어느 정도 인지하고 계시는 것 같음) 교환학생이 굉장히 많은 수업이었고, 수업 내용과 밀접한 질의가 매우 활발했지만 교수님도 생소한 내용이거나 영어로 설명이 힘드셔서 넘어가는 듯한 느낌도 많이 받음 과제와 관련하여. 생각을 많이 하게 하는 과제가 나쁘다고 생각하지는 않지만 불친절하고 수업 내용과 동떨어져 있어 개인적으로 불만이 있음. 수업에서 설명하신 개념을 사용하는 것은 맞으나(교안, 과제 모두 CS188에서 나온 것을 그대로 쓰기 때문) 교안 내용 매우 원론적, 추상적인데 반해 과제는 실전 적용. 스스로 연결점을 찾지 못하면 헤맬 수도 있음. 구글링으로 힌트를 얻기 쉽지만 교수님께서 의도한 것인지는 모르겠음.",,,
2315315-094,https://everytime.kr/lecture/view/2315315,2315315,인공지능개론,박진영,21년 2학기 수강자,5,"머신러닝, 딥러닝 보다는 게임 이론, 알고리즘 등에 초점이 맞춰져 있다. 원래 인지개는 머신러닝, 딥러닝 안 배우니 이런거 기대하고 듣지 마세요. 과제는 팩맨 구현하는거, 재밌었다.",,,
2315315-095,https://everytime.kr/lecture/view/2315315,2315315,인공지능개론,박진영,21년 2학기 수강자,4,머신러닝과 딥러닝 빼고 배워요 과제는 적당한듯 많이 있구요 매주 퀴즈도 있습니다. 사실 다른 것들은 다들 잘 해오셔서 기말고사 잘보는 게 많이 유리합니다.,,,
2315315-096,https://everytime.kr/lecture/view/2315315,2315315,인공지능개론,박진영,21년 2학기 수강자,3,개인적으로 과제가 많다고 생각했는데 교수님이 강의가 처음이라 계획했던것보다 과제를 적게 내준것 같다고 하셨음..,,,
2315315-097,https://everytime.kr/lecture/view/2315315,2315315,인공지능개론,박진영,21년 2학기 수강자,1,"솔직히 교수님이 뭐라하는지 잘 못알아듣겠다.. 내용이 어려워서가 아니라 그냥 못알아듣겠다.. 생각하는 머신러닝 딥러닝을 다루지 않고, 교수님의 바쁘신 일정때문인지 배운게 많이 없었다",,,
2315315-098,https://everytime.kr/lecture/view/2315315,2315315,인공지능개론,박진영,21년 2학기 수강자,4,여러 주제를 넓고 얕게 배워서 배우는 건 많지만 남는게 많지는 않은 것 같아요. 그래도 흥미있는 주제가 많고 내용도 그렇게 어렵진 않습니다,,,
2315315-099,https://everytime.kr/lecture/view/2315315,2315315,인공지능개론,박진영,21년 2학기 수강자,5,열심히 잘 따라가다보니 재미있는 수업이었다. 한 만큼 성적도 잘 받아서 만족스러웠음,,,
2315315-100,https://everytime.kr/lecture/view/2315315,2315315,인공지능개론,박진영,21년 2학기 수강자,3,교수님 첫 수업이라 변동 사항도 많았고 수업 진행도 원활하지 않은 편이었다. 딥러닝 머신러닝 위주는 아니고 개론 수업이라 인공지능에 대해 광범위하게 배워서 생각했던 내용과 좀 달랐다.,,,
2376848-001,https://everytime.kr/lecture/view/2376848,2376848,인공지능개론,박호건,26년 1학기 수강자,5,점수가 많이 낮아 걱정했지만 그렇게 막 안 좋진 않았고 전반적으로 인공지능에 대해 배울 수 있었음.,,,
2376848-002,https://everytime.kr/lecture/view/2376848,2376848,인공지능개론,박호건,26년 1학기 수강자,4,"평점이 낮아서 걱정했습니다만, 과제가 많은게 흠이지만, 재미있는 수업이었습니다",,,
2376848-003,https://everytime.kr/lecture/view/2376848,2376848,인공지능개론,박호건,26년 1학기 수강자,2,어려움. 굳이 이수업을 들을이유가없음. 다른 교수님꺼 한국어로 수업해주시는거 듣는게 좋을듯해요,,,
2376848-004,https://everytime.kr/lecture/view/2376848,2376848,인공지능개론,박호건,26년 1학기 수강자,5,발표를 해야하긴 하는데 부담 없습니다 깔끔합니다,,,
2376848-005,https://everytime.kr/lecture/view/2376848,2376848,인공지능개론,박호건,26년 1학기 수강자,5,ai에 대한 기초가 전혀 없는 상태에서 수강했는데 많이 배우고 정말 재미있었습니다!,,,
2376848-006,https://everytime.kr/lecture/view/2376848,2376848,인공지능개론,박호건,26년 1학기 수강자,3,수업 내용은 쉬운 편인데 과제가 양이 많고 힘듭니다 다른 수업도 그렇고 강의력이 좋다고는 생각하지 않슴니다 과제 평가 기준이 생각보다 까다로워여,,,
2376848-007,https://everytime.kr/lecture/view/2376848,2376848,인공지능개론,박호건,26년 1학기 수강자,4,수업은 부담이 없는데 과제가 힘듭니다 강의력도 크게 좋으시다는 느낌은 안 들어서 독학하지만 이정도면 만족합니다,,,
2376848-008,https://everytime.kr/lecture/view/2376848,2376848,인공지능개론,박호건,26년 1학기 수강자,3,"플립러닝 형식으로 진행됩니다. 과제가 생각보다 많고, 까다롭습니다.",,,
2376848-009,https://everytime.kr/lecture/view/2376848,2376848,인공지능개론,박호건,26년 1학기 수강자,3,국제어 수업이라 어렵게 느껴지지 배우는 건 많이 없어요,,,
2376848-010,https://everytime.kr/lecture/view/2376848,2376848,인공지능개론,박호건,26년 1학기 수강자,3,"과제가 너무 많고, 까다롭습니다 그것말고는 교수님은 정말 나이스하십니다",,,
2376848-011,https://everytime.kr/lecture/view/2376848,2376848,인공지능개론,박호건,26년 1학기 수강자,3,"과제가 정말 많습니다. 그리고 수업도 이해를 하기 위해서는 교수님의 강의만으로는 힘들고, 독학이 필요합니다. 다만, 교수님께서 인품은 매우 훌륭하십니다. 모르는 부분 질문도 잘 받아주십니다.",,,
2376848-012,https://everytime.kr/lecture/view/2376848,2376848,인공지능개론,박호건,26년 1학기 수강자,2,과제가 너무 부담될 정도로 무거움.. 시험 기간 직전까지 과제 내는 건 좀 아닌 것 같음 강의 영상도 그다지 유익하지 않음 걍 제미나이랑 공부하는 게 더 이해가 잘 됨,,,
2376848-013,https://everytime.kr/lecture/view/2376848,2376848,인공지능개론,박호건,25년 2학기 수강자,5,강의력이 좋은 것은 아니지만 독학하면 그렇게 어렵지는 않다고 생각해요,,,
2376848-014,https://everytime.kr/lecture/view/2376848,2376848,인공지능개론,박호건,26년 1학기 수강자,4,플립 강의로 이론 배우고 매주 문제 간단히 풀고 토론하는 식으로 수업하십니다. 관련 지식 없으면 수업 따라가기가 쉽지는 않고 과제도 나이도는 꽤 있습니다. 그래도 배우는 내용은 도움이 되고 강의력도 나쁘지 않습니다.,,,
2376848-015,https://everytime.kr/lecture/view/2376848,2376848,인공지능개론,박호건,26년 1학기 수강자,3,파이썬으로 인공지능에 대한 이론과 수학을 구현합니다. 과제가 많고 빡빡해서 힘드네요,,,
2376848-016,https://everytime.kr/lecture/view/2376848,2376848,인공지능개론,박호건,25년 1학기 수강자,4,"강의력 좋아서, 쉬운 편입니다 과제 양 좀 많아서 미리미리 하면 더 좋을 거예요",,,
2376848-017,https://everytime.kr/lecture/view/2376848,2376848,인공지능개론,박호건,25년 1학기 수강자,4,교수님은 정말 훌륭하시고 저는 그의 가르침을 좋아합니다,,,
2376848-018,https://everytime.kr/lecture/view/2376848,2376848,인공지능개론,박호건,25년 1학기 수강자,5,very good if u want to start to learn abt AI. but tbh the professor is not so good at explaining so u might have to look at more explanations by urself,,,
2376848-019,https://everytime.kr/lecture/view/2376848,2376848,인공지능개론,박호건,25년 1학기 수강자,5,강의 내용 이해하기 위해서 추가적인 공부가 필요합니다. 외국인들도 많이 듣고 재미있게 들었습니다,,,
2376848-020,https://everytime.kr/lecture/view/2376848,2376848,인공지능개론,박호건,25년 1학기 수강자,4,교수님 친절하십니다. 독학이 좀 필요합니다. 과제 3개였습니다. 할 만 합니다. 시험은 이해만 똑바로 하면 좋은 성적 받으실 수 있을겁니다. 학점은 적당히 주시는 것 같습니다.,,,
2376848-021,https://everytime.kr/lecture/view/2376848,2376848,인공지능개론,박호건,25년 1학기 수강자,5,내용 자체가 어렵지는 않지만 강의력이 좋지만은 않으시기에 어느정도 독학이 필요한 과목입니다. 시험은 평소에 내용 이해를 제대로 하였으면 쉽게 풀 수 있을 정도의 난도로 출제됩니다. 과제가 가이드라인이 애매한 부분이 있어서 아쉬웠지만 점수는 잘 주시는 것 같습니다. 참여 점수는 최대한 빨리 채워두셔야 나중에 안 귀찮습니다.,,,
2376848-022,https://everytime.kr/lecture/view/2376848,2376848,인공지능개론,박호건,24년 2학기 수강자,5,"교수님의 강의는 항상 체계적이고 논리적이며, 어려운 개념도 알기 쉽게 설명해 주셔서 큰 도움이 되었습니다. 현실적인 예시와 함께 수업을 진행해 주셔서 이해도가 높아졌고, 교수님의 열정적인 강의 태도 덕분에 학문에 대한 흥미도 더 커졌습니다. 학생들의 질문에도 항상 친절하고 성심껏 답해 주셔서 감사드립니다. 이번 학기를 통해 많은 것을 배울 수 있었고, 다음 학기에도 꼭 교수님의 수업을 듣고 싶습니다.",,,
2376848-023,https://everytime.kr/lecture/view/2376848,2376848,인공지능개론,박호건,25년 1학기 수강자,5,외국인 수강생이 많음 교수님 사람자체는 좋은 분이신듯,,,
2376848-024,https://everytime.kr/lecture/view/2376848,2376848,인공지능개론,박호건,25년 1학기 수강자,3,문과생이 듣기에는 조금 어렵습니다 과제는 노력을 들이면 여차저차 할 만 합니다.,,,
2376848-025,https://everytime.kr/lecture/view/2376848,2376848,인공지능개론,박호건,25년 1학기 수강자,3,"오프라인 수업에서 학생들이 나가 문제를 풀어보는 시간이 주입니다. 대다수의 개념을 굉장히 얕게 배웁니다. 과제는 배울 점이 많아 유익했습니다.(미로게임에 A* 알고리즘 적용하기, AI프로젝트)",,,
2376848-026,https://everytime.kr/lecture/view/2376848,2376848,인공지능개론,박호건,25년 1학기 수강자,5,인지개는 역시 박호건! 혼자 갈 순 없다!! 과제는 별로 없는것같고 수업은 하하하,,,
2376848-027,https://everytime.kr/lecture/view/2376848,2376848,인공지능개론,박호건,24년 2학기 수강자,2,독학이랑 다름이 없다. 영어 강의 하나도 안들어온다 그냥 올라오는 강의는 스밍만 켜놓고 다른 방식으로 공부를 하도록 하자,,,
2376848-028,https://everytime.kr/lecture/view/2376848,2376848,인공지능개론,박호건,24년 1학기 수강자,4,문과생이 듣기엔 쉽지 않습니다.. 과제로 구현하는 게 쉽지 않더라구요 그래도 성적은 잘 주시는 것 같아요,,,
2376848-029,https://everytime.kr/lecture/view/2376848,2376848,인공지능개론,박호건,24년 1학기 수강자,2,"강의 내용은 괜찮으나 영어 강의력이 조금 힘듦 과제는 그럭저럭 할만하나, 시간투자 필요",,,
2376848-030,https://everytime.kr/lecture/view/2376848,2376848,인공지능개론,박호건,24년 1학기 수강자,2,수업은 글로벌 강의력이 너무 안좋으십니다. 그런데 학점도 잘안주셔서 별로였습니다,,,
2376848-031,https://everytime.kr/lecture/view/2376848,2376848,인공지능개론,박호건,24년 1학기 수강자,4,온라인이라 좋았는데 수업은 따라가기 힘듭니다 독학하는 편이 공부하기 더 쉬워요 a+밑으로 성적은 잘 주시는 것 같습니다,,,
2376848-032,https://everytime.kr/lecture/view/2376848,2376848,인공지능개론,박호건,24년 1학기 수강자,4,학점이 많이 빡센편인듯 과제는 찾아가면서 할 수 있는정도,,,
2376848-033,https://everytime.kr/lecture/view/2376848,2376848,인공지능개론,박호건,24년 1학기 수강자,5,"과제 만점에 중간, 기말 평균보다 10점인가 높았는데 A+ 주셨습니다. 과제 구현이 조금 미흡하다고 생각했는데 그냥 쿨하게 만점주셔서 놀랐어요. 강의만으로 공부하기는 힘들고 관련 내용을 서칭해보면서 따로 정리를 하시면 됩니다. 덜 중요한 개념은 O/X 대비를 하시고, 계산 문제로 나올만한 부분(A* search, Naive bayes)을 심도있게 공부하는 것을 추천드립니다!",,,
2376848-034,https://everytime.kr/lecture/view/2376848,2376848,인공지능개론,박호건,24년 1학기 수강자,2,"그냥 그럼.. 유일한 장점은 풀 온라인이었다는점..? 성적이 진짜 깐깐하셔서, 상위 3명인가 5명만 a+이라고 하셨고 필자는 a0 받음.",,,
2376848-035,https://everytime.kr/lecture/view/2376848,2376848,인공지능개론,박호건,24년 1학기 수강자,3,솔직히 교수님의 강의 반절은 이해못한것같아요 교안도 제 입장에서는 난해해서 독학에 시간을 많이 썼습니다 과제는 파이썬 어느정도 할줄알면 무난하게 할 수 있는 수준이고 시험은 조금 지엽적입니다. 강의력과는 별개로 교수님 성품은 좋으십니다. 궁금한거 물어보면 친절하게 답해주시고 사소한 요구도 다 들어주려 하십니다.,,,
2376848-036,https://everytime.kr/lecture/view/2376848,2376848,인공지능개론,박호건,24년 1학기 수강자,4,독학 할 수밖에 없어요. 수업이 정리되지 않은 느낌. 난이도는 무난.,,,
2376848-037,https://everytime.kr/lecture/view/2376848,2376848,인공지능개론,박호건,23년 1학기 수강자,5,인공지능 피피티로 설명해주시는데 생각보다 들을 만해요,,,
2376848-038,https://everytime.kr/lecture/view/2376848,2376848,인공지능개론,박호건,24년 1학기 수강자,3,인공지능의 역사가 얼마나 깊은지 알 수 있는 과목 .. 개론이라지만 최신 인공지능 이론과는 괴리가 상당히 큽니다.,,,
2376848-039,https://everytime.kr/lecture/view/2376848,2376848,인공지능개론,박호건,24년 1학기 수강자,2,수업 내용 자체는 뭔가 인공지능과 관련 되어 있는 것 같지만 생각보다 이해하기 어렵고 공부하기도 쉽지는 않습니다. 시험은 어려운 편은 아니나 약간 지엽적입니다. 과제는 총 3개 나왔었는데 처음 python 환경 구축이 좀 귀찮습니다. 내용 자체는 코딩을 해 본 사람이면 어려운 편은 아닙니다. 학점은 짜게 주시는 편입니다. 굳이 이 수업 안 듣고 따른 인지개 듣는 것을 추천드립니다. 온라인이지만 매주 수요일마다 줌 수업이 있었습니다.,,,
2376848-040,https://everytime.kr/lecture/view/2376848,2376848,인공지능개론,박호건,24년 1학기 수강자,2,"강의력 진짜 안좋고, 학점 짜고..과제 하면서 얻어가는건 있지만 그 외에는 좋은거 하나 없응",,,
2376848-041,https://everytime.kr/lecture/view/2376848,2376848,인공지능개론,박호건,24년 1학기 수강자,4,"코딩 베이스가 있다면 듣는걸 추천. 과제는 코딩 과제인데 쉽지는 않지만 어렵지도 않음. 과제는 대강 적당히 하면 되고, 시험도 적당히 하루정도 투자하면 될듯. 심지어 비전공자들도 많아서 코딩을 조금만 할줄 안다면 개꿀 과목인듯",,,
2376848-042,https://everytime.kr/lecture/view/2376848,2376848,인공지능개론,박호건,24년 1학기 수강자,2,"그냥 듣지마세요.. 도망가세요. 교수님이 사람은 정말 좋으신데, 강의력이 너~~~무 안좋습니다. 영어로 교안 읽는 수준? 구글링과 블로그를 통해서 공부해야 합니다. 과제도 오류만 드릅게 많은 미로탐색 던져주고 하라고 합니다. 형식상으로 코드짜고 시각화해서 캡쳐하고, 보고서 좀 길게 쓰니깐 다 만점 준것 같습니다. 근데 과제 3개 모두 만점에 중간, 기말 모두 평균보다 제법 높은데 A0 받았네요.. 학점도 짜면 더더욱 들을 필요가 없죠. 듣지 마시길 추천합니다.",,,
2376848-043,https://everytime.kr/lecture/view/2376848,2376848,인공지능개론,박호건,24년 1학기 수강자,2,"강의력과 강의자료는 최악, 조금 이상한 시험 점수 배점 방식 (ex. 가장 배점이 높은 문제 중 하나가 T/F 형식. 이외에도 대체로 찍기 게임), 변별력없는 과제 채점 (과제 설명서에는 자세한 분석과 통찰력 어쩌구 써놓고서는 다 하기만 한다면 대부분 만점받는 구조) 한 학기동안 최대한 긍정적으로 생각하려 했지만 평이 안 좋은 이유가 있는 것 같습니다. 유일한 장점 2가지: 1. 교수님이 따뜻하시다. 2. 과제를 통해 얻어가는 것이 꽤 있다.",,,
2376848-044,https://everytime.kr/lecture/view/2376848,2376848,인공지능개론,박호건,24년 1학기 수강자,3,이 수업은 참 할 말이 믾습니다. 교수님은 참 좋으십니다. 그런데 중간중간 수업 스타일이 학생들을 좀 힘들게 합니다. 국제어 강의여서 강의 전달력도 많이 떨어집니다. 공부를 하려면 블로그 읽는게 훨 좋습니다. 이번학기 기말 시험 문제 배점도 불만이긴 한데 아무튼 추천할만한 강의는 아닙니다,,,
2376848-045,https://everytime.kr/lecture/view/2376848,2376848,인공지능개론,박호건,24년 1학기 수강자,3,교수님은 좋으시고 질문도 잘 받으시는데 강의력이 좀.... 책을 보니 교수님이 말씀하신 것보다 더 이해하기 어려웠습니다. 그냥 인터넷에서 영상을 찾아보세요. 과제는 어렵지 않은데 과제에 대한 설명이 너무 혼란스러워서 처음에는 어렵게 느껴질 것입니다.,,,
2376848-046,https://everytime.kr/lecture/view/2376848,2376848,인공지능개론,박호건,24년 1학기 수강자,1,강의 듣지말고 교안보고 구글에 검색해서 공부하는 것을 추천. 설명도 빈약한데 교안도 빈약함. 하지만 이를 활용해서 문제를 풀기를 바람. 사전제작 강의이지만 출석반영되는 온라인 실시간 수업이 있음.,,,
2376848-047,https://everytime.kr/lecture/view/2376848,2376848,인공지능개론,박호건,24년 1학기 수강자,1,강의만 들어서는 이해되는게 없다. 구글링을 통해서 알게 된게 더 많은 강의. 평점 낮은 강의 안들어야 될 이유를 알게 됨,,,
2376848-048,https://everytime.kr/lecture/view/2376848,2376848,인공지능개론,박호건,24년 1학기 수강자,4,ai에 대한 지식은 에기활 수준 밖에 안되지만 강의 내용이 기초부터 차근차근 가는 느낌이라서 따라갈만 한 것 같아요. 다만 개념에 대한 부연설명이 조금 더 있었으면 이해에 도움이 더 되지 않을까 생각합니다 ㅠ,,,
2376848-049,https://everytime.kr/lecture/view/2376848,2376848,인공지능개론,박호건,24년 1학기 수강자,1,"경영 융트때문에 듣고있지만,,, 수학과 코딩을 못하는 경영학도이면 비추입니다,,",,,
2376848-050,https://everytime.kr/lecture/view/2376848,2376848,인공지능개론,박호건,24년 1학기 수강자,1,전전 전공으로 열려서 왔는데 코딩 잘 모르면 절대 듣지 마십쇼..,,,
2376848-051,https://everytime.kr/lecture/view/2376848,2376848,인공지능개론,박호건,24년 1학기 수강자,1,평점 안좋은 아유가 있었네 버립니다 하 맨탈 갈렸내요,,,
2376848-052,https://everytime.kr/lecture/view/2376848,2376848,인공지능개론,박호건,24년 1학기 수강자,1,설명도 못하는데 바라는게 많은 교수님 분명 온라인 수업인데 실시간 수업있음 비전공자면 걍 듣지마셈 과제 손도못댐,,,
2376848-053,https://everytime.kr/lecture/view/2376848,2376848,인공지능개론,박호건,23년 1학기 수강자,5,제가 생각했던 인공지능과는 다르게 알고리즘 위주의 수업입니다.과제도 어렵습니다.,,,
2376848-054,https://everytime.kr/lecture/view/2376848,2376848,인공지능개론,박호건,23년 1학기 수강자,3,"A+을 받기 했지만 교수님의 강의 실력은 잘 모르겠습니다. 저번에 들었다가 3주차부터 드롭을 했었던걸 다시 수강하게 되었는데 다시 후회를 좀 했습니다. 또 그때가 더 잘 설명하셨다고도 생각했구요. 과제는 3번 코딩하는 건데 그리 오래 걸리지 않고 기본 지식이 있으면 쉽게 해결할 수 있는 정도입니다. 하나는 FOL 문제를 수기로 풀어서 제출하는 거였는데, chatGPT 답변을 좀 이해하고 쓰면 괜찮습니다. 이 과목에 그리 큰 노력을 들이지 않은 것 같은데 생각보다 성적이 잘 나왔습니다. 제 생각에는 교수님의 말을 이해하기가 어렵고 솔직히 자세히 설명해 주시지 않는 것 같아서 포기하는 학생들이 많은 것 같습니다. 그래도 성적은 괜찮게 주시는 것 같습니다.",,,
2376848-055,https://everytime.kr/lecture/view/2376848,2376848,인공지능개론,박호건,23년 1학기 수강자,1,별로임 설명못함 전달력 꽝에 과제 할거 많음.뭐얻어가는지 모르겠음,,,
2376848-056,https://everytime.kr/lecture/view/2376848,2376848,인공지능개론,박호건,23년 1학기 수강자,4,"교수님은 참 좋으신 분이지만, 수업에 대한 열정이 많이 없으시고 많은 학생들이 수업의 취지를 잘 모르고 듣다가 실망해서 평점이 낮은거 같습니다. 저 포함 많은 학생들이 생각한 AI는 ChatGPT나 Computer vision같은 것을 생각하고 수업을 들었을 수 있지만, 이 수업은 약간 classic한 AI를 다루는 거 같습니다. 최근 10년간 붐이 일어난 AI가 아닌 그 전의 더 이론적인 내용들을 다루다보니 실망하실 수 있습니다. 그래서 교수님이 잘 못하시는 것보다 많은 학우들이 더 혁신적인 것을 배우고 싶지만 해당 수업은 CS 이론에 충실해서 실망을 하고, 평점이 낮아지고 있습니다. 과제는 총 4번이며, 그중 3번은 Python으로 진행합니다. 2번은 jostbr-pymaze GitHub repo에 함수 추가 (A* Star, Q-Learning 적용시키기 등), 그리고 Naive Bayes를 Python으로 구현하기. 마지막 과제는 FOL 문제 푸는 과제이지만 구글링을... 시험은 중기말이 있는데, 중간이 너무 쉽고 기말이 많이 어려웠스빈다. 요즘 핫한 AI를 배우고 싶으시면 패스를 하시고, CS의 근본이었던 것들을 접하시고 싶으시면 재밌게 들으실 거 같습니다. 실제로 해당 강의와 비슷한 강의는 외국대학에서도 많이 운영하고, 이 수업이 이상한 것은 아닙니다.",,,
2376848-057,https://everytime.kr/lecture/view/2376848,2376848,인공지능개론,박호건,23년 1학기 수강자,2,수업이 flipped learning인데 강의만 듣고 이해 하기는 힘들다 중간고사는 수업실에서 i-campus로 문제를 풀고 기말고사는 수기로 푸는데 기말고사가 중간고사에 비해 훨씬 어렵다 강의만 듣고 시험문제릉 풀기에는 매우 어려운 수업,,,
2376848-058,https://everytime.kr/lecture/view/2376848,2376848,인공지능개론,박호건,23년 1학기 수강자,1,배우는것도 없고~ 가르칠 마음도 없고~~ 그냥 돈도 손해고 시간도 손해 시간되돌리고 다른 교수님 인지개를 듣고싶다 하 ㅋㅋ,,,
2376848-059,https://everytime.kr/lecture/view/2376848,2376848,인공지능개론,박호건,22년 1학기 수강자,3,시험이 정말 어렵습니다. 배웠던 개념으로 이해하기 힘들다고 개인적으로 생각합니다. 그런데 생각보다 점수는 잘 주시는 편인 것 같습니다.,,,
2376848-060,https://everytime.kr/lecture/view/2376848,2376848,인공지능개론,박호건,22년 1학기 수강자,4,성적은 잘주시는것 같습니다 과제는 다 쉬운편인데 수업만 들어서는 내용 따라가기 힘들고 따로 공부많이 하셔야 됩니다 저는 기말내용이 난해해서 좀 따라가기 어려웟습니다,,,
2376848-061,https://everytime.kr/lecture/view/2376848,2376848,인공지능개론,박호건,22년 1학기 수강자,5,이 수업이 어렵다면... 들으라는 선수과목을 안 듣고 들어서 그런 듯. 웬만한 전공 수업보다 매우 쉬웠음. 과제는 어디서 베껴오기 때문에 구글링으로 웬만치 해결 가능. 과제 평균 낮은거 보고 좀 놀랄 정도. 내 기준으로 성적도 합리적인거 같다.,,,
2376848-062,https://everytime.kr/lecture/view/2376848,2376848,인공지능개론,박호건,22년 1학기 수강자,3,중간고사 22/32 기말고사 13/26 과제 84/100 성적은 A받았습니다 중간고사는 과제와 비슷한 유형이라 기말도 과제와 비슷한 유형으로 출제될 줄 알았는데 전혀 다른 유형의 문제가 출제되었고 논리 문제가 많이 출제되었습니다 중간고사 범위까지는 이해했는데 기말고사 범위가 너무 어려웠어요 내용 이해하면서 공부하려면 강의 외 구글링 필수인듯 합니다,,,
2376848-063,https://everytime.kr/lecture/view/2376848,2376848,인공지능개론,박호건,22년 1학기 수강자,3,"중간 26점, 기말 15점, 과제 만점 A받았네요. 강의는 외국인도 같이 들어서 영어로 하십니다. 수업 ppt가 정리된 블로그가 있어서 이용하시면 편하실겁니다. 이번학기는 프로그래밍과제가 없어서 중간, 과제 비율을 높이셨는데 다음 학기는 프로그래밍과제가 생길수있습니다.",,,
2376848-064,https://everytime.kr/lecture/view/2376848,2376848,인공지능개론,박호건,22년 1학기 수강자,4,"본인 A+, 중간 잘봄(28/32) 기말 그저그럼(19/26) 과제 점수 왠만큼 잘봄(85/100?) 외국인 수강생이 많아서 그런지 시간투자 조금 하면 과제, 시험 점수 평균보다 높이 받을수 있음 인공지능 알고리즘의 내용을 종합적으로 배우는데 생각보다 광범위하고 단원간에 연계되는게 거의 없어 암기과목 같은 느낌임 내용이 어려운걸 교수 본인이 아시는지라 본인도 그냥 대충 겉핥기식으로 알기만 하면 된다고 하심 시험도 어려운 내용은 안나옴 첫 과제부터 어떻게 푸는지 감 잡기가 어려울수 있는데 구글링하거나 교수님이 매번 강의자료 끝에 달아주시는 버클리 CS 188 사이트 구글링해서 찾아가면 똑같은(또는매우 비슷한) HW, 솔루션 있음 참고해서 풀면 공부하는데 훨씬 수월하고 점수도 평균보다 매우 높게 받을 수 있음 두번째, 세번째 과제도 그냥 구글링하면 똑같은 문제 네이버 블로그나 CHEGG에서 푼거 많으니 참고해서 풀면 쉬움 과제는 생각보다 오류가 많음; 근데 교수는 그냥 오류 있는대로 풀어라 하고;; 제대로 이해하려면 결국 러닝x Q&A 게시판을 적극 활용하는게 답임;; 시험은 한번정도는 잘봐야되는것 같음 중간은 공부하면 왠만큼 충분히 이해할만한 내용이니 충분한 시간 투자하길바람 확랜프 같이 들으면 연계되는 부분(조건부확률)이 꽤 잇어서 중간 잘볼 수있음 기말은 내용이 어려워서 나도 뭔내용인지 이해를 못하고 시험 쳤음 그래서그런지 평균도 낮은듯 강의력은 별로임, 차라리 유튜브에서 인도인 강의 듣는게 나을정도;; (본인 경험, 이해가 훨씬 잘됨) 원래는 기말 프로젝트가 있다고 하는데 이번에는 강의 수강인원이 너무 많은데 조교가 한명밖에 없어서 채점하기 어려울것 같아 시행 안한다고 햇음 다음학기에는 아마 기말프로젝트도 잇을것 같은데... 사전지식 있지않는이상 어려울듯함. 종합하자면, 장점 : 부담없는 계산, 수박 겉핥기식 내용으로 어려워보일수는 있으나 막상 그렇게까지 어려운내용은 시험에 안냄, 외국인 강의생 많아서 학점 따기 쉬움, 과제도 구글링만하면 다 풀수 있음, 교수님도 아캠을 통해 소통하고자 하는 의지는 충분히 많으심, 대부분의 학생들이 강의 내용 이해를 못하기 때문에 이해만 한다면 왠만해서 다 평균 이상 나옴 단점 : 처참한 강의력, 강의 한번 듣고 내용 이해 절대못함 유튜브 보던지 몇회독 하던지 본인 독학의 시간 필요. 기말프로젝트의 존재 가능성..",,,
2376848-065,https://everytime.kr/lecture/view/2376848,2376848,인공지능개론,박호건,22년 1학기 수강자,1,"이건 진짜 듣지 마세요. 왜 영어로 진행하는 지 모르겠고, 전공이라고 하기엔 그냥 책 사다가 읽는게 훨씬 도움될 듯 함.",,,
2376848-066,https://everytime.kr/lecture/view/2376848,2376848,인공지능개론,박호건,22년 1학기 수강자,3,교수님 자체는 괜찮으신데 첫 수업이라서 그러신지 학생들이 어느 부분을 잘 모르는지 모르시는 듯 함. 또 너무 광범위하다? 라는 느낌,,,
2376848-067,https://everytime.kr/lecture/view/2376848,2376848,인공지능개론,박호건,22년 1학기 수강자,4,"질문 한글로는 안받음 외국인들이 꽤 많이 수강하는 과목이라 그런듯 배우는 내용 크게 search 관련 알고리즘, 경사하강법, MDP, FOL MDP는 약간 논회+확통 느낌났고 FOL은 논리학과목 같은 느낌. 과제가 경사하강법 MDP 관련으로 나온반면에 기말은 FOL 비중이 꽤 크다.. 중,기 평균에 과제는도합 평균+20에 b+ 정도 나옴 비중은 각각 30퍼씩",,,
2376848-068,https://everytime.kr/lecture/view/2376848,2376848,인공지능개론,박호건,22년 1학기 수강자,1,듣지마세요 제발 어휴 수업 ㄹㅇ 레전드 대체 뭐하는건지 모르겠음,,,
2376848-069,https://everytime.kr/lecture/view/2376848,2376848,인공지능개론,박호건,22년 1학기 수강자,4,강의내용은 생각보다 괜찮다. 강의력이 좀 아쉽긴 하지만 ppt와 책을 보면 조금 이해가 가고 구글링해서 많은 정보를 얻을 수 있다. 과제도 생각보다 어렵지 않다. 근데 이 수업을 듣기 전에 확률과 통계나 머신러닝에 대한 기초적인 지식 정도는 갖추고 있는 것이 좋을 것 같긴 하다. 학점도 작년에 비해서는 잘 주시는지 쁠도 꽤 달아주신 것 같다. 교수님 자체는 정말 좋으신 분 같지만 수업은 너무 얕고 넓게 배워서 살짝 아쉽다.,,,
2376848-070,https://everytime.kr/lecture/view/2376848,2376848,인공지능개론,박호건,22년 1학기 수강자,4,어이.. 내용은 좋은 건 인정.. 그런데 시험이 뭐 이리 어렵누.. 과제도 많고.. 시험도 빡세고.. 그냥 난 독학으로 버텼다.. 다들 도망가..,,,
2376848-071,https://everytime.kr/lecture/view/2376848,2376848,인공지능개론,박호건,22년 1학기 수강자,1,수박 겉핥기로 여러 내용을 핥긴 하는데 강의력이 너무 별로라서 다른 강의로 독학하지 않는 이상 무슨 소리인지 못 알아듣습니다 사전지식 없이 들은 후반부는 제가 뭘 핥고 있는지도 몰랐습니다 이미 ai관련 개념이 잡혀 있으면 모를까 이 과목으로 배워가기는 힘드니 비추합니다,,,
2376848-072,https://everytime.kr/lecture/view/2376848,2376848,인공지능개론,박호건,22년 1학기 수강자,2,과목에서 다루는 내용은 괜찮은 데 강의력이 커버를 못합니다. 강의가 그냥 교안 읽어주는 방식으로 진행되는데 그것도 요약된 교안이라 독학이 매우 어렵습니다. 내용을 이해하려면 구글링이 필수라고 생각합니다. 저는 구글링+유튜브로 이해하면서 공부했네요 등록금이 아까운 강의. 비추천합니다,,,
2376848-073,https://everytime.kr/lecture/view/2376848,2376848,인공지능개론,박호건,22년 1학기 수강자,2,"인공지능의 전반적인 이론을 배운다고는 하는데 수업을 잘 안 듣게 됨. 처음 search와 관련된 과제가 나올 때 들은 수업 내용 기반으로 했을 때 도대체 어떻게 해야하는건지 도저히 감을 잡을 수 없던 것이 기억남. 만약 본인이 인공지능에 쓰이는 수학적인 내용이 궁금하다 싶으면 들어볼까…?라고 고민은 할 수 있지만 수업에서 얻는 것보다는 수업에서 주어진 토픽을 스스로 구글링하며 자습하면서 개념 터득하는 것이 필요하다고 봄 시험은 T/F , 공식 응용, 개념 관련 서술형 문제 크게 3-4파트로 나오는데 T/F의 문제가 상당히 애매해서 고르기 어려웠던 것으로 기억남. 해줄 수 있는 말은 공부는 외부 자료 보되 T/F 대비는 강의 교안으로 할 것,,, 공식 응용은 과제에서 대부분 나오니 시험 직전에 나오는 과제 답안 줄줄 외워서 마스터할 것,,,",,,
2376848-074,https://everytime.kr/lecture/view/2376848,2376848,인공지능개론,박호건,22년 1학기 수강자,1,학점도 잘 안주신다고 들었고 강의력은 순수 국제어인데 강의안 그냥 따라읽는 수준 근데 내용은 쉬운 것도 아니라 점수 잘받으려면 독학 빡세게해야함 비추,,,
2376848-075,https://everytime.kr/lecture/view/2376848,2376848,인공지능개론,박호건,22년 1학기 수강자,3,인공지능에 대한 간략한 아이디어와 컨셉정도만 배우고 싶다면 이 강의는 듣지 마세요 이 강의는 인공지능에 사용되는 구체적인 알고리즘과 수학적 테크닉을 배웁니다 과제는 한술 더떠서 직접 딥러닝의 가중치를 계산하고 업데이트하는 내용을 내줍니다 이번 학기는 학기말과제를 스킵해서 다행이지 이거까지 했으면 진짜 너무 힘들었을거 같네요,,,
2376848-076,https://everytime.kr/lecture/view/2376848,2376848,인공지능개론,박호건,22년 1학기 수강자,2,"성적은 아직이지만, 이 과목을 토대로 인공지능의 기반을 쌓고싶다는 분은 듣지마세요. 스탠포드 대학 유튜브 강의를 들으며 독학하는 자신을 볼 수 있습니다. 초반부 내용은 쉽고 후반부부터 어려워지는데 독학 열심히하시면 평타는 칩니다.",,,
1688763-001,https://everytime.kr/lecture/view/1688763,1688763,컴퓨터네트웍개론,추현승,26년 1학기 수강자,3,그냥 무난한데 수업이 질서가 없어서 이해하기 어려움.. 구조가 아예 없는 어려운 비문학 읽어주는거 같음..,,,
1688763-002,https://everytime.kr/lecture/view/1688763,1688763,컴퓨터네트웍개론,추현승,26년 1학기 수강자,3,날먹은 어렵지만 주차가 흐를수록 교수님 설명이 점점 좋아지심. 시험범위는 매우 많지만 다 못볼 정도는 아님,,,
1688763-003,https://everytime.kr/lecture/view/1688763,1688763,컴퓨터네트웍개론,추현승,26년 1학기 수강자,1,아 진짜 듣지마세요 일단 범위가 너무 넓어요 그거 다 나가지도 못해요 교과서 하나씩 다 읽어주는게 전부인 온라인 강의 온라인 내용 체크 정도의 오프라인 강의 이걸 뛰어넘는 상상 초월의 과제 양(ai 안쓰면 못하게 출제함) 사람많아서 오프/오프/온 3주 중 2주는 오프 이렇게 수업함 걍 별로야 듣지마 제발 걍 딴거 들어,,,
1688763-004,https://everytime.kr/lecture/view/1688763,1688763,컴퓨터네트웍개론,추현승,26년 1학기 수강자,5,"과제가 4개 인데 모두 보고서를 작성하는 부분이 있고, 요구사항을 충족시키더라도 감점을 받을만한 숨겨진 요소가 있어서, 보고서를 자세하게 작성하는 것을 추천한다. 애매한 부분이 있으면 TA 분들에게 영어로 질문하면 되는데, 답변이 빠르고 친절하시다.",,,
1688763-005,https://everytime.kr/lecture/view/1688763,1688763,컴퓨터네트웍개론,추현승,25년 1학기 수강자,2,"과제 여러개+시험2번. 과제가 문제풀이도 있고, 코딩도 있어서 상당히 귀찮음. 출결은 사람이 많아서 주차별로 돌아가면서 온라인 참석가능. 제일 별로였던점은 시험 답안 영어로 쓰는거... 뭐 들어야하니까 듣는데 웬만하면 딴거 들으세요",,,
1688763-006,https://everytime.kr/lecture/view/1688763,1688763,컴퓨터네트웍개론,추현승,26년 1학기 수강자,1,"강의력도 별로고, 너무 잔소리가 많으심 (반말 기본이고) 시험 범위도 많고 과제도 자주 나와서 힘들었음..",,,
1688763-007,https://everytime.kr/lecture/view/1688763,1688763,컴퓨터네트웍개론,추현승,26년 1학기 수강자,3,질문에 대해 정성스럽게 대답 안 해주십니다 시험은 쉬운 편이것 같아요,,,
1688763-008,https://everytime.kr/lecture/view/1688763,1688763,컴퓨터네트웍개론,추현승,26년 1학기 수강자,2,별로에요.. 교안 양이 너어어무 많고 과제가 너무 쓸데없어요 교수님 강의력은 그럭저럭임,,,
1688763-009,https://everytime.kr/lecture/view/1688763,1688763,컴퓨터네트웍개론,추현승,26년 1학기 수강자,5,과제도 적절한 난이도로 재밌게 할 수 있고 교안에 다양한 문제가 있어 시험공부하기 좋습니다.,,,
1688763-010,https://everytime.kr/lecture/view/1688763,1688763,컴퓨터네트웍개론,추현승,26년 1학기 수강자,3,과제난이도가 객관적으로 개어려움. 대신 공식적으로 GPT허용해줘서 체감난이도는 낮음. 어차피 들어야하는거니 빨리들으셈,,,
1688763-011,https://everytime.kr/lecture/view/1688763,1688763,컴퓨터네트웍개론,추현승,26년 1학기 수강자,3,과제는 할만한데 어디서 까인건지 안 알려주고 가끔 교수님 워딩이 세시다 어딘가 꼬인 사람인게 분명함 “조는 사람 때리세요 수업할때 누가 졸면 (강의력에 맥락상) 확신이 떨어져요 … (10초 쯤 이후) 사람 아니야 … (아차싶었는지) 근데 이해도 돼요 … (졸았던 학생 또 졸음) 때리세요 또 자네” 조금의 가감도 없습니다 말씀하신 거 그대로에요 근데 뭐 나름 귀여우셔요~,,,
1688763-012,https://everytime.kr/lecture/view/1688763,1688763,컴퓨터네트웍개론,추현승,26년 1학기 수강자,1,절대 듣지마세요. 과목이 방대한검 사실이나 교수님이 무엇을 하고싶은지 잘모르겠습니다.,,,
1688763-013,https://everytime.kr/lecture/view/1688763,1688763,컴퓨터네트웍개론,추현승,26년 1학기 수강자,3,걍 들어야해서 듣는 수업임 좋지도 않고 나쁘지도 않음,,,
1688763-014,https://everytime.kr/lecture/view/1688763,1688763,컴퓨터네트웍개론,추현승,26년 1학기 수강자,5,"교수님이 열정적이시고 온라인 출결처리도 빠르고, 강의 교안의 양이 지나치게 많은 거 말고는 좋아요",,,
1688763-015,https://everytime.kr/lecture/view/1688763,1688763,컴퓨터네트웍개론,추현승,26년 1학기 수강자,2,강의력 별로 과제 얻는 거 업ㅅ이 그냥 클로드 갈구면 좋은 점수 받을 수 있음,,,
1688763-016,https://everytime.kr/lecture/view/1688763,1688763,컴퓨터네트웍개론,추현승,26년 1학기 수강자,3,과제가 시간이 오래걸리는데 얻는게 없습니다 들어야해서 듣는수업,,,
1688763-017,https://everytime.kr/lecture/view/1688763,1688763,컴퓨터네트웍개론,추현승,26년 1학기 수강자,1,강의력도 별로고 과제도 의미를 잘 모르겠습니다. 시간만 오래 걸리고 무엇을 공부해야할지 모르겠네요,,,
1688763-018,https://everytime.kr/lecture/view/1688763,1688763,컴퓨터네트웍개론,추현승,26년 1학기 수강자,1,"강의력, 시험, 지엽 등등을 떠나서 교수님께서 어떨 때는 너무 강하게 말씀하셔서 놀랐네요. 때리라고 하시는건 ,,",,,
1688763-019,https://everytime.kr/lecture/view/1688763,1688763,컴퓨터네트웍개론,추현승,26년 1학기 수강자,4,"그렇게 부담은 안되는데, 수업도 은근 듣다보면 배울게 좀 있는거 같아요. 과제는 뭐 비중도 작고, 크게 신경 쓰지 않으신듯하네요",,,
1688763-020,https://everytime.kr/lecture/view/1688763,1688763,컴퓨터네트웍개론,추현승,25년 1학기 수강자,3,글로벌인데 한국어로 대부분하심 시험 난이도 평이한편,,,
1688763-021,https://everytime.kr/lecture/view/1688763,1688763,컴퓨터네트웍개론,추현승,25년 1학기 수강자,4,과제가 좀 많은게 아쉬웠음. 강의는 지루하긴하지만 독학하면 시험 점수는 충분히 잘 받을 수 있음. 내용이 어렵다기보다는 암기할 게 많은 느낌.,,,
1688763-022,https://everytime.kr/lecture/view/1688763,1688763,컴퓨터네트웍개론,추현승,25년 1학기 수강자,3,"수업 내용은 좋은데, 강의력은 별로 좋지않아서 독학 좀 필요합니다. 과제는 6개 있었고, 시험은 2번 있습니다.",,,
1688763-023,https://everytime.kr/lecture/view/1688763,1688763,컴퓨터네트웍개론,추현승,25년 1학기 수강자,3,"내용 자체는 유익하나, 수업내용과 관련없는 프로그래밍 과제가 많고 3개 이상의 언어를 사용할 것을 명시하는 등 과제가 빡쎔. 그리고 성적이 매우 짬",,,
1688763-024,https://everytime.kr/lecture/view/1688763,1688763,컴퓨터네트웍개론,추현승,25년 1학기 수강자,2,과제 같은 경우에는 모호한 부분들도 어느 정도 있긴 한데 GPT 써도 되니깐 쉽게 할 수 있습니다. 시험의 경우에 내용적으로 응용이 들어가서 어렵거나 한건 아니지만 분량이 많고 짜잘한 것들이 시험에 나와서 조금 골치 아프긴합니다. 피할 수 있으면 왠만하면 피하는 걸 추천드립니다.,,,
1688763-025,https://everytime.kr/lecture/view/1688763,1688763,컴퓨터네트웍개론,추현승,25년 1학기 수강자,3,수업 내용이 방대하고 프로토콜 계속 소개 소개 소개 느낌이라 컴퓨터네트워크 분야 자체가 이런 느낌인건지 아니면 교수님의 강의가 이런 느낌인건지 모르겠지만 강의 듣는게 힘들었어요. 그래도 뭐 교안 보고 찾아보면서 하면 못할건 아니긴 합니다.. 제일 아쉬운점은 사실 과제 같아요. 프로그래밍 과제는 제가 네트워크를 이해하는데 어떤 도움을 주는지 하나도 모르겠고. 과제 설명 자체가 모호한게 너무 많습니다. 프로토콜이 주어지거나 하는 것도 아니고 그냥 gpt 갈구면서 시간 투자하는 과제 그 이상 그 이하도 아니였습니다.,,,
1688763-026,https://everytime.kr/lecture/view/1688763,1688763,컴퓨터네트웍개론,추현승,25년 1학기 수강자,4,"과제 4번(6개 중 2개는 성적 영향 없는 문제풀이 과제), 중간 및 기말로 평가가 진행되고, 수업은 온라인으로 듣고 주 1회 오프라인 출석에서는 지난주 수업에 대한 문제풀이를 진행했습니다. 오프라인 QnA에서는 문제마다 지정된 학생에게 문제에 대한 질문을 던지셨는데, 전날에 문제를 미리 올려주시기도 하시고 3주에 한문제 꼴로 돌아가면서 지정되어서 큰 부담은 안 됐던 것 같습니다. 과제는 크게 문제풀이 파트와 프로그래밍 파트로 나뉘었습니다. 문제풀이 부분은 지난 수업 내용들을 복습하는 문제들이었고, 프로그래밍 과제는 서버와 클라이언트 코드를 각각 짜서 서로 통신하도록 하는 과제였습니다. 요즘은 GPT를 쓰면 되긴 해서 개인적으로 대부분은 시간만 쏟으면 큰 문제 없었으나, 마지막 영상 스트리밍 과제는 도저히 방법을 모르겠어서 전 대충 영상 전달만 구현하고 제출했습니다. 시험은 과제와 QnA에서 대부분 비슷하게 나왔던 걸로 기억합니다. 물론 다른 형태의 문제들도 나오긴 했으나, 시험 범위가 매우 방대하다보니 평소에 꾸준히 수업 듣고 과제 QnA 위주로만 공부해도 꽤 빡빡할 거라 생각합니다. 수업이 교안 따라읽기 위주긴 했지만, 한국어 요약이나 강조도 중간중간 섞어주시고 문제 풀이도 조금씩 해주시고 하셔서 개인적으론 수업엔 크게 불만은 없었습니다. 저는 오히려 첫번째 과제에서 신기술이 적용된 제품을 찾는 과제가 있었는데 교안과 겹치지 않게 찾아야하는 부분 때문에 괜히 시간만 더 많이 들고 네트워크 공부와는 연관이 없다고 생각이 들었던 게 오히려 불만이었던 것 같네요. 과제 4개합 약 +30점, 중기합 약 +30점으로 A+ 받았습니다. 특히 수업 내용량이 방대하므로 과제, 시험은 미리미리 꾸준히 잘 대비하시는 게 좋을 것 같습니다.",,,
1688763-027,https://everytime.kr/lecture/view/1688763,1688763,컴퓨터네트웍개론,추현승,25년 1학기 수강자,4,수업 내용 하나도 도움 안됩니다. Q&A 공부하면서 gpt랑 공부하는게 낫습니다. 과제는 gpt 써도 된다 하셔서 조금만 머리 굴리면 충분히 할 수 있습니다. 과제 모두 평균보다 높고 시험도 평균보다 조금씩 높았는데 A0 나왔습니다. 나쁘지 않은 수업입니다,,,
1688763-028,https://everytime.kr/lecture/view/1688763,1688763,컴퓨터네트웍개론,추현승,25년 1학기 수강자,3,"괜히 들었다. 아래 리뷰에 적힌 내용 다 맞고 점수까지 짜게 주시네... 수업도 못하셔, 교안은 ㅈㄴ 양 많고, 과제도 이상해, 조교는 말도 안 통하고 짜증나 죽을뻔",,,
1688763-029,https://everytime.kr/lecture/view/1688763,1688763,컴퓨터네트웍개론,추현승,25년 1학기 수강자,1,"채점기준도 명확하지 않고, 조교들도 다 외국인이고, 강의도 교안 읽는 수준. 교안은 또 쓸데없이 많고, 과제가 적은 편도 아님. 기말도 전범위에 무엇보다 교수가 개꼰대임. 졸업하기 위해 들었지만 최악의 과목이었다.",,,
1688763-030,https://everytime.kr/lecture/view/1688763,1688763,컴퓨터네트웍개론,추현승,25년 1학기 수강자,3,강의 하나도 안듣고 모든걸 지피티로했는데 매번 중간값 +20점이 나왔습니다. 무슨 의미인지 아시겠죠..,,,
1688763-031,https://everytime.kr/lecture/view/1688763,1688763,컴퓨터네트웍개론,추현승,25년 1학기 수강자,4,매주 큐앤에이 있는데 그거 풀면서 정리하는게 더 나은 정도..?,,,
1688763-032,https://everytime.kr/lecture/view/1688763,1688763,컴퓨터네트웍개론,추현승,25년 1학기 수강자,1,교안을 읽기만 하고 설명하는건지도 모르겠음. 강의력이 너무 좋지 않아서 한학기 내내 지피티랑 인터넷 잡고 따로 공부하는 게 더 나은 편이었음,,,
1688763-033,https://everytime.kr/lecture/view/1688763,1688763,컴퓨터네트웍개론,추현승,25년 1학기 수강자,4,사람이 많아서 순차적으로 온 오프라인 수업참석 형태로 진행되었습니다,,,
1688763-034,https://everytime.kr/lecture/view/1688763,1688763,컴퓨터네트웍개론,추현승,25년 1학기 수강자,4,"아무래도 네트워크분야가 이론이 중요하다보니 암기해야 하는 부분이 많은 것 같습니다. 머리아프긴 해요 교수님께서도 최신 기술에 대한 얘기도 간간히 해주시고 능력있으십니다. 다만, 수업 진행는 교안 위주로만 얘기하시다보니 지루하긴 합니다. ""과제는 GPT활용해서 푸세요""라고 직접 말하셨고, 그렇다 보니 조금 수업한 내용과 거리가 있는 과제가 나오기도 한 것 같습니다. 시험은 사실 qna시간에 다뤘던 문제들이 대부분이기 때문에 복습하면 크게 어렵진 않습니다.",,,
1688763-035,https://everytime.kr/lecture/view/1688763,1688763,컴퓨터네트웍개론,추현승,25년 1학기 수강자,1,최악 투덜거리기만하고 연구실이 지구촌인 이유가 드러나는 인성과 말투 그리고 수업진향,,,
1688763-036,https://everytime.kr/lecture/view/1688763,1688763,컴퓨터네트웍개론,추현승,25년 1학기 수강자,4,"강의, 과제 다 그닥… 부분 온라인 출석인 것은 좋아요",,,
1688763-037,https://everytime.kr/lecture/view/1688763,1688763,컴퓨터네트웍개론,추현승,25년 1학기 수강자,2,강의도 별로 교안도 별로 과제도 별로.. 네트워크 배우고 싶으면 다른 교수님한테 가세요.,,,
1688763-038,https://everytime.kr/lecture/view/1688763,1688763,컴퓨터네트웍개론,추현승,25년 1학기 수강자,4,과제가 어렵지 않아서 좋아요 강의 영상도 올려주셔서 독학하기 편합니다,,,
1688763-039,https://everytime.kr/lecture/view/1688763,1688763,컴퓨터네트웍개론,추현승,25년 1학기 수강자,5,과제는 채점 기준을 모르겠고 수업도 그냥 독학하시면 됩니다.,,,
1688763-040,https://everytime.kr/lecture/view/1688763,1688763,컴퓨터네트웍개론,추현승,25년 1학기 수강자,3,그냥 컴퓨터 네트워크 따로 공부하시고 교안이랑 수업은 복습하는 느낌으로 하는게 더 효율적이라고 생각합니다,,,
1688763-041,https://everytime.kr/lecture/view/1688763,1688763,컴퓨터네트웍개론,추현승,25년 1학기 수강자,4,수업은 교안 읽기 위주로 하시고 과제는 좀 있어서 귀찮지만 난이도는 높지 않아요. 그런데 채점 기준은 잘 모르겠습니다 돌아가면서 줌 수업으로 하는 건 좋은 것 같아요,,,
1688763-042,https://everytime.kr/lecture/view/1688763,1688763,컴퓨터네트웍개론,추현승,25년 1학기 수강자,4,교수님께서 이것저것 많이 준비해 주십니다. 과제 기준은 잘 모르겠네요..,,,
1688763-043,https://everytime.kr/lecture/view/1688763,1688763,컴퓨터네트웍개론,추현승,25년 1학기 수강자,3,교안그냥읽으십니다 현업애서 필요한지는 진짜 모르겠음 ㅇㅇ,,,
1688763-044,https://everytime.kr/lecture/view/1688763,1688763,컴퓨터네트웍개론,추현승,25년 1학기 수강자,3,수업 내용이 교안 읽기라 혼자 공부해야됨 설명 안하고 넘어가는 부분이 많음,,,
1688763-045,https://everytime.kr/lecture/view/1688763,1688763,컴퓨터네트웍개론,추현승,25년 1학기 수강자,4,호명하시는거 진짜 너무 부담스러워요... 그래도 설명 좋습니다,,,
1688763-046,https://everytime.kr/lecture/view/1688763,1688763,컴퓨터네트웍개론,추현승,25년 1학기 수강자,3,교안을 그대로 읽으시고 수업 준비를 많이 해오시는거같지는 않음,,,
1688763-047,https://everytime.kr/lecture/view/1688763,1688763,컴퓨터네트웍개론,추현승,24년 2학기 수강자,1,과제는 기준이 애매하고 강의력은 레전드...,,,
1688763-048,https://everytime.kr/lecture/view/1688763,1688763,컴퓨터네트웍개론,추현승,25년 1학기 수강자,3,교수님은 친절하신데 그냥 교안을 보고 읽으셔서 재미가 없고 알아서 공부해서 배워야해요,,,
1688763-049,https://everytime.kr/lecture/view/1688763,1688763,컴퓨터네트웍개론,추현승,24년 1학기 수강자,4,매주 qa 준비하는게 젤 힘들었습니다 한번 놓치면 공부량 매우 많아집니다,,,
1688763-050,https://everytime.kr/lecture/view/1688763,1688763,컴퓨터네트웍개론,추현승,24년 1학기 수강자,4,단점: 교수님이 강의력이 안좋아서 강의가너무 지루하고 듣기 힘들다. 조교님들이 다 외국인이라 영어로 물어봐야함 장점: 교수님이 열정이 있으시고 평가항목에 대해서는 명확해서 좋다. 채점 빠르고 바로바로 확인 시켜주심.,,,
1688763-051,https://everytime.kr/lecture/view/1688763,1688763,컴퓨터네트웍개론,추현승,24년 1학기 수강자,4,추현승 교수님 수업 갠적으로 좋다고 생각합니다. 근데 정해진 교과서가 없어서 개념정리가 어려웠어요,,,
1688763-052,https://everytime.kr/lecture/view/1688763,1688763,컴퓨터네트웍개론,추현승,24년 1학기 수강자,4,교수님 영어발음은 좋으신데 강의력은 잘 모르겠습니다. 그저 교안을 그대로 읽으시는 것 같았습니다. 과제는 총 5번 있는데 무난한 수준입니다. 시험은 범위가 너무 많아서 좀 버거웠습니다.,,,
1688763-053,https://everytime.kr/lecture/view/1688763,1688763,컴퓨터네트웍개론,추현승,24년 1학기 수강자,3,"교안 퀄리티가 별로인데다가 교수님께서 단순히 교안을 읽기만 하셔서 강의 이해가 어렵습니다. 관련된 부분을 블로그로 따로 찾아보시면서 이해하시는게 나은 수준입니다. 과제는 총 5번 나왔던 것으로 기억하며 난이도가 그렇게 높지는 않으나 애매한 과제들이 많아 시간을 은근히 많이 쏟게 됩니다. 또한, 프로그래밍 과제의 경우 채점 기준에 없던 것들을 적용해서 감점한다거나 하는 부분이 있기 때문에 과제 중 애매한 부분이 있으면 바로바로 질문하는 것이 좋을 것 같습니다. 웬만하면 그냥 이거 듣지 마세요....",,,
1688763-054,https://everytime.kr/lecture/view/1688763,1688763,컴퓨터네트웍개론,추현승,24년 1학기 수강자,4,교수님께서 강의력이 부족하시다 뒤로 갈수록 교안을 읽으시는 느낌 그래도 열심히 하면 쉽게 좋은 점수 받을 수 있다,,,
1688763-055,https://everytime.kr/lecture/view/1688763,1688763,컴퓨터네트웍개론,추현승,24년 1학기 수강자,5,과제가 좀 많고 교안이 퀄이 안좋음 열심히하면 성적따기쉬움,,,
1688763-056,https://everytime.kr/lecture/view/1688763,1688763,컴퓨터네트웍개론,추현승,24년 1학기 수강자,2,"강의 교수님께서 영어를 잘하셔서 수업을 듣는 것에는 별 문제가 없습니다. 그러나 강의와 교안만 보고 내용을 온전히 이해하기 힘들어서 인터넷에서 많이 찾아봤던 것 같네요.. 특히 교안이 친절하거나 깔끔하지 않고 영어 문법도 틀리는 경우가 많아 헷갈릴 때가 종종 있습니다. Q&A problems 매주 진행하는 Q&A에서 문제 똑같이 나오는 경우가 꽤 됩니다. 근데 문제 질 자체는 그리 높다고는 생각이 들지 않네요. (특히 말장난 문제들이 많습니다) 교수님께서 한명씩 호명하면서 질문을 하십니다. 과제 과제는 총 6번 있었는데(중간고사 직전 3번째 과제는 점수에 안들어감) 무난한 것 같습니다. 4, 5개의 문제와 1개의 socket programming으로 이루어져 있습니다. 시험 시험은 중간, 기말 총 두 번 보는데 객관식, 서술형, 문제 풀이 파트로 이루어져 있습니다. Q&A에서 객관식 문제들이 많이 나오고, 서술형에서는 주요한 개념들을 정의, 설명하는 문제들이 나옵니다. 문제 풀이 파트는 과제 하시다 보면 뭐가 나올지 보이실 겁니다. 이런 종류의 문제는 보통 아예 새롭게 만드시지 않으시거든요. 시험 난이도는 무난했던 것 같습니다. 하지만 아쉬운 점은 시험 문제가 시험 범위에서 골고루 출제된다기보단 한두 파트들에 쏠려있다는 점입니다. 전범위를 공부해가도 정작 나오는건 극히 일부다보니 공부한게 좀 허탈?하기도 합니다.",,,
1688763-057,https://everytime.kr/lecture/view/1688763,1688763,컴퓨터네트웍개론,추현승,24년 1학기 수강자,2,강의로 이해하기가 너무 어려워요 교안도 하나도 이해가 안됩니다 그래도 과제 난이도는 괜찮습니다,,,
1688763-058,https://everytime.kr/lecture/view/1688763,1688763,컴퓨터네트웍개론,추현승,24년 1학기 수강자,2,"교수님이 한명한명 호명하면서 질문하시는게 너무 부담스러워요.,..",,,
1688763-059,https://everytime.kr/lecture/view/1688763,1688763,컴퓨터네트웍개론,추현승,21년 1학기 수강자,1,"냉정하게 말해서 이게 수업이냐. 질문하면 학생보다도 잘 모르는데 인류애 상실할 정도로 말을 가려서 안함. 석사, 박사들에게는 (여기 쓰기는 그렇지만) 말도 안 되는 요구도 한다는 이야기가 이해가 감.",,,
1688763-060,https://everytime.kr/lecture/view/1688763,1688763,컴퓨터네트웍개론,추현승,21년 1학기 수강자,5,"한줄평: 강의력 무난, 과제는 많긴한데 쉬움, 시험은 예전 강의평과 달리 덜 지엽적이게 내심. 걱정 많이 했던 과목이었는데, 생각보다 괜찮았던 수업이었습니다. 격주에 한번 실강을 진행하시면서 연습문제를 풀어주셨었는데, 시험에 그대로 나올때가 많으니 꼭 캡쳐를 하든 적어놓든 따로 저장해두시는 걸 추천드립니다. 과제는 단순히 소켓 프로그래밍이랑 간단한 http 서버 구현 그리고 연습문제 푸는거였고, 시프실 잘 들고 구글링 할 줄 안다면 전부 2시간 컷 가능했던 과제였습니다. 시험도 강의평에 지엽적으로 낸다고 되어있는데 이번에는 고치려고 하신건지 덜 지엽적이고 연습문제에서 다뤘던 내용들 위주로 출체하셨습니다. 한 20프로 안쪽이었던 것 같은데 A+ 받은거 보면 학점도 채워주십니다.",,,
1688763-061,https://everytime.kr/lecture/view/1688763,1688763,컴퓨터네트웍개론,추현승,21년 1학기 수강자,5,개인적으로 평이 별로여서 걱정 많이했던 수업이었는데 교수님 강의력 좋으시고 재밌었고 학점도 잘 주셨습니다. 시험문제가 어렵지 않게 나오는데 버리는 사람이 많아서 점수얻기도 쉽고 과제는 그냥 소켓프로그래밍인데 굉장히 쉬운 난이도입니다.,,,
1688763-062,https://everytime.kr/lecture/view/1688763,1688763,컴퓨터네트웍개론,추현승,21년 1학기 수강자,5,과제 3번 시험 3번이라 부담이 크지만 내용을 그렇게 깊게 배우는 거는 아니고 과제들도 많이 어렵지 않아서 괜찮았음. 학점은 비율은 꽉 채워주시고 쁠은 안달아주시는듯.,,,
1688763-063,https://everytime.kr/lecture/view/1688763,1688763,컴퓨터네트웍개론,추현승,21년 1학기 수강자,3,과제 형식 잘 맞추세요.. 저 과제점수 2개 반토막나서 학점 복구가 안되네요 ㅋㅋ...,,,
1688763-064,https://everytime.kr/lecture/view/1688763,1688763,컴퓨터네트웍개론,추현승,21년 1학기 수강자,3,"HW가 2번, 시험은 프로그래밍 과제, 중간, 기말 이렇게 봅니다. 난이도가 매우 어려운 것은 아니지만 자잘하게 할 게 많습니다.",,,
1688763-065,https://everytime.kr/lecture/view/1688763,1688763,컴퓨터네트웍개론,추현승,19년 1학기 수강자,4,다른네트워크 수업에비해서는 과제가 적은듯하다. 많이 배우는건 없는 느낌이었지만 적당히 들을만한 수업인듯?,,,
1688763-066,https://everytime.kr/lecture/view/1688763,1688763,컴퓨터네트웍개론,추현승,19년 1학기 수강자,5,암기가 꽤 벅차긴 하는데 사람들이 알아서 던져줘서 크게 빡세진 않은 수업 교수님 젠틀하시고 영어발음 좋은데 강의로 크게 얻어가는건 없음. 근데 교안 내용이 어렵지 않아서 독학으로 가능함 양이 많은게 문제임,,,
1688763-067,https://everytime.kr/lecture/view/1688763,1688763,컴퓨터네트웍개론,추현승,19년 1학기 수강자,4,외울 양이 너어어어어무 많습니다. 두번째 시험때 했던 코딩 시험은 족보가 내려오는거 같으니 잘 구하시면 되겠습니다 .. 학점은 잘 주시는거 같습니다.,,,
1688763-068,https://everytime.kr/lecture/view/1688763,1688763,컴퓨터네트웍개론,추현승,19년 1학기 수강자,4,수업은 전달력은 괜찮은데 속도가 좀 빨라서 다 손으로 필기하는 저 같은 경우는 따라가기 쉽지 않았습니다 과제는 그렇게 어렵지는 않았던거 같습니다. 처음에 소켓 프로그래밍은 템플릿 코드를 잘 사용하면 되고 이후에는 첫 과제 코드 기반으로 문제 풀면 됩니다 시험은 3번이라 빡센데 문제도 자잘한것도 은근 나와서 이게 나오겠어 하고 넘기시지 말고 한번은 보셔야 합니다. 2번째에 프로그래밍 있는데 전 제 노트북이 없어서 학교에서 빌려서 했더니 우분투 깔다 시간 다 날렸지만 자기 노트북 있으면 과제 베이스로 시험문제도 풀 수 있지 않을까 싶습니다,,,
1688763-069,https://everytime.kr/lecture/view/1688763,1688763,컴퓨터네트웍개론,추현승,19년 1학기 수강자,5,과제도 크게어려운건없었고 시험은 단순암기느낌 문제도 있지만 대부분은 배운 내용을 이해하면 풀 수있습니다 교수님 강의력이 워낙에 좋으셔서 아이캠에서 강의저장된걸로 다시봐도 공부하기좋구요 전공과목중에서 유일하게 귀가 편안했던 국제어강의입니다 영어로도 설명을 아주 깔끔하게 잘하심 학점은 아직 안나와서 모르겠는데 점수도 이미 다 공개하셔서 어떻게 나와도 만족할 듯합니다 소켓 프로그래밍도 이번학기엔 간단했어요 그래도 완전 코딩초보분들은 다른 과목 먼저들으시는게 낫습니다,,,
1688763-070,https://everytime.kr/lecture/view/1688763,1688763,컴퓨터네트웍개론,추현승,19년 1학기 수강자,3,"강의 전달력은 좋은데 바쁘신지 강의를 조교에게 맡기는 경우가 제법 있습니다. 물론 이 때 강의의 질은 나락으로.. 과제 3~4개 정도 있습니다. 2차 중간때 프로그래밍 시험은 시간이 좀 부족할 수 있습니다. 시험 3번이구요, 15주차에 끝납니다. 총평 : 강의력은 좋으나...",,,
1688763-071,https://everytime.kr/lecture/view/1688763,1688763,컴퓨터네트웍개론,추현승,19년 1학기 수강자,3,조교님의 영어발음을 알아들을 수 있는 사람 계신가요?,,,
1688763-072,https://everytime.kr/lecture/view/1688763,1688763,컴퓨터네트웍개론,추현승,18년 2학기 수강자,1,"학점은 꽤 잘 주는 것 같지만, 수업을 하다가 딴소리(대부분 자기자랑)를 자주 하심. 과제는 쌩뚱맞게 라이브러리 가져다 쓰는 것도 나와서 어이가 없었으며, 시험은 세번이어서 부담이 꽤 됨.",,,
1688763-073,https://everytime.kr/lecture/view/1688763,1688763,컴퓨터네트웍개론,추현승,18년 2학기 수강자,3,"1. 학점은 생각보다 잘 채워주시는 듯. 플러스 잘 달아주는지는 잘 모르겠음 2. 내용도 어렵지 않고 시험도 어렵지 않지만 시험범위가 미쳤음. 교양 공부하듯 달달 외워야 함. 3. 프로그래밍 시험은 소켓 구현하는 걸로 두 문제 정도 나오는데, 코딩에 자신 없으면 완벽하게 하긴 힘듬. 그래도 반영비율이 아주 높진 않음 4. 시험문제는 약어, 용어설명 등 개념 위주로 나옴. 정말 교양이라고 생각하고 공부해야 함 5. 개인적으로 공부는 책으로 하는 걸 추천. 강의도 그냥 강의자료 읽어주기 느낌이고 강의자료보다 책이 더 공부하기 좋음. 교수님 본인도 책으로 하라고 할 정도 6. 교수님 얘기를 하자면 일단 굉장히 개방적인 분인 듯. 수업 때 자기자랑 많이 하고 자기 특허낸거 가져와서 자랑하기도 함. 이런저런 얘기 많이 해주는데 피가 되고 살이 되는지는 잘 모르겠다. 개인적으로 3.5점정도 주고 싶은 수업이었다.",,,
1688763-074,https://everytime.kr/lecture/view/1688763,1688763,컴퓨터네트웍개론,추현승,18년 2학기 수강자,3,소켓 프로그래밍 수업 알고리즘+네트워크 개념 외우는 수업,,,
1688763-075,https://everytime.kr/lecture/view/1688763,1688763,컴퓨터네트웍개론,추현승,18년 2학기 수강자,5,"강의력 좋다고 생각하는데, 이해 잘 시켜주심 막판에 시간 모자라서 데이터링크는 완전 대충하고 시험에 아주아주 적은 비중으로 나옴 공부안해도 될 정도 시험이 누적이긴한데 약어문제나 빈칸 넣기 문제 같은거만 전 시험범위에서도 나오는거고 새로 배운 범위의 내용이 많이 나온다(서술형) 개론수업이라 적당히 알아두면 좋은 것들 위주로 가르쳐주신 거 같은데 불만인 사람들은 학점이 잘 안나온듯 중간 기말 사이에 두번째 시험인 프로그래밍+필기에서 시간이 모자라긴 함 과제도 소켓프로그래밍에 대해서 공부해 볼 수 있어서 좋았음",,,
1688763-076,https://everytime.kr/lecture/view/1688763,1688763,컴퓨터네트웍개론,추현승,18년 2학기 수강자,1,이론시험 이론+실습 시험 이론시험 이렇게 세번을 시험본다 시험도 세번이나 보고 과제도 수업과 동떨어진 느낌이고 많다 그렇다고 많이 배우는 거 같지도 않고 잘 모르겠다... 일단 그 모든 게 진정 학생의 실력을 늘리기 위함일까라는 의문이 드는 수업,,,
1688763-077,https://everytime.kr/lecture/view/1688763,1688763,컴퓨터네트웍개론,추현승,18년 2학기 수강자,1,"극혐이다. 수업도 대충 하고 진도만 팍팍 뺀 뒤에 그 진도에서 시험문제가 나온다. 시험범위도 누적이라 기말고사는 그 커다란 책으로 400페이지에 달하는 시험범위를 커버해야 했다. 심지어 그래놓고 기말고사 비중은 정말 컸음. 학점 비율도 깐깐해서 중간고사 두 번 중 한 번은 평균보다 조금 잘 봤고, 다른 한 번은 평균보다 2~30점 이상 높았고, 과제는 만점이었음에도 기말고사에서 평균보다 조금 망쳤다고 +이 떨어진다. 시험문제도 정말 의미없는 약자 문제 등 단순 암기 문제에, 말도 안 되는 사고력 문제 수준의 문제. 심지어 시험은 3번 보는데, 3번이 전부 누적 시험범위에 두번째 시험은 프로그래밍 시험까지 붙어 있다. 그 와중에 두번째 시험 전날까지 과제가 있었다. 두번째 시험 범위도 200페이지가 넘었음에도 말이다. (그래서 교수님이 과제 기한 늘려주시겠다고 했는데 절대 못 늘리겠다고 손든 두명 제발 인성 고치자, 사람인가?) 그 두번째 과제가 쉬운 것도 아니었고 이상한 라이브러리를 가져와서 가르쳐주지도 않고 '이거 써서 해봐' 하는 식의 과제였다. 천천히 뜯어보면 어려운 과제는 아니었지만 적어도 시험 전날까지로 커트를 잡을 과제도 아니었고, OOP코드에 익숙하지 않다면 코드 해석이 어려울 수도 있는 과제였다. 무엇보다 정말 의미 없는 과제였다. 그나마 교수님이 어느 정도 편의는 봐 주셔서 늦게 냈음에도 감점은 없었던 듯 하다. 정말 단순히 쌩 암기를 좋아한다면 좋을 수도 있다. 400페이지의 책을 영어로 외우면서 희열을 느낄 수 있다면 얼마나 좋을까. 근데 나는 못 하겠다. 난이도가 쉬운건 다른거 다 때려치고 암기만 하면 시험을 볼 수 있어서 쉬운건데, 난 내가 왜 400페이지짜리 책을 보면서 SMTP의 약자가 무엇이고 OSPT의 약자가 무엇인지 외우고 있어야 했는지 아직도 모르겠다. 총평으로는 학점 짜고, 수업을 막 잘하는것도 아니고, 누적 시험범위에 진도폭탄, 이상한 과제, 더러운 시험문제. 교수님이 어느 정도의 편의는 봐 주시는 듯 하지만 그 외의 것들에서 너무 폭탄이 많았다.",,,
1688763-078,https://everytime.kr/lecture/view/1688763,1688763,컴퓨터네트웍개론,추현승,18년 2학기 수강자,4,다른 네트워크에 비해 난이도가 확실히 낮습니다 겉핥기식으로 배워요! 나는 코딩에 약하고 개념에 강하다 하시면 듣는거 추천드립니다,,,
1688763-079,https://everytime.kr/lecture/view/1688763,1688763,컴퓨터네트웍개론,추현승,18년 2학기 수강자,3,"동영상 스트리밍 라이브러리를 쓰는 과제가 나와서 다들 멘붕함(어렵다고 하니까 힌트는 주긴 하셨음) 수업을 못하시지는 않지만 잘한다고 보기도 어려움. 주로 PPT많이 읽으심. 시험에 TCP가 무엇의 약자인지 쓰시오. 이런게 나옴.(배점은 크지 않지만, 이런걸 굳이 외워야하는지...) 코딩 시험은 그렇게 어렵지는 않은데, 당황해서 반 밖에 못품. (문자열, 파일입출력 함수 까먹어서 헤멤) 다들 시간이 모자라서 잘 못푼듯",,,
1688763-080,https://everytime.kr/lecture/view/1688763,1688763,컴퓨터네트웍개론,추현승,18년 2학기 수강자,5,"과제) 단순히 소켓 구현에 집중. UDP 과제는 처음 접하면 조금 까다롭긴 한데, 질문 드려보니까 굉장히 간단한 거였음. 옆동네 수업에 비하면 과제 난이도는 확실히 쉬운듯 시험) 중간1, 중간2(+프로그래밍 시험), 기말 총 3번(프밍 까지 분리하면 4번) 본다. 필기시험은 범위가 누적이라 중간1, 2때는 할만했는데 기말때는 조금 힘들었음. 물론 누적이라 해도 많이 안 나오긴 하는데 고학년이 많이 듣는 수업이라 열심히 하긴 해야함. 시험 난이도는 전체적으로 어렵진 않은데 분량이 많음(그래서 기말 던지는 사람 꽤 있음) 수업) 원래 Data link까지 나가야했었는데 이번 학기는 교수님 바쁘셔서 제대로는 Network layer까지밖에 못나갔음. 사실 개인적으로 네트워크에 관심이 있어서 이 부분은 조금 아쉬웠지만, 전체적인 수업 방식은 괜찮았음. 교수님 영어 발음도 굉장히 깔끔해서 수업 자체는 만족함. 마지막에 100페이지 나가긴했지만, 실제로 한건 10페이지 정도고 기말에 100점 중 3점차지해서 그거 던져도 큰 상관은 없긴 했음.",,,
1688763-081,https://everytime.kr/lecture/view/1688763,1688763,컴퓨터네트웍개론,추현승,18년 2학기 수강자,4,"수업시간에 배우는 것은 확실히 많음, 대신 교수님이 학생들에게 요구하시는 것도 많음. 수업은 pdf 강의자료로 하시나 시험은 수업때 언급하지않은 책 내용도 나오기때문에 책 위주로 공부해야함. 무엇보다 시험을 3번봄, 남들 중간고사기간에 이과목은 이미 1차시험은 본상태고 중간고사기간 2주뒤쯤 2차시험을 보는데 주말에 프로그래밍 시험과 필기시험 도합3시간 시험을 봄, 과제는 교재 문제풀이 과제 약간, 소켓프로그래밍 과제가 나왔었음. 교수님께서 수업시간에도 이 수업은 3학점이지만 6학점짜리 과목이라고 하셨으니 6학점 만큼의 노력을 할 학생이라면 그만큼 배우는것이 많을거라 생각함",,,
1688763-082,https://everytime.kr/lecture/view/1688763,1688763,컴퓨터네트웍개론,추현승,18년 2학기 수강자,3,아니 이교수님 찬양자가 왜이리 많은지...리얼후기는 계속 삭제당하네요... 인생에 피가되는얘기가 아니라 한마디로 교수님이 프라이드가 넘처서 자기 자랑?? 같은걸 계속 하십니다 1달동안 그런얘기하다가 셤 1주전에 교재 100페이지 나갔네요.... 벼락치기 자신없는분들한테는 비추,,,
1688763-083,https://everytime.kr/lecture/view/1688763,1688763,컴퓨터네트웍개론,추현승,18년 2학기 수강자,5,교수님이 수업시간에 주옥같은 말을 쏟아놓으신다. 수업이외의 인생에 피가되고 살이되는 내용을 잘 가르쳐주시니 꼭 듣도록하자. 수업은 매우 깔끔하게 진행하신다,,,
1688763-084,https://everytime.kr/lecture/view/1688763,1688763,컴퓨터네트웍개론,추현승,17년 2학기 수강자,5,"프로그래밍 시험에 노트북 필수. 데탑러 우러요..... 영어 쉽게 말해주심. 영어 드럽게 못하는데 이해할 수 있을 정도. 강의 정말 잘하심. 시험은 암기가 대부분이라 느낌. 사실 내용도 그럼.... 분량은 적지는 않은 편. 프로그래밍 시험은 네트워크 관련 프로그래밍(소켓 프로그래밍)을 해봤다면 쉽고 아니면 좀 헤멜수도 있음. C, C++, Python 전부 가능한데 본인은 C로 했지만 이전에 소켓 프로그래밍을 해본적이 없다면 Python이 가장 쉬울 듯? 평균 왔다갔다 했는데 A맞은걸로 봐서 비율 꽉꽉 채워주신듯. 교수님 다른 강의 평이 무시무시해서 벌벌 떨면서 들었는데 들어보니 괜찮았음.",,,
1688763-085,https://everytime.kr/lecture/view/1688763,1688763,컴퓨터네트웍개론,추현승,17년 2학기 수강자,5,일단 수업이 좋아요. 영어 문장도 깔끔하고 발음도 좋으셔서 이해가 잘돼요. 피드백도 잘해주시고 과제도 그렇게 어렵지 않습니다. 딱 하나 힘든건 시험범위인데 중간 내용도 포함한다구 하셨지만 안나왔었고요 그래도 양이 많습니다. 그래도 시험기간에 저장된 강의 한번 쭉들으시면서 공부하면 문제없습니다. 프로그래밍 시험도 있었는데 생각보다 어렵지 않고 재밌게했습니다,,,
1688763-086,https://everytime.kr/lecture/view/1688763,1688763,컴퓨터네트웍개론,추현승,17년 2학기 수강자,5,"강의력도 좋으신편이고 시험문제도 아주 어렵지는 않으나, 범위가 제법 적지 않다. 중간에 소켓을 활용한 프로그래밍 시험을 보는데 한페이지 분량의 참고자료를 허용해주신다. 난이도도 그리 높지않고 전체적인 프로그래밍 성적이 높았다. 출석은 1-2주에 한번 정도 부르셨던 듯.",,,
1688763-087,https://everytime.kr/lecture/view/1688763,1688763,컴퓨터네트웍개론,추현승,17년 2학기 수강자,4,"교수님이 에티튜드를 중시하시는데 학생으로서의 본분만 지키면 문제는 없을거임 강의내용은 약간 올드한 내용이고 발전흐름을 지켜볼 수 있다는 점에선 좋음 시험 난이도는 중간은 쉬웠는데 기말은 공부를 덜해서 그런지 몰라도 어렵더라 프로그래밍 과제, 시험은 C 스타일인데 쉬움 과제 5번인가 나온듯 프로그래밍1개 문제풀이 4개 중간, 프로그래밍시험, 기말 총 3번 시험봄 출첵 이틀에한번꼴로하심",,,
3058333-001,https://everytime.kr/lecture/view/3058333,3058333,소프트웨어특강1,이선재,26년 1학기 수강자,4,새로 생긴 과목인 것 같음. AI agent에 대해 배우고 교수님께서 최신 AI 동향 등을 매주 설명해주시는데 관심 있으면 재밌음. 과제는 영상이나 글 읽고 한 페이지 분량 리포트 작성하는 게 한 4~5회 있고 점수 비중 가장 큰 건 팀플. 팀플 내용은 4인 1조로 AI agent 개발하는 거임. 시험은 교수님이 만드신 웹에서 퀴즈 형식으로 학기에 총 4번 봤음. 채점을 ai가 해주고 틀린 문제나 점수가 깎인 서술형 문제에 대해 ai에게 재고를 요청 가능함. 난이도가 어렵진 않으나 좀 귀찮음.,,,
2576611-001,https://everytime.kr/lecture/view/2576611,2576611,정보보호개론,구형준,26년 1학기 수강자,5,솔직히 양 많긴한데 배울건 많은 것 같음 보안 관심있으면 재밌음,,,
2576611-002,https://everytime.kr/lecture/view/2576611,2576611,정보보호개론,구형준,26년 1학기 수강자,3,그냥그럼 그냥 딱 개론인데 퀴즈 좀 있고... 그런데 오프 강의 때는 뭐하는지 잘 모르겠고 그냥 시간 때우다 감. 얻어가는건 없다,,,
2576611-003,https://everytime.kr/lecture/view/2576611,2576611,정보보호개론,구형준,26년 1학기 수강자,5,정보 보호의 기초를 배울 수 있습니다.. 열심히 하면 점수를 많이 받을 수 있습니다. 근데 양이 좀 많아요... 암기 같은데 또 평균은 그리 높지 않아요. 과제도 딱히 많지 않네요.,,,
2576611-004,https://everytime.kr/lecture/view/2576611,2576611,정보보호개론,구형준,26년 1학기 수강자,3,네트워크 수업 안듣고 오면 많이 힘들어요. 그리고 실습시간에 뭘 하는건지 모르겠습니다,,,
2576611-005,https://everytime.kr/lecture/view/2576611,2576611,정보보호개론,구형준,26년 1학기 수강자,1,"과제에는 수학 문제 그렇게 많이 내더니 시험엔 하나도 안내네... 그리고 강의는 진짜 뭐라하는지 목소리 너무 작고, 웅얼거려서 뭐라는지 모름 오프 수업 가보니까 아 원래 그런 사람이구나 싶었음 오프 수업은 뭐 가르치는거 없고 걍 실습하라고 던져주는게 끝 온라인 수업은 생각보다 양 ㅈㄴ많음 장점이라면 2주에 1번 오프 수업있음 그거 빼고 다 단점 내용도 어렵고 영어도 어렵고 강의력도 ㅈㄴ 어려움",,,
2576611-006,https://everytime.kr/lecture/view/2576611,2576611,정보보호개론,구형준,25년 2학기 수강자,4,어려웠고 나는 공부를 안해서 더 어려웠다 ㄹㅈㄷ 암기과목,,,
2576611-007,https://everytime.kr/lecture/view/2576611,2576611,정보보호개론,구형준,26년 1학기 수강자,4,보안 좋아하시면 들으세요! 플립러닝인데 오프라인이 그다지 없어서 좋습니다,,,
2576611-008,https://everytime.kr/lecture/view/2576611,2576611,정보보호개론,구형준,26년 1학기 수강자,5,오프라인 수업 많지 않아서 좋아요 솔직히 녹강 거의 안듣고 혼자 공부했습니다 강의력이 그렇게 좋진 않으세요.. 그래도 관심 있는 분야라면 내용이 재밌을 것 같습니다,,,
2576611-009,https://everytime.kr/lecture/view/2576611,2576611,정보보호개론,구형준,26년 1학기 수강자,4,일단 플립러닝인데도 오프라인 수업을 자주 안하셔서 그건 좋았음.. 수업 자체는 특별히 지루하지 않고 보안에 관심있으시면 꼭 들어보세요,,,
2576611-010,https://everytime.kr/lecture/view/2576611,2576611,정보보호개론,구형준,25년 2학기 수강자,4,"교수님 나긋나긋하시고 귀여우세요. 과제도 보안 좋아하신다면 재밌습니다. 다만 어디서 깎이는지 알 수 없었어요.,..",,,
2576611-011,https://everytime.kr/lecture/view/2576611,2576611,정보보호개론,구형준,26년 1학기 수강자,4,강의 내용은 재미있음. 근데 교수님이 강의 영상에서 말을 너무 더듬으셔서 답답함. 이거 때문에 별 하나 뺌. 오프라인 수업도 재미있음.,,,
2576611-012,https://everytime.kr/lecture/view/2576611,2576611,정보보호개론,구형준,26년 1학기 수강자,4,"영어로 수업하고, 마이크 음질이 별로 좋지 않아서 온라인 영상 듣는데 집중을 많이 해야한다",,,
2576611-013,https://everytime.kr/lecture/view/2576611,2576611,정보보호개론,구형준,25년 2학기 수강자,4,기말 전범위 시험이 힘듭니다. 각의는 굉장히 진심을 다해 열심히 하십니다.,,,
2576611-014,https://everytime.kr/lecture/view/2576611,2576611,정보보호개론,구형준,24년 2학기 수강자,5,Good class about computer security introduction. However the professor voice is a little bit small some times and it can be hard to understand him,,,
2576611-015,https://everytime.kr/lecture/view/2576611,2576611,정보보호개론,구형준,25년 1학기 수강자,4,이게 국제어가 아니었으면 더 좋았을것같지만 그래도 찬찬히 따라가보면 해볼만했음 교수님은 윤호씨를 상당히 많이 찾으심,,,
2576611-016,https://everytime.kr/lecture/view/2576611,2576611,정보보호개론,구형준,25년 2학기 수강자,5,교수님 친절하세요! 무리 없이 잘 따라갈 수 있습니다,,,
2576611-017,https://everytime.kr/lecture/view/2576611,2576611,정보보호개론,구형준,25년 2학기 수강자,5,가끔 퀴즈 있는데 힘든데 수업도 잘하시고 출튀 안잡으시고 괜찮습니다,,,
2576611-018,https://everytime.kr/lecture/view/2576611,2576611,정보보호개론,구형준,25년 2학기 수강자,4,"수업 친절하게 잘 해주세요 퀴즈 가끔 보고, 배운내용 공부해가면 되요",,,
2576611-019,https://everytime.kr/lecture/view/2576611,2576611,정보보호개론,구형준,25년 2학기 수강자,5,수업을 거의 안하는 수업 지나고보면 진도가 훅 나가있음,,,
2576611-020,https://everytime.kr/lecture/view/2576611,2576611,정보보호개론,구형준,25년 1학기 수강자,5,어렵지만 보안에 관심이 있다면 강추 시험은 난이도가 어렵지만 변별력이 좋아서 공부한 사람이라면 오히려 좋음,,,
2576611-021,https://everytime.kr/lecture/view/2576611,2576611,정보보호개론,구형준,25년 1학기 수강자,5,"시스템, 암호, 네트워크, 소프트웨어 등 다양한 분야의 정보보호에 대해서 개괄적으로 배웁니다. 전반적으로 각 분야의 학부 수업을 들었다는 전제하에 수업이 진행되기 때문에 시프, 컴네개를 수강하지 않았다면 각 파트 주차 때 살짝 멍해집니다. 그래도 교수님께서 영어를 잘하시고 교안이 충분히 상세히 설명되어있어서 공부하는데 무리는 없었던 것 같아요. 국제어 강의라서 그런지 학점 따기는 어렵지 않은 것 같습니다. 시험은 100점 만점에 평균이 중간, 기말 각각 42점 38점이었네요. 기말이 전범위이긴 하지만, 각 세부 내용을 달달 외울 필요는 없고, 큰 틀에서 핵심적인 원리 정도를 알고 있으면 시험문제 푸는데에는 지장 없습니다. (사실 중간 때 어려운 문제가 몇개 있었지만, 최고점을 보니 모두가 다 틀린 것 같습니다.) 보안 쪽 관심이 있거나, 사전 지식이 조금이라도 있으시면 학점 따기 수월한 과목같아요. (저는 중간기말 평균 + 70에 과제 300점만점에 15점 감점되어서 A+ 나왔습니다.)",,,
2576611-022,https://everytime.kr/lecture/view/2576611,2576611,정보보호개론,구형준,25년 1학기 수강자,5,내용이 흥미롭고 영어 발음이 좋으셔서 강의 내용이 잘 이해됩니다.,,,
2576611-023,https://everytime.kr/lecture/view/2576611,2576611,정보보호개론,구형준,24년 겨울 수강자,3,기말고사가 전범위인게 매우 힘듦 과제3개 강의력 안좋음,,,
2576611-024,https://everytime.kr/lecture/view/2576611,2576611,정보보호개론,구형준,25년 1학기 수강자,4,"수업 내용은 흥미롭지만, 교수님의 말투가 단조로워서 집중하기 어려울 때가 있습니다. 그래도 과제는 재미있고 실용적인 편이라서 도움이 많이 됩니다",,,
2576611-025,https://everytime.kr/lecture/view/2576611,2576611,정보보호개론,구형준,23년 1학기 수강자,3,영어로 강의하시는데 목소리가 작으신 편이라 한 번 놓치면 흐름 따라가기가 어렵습니다. 강의저장도 안하셔서 독학해야하는 부분도 있었습니다. 중간 평균 50점대 기말 평균 30점대이고 과제도 평균이 생각보다 낮습니다. 네트워크 수업 미리 듣고 수강하는 것을 추천해요,,,
2576611-026,https://everytime.kr/lecture/view/2576611,2576611,정보보호개론,구형준,23년 1학기 수강자,4,"보안이 컴퓨터의 다양한 분야에서 필요한 기술이기 때문에 메모리 보안부터 네트워크 보안, 암호학 등 여러 주제를 배울 수 있습니다. 하지만 그만큼 다루는 범위가 넓기도 합니다. 시험 잘 보려면 ppt를 여러번 보면서 암기하는 게 좋습니다. 과제는 자주 나오는 편은 아니지만 생각보다 시간이 걸려서 미리 해두는걸 추천합니다.",,,
2576611-027,https://everytime.kr/lecture/view/2576611,2576611,정보보호개론,구형준,23년 1학기 수강자,4,"정말 많은 개념들을 간단하게 배울 수 있다. 내가 보안에 좀 관심이 있고 어떤게 있는지 알아보고 싶다면 들어볼만 한듯. 과제는 할만하고, 시험 난이도도 적당하다고 생각.",,,
2576611-028,https://everytime.kr/lecture/view/2576611,2576611,정보보호개론,구형준,23년 1학기 수강자,5,"정보보호개론 수업에서는 하나의 컴퓨터에서 발생하는 보안 문제부터 네트워크로 인한 보안 문제까지 다양한 보안 문제에 대해 다루는 수업입니다. 암호학을 위한 간단한 정수론 같은 내용도 다룹니다. 교수님 목소리가 작으셔서 잘 안들리는 이슈가 있었던 것은 맞지만 수업 내용만 생각하면 배울 것들이 많았습니다. 첫 번째 과제에서는 바이너리 실행 파일이 주어지고 이를 ghidra, gdb와 같은 도구를 사용해 리버스 엔지니어링 하여 키를 얻어내고 bypass script를 만들어내는 작업을 했습니다. 매우 즐거운 과제였습니다. 과제 2에서는 암호학과 관련된 정수론 문제에 답하는 문제들이 나왔고, 과제 3은 wireshark를 통해 패킷을 분석해서 중국의 Great Cannon에 대한 레포트를 쓰는 것이었습니다. 수업 내용을 넓고 깊게 다루어서 어려웠지만 상대평가여서 괜찮았던 것 같습니다. A+ 받았고 성적은 빡빡하지 않게 주시는 것 같습니다.",,,
2576611-029,https://everytime.kr/lecture/view/2576611,2576611,정보보호개론,구형준,23년 1학기 수강자,2,많은 범위와 작은 목소리 굉장히 지엽적인 수업 들으려면 컴네 운체 등 다 듣고 4학년때 들어야할 것 같은데 강의력 자체가 좋다고 보긴 힘들다 학점 도 개인적으로 +은 잘 안주신다고 생각함,,,
2576611-030,https://everytime.kr/lecture/view/2576611,2576611,정보보호개론,구형준,23년 1학기 수강자,1,강의력 너무 안좋으심.. 일단 목소리가 매우 작으시고 영어로 하셔서 웅얼웅얼 무슨 말씀하시는 지 모르겠음 강의실이 커서 마이크라도 차셨으면 좋겠음 대신 과제는 수업내용보다 개어려움.. 그냥 한학기 내내 구글링으로 독학하느라 시간 너무 할애했다..,,,
2576611-031,https://everytime.kr/lecture/view/2576611,2576611,정보보호개론,구형준,23년 1학기 수강자,4,내용이 어렵지만 많은 것을 배울 수 있는 수업이었습니다.,,,
2576611-032,https://everytime.kr/lecture/view/2576611,2576611,정보보호개론,구형준,23년 1학기 수강자,4,다양하게 배울게 많아서 좋다 다양하게 시험봐서 힘들다 김종민에게 “가능한” “우연히” 가 있다면 이 강의에는 “you know” “some how” 가 있다 교수님 목소리가 잘 안들린다 오픈데 지각러+장실러들때문에 더안들린다 학점은 잘주신다기보다 그냥 알맞게 주시는 것 같다,,,
2576611-033,https://everytime.kr/lecture/view/2576611,2576611,정보보호개론,구형준,23년 1학기 수강자,4,"개론답게 다양한 정보보호 이론들을 얕게 배우는 과목입니다. 교안을 수업 직전에 올려주시기 때문에 예습이 힘들고(심지어 초반에는 수업이 끝나고 올려주시기도 했습니다,) 또한 교안의 설명이 다소 생략되어있는 느낌이 듭니다. 제가 영어 듣기 능력이 부족해서인지 수업을 따라가기가 힘들었습니다(특히 제게 낯선 영단어들이 종종 들렸습니다.) 그래서인지 수업을 듣기보다 교안을 바탕으로 구글링을 많이 했던 걸로 기억합니다. 사전 지식은 필요한 수준까지는 충분히 설명해주시지만, 그래도 컴구개, OS, 네트워크개론은 듣고 오시는 것을 추천드립니다. 저도 네트워크를 안 들은 상태였어서 이 부분에서 시간을 꽤 뺏겼습니다. 과제는 총 3개 나왔는데, 모두 수업의 내용만으로는 풀기 까다로운, 상당히 머리를 굴려야 풀리는 문제들이 있었습니다. 구글링을 열심히 하시는 것을 추천드립니다. 시험은 중간, 기말 2번을 보며, 기말고사는 중간고사 범위를 포함한 전범위입니다. Somehow라는 말이 들리면 그 수준에서 더 깊게 들어가지 말고 그렇구나 하고 넘어가는 것을 추천드립니다.",,,
2576611-034,https://everytime.kr/lecture/view/2576611,2576611,정보보호개론,구형준,23년 1학기 수강자,3,"정보보호개론이라는 과목명에 맞게 여러 정보보호기법들에 대해 넓고 얇게 다룹니다. 강의력은 교수님이 설명을 잘못한다고 저는 느꼈습니다. 영어로 수업하시는데 문장 중간에 ""somehow""랑 ""you know"" 라는 말을 많이 하셔서 듣고 의미를 이해하기 좀 어려웠습니다. 제가 영어 듣기를 좀 못해서 그런걸지도 모르겠네요. 그리고 교안 내용도 부실해서 거의 구글링으로 찾아보면서 공부했습니다. 과제는 구글링해도 잘 안나온것들이 많아서 하는데 시간을 많이 투자했습니다. 과제 점수는 평균 조금 높게 받았고 시험은 둘다 평균보다 조금 낮게 받았는데 비플 주신거 보면 학점은 잘 주시는거 같습니다.",,,
2576611-035,https://everytime.kr/lecture/view/2576611,2576611,정보보호개론,구형준,23년 여름 수강자,1,별로인 강의력 전형적인 이걸 왜 모르지 교수님 매우 작은 목소리 어려운 영어 마이크 강의녹화 없음 중간 + 빠꾸없는 전범위 기말 시험 1주전 과제 과제마다 범인들은 풀수없는 어마어마한 난이도의 문제 최소 1(비중 개높음ㅋㅋ) 예습이라도 하려고 했지만 어림없는 수업 +-2분 교안 업로드 내가 이해를 못하는건가 했지만 구글링 해보니 내 문제만은 아니란걸 깨달음 다루는 내용들이 꽤나 잘 알려진 것들이라 구글링은 쉬움 + 지나보니 많은걸 배우긴했음(구글링으로),,,
2576611-036,https://everytime.kr/lecture/view/2576611,2576611,정보보호개론,구형준,23년 1학기 수강자,5,"강의력이 굉장히 좋으시고 다양한 주제를 찍먹할 수 있어서 재밌었습니다. 네트워크, 시스템 배경지식을 따로 강의시간을 할애해서 설명해 주셔서 선수과목을 안 들어도 따라가는 데 지장 없어요. 과제는 총 3번인데 ctf, 암호학 문제풀이, 패킷분석이었습니다. extra point를 받을 수 있는 문제 제외 난이도는 평이했습니다",,,
2087331-001,https://everytime.kr/lecture/view/2087331,2087331,확률과랜덤프로세스,우사이먼성일,23년 1학기 수강자,4,내용 자체가 적어서 시험 공부하기 좋아요 이틀정도 올려주신 교재 연습문제 풀어보면서 공부했는데 충분했던 것 같습니다. 과제도 30분내로 끝낼 수 있는 매우 간단한 수준의 과제였어서 배워가는게 많지는 않을지라도 쉽게 학점 받아갈 수 있어 좋았습니다 ...,,,
2087331-002,https://everytime.kr/lecture/view/2087331,2087331,확률과랜덤프로세스,우사이먼성일,23년 1학기 수강자,1,학점이 너~~무 짜요. 수업때도 뭐하는 건지 모르겠어요. 출결 체크도 잘 안하는 듯.,,,
2087331-003,https://everytime.kr/lecture/view/2087331,2087331,확률과랜덤프로세스,우사이먼성일,23년 1학기 수강자,1,너무 별로임 성적도 잘 안줌 과제 2-3번 있는데 중학생 수준의 확률문제를 냄 변별력 없음 시험 두번은 어려운편이였음 대부분 수업시간에 열심히 말해놓고 여기까진 몰라도 된다함 간혹 이전 주차 내용을 또말하고 또말하고 하는데 너무 답답,,,
2087331-004,https://everytime.kr/lecture/view/2087331,2087331,확률과랜덤프로세스,우사이먼성일,23년 1학기 수강자,2,수업을 많이 안하시고 하실 때도 내용이 중구난방이에요. 대신 그만큼 공부를 안해도 양심의 가책이 덜해서 나름 좋은 것 같기도 합니다. 학점은 막 잘 주시는 것 같진 않아요. 이건 제가 이상한 거 같기는 한데 교수님이 좀 귀여워서 보는 재미가 있어요.,,,
2087331-005,https://everytime.kr/lecture/view/2087331,2087331,확률과랜덤프로세스,우사이먼성일,23년 1학기 수강자,1,"학점 비율이 너무 짭니다. 시험은 시험전 문제풀이 세션 갔다와서 그 문제들로 공부하면 잘 맞을 수 있습니다. 학점 비율만 괜찮았다면, 별 생각 없었겠지만..",,,
2087331-006,https://everytime.kr/lecture/view/2087331,2087331,확률과랜덤프로세스,우사이먼성일,23년 1학기 수강자,1,ㅋㅋㅋ아니 수업이이따구면 학점은 잘주는게 국룰아니냐고ㅋㅋ,,,
2087331-007,https://everytime.kr/lecture/view/2087331,2087331,확률과랜덤프로세스,우사이먼성일,23년 1학기 수강자,1,1점 주기도 아까움 교수가 그냥 쓰레기 그 자체. 정말 내 등록금이 이 인간 지갑에 들어간다 생각하니 진짜 열받는다,,,
2087331-008,https://everytime.kr/lecture/view/2087331,2087331,확률과랜덤프로세스,우사이먼성일,23년 1학기 수강자,1,"여러가지 과목을 들어봤지만 이렇게 필기하면서 따라가기 힘든 수업은 처음이었습니다. 내용이 어렵거나 빨라서 따라가기 힘든 건 아니고요, 수업 내용이 뒤죽박죽으로 흘러가서 어느 박자에 맞춰야 될지 감이 안 잡혔습니다. 수업 당일이나 전날에 very sorry for short notince (실제 오타)라 하면서 휴강 공지를 올리는 건 한 8번 가량 본 것 같습니다. 물론 솔직히 말하자면 아침에 일어나기 싫을 때 잠 덜 깬 상태로 그 공지를 확인했을 때 더 잘 수 있어서 조금 기쁘긴 했습니다만 언제 휴강할지 예측할 수 없어 통학하는 학생들이 곤란할 것 같았습니다. 그렇게 많이 휴강했으니 현장 강의는 알차야 할텐데요, 이산확률분포 수업하며 통신이 성공할 확률 예제를 풀다 갑자기 터미널을 띄우고선 각 나라의 대학교 홈페이지로 핑을 보내보는 짓을 10분 동안 하시질 않나, 휴강 연속 3번 하고 들은 강의에서 초반 30분 동안 특허 출원의 중요성에 대해서 열심히 말씀하시곤 하셨습니다. 학부 시절 자신이 확률을 이렇게 공부했다면서 노트 필기 스캔본을 띄워주시고는 1시간 내내 그걸 설명해주시기도 하셨습니다. 물론 학생들에게 알려주고 싶었던 게 시험에 낼 생각도 없던 그거일 수도 있지만, 정작 중요한 내용들은 따로 교재 읽어오라는 공지를 내면서까지 말할 내용이었는지는 모르겠습니다. 어쩌면 첫 단추부터 잘못 낀 걸지도 모르겠습니다. 수강 정원을 마구 늘리다보니 강의실이 수용할 수 있는 인원보다 많은 학생을 받아버려서 첫 수업 때 못 앉고 벽에 서서 듣는 학생이 생기는 사태도 있었고, 이후 의자가 더 많은 강의실로 옮기긴 했으나 칠판 시야가 좁다고 갑자기 강의실을 바꾸겠다고 하셔서 기초학문관에서부터 반도체관까지 다같이 걸어갔습니다. 이번 학기에 처음 대면 강의를 하셔서 그럴 수도 있지만 그 당시 그런 점을 정말 이해할 수 없었습니다. 과제를 3번 가량 내주시긴 했지만 적당히 해볼 수 있던 첫번째 과제 빼고는 예제 문제 하나 수준의 난이도로 지나치게 쉬워서 의구심만 생겼습니다. 시험도 중간에 들어와서 자신이 줬던 문제들 풀어봤으면 쉽게 풀거다 뭐라 하시는데 중요한 정보만 전달하고 조용히 계셨으면 했습니다. A 맞긴 했지만 이번 학기 들은 수업 중에 가장 이해할 수 없었습니다. 만약 다른 수업들이 너무 빡세다면 이 과목을 신청해서 삶의 질을 높이는 것도 좋겠다만, ""수업""을 듣고 싶은 학생이라면 굳이 이 기행을 권장하지 않습니다.",,,
2087331-009,https://everytime.kr/lecture/view/2087331,2087331,확률과랜덤프로세스,우사이먼성일,23년 1학기 수강자,2,커리큘럼이 없다 무언가를 배울 수 없다 bsm 확률과 통계가 더 유익하다 표준편차가 너무 크다 중간은 기억이 안나고 기말은 24 정도여서 중기합 평균보다 60점정도 높아야 에이쁠이 나온다 좀 아닌거 같다 과제는 미친듯이 쉽다 5분정도 걸린다,,,
2087331-010,https://everytime.kr/lecture/view/2087331,2087331,확률과랜덤프로세스,우사이먼성일,23년 1학기 수강자,2,강의력이 진짜 개구림 진짜 걍 구림 근데 통계 좀 공부하고 잘하면 걍 날먹 가능 그리고 시험 전 세션에서 걍 시험문제 다 알려줌ㅋㅋ 강의 하나도 안 듣고 저 세션만 참여하고 어느정도 공부하면 됨 배우는건 없는데 성적은 잘 주나 모르겠음 과제 올제출 중간 90 기말 100 에이쁠 받아갑니다,,,
2087331-011,https://everytime.kr/lecture/view/2087331,2087331,확률과랜덤프로세스,우사이먼성일,23년 1학기 수강자,1,이렇게 공부 안하고 놓은 과목은 처음이었습니다. 수업에서 뭘 배우는지도 모르겠고 의욕도 들지 않아서 공부를 아예 안했더니 시험은 평균보다 조금 낮게 받았어요 그런데 학점마저도 짜게 주시네요 ㅋㅋ 이번 학기 제일 후회하는 과목입니다. 앞으로 교수님 수업 들을바에 학점 이월할라구요,,,
2087331-012,https://everytime.kr/lecture/view/2087331,2087331,확률과랜덤프로세스,우사이먼성일,23년 1학기 수강자,1,진짜 배우는 거 1도없음. 학점도 존나게 짬 교수 직무유기로 신고할 예정. 수업 3분의1을 빼먹음,,,
2087331-013,https://everytime.kr/lecture/view/2087331,2087331,확률과랜덤프로세스,우사이먼성일,23년 1학기 수강자,2,"전날에 4시간 정도 공부해서 A 받음 (중간 평균+15, 기말 평균+20) 확통 베이스가 고등학교 때가 마지막이라 걱정했는데, 시험은 연습 문제 올려주는 것만 풀고 가면 되는듯 교수님이 수업에서 뭘 가르치는지 모르겠음",,,
2087331-014,https://everytime.kr/lecture/view/2087331,2087331,확률과랜덤프로세스,우사이먼성일,23년 1학기 수강자,1,sorry for the short notice… 이럴거면 동영상 녹화되는 온라인 수업을 하시지..,,,
2087331-015,https://everytime.kr/lecture/view/2087331,2087331,확률과랜덤프로세스,우사이먼성일,23년 1학기 수강자,1,"교수님에 대한 악명은 익히 들어 알고 있었지만, 등록금이 진지하게 아깝다는 생각이 듭니다;",,,
2087331-016,https://everytime.kr/lecture/view/2087331,2087331,확률과랜덤프로세스,우사이먼성일,23년 1학기 수강자,1,수업이 짜임새있게 갖춰져있지 않고 중구난방임. 물론 커리큘럼 내의 과정을 따라가긴 하지만 수업시간에 공식 베껴쓰기에 바쁜 과목이었음. 근데 다들 수업 잘 안듣는거같은데 다른 사람들은 성적은 잘나옴. 공지도 굉장히 늦고 수업을 빼먹는 경우가 많았음. 위에 후기 중에 학생이었으면 F라는 내용에 굉장히 공감. 교수님이 ML쪽이다보니 수업 플로우가 일관성이 없음. 이런 수업 진짜 3~4년 다니면서 처음들어봄. 웬만하면 안듣는걸 추천,,,
2087331-017,https://everytime.kr/lecture/view/2087331,2087331,확률과랜덤프로세스,우사이먼성일,23년 1학기 수강자,1,"직무유기, 수업을 안함. 학생이었으면 F 맞을 정도로 출석을 안함",,,
2087331-018,https://everytime.kr/lecture/view/2087331,2087331,확률과랜덤프로세스,우사이먼성일,23년 1학기 수강자,1,최근에 알고리즘으로 정승제사생팬 채널 영상을 보았고 그게 더 유익했다,,,
2087331-019,https://everytime.kr/lecture/view/2087331,2087331,확률과랜덤프로세스,우사이먼성일,23년 1학기 수강자,1,이것보다 커리큘럼이 부실한 강의는 단연코 창융디뿐일 것입니다,,,
2087331-020,https://everytime.kr/lecture/view/2087331,2087331,확률과랜덤프로세스,우사이먼성일,23년 1학기 수강자,1,절대 듣지마세요.. 커리큘럼 엉망 수업도 엉망 배운 내용이 하나도 없는거 같아요. 학점 잘주면 미화될지는 모르지만...,,,
2087331-021,https://everytime.kr/lecture/view/2087331,2087331,확률과랜덤프로세스,우사이먼성일,23년 1학기 수강자,2,Sorry for the short notice. Sorry for the short notice. Sorry for the short notice. Very sorry for the short notince. Very sorry for the short notice. Sorry for the short notice.,,,
2087331-022,https://everytime.kr/lecture/view/2087331,2087331,확률과랜덤프로세스,우사이먼성일,23년 1학기 수강자,1,교수랑 학생 모두 꿀 빨려는 과목 그 이상 그 이하도 아님. 실라버스에 나와있는 커리큘럼이 있지만 교수님이 즉흥적으로 바꿈... 학점 나오면 미화될지도...?,,,
2087331-023,https://everytime.kr/lecture/view/2087331,2087331,확률과랜덤프로세스,우사이먼성일,23년 1학기 수강자,2,수업들을 생각 없다 + 적당히 출튀하겠다 + 성적 무난하게 받겠다 + 올려주는 교재랑 문제만 풀겠다 + 수업에서 뭔갈 얻어가야겠다는 생각이 없다 = 이 수업 들으시면 됩니다. 해당하지않으면 제발 듣지마세요... 커리큘럼도 엉망이고 수업 열심히들으려고 할수록 손해인 느낌 100,,,
2087331-024,https://everytime.kr/lecture/view/2087331,2087331,확률과랜덤프로세스,우사이먼성일,23년 1학기 수강자,1,"그냥 듣지 말라면 이유가 있는거에요,,,왜 듣지 말라는지 세세하게 적기 귀찮으니까 적지는 않는데 그냥 듣지마,,,아 그냥 출튀 좀 하고 시험도 대강 학점도 무난하게 받고 싶으면 들어도 되는데 공부에 대한 열정이 조금이라도 있으면 듣지마쇼",,,
2087331-025,https://everytime.kr/lecture/view/2087331,2087331,확률과랜덤프로세스,우사이먼성일,20년 1학기 수강자,4,"강의는 확랜프, 과제는 머신러닝.... 처음엔 확률 과제였는데 갈수록 머신러닝 과제가 나왔음.. 구글링으로 어떻게든 돌아가게 만들어서 제출하다가 막판 과제 두 개는 그냥 때려치고 안 냈는데도 비쁠 주셨음미다 교수님 진짜 좋으심 과제는.. 안 좋았어요 죄송..",,,
2087331-026,https://everytime.kr/lecture/view/2087331,2087331,확률과랜덤프로세스,우사이먼성일,20년 1학기 수강자,5,"배우지 않은 내용이 과제로 엄청 나왔지만, 학점만 잘 주신다면... 갓사이먼갓일",,,
2087331-027,https://everytime.kr/lecture/view/2087331,2087331,확률과랜덤프로세스,우사이먼성일,20년 1학기 수강자,5,확랜프인데 수업내용은 확률이 맞음. 근데 중간고사이후부터 과제는 딥러닝 과제였음. 파이썬+구글링이면 할수있는 과제이긴함. 근데 다음 수업부터는 딥러닝 머신러닝 과제 안내고 확률만 할거라고 하시니까 참고하시길!! 학점은 전부 +달아주신거같음! 과제가 엄청 어렵진 않았는데 던진 사람이 많아서 그런지 내 점수가 높지 않았는데도 성적 잘받음,,,
2087331-028,https://everytime.kr/lecture/view/2087331,2087331,확률과랜덤프로세스,우사이먼성일,20년 1학기 수강자,5,과제를 일단 돌아가게 만들면 A가 달렸고 아니면 B가 나온듯 함. 나는 진짜 아는게 없어서 주먹구구식으로 인터넷 찾아가며 삐꺽이는 코드를 작성해 제출했는데도 A+인거 보면 학점은 정말 잘 주신것 같음,,,
2087331-029,https://everytime.kr/lecture/view/2087331,2087331,확률과랜덤프로세스,우사이먼성일,20년 1학기 수강자,5,"코로나때문에 시험없이 모두 과제로 평가. 강의 내용은 확랜프가 맞음. 하지만 과제는 파이썬을 활용한 머신러닝 관련이 주를 이룸. adversarial example attack, federated learning, VGGnet 활용, 캐글 alaska 컴피티션, 마르코프 체인 머신러닝이랑 파이썬에 대한 선수지식이 없으면 어렵게 느껴질만한 과제들이었음. 본인은 그냥저냥 해서 제출했고 출석도 몇번빠지고 출석대용으로 제출해주신 퀴즈도 몇번 못봤는데 A+ 뜸 성적을 대충 계산해보니 상위 한 40퍼정도였는데 A+ 뜬거봐서는 싹다 쁠 달아주신것 같음 ㅎ",,,
2087331-030,https://everytime.kr/lecture/view/2087331,2087331,확률과랜덤프로세스,우사이먼성일,20년 1학기 수강자,4,강의 자체는 확랜프가 맞았던것 같음 과제는 약간 교수님 연구분야 ML.... 온라인이라 시험을 안봐서 소특3 들은느낌,,,
3058334-001,https://everytime.kr/lecture/view/3058334,3058334,캡스톤설계프로젝트,아에스아부하메드타메르,26년 1학기 수강자,5,그냥 팀플 수업 ㅎㅎ 팀원을 잘 고르는걸 추천해요 폭,,,
3058334-002,https://everytime.kr/lecture/view/3058334,3058334,캡스톤설계프로젝트,아에스아부하메드타메르,26년 1학기 수강자,5,그냥 GOAT. 이 수업을 친구랑 들으세요 완전 추천,,,
2087333-001,https://everytime.kr/lecture/view/2087333,2087333,네트워크프로젝트,염익준,26년 1학기 수강자,5,"꿀강입니다. 실습 과목들 중에서는 거의 제일 편한 편인 것 같습니다. 과제 난이도가 크게 높지 않고, 강의 내용도 부담 없이 따라갈 수 있습니다. 네트워크에 대한 기본적인 이해가 있다면 무난하게 수강할 수 있습니다.",,,
2087333-002,https://everytime.kr/lecture/view/2087333,2087333,네트워크프로젝트,염익준,26년 1학기 수강자,5,꿀실습입니다 주차과제도 쉽고 수업도 빨리 끝나요,,,
2087333-003,https://everytime.kr/lecture/view/2087333,2087333,네트워크프로젝트,염익준,26년 1학기 수강자,5,무난한 실습 수업입니다 단지 ns-3를 다시 쓸 날이 올까? 란 생각이 들기는 하지만.. 주차과제 매주 있습니다만 쉽고 제출도 편합니다 출석은 가끔 퇴실할 때 이름 적고 갈 때도 있으니 조심,,,
2087333-004,https://everytime.kr/lecture/view/2087333,2087333,네트워크프로젝트,염익준,26년 1학기 수강자,5,중간고사랑 기말고사 봅니다. 컴네개 듣고 난 후에 들으시길 추천드립니다. 조교님들이 수업합니다. 난이도는 빡쎄진 않습니다.,,,
2087333-005,https://everytime.kr/lecture/view/2087333,2087333,네트워크프로젝트,염익준,26년 1학기 수강자,5,주차 과제랑 퀴즈 있고 중기말 있음 생각보다 할게 많아서 꿀은 아닌듯.. 어렵진 않은데 컴네게 안들어서 그런지 먼지 모르겠음,,,
2087333-006,https://everytime.kr/lecture/view/2087333,2087333,네트워크프로젝트,염익준,25년 1학기 수강자,5,저는 공부를 너무 안 해서 망했지만 무난무난 합니다,,,
2087333-007,https://everytime.kr/lecture/view/2087333,2087333,네트워크프로젝트,염익준,25년 1학기 수강자,5,그래도 강의 슬라이드만 보고 예제를 잘보면 시험은 괜찮게 풀수 있었음 주차 과제는 가면 갈수록 점점 템플릿 복붙하는 느낌;;;;,,,
2087333-008,https://everytime.kr/lecture/view/2087333,2087333,네트워크프로젝트,염익준,25년 1학기 수강자,5,무난무난합니다 네트워크 개론듣고 들으면 대충 과제만하면돼요,,,
2087333-009,https://everytime.kr/lecture/view/2087333,2087333,네트워크프로젝트,염익준,25년 1학기 수강자,5,"시험은 총 2번 봅니다. 개인 프로젝트는 없고 수업 듣고 주자 과제 하는 것입니다. 기간은 여유롭게 주십니다. 과제 총 3번 나오는데, 마지막 거 제외하고는 할만합니다.",,,
2087333-010,https://everytime.kr/lecture/view/2087333,2087333,네트워크프로젝트,염익준,25년 1학기 수강자,5,ns3 많은 시나리오로 공부해볼 수 있어여 조교님들이 수업하고 컴네개안들어도 할 수 있는 수준??,,,
2087333-011,https://everytime.kr/lecture/view/2087333,2087333,네트워크프로젝트,염익준,25년 1학기 수강자,5,ip주소 안쓰면 시험에서 감점시켰음. 그거 알고 나서 시험은 딱히 안 어려운거 같고 실습 중 데베프랑 투탑으로 꿀인거 같음,,,
2087333-012,https://everytime.kr/lecture/view/2087333,2087333,네트워크프로젝트,염익준,25년 1학기 수강자,4,학점 받기 좋은데 주차과제는 다 하는거 같고 시험을 갈리는거 같으니 시험 준비 잘하시길...,,,
2087333-013,https://everytime.kr/lecture/view/2087333,2087333,네트워크프로젝트,염익준,25년 1학기 수강자,5,주차 과제같은 것도 크게 부담도 없고 전체적으로 무난합니다,,,
2087333-014,https://everytime.kr/lecture/view/2087333,2087333,네트워크프로젝트,염익준,25년 1학기 수강자,4,"시험은 TF 좀 많이 빡세고, 문제도 좀 지엽적입니다 과제 1, 2는 괜찮았는데 과제3 은 진짜 문제도 모호하고 설명도 없고 메일로 직접 물어보는 거 아닌 이상 계속 의문점이 드는 짜증나는 과제입니다",,,
2087333-015,https://everytime.kr/lecture/view/2087333,2087333,네트워크프로젝트,염익준,25년 1학기 수강자,5,"컴네개는 안듣고 들었는데 시험이 좀 예상외로 어렵고 준비하기가 어렵다 과제는 1, 2는 꽤나 쉬운데 3이 많이 어렵다 실습 중에서 이정도면 괜찮은 과목인듯",,,
2087333-016,https://everytime.kr/lecture/view/2087333,2087333,네트워크프로젝트,염익준,25년 1학기 수강자,5,실습과목 7개 채워들어야하는 사람들에게 강추 수업 편하고 과제 압박 없습니다,,,
2087333-017,https://everytime.kr/lecture/view/2087333,2087333,네트워크프로젝트,염익준,25년 1학기 수강자,5,실습 부담없고 네트워크 개념 복습하기에 좋아요. 컴네개에서 무선 통신을 안 배워었는데 네트프에서 어느정도 다뤄줘서 좋습니다.,,,
2087333-018,https://everytime.kr/lecture/view/2087333,2087333,네트워크프로젝트,염익준,25년 1학기 수강자,5,"한 학기 편하게 들었고, 내용 자체도 나름 흥미로웠습니다. 다시 쓸 일이 있을까 싶지만, ns3를 다뤄볼 수 있는 좋은 경험을 한 것 같습니다.",,,
2087333-019,https://everytime.kr/lecture/view/2087333,2087333,네트워크프로젝트,염익준,25년 1학기 수강자,5,매우 편한 수업입니다. 주차과제도 쉽고 과제도 할만 합니다. 학점은 중간 기말로 정해지는 것 같습니다,,,
2087333-020,https://everytime.kr/lecture/view/2087333,2087333,네트워크프로젝트,염익준,25년 1학기 수강자,5,정말 편한 수업입니다 주차과제도 난이도가 쉽고 시간 안잡아먹습니다,,,
2087333-021,https://everytime.kr/lecture/view/2087333,2087333,네트워크프로젝트,염익준,25년 1학기 수강자,5,무난하게 괜찮은 수업입니다. 듣기 편하고 조교님 메일 답장도 무척 빨라요,,,
2087333-022,https://everytime.kr/lecture/view/2087333,2087333,네트워크프로젝트,염익준,25년 1학기 수강자,5,실습 7개라 반강제로 들었는데 지금까지 들은 실습중 가장 편했음,,,
2087333-023,https://everytime.kr/lecture/view/2087333,2087333,네트워크프로젝트,염익준,25년 1학기 수강자,4,조교님들이 질문도 잘 받아주시고 내용도 쉬운 것 같습니다. 그런데 내용이 쉽다보니까 수업이 엄청 빠르긴 합니다,,,
2087333-024,https://everytime.kr/lecture/view/2087333,2087333,네트워크프로젝트,염익준,25년 1학기 수강자,4,과제는 무난하지만 시험은 생각보다 까다롭습니다,,,
2087333-025,https://everytime.kr/lecture/view/2087333,2087333,네트워크프로젝트,염익준,25년 1학기 수강자,5,조교님들이 친절하게 잘 알려주셔서 좋은 것 같습니다,,,
2087333-026,https://everytime.kr/lecture/view/2087333,2087333,네트워크프로젝트,염익준,25년 1학기 수강자,5,과제 기간도 당일이 아니고 조교님들이 열심히 설명햐주셔서 좋슴다,,,
2087333-027,https://everytime.kr/lecture/view/2087333,2087333,네트워크프로젝트,염익준,24년 1학기 수강자,5,ns3를 통해 네트워크 모델에 대해 간단히 배웁니다. 저는 컴네개를 듣지 않았는데 수업에 큰 지장은 없었습니다. 과제가 간단해보이지만 ns3를 대부분 처음 만지기 때문에 어려워서 조교님들이 잘 도와주십니다. 채점도 둥글둥글한 편입니다.,,,
2087333-028,https://everytime.kr/lecture/view/2087333,2087333,네트워크프로젝트,염익준,24년 1학기 수강자,5,"부담없는 꿀 실습. 다만, 실습을 강제로 들어야하는게 아니면 굳이 들어야할꺄 싶은 과목. 암튼 시험 2번이 성적을 결정짓고 과제는 3회로 팀플 없고 어렵지도 않음 주간과제는 수업 따라가면 그냥 만점 받는 수준. 성적은 솦 비율 채워주시는 거 같다. 총평: 들어야하면 부담없는 꿀강이지만 굳이 들어야할까 샆은 과목.",,,
2087333-029,https://everytime.kr/lecture/view/2087333,2087333,네트워크프로젝트,염익준,24년 1학기 수강자,5,ns3 궁금했던 분들은 배워가는거 많았을듯... 근데 전 아니라서 솔직히 뭐 배운지는 모르겠는데 아무튼 뭐 크게 어렵지 않게 종강해서 서로 윈윈같아요. 과제는 사실 뭐 실습치고는 그냥 없는 수준이라고 봐도 되고 시험도 크게 어렵지 않아요. 좋은 수업이었습니다,,,
2087333-030,https://everytime.kr/lecture/view/2087333,2087333,네트워크프로젝트,염익준,24년 1학기 수강자,5,"컴네개랑 같이 들었는데, 부담도 적고 재밌게 들었습니다. 이번 학기 평가방식은 출석 + WA + PA 3개 + 중간/기말고사였어요. WA는 거의 따라치는 수준이여서 굉장히 금방하고, PA는 첫번째꺼랑 세번째꺼는 하루 정도 쓰면 무난하게 하는 식입니다. 다만 PA가 구현 방식이 매우 다양하고 완벽함을 추구하면 끝도 없어서, 적당히 하는 것을 추천드립니다. (채점을 매우매우 관대하게 하셔서 100점이 상당히 많습니다.) 따라서 사실상 중간, 기말이 매우 중요한 것 같은데, 교안에 쓰여있는 것을 다 이해하고 외우신다면 쉽게 풀 수 있습니다. 평균, 평균 +10점, 과제 만점 맞았는데 A+ 받은 것으로 보아 학점도 굉장히 너그럽습니다. 현재 하시고 계신 두 조교분들이 워낙 능숙하시고 수업도 잘하셔서, 재밌게 들으실 수 있을거에요. 물론 배워서 쓸데가 아주 없을 것 같긴 합니다 ㅎㅎ..",,,
2087333-031,https://everytime.kr/lecture/view/2087333,2087333,네트워크프로젝트,염익준,24년 1학기 수강자,3,"조교님 좋습니다, 수업운영 좋습니다. 학점도 잘 채워주십니다. 단, 이 수업자체가 문제입니다. 21학번 이전학번은 실습으로 7과목을 들어야 하기에 거의 반강제로 듣게됩니다. 그거에 비해 수업 내용은 너무나 특정분야에 치우친 내용으로 네트워크 연구분야에 큰 관심이 없다면 흥미도 안생기고 크게 도움도 안되는 내용입니다... 앞으로 실습학점이 줄어든다고 하는데, 이러한 수업은 관심 있는 사람만 듣도록 하는 편이 좋을 것 같습니다.",,,
2087333-032,https://everytime.kr/lecture/view/2087333,2087333,네트워크프로젝트,염익준,24년 1학기 수강자,5,네트워크 개론을 들었다면 부담없이 들을수 있음,,,
2087333-033,https://everytime.kr/lecture/view/2087333,2087333,네트워크프로젝트,염익준,24년 1학기 수강자,5,실습하는데 공부는 좀 해야하지만 하다보면 재밌어요,,,
2087333-034,https://everytime.kr/lecture/view/2087333,2087333,네트워크프로젝트,염익준,23년 1학기 수강자,5,내용 자체가 꽤 어려워서 실습 과제에 공부량도 많았다...,,,
2087333-035,https://everytime.kr/lecture/view/2087333,2087333,네트워크프로젝트,염익준,23년 1학기 수강자,5,말도 안되는 꿀강. 생명과학 베이스가 있으면 진짜 엄청난 가성비로 3학점을 딸 수 있다.,,,
2087333-036,https://everytime.kr/lecture/view/2087333,2087333,네트워크프로젝트,염익준,23년 1학기 수강자,5,"염익준 교수님 실습을 듣는 것을 강하게 추천합니다. 조교님들 하시는 실습 수업 지금까지 4번인가 5번 들었었는데, 강의도 잘하시고 과제 설명도 깔끔합니다. 물론, 언제 졸업하실지는 모르겠지만",,,
2087333-037,https://everytime.kr/lecture/view/2087333,2087333,네트워크프로젝트,염익준,23년 1학기 수강자,4,조교님 너무 좋으시고 과제 부담 별로 없었지만(weekly 응용해서 과제 나옴) 다들 잘 해서 성적은 잘 안 나왔다 ㅠㅠ 그래도 한 학기동안 재밌었어요!,,,
2087333-038,https://everytime.kr/lecture/view/2087333,2087333,네트워크프로젝트,염익준,23년 1학기 수강자,5,"ns3로 udp, tcp, 각종 토폴로지, 무선통신 시뮬레이션 해보기 팀플 없음 매주 과제 제출, 쉬움 pa 3번, 부담 크게 없음 시험 2번 수업만 잘 들으면 문제없음 조교님 스토리텔링식 교수법 재밌어요",,,
2087333-039,https://everytime.kr/lecture/view/2087333,2087333,네트워크프로젝트,염익준,22년 1학기 수강자,2,"프젝 점수반영 비중을 갑자기 바꿔서 황당했음. 모든과제 제출, 기말 중상위권, 프젝도 잘 마무리했는데 A나온걸로 보아 학점 후하진 않거나, 다들 전체적으로 점수가 높은 듯함. 매주 제출해야 할것 존재. 과제 추가 존재. 팀플 존재. 기말 존재. 할거개많은데 결국 기말점수로 갈린 것 같아서 좀 그랬던 과목.",,,
2087333-040,https://everytime.kr/lecture/view/2087333,2087333,네트워크프로젝트,염익준,22년 1학기 수강자,3,"다들 실습시간 채울려고 듣는 거니 내용은 다들 관심 없을거고, 깃이나 도커 먼저 가르쳐주는 것은 좋았으나 2주배운 깃을 12주 동안 배운 ns3이랑 동급으로 시험 보는 게 조금 맞지는 않는다고 생각함. 프로젝트의 수준은 굉장히 다양했는데 기본점수를 많이 주는 방식으로 채점되서 결국 학점은 대부분 시험 성적으로 갈림. pa는 못할 수준은 아니나 학기말에 프로젝트 + 시험 + pa가 몰려 있어서 굉장히 힘들었음. 수업은 1시간 내로 끝나고 내용 자체는 어렵지 않았으나 네트워크 이론이 필요하고 배운 걸 응용하는 게 귀찮을 뿐이지..조교님들은 친절하셨고 문의하면 바로바로 대응해 주십니다. 성적도 적당히 채워주시는 것 같아요",,,
2087333-041,https://everytime.kr/lecture/view/2087333,2087333,네트워크프로젝트,염익준,22년 1학기 수강자,4,조교님들이 친절하셨습니다 하지만 그뿐...,,,
2087333-042,https://everytime.kr/lecture/view/2087333,2087333,네트워크프로젝트,염익준,22년 1학기 수강자,5,"기초부터 차근차근 잘 가르쳐주시고 조교님들이 친절하셔서 좋았음. 초반에는 git, docker 등 처음부터 기초를 알려줘서 좋았고, 이후 ns3를 할 때는 대부분 처음 다루기에 익숙하지 않은 부분들이 많지만 다들 똑같기 때문에 수업시간에 열심히 따라가고 질문하면서 이해하면 충분히 따라갈 수 있음. 시험 같은 경우도 수업시간에 가르쳐주신 내용들, 강조하신 내용 위주로 출제하셔서 수업 열심히 들었으면 크게 부담은 안되었었음. 마지막 기말 기간에 과제, 팀플, 시험 몰아나오는 점이 힘들긴 했는데 이번 학기에 처음 시험친거라 개선해주시지 않을까 생각됨.",,,
2087333-043,https://everytime.kr/lecture/view/2087333,2087333,네트워크프로젝트,염익준,22년 1학기 수강자,3,"장점 : - 리눅스(vim), 도커, 깃 구축에 대해서도 자세히 알려준 후 본격적으로 네트워크 관련 시작하는 방식이라 저 내용들을 잘 몰랐던 사람에게는 매우 친절하고 세세한 수업이라 생각할듯 - 조교님들이 질문 등을 최대한 친절하게 답변하려 하심 단점 : - 부정확한 평가 기준 & 커리큘럼 - 개인 과제가 첫 주엔 3개 나온댔는데 4개 나왔네? 그럼 과제별 점수는 어떻게 되는 거지? 퀴즈는 한 번이나 두 번 본다는데 언제 보는거지? 시험 범위는 대체 어떻게 되는거지? (결국 계속 애매하게 대답 나오다 수업 후반에 퀴즈 두 개 한 날에 다 봄ㅋㅋ) - 팀플 프로젝트도 팀 평가를 학생들이 하는 거로 정했다가 학생들이 평가한 방식이 맘에 안 들었는지(발표날 학생들 ~~식으로 평가해달라 중간중간에 계속 언급하심) 팀플의 점수 차를 적게 만들어 팀플에 들어간 노력에 비해 큰 성과는 없게 됨. 팀플 마감 기한이 기말 기간이었는데 팀플 동료 평가가 35점 중 5점이었으니 그냥 팀플 대충 참여하고 네프 기말, 다른 전공 기말에 몰빵한 사람들이 승리자가 된 학기였음 - 오프라인 수업 : 초반에 온라인으로 하다 오프라인으로 전환했는데, 학생 수가 많으니 모든 책상 꽉꽉 채워 앉는 식이었고, 당연히 코드 이런 거는 압도적으로 부족했음, 노트북 배터리 부족하면 수업하다 충전도 못함ㅋㅋ 그렇다고 학생들이 실시간으로 바로 바로 질문하는 등 오프라인 수업만의 장점이 잘 살았냐 하면 그것도 아님. 온라인 때와 마찬가지로 쭉~~ 수업하고 끝~ 남아서 질문할 사람들은 질문하세요 학생들 우루루 나가고 어차피 남아서 질문하고 실습 과제 끝낼 학생들은 오프 수업 나왔을텐데 지금 수업 방식이면 온/오프 혼합으로 되지 않나 생각 많이 들었음 - 성적 비중 : 지금 아캠 보니 실습 과제 6번 나왔는데 거기에 성적 비중이 20퍼가 맞나..? 팀플 15퍼가 의미가 없어지니 결국 시험 35퍼에 다 결정난 느낌이라 담에는 팀플 15퍼도 의미 있게 사용됐으면 - 시험 : 위에서 말한대로 모든 책상 꽉 채워서 다닥다닥 앉는 방식인데, 학생증이나 신분증 검사도 안 했고, 대부분 친한/아는 애들끼리 붙어서 앉았는데 이런 방식으로 시험 보는게 맞나 생각 많이 들었음 결론 : 이제는 학교 다니는 내내 실습은 최소 3개만 들으면 된다던데, 네트워크라는 내용의 특수성과 합쳐져 굳이 이 수업이 실습 과목들 중 우선순위가 높을까 그런 느낌",,,
2087333-044,https://everytime.kr/lecture/view/2087333,2087333,네트워크프로젝트,염익준,22년 1학기 수강자,4,네트워크 연구실 갈 거 아니면 쓸데없는거 위주로 배움 팀플 랜덤배정이라 주사위굴리기가 중요함 그래도 점수 비중 낮고 기본점수가 절반이나 되서 차이 별로 안남 시험 잘치고 과제 해라는거 다 하면 에이쁠 나옴 몰라서 못할 정도의 난이도는 아님 조교님들 완전 착하고 과제 모르는거 물어보면 다 알려주니까 질문 많이 하면 됨,,,
2087333-045,https://everytime.kr/lecture/view/2087333,2087333,네트워크프로젝트,염익준,22년 1학기 수강자,4,중간까지 리눅스 vim 도커 git 배우고 남은기간 ns3가지고 프로젝트하는 과목. 중간까지 매우 여유로웠다가 후반에 과제랑 팀플이랑 시험이 몰아치는 그런 과목. 평소에 수업 일찍 끝내주시는건 매우 좋았다. 근데 얻어가는건 딱히 없다.,,,
2087333-046,https://everytime.kr/lecture/view/2087333,2087333,네트워크프로젝트,염익준,22년 1학기 수강자,4,"NS-3 사용법이랑 Git 사용법, Docker 사용법, Vim 기초, NerdTree, Alias, CTags를 가르쳐 주십니다. 그리고 NS-3 사용법을 가르쳐주시면서 동시에 프로그래밍, 네트워크 관련해서도 가르쳐주십니다. 과제가 좀 많습니다. Homework 8번, Assignment 4번 나왔는데, 둘이 무슨 차이가 있는 건지는 잘 모르겠습니다. 근데 수업 시간에 알려주신 내용에서 주로 과제가 나와서 어느 정도는 할 수 있었습니다. 근데 갈수록 어려워져서 후반에 좀 많이 힘들었습니다. 퀴즈 한 번 봤고, Git 시험은 210점 만점에 평균 152점, NS-3 시험은 232점 만점에 평균 143점이었습니다(둘 다 같은 날에 봤습니다). 프로젝트 한 번 있는데, 자유 주제로 NS-3 기반 프로그램을 만들고 발표하는 프로젝트였습니다. 근데 채점 방식이 다른 팀의 발표를 듣고 해당 팀을 제외한 팀들이 채점을 해주는 방식이었는데, 중간에 채점 방식이 바뀌기도 하고 좀 복잡했습니다. 조교님들이 굉장히 친절하시고 수업도 상세히 알려주시고 네트워크 노베이스인데 이해가 잘 되도록 설명도 잘 해주셨습니다. 과제도 정말 도움이 많이 되긴 했는데, 근데 기말 시험 기간에 프로젝트, 과제, 퀴즈가 동시에 나왔을 때는 솔직히 좀 아찔하긴 했습니다. 그래도 굉장히 많은 것을 배울 수 있었던 강의였고, 무엇보다도 조교님들이 너무 친절하셨기 때문에 좋게 생각하고 있어서 5점 줄려다가 다시 생각해봐도 프로젝트 채점 방식은 이해가 가지 않아서 1점 깎았습니다.",,,
2087333-047,https://everytime.kr/lecture/view/2087333,2087333,네트워크프로젝트,염익준,22년 1학기 수강자,5,"마지막에 과제가 몰려서 힘들긴 했어도, 도커나 큰 프로젝트 뜯어보는 파악하는 과제는 도움 많이됨. 네트워크 열심히 들었으면 매우 편한수업",,,
2087333-048,https://everytime.kr/lecture/view/2087333,2087333,네트워크프로젝트,염익준,22년 1학기 수강자,2,조교님 원툴수업 팀플 점수 편차 줄인 건 희대의 레전드 ns-3 무쓸모 사람은 좋아 사람은..,,,
2087333-049,https://everytime.kr/lecture/view/2087333,2087333,네트워크프로젝트,염익준,22년 1학기 수강자,4,주로 ns-3로 시뮬레이션을 함.. 초반엔 엄청 널널했는데 후반에 갑자기 과제 3개가 일주일단위로 몰아서 나오고 6명 팀플+시험이 있어서 많이 바빴다ㅠ 팀플은 성적에 많이 안들어가서 팀플 잘하는 거 보다 시험 잘 보는 게 훨씬 이득이지만 팀플에 들어가는 시간이 줄어드는 건 아니었음.. 그래도 조교님들 진짜 친절하시고 깃이랑 도커 사용법 알려주셨던 건 엄청 도움됐음..!,,,
2087333-050,https://everytime.kr/lecture/view/2087333,2087333,네트워크프로젝트,염익준,22년 1학기 수강자,4,"한번의 시험 + 네번의 과제 + 가끔의 주차 과제 + 팀프로젝트 = ? 물론 굉장히 조교님들이 배려도 잘해주시고 수업 내용도 잘 가르쳐 주셨지만, NS-3를 통해 얻어가는 것은 많이 없었고, 기존 리눅스, git을 아는 사람이라면 초반에 꿀을 빨 수 있지만 배우는 건 많이 없는 과목 별개로 조교님들은 진짜 최고였습니다. 과제가 후반에 한창 기말+과제 쏟아지는 기간에 역대급 일주일 단위로 과제과제팀플로 쏟아져서 조금 힘들긴 했네요.",,,
2087333-051,https://everytime.kr/lecture/view/2087333,2087333,네트워크프로젝트,염익준,22년 1학기 수강자,5,"조교님들이 정말 잘 알려주십니다. 리눅스 사용 기초, 깃, 도커도 다뤄주시는데 이제 개발 막 시작하시는 분들에게는 도움 많이 될 것 같아요. 네트워크 프로젝트기 때문에 당연히 네트워크 전공지식은 알고있다고 가정하고 진행합니다. 팀플이 있기는 한데 알려주신거 적당히 활용해서 하면 할만 해요. 다만...마지막에 과제, 프로젝트, 시험이 몰리는건 좀 힘드네요....",,,
2087333-052,https://everytime.kr/lecture/view/2087333,2087333,네트워크프로젝트,염익준,22년 1학기 수강자,4,다 상관없는데 시험있어서 별로네요 ns-3로 시험은 좀 ㅎ,,,
2087333-053,https://everytime.kr/lecture/view/2087333,2087333,네트워크프로젝트,염익준,21년 1학기 수강자,5,조교님이 상세히 알려주신다. 수업을 열심히 들으면 할만한 수업.,,,
2087333-054,https://everytime.kr/lecture/view/2087333,2087333,네트워크프로젝트,염익준,21년 1학기 수강자,5,코로나 학기기준 후기 솔직히 과제가 어렵진않음 수업 열심히 들으면 100점맞을수 있다 팀플이 정성평가이다. 할만함 악명보다 훨 괜찮음,,,
2087333-055,https://everytime.kr/lecture/view/2087333,2087333,네트워크프로젝트,염익준,21년 1학기 수강자,4,NS3를 사용해서 합니다 과제 3개 플젝 1개 있었고 평균이 낮은것으로 보아 난이도 때문에 던지는 사람도 있고 변별력도 있는듯 합니다 마지막 텀플젝 같은 경우는 채점 기준이 뭔지 모르겠네요... 납득이 잘 가지 않는 채점 기준입니다. 그래도 학점은 잘주는듯 합니다!,,,
2087333-056,https://everytime.kr/lecture/view/2087333,2087333,네트워크프로젝트,염익준,21년 1학기 수강자,5,NS3라는 프로그램으로 학기 내내 수업함. 근데 이거 맥북에선 안 돌아감. C++로 되어 있고 조교님들이 친절하게 예시 코드들 알려주시기 때문에 설정이랑 컴파일 되게 만드는 거 빼곤 어려웠던 건 없는 듯. 마지막에 3명이 하는 팀프로젝트 하나 있고 비중은 그렇게 크지 않은 듯. 매주 웹엑스로 수업하시는데 거기에 안 들어가고 출결 영상 봐도 출석으로 인정해주심.,,,
2087333-057,https://everytime.kr/lecture/view/2087333,2087333,네트워크프로젝트,염익준,21년 1학기 수강자,5,"네트워크 프로젝트지만 네트워크 무언가를 만들기보다는 ns3 시뮬레이션만 다뤄서, 실제는 네트워크 이론 지식을 기반으로 한 c++ 프로그래밍 프로젝트에 더 가까웠다고 생각합니다. 나쁘다는건 절대 아니고요.",,,
2087333-058,https://everytime.kr/lecture/view/2087333,2087333,네트워크프로젝트,염익준,20년 1학기 수강자,5,"NS3 라는 Network Simulator를 배우는 수업입니다. 처음 배우실때는 어려우실 수 잇으실 것 같다만, ns3를 엄청 깊게 들어가는 것은 아니기때문에 3,4학년이면 충분히 할만하다고 생각합니다. 무엇보다 학점을 잘 주시기 때문에,,, 좋습니다ㅎㅎ",,,
2087333-059,https://everytime.kr/lecture/view/2087333,2087333,네트워크프로젝트,염익준,20년 1학기 수강자,4,어려운 난이도지만 조교님들이 많이 도와주시려하고 그걸 못 알아듣는 제 모습이 역겨운 과목입니다. 진짜 학점도 잘 주셔서 내가 이런걸 받아도 되나 라는 생각만 드네요. 학점은 잘 남지만 자괴감을 얻을수 있는 과목입니다. 4점은 난이도 때문입니다.,,,
2377031-001,https://everytime.kr/lecture/view/2377031,2377031,인공지능프로젝트,박호건,25년 2학기 수강자,5,조교님들 공격적으로 피드백한다고 다들 그러던데 교수님모시고 하는 최종 발표전에 문제점 지적해 주는거라고 받아들이고 그런 포인트만 잡아내서 프로젝트 개선하는데 쓰세요. 아 물론 프로젝트 점수은 두루두루 잘 주는 거 같아서 성적은 주차과제 한번 깜빡하거나 하면 바로 나가리입니다,,,
2377031-002,https://everytime.kr/lecture/view/2377031,2377031,인공지능프로젝트,박호건,25년 2학기 수강자,5,"교수님 너무 나이스 하셔요. 실습 수업에 교수님이 이렇게까지 관심가져주시는 수업은 처음! 조교님들께서도 너무 친절하시고 피드백도 잘 해주시고 다들 너무 귀여우세요! 수업 내용 자체는 인지개 혹은 심신개와 같은 수업으로 기초 개념을 쌓고 투입되면 본인한테 더 좋을 것 입니다. 팀플은 꽤 많은데, 소프트 친구들 모두 착하니까~~ 걱정 없이 잘 들었네요 ㅋㅎ",,,
2377031-003,https://everytime.kr/lecture/view/2377031,2377031,인공지능프로젝트,박호건,25년 2학기 수강자,5,과제는 어려웠지만 대부분 완성만 잘하면 만점을 주십니다 팀플 하나로 성적이 갈리는 것 같습니다 생각보다 잘하시는 분들도 많고 힘든 수업이었네요 학점은 잘 주십니다,,,
2377031-004,https://everytime.kr/lecture/view/2377031,2377031,인공지능프로젝트,박호건,25년 2학기 수강자,5,"CNN, RNN, GNN 등 이론적으로만 배웠던 실습들을 scratch부터 코드로 실습할 수 있어서 좋았습니다. 또 발표할 때 조교님들께서 꼼꼼하게 피드백 해주셔서 개인적으로 여기서 얻어가는 게 많았던 것 같습니다. 수업에 부담이 없는 편입니다. 교수님께서도 주차 과제에 부담가질 필요 없다고 말씀하셨고요. 1주 수업 / 1주 간단한 발표 순으로 돌아갑니다. 마지막에 팀프로젝트 하나 있는데, 중간 발표 1 중간 발표 2 때 하라는 거 다 하면서 조교님들 피드백 반영하며 잘 따라가면 파이널 발표에서도 크게 부담되지는 않더라고요. 오히려 중간 발표 덕에 더 미리미리 하게되는 것 같습니다. 시험도 없고, 한 번의 결석 찬스도 주셔서 출결에 큰 부담 없습니다. 실습과목 중에서는 인공지능에 관심있는 사람이 큰 부담 없이 배운거 검토하고 적용해볼 수 있는 과목인 것 같습니다.",,,
2377031-005,https://everytime.kr/lecture/view/2377031,2377031,인공지능프로젝트,박호건,25년 2학기 수강자,5,기말 프로젝트 하나가 점수 대부분 차지하는것 같습니다.,,,
2377031-006,https://everytime.kr/lecture/view/2377031,2377031,인공지능프로젝트,박호건,25년 2학기 수강자,4,재밌긴 해요 근데 마지막 가끔 질문을 하시는 조교분들이 있는데 너무 깐깐하신 분들 많은거 같아요 학부생 레벨에서는 좀 귀찮은거 같습니다 !,,,
2377031-007,https://everytime.kr/lecture/view/2377031,2377031,인공지능프로젝트,박호건,25년 1학기 수강자,5,기말프로젝트 하나로 성적이 나뉘는 것 같아요. 주차과제는 쉽습니다,,,
2377031-008,https://everytime.kr/lecture/view/2377031,2377031,인공지능프로젝트,박호건,25년 1학기 수강자,5,"주차실습 + 4주 프로젝트로 진행됩니다. 주차실습은 대부분 조별과제로 이뤄지고 프로젝트도 당연히 조별과제입니다. 프로젝트의 경우 매우 진행 상황은 발표해야 해서 강제로 하게 되는 구조입니다. 진행 상황 발표의 경우 조교님만 보고 딱히 채점하는 것도 아니라 부담스럽진 않습니다. 최종발표때는 교수님만 참석하셔서 평가하는데 아마 최종발표만을 기준으로 채점하시는 것 같습니다. 실습은 대부분 만점이라 사실상 프로젝트로 학점이 결정나는 것 같은데, 열심히 했다는 느낌이 있고, 그럴듯한 결론을 내서 완성도 있게만 만들면 높은 점수 주시는 것 같습니다. 특히, 이번학기는 미리 전체 학생한테 주제제안서를 받아 괜찮은 주제 6-7개를 조교님이 골라서 미리 공지해주셔서 주제에 대한 novelty 점수는 크지 않았던 것 같습니다. 학점은 다른 사람들 결과를 몰라서 잘 모르겠으나, A+ 기준으로 박하게 주시지는 않는것 같습니다. 마지막으로 고학년까지 되어서도 조별과제 잠수타는 나잇값 못하는 분들은 제발 안듣기를 권장드립니다.",,,
2377031-009,https://everytime.kr/lecture/view/2377031,2377031,인공지능프로젝트,박호건,25년 1학기 수강자,5,"수업 자체는 무난초하지만 이 수업의 진짜 정체는 마지막 4주에 나옴.. 시험 없이 주차 과제 + final 프로젝트로 배점하는데 주차 과제는 출석만 한다면 만점일 정도로 쉽고 파이널 프로젝트에서 학점이 갈림. 시험이 없다는 게 엄청난 장점. 다만 파이널 과제가 학생들이 아이디어 구상부터 구현까지 도맡아서 하는, 정해진 형식이 없는데다 팀플이다 보니까 스트레스를 꽤 받을 수 있음. 그래도 열심히 한다면 결국에는 피어 리뷰로 보상받을 수 있음. 4인 팀인데 2명이서 팀플을 끝냈지만 결국 A+을 받았기에 만족. (그래도 너무 스트레스였음) 교수님은 되게 나이스하시고 학생 입장에서 많이 생각해주심. 보통 실습과 달리 교수님이 수업에 관여를 많이 하심. 능력자 학우 분들이 많아도 끝까지 열심히 하면 학점으로 보답 받음.",,,
2377031-010,https://everytime.kr/lecture/view/2377031,2377031,인공지능프로젝트,박호건,25년 1학기 수강자,2,수업 괜찮은데 팀프로젝트 팀원들만 생각하면 화가 치밀어올라요,,,
2377031-011,https://everytime.kr/lecture/view/2377031,2377031,인공지능프로젝트,박호건,25년 1학기 수강자,5,"팀프로젝트라 팀원을 많이 탄다. 어쩔 수 없는 구조. 버스를 타거나, 본인이 운전해야하는 구조",,,
2377031-012,https://everytime.kr/lecture/view/2377031,2377031,인공지능프로젝트,박호건,24년 2학기 수강자,5,"따로 나가는 과제 없이 매주 수업시간에 조교님들과 함께하는 주차과제만 이루어집니다. 큰 부담 없이 할 수 있어 좋습니다. 장기간 팀 프로젝트로 성적이 갈린다고 봐야 하니, ai 프로젝트에 관심있는 분들이 수강하면 좋겠네요. 결과가 좋지 않더라도 여러 trial과 insight를 높게 봐주시기 때문에, 프로젝트를 열심히 진행했다는 것만 보인다면 성적은 챙길 수 있습니다.",,,
2377031-013,https://everytime.kr/lecture/view/2377031,2377031,인공지능프로젝트,박호건,24년 1학기 수강자,5,과제는 친절하게 설명이 잘되어있어서 무난했고 팀원을 잘 만나야 학점을 잘 받을 수 있는 것 같습니다,,,
2377031-014,https://everytime.kr/lecture/view/2377031,2377031,인공지능프로젝트,박호건,24년 1학기 수강자,5,"무난한 과목, 기말 플젝은 어지간하면 점수 괜찮게 나오는 듯 하고 수업시간에 주차과제 꼼꼼히 하시고 전자출결 잘 찍으면 끝남",,,
2377031-015,https://everytime.kr/lecture/view/2377031,2377031,인공지능프로젝트,박호건,24년 1학기 수강자,5,"주차 과제에 대한 부담이 적어요 기말 프로젝트로 성적 갈리는거 같은데, 팀원을 잘 만나는게 중요한거 같습니다 시험은 없어서 좋아요",,,
2377031-016,https://everytime.kr/lecture/view/2377031,2377031,인공지능프로젝트,박호건,24년 1학기 수강자,3,노벨티에 대한 부담이 적어서 좋았습니다. 매주 실습 과제 있지만 수업시간에 조교님 따라하면 금방 끝낼 수 있었습니다. 그저 무난한 실습 과목.,,,
2377031-017,https://everytime.kr/lecture/view/2377031,2377031,인공지능프로젝트,박호건,23년 2학기 수강자,5,팀원들과 재밋게 마무리햇습니다 조아용!! 시험없고 강추,,,
2377031-018,https://everytime.kr/lecture/view/2377031,2377031,인공지능프로젝트,박호건,23년 2학기 수강자,5,예전보다 노벨티도 많이 줄었고 그냥저냥 학점 따기에도 나쁘지 않습니다.,,,
2377031-019,https://everytime.kr/lecture/view/2377031,2377031,인공지능프로젝트,박호건,23년 2학기 수강자,5,다른 팀원분들 덕분에 잘 수강할 수 있었습니다 팀원분들 정말 감사했습니다ㅜ,,,
2377031-020,https://everytime.kr/lecture/view/2377031,2377031,인공지능프로젝트,박호건,23년 1학기 수강자,5,"노벨티가 상당히 많이 요구됐지만, 충족만 하면 학점은 잘 주셨습니다",,,
2377031-021,https://everytime.kr/lecture/view/2377031,2377031,인공지능프로젝트,박호건,23년 1학기 수강자,4,알기 어려운 평가방식 체계적이지 않은 수업 운영 이해되지 않는 강의 내용 조교님과 교수님은 정말 좋으신 분들이었는데 수업 자체는 쉽지 않았네요.. 노베이스는 듣지 않는걸 추천합니다,,,
2377031-022,https://everytime.kr/lecture/view/2377031,2377031,인공지능프로젝트,박호건,23년 1학기 수강자,3,2학점에 비해 투자해야하는 시간도 노력도 많은..,,,
2377031-023,https://everytime.kr/lecture/view/2377031,2377031,인공지능프로젝트,박호건,23년 1학기 수강자,3,팀플이 너무 힘들었습니다ㅠㅠ 사실 좋은 팀원들을 만나서 혼자 팀플하는 불상사는 일어나지 않았지만 novelty를 너무 강조하시는 것 같아요. 중간고사까지의 이론수업은 정말 ppt를 읽으시는 정도입니다. 배워갈게 많은 수업인지는 모르겠어요,,,
2377031-024,https://everytime.kr/lecture/view/2377031,2377031,인공지능프로젝트,박호건,23년 1학기 수강자,5,우마이. 그냥 주차 과제도 조교님이 다 알랴주시고 파이널도 주제 하나 잡고 평가 항목만 맞추먄 에이쁠 주심 대단한걸 안해도 됨,,,
2377031-025,https://everytime.kr/lecture/view/2377031,2377031,인공지능프로젝트,박호건,23년 1학기 수강자,1,"일단 강의평을 시작하기 전에 본인은 인공지능개론을 들은 상태이고 인공지능 관련 랩을 다니는 중임을 밝힌다. 1. 빡센 파이널 프로젝트 매주 팀별 발표를 시킨다. 매주 발표하는게 뭐 어때서? 할 수 있는데 발표하기 전에 준비해야 하는 것도 많고 실험이나 이것저것 돌릴 것도 너무 많다. 2. 그래도 이 수업 들으면서 얻어가는 게 있지 않을까? 프로젝트에 강제성을 부여한다는 점에서 수업의 가치가 있다는 것엔 동의. 하지만 이 수업 말고도 인공지능 프로젝트를 할 수 있는 다른 선택지들이 많다. 다만 강제성이 없을 뿐. 잘하면 상금도 주는데 이 수업 말고 다른 선택지를 택하는 게 아쉬울 게 무엇이 있는가. 그래도 인공지능 학습 기법같은 거 배울 수 있지 않냐 하는데, 솔직히 이론은 인지개나 기학원에서 다 나오는 것들이고 데이터 전처리 부분은 유튜브에 훌륭한 강의들이 널렸다. 이 수업의 의의는 강제성 뿐이다. 3. 그럼에도 이 수업을 들어야 한다면 참신한 아이디어 아니면 웬만하면 빅 모델 같은거나 생성 모델 돌릴건데, 이게 여간 쉬운 게 아니다. 본인이 개인 gpu 서버를 가지고 있지 않는 이상 빅 모델이나 생성 모델 학습할 생각 꿈도 꾸지 말 것. 차라리 dall-e같은 오픈 ai 쓰는 게 나을수도.",,,
2377031-026,https://everytime.kr/lecture/view/2377031,2377031,인공지능프로젝트,박호건,23년 1학기 수강자,1,인공지능 노베아님 데베프들을걸........,,,
2377031-027,https://everytime.kr/lecture/view/2377031,2377031,인공지능프로젝트,박호건,23년 1학기 수강자,5,"밑에 적힌 모든 악평들은 인공지능 노베에 가까운 사람들이 느낀 평이라고 생각하면 됨. 인지개, 기학원, 심신개를 착실히 듣고 온 사람이라면 별 어려움없이 할 수 있음. 사실 어렵다기 보단 개꿀에 가까움. 최종 플젝도 평가 기준을 모르겠다, novelty를 너무 과하게 요구한다면서 까는 의견이 꽤 있는거 같은데 개인적으로 좀 엄살이 심하다고 봄. 한줄 요약 : 선수 과목들을 다 들은 학생들에겐 아무런 문제가 없고, 오히려 개꿀인 과목. 최종 프로젝트 꿀팁 : 생성쪽은 건들지마라",,,
2377031-028,https://everytime.kr/lecture/view/2377031,2377031,인공지능프로젝트,박호건,23년 1학기 수강자,5,교수님이 너무 친절해요 근데 내용이 너무 어려워서 팀플 꼭 잘하는 분들같이 해야되요..,,,
2377031-029,https://everytime.kr/lecture/view/2377031,2377031,인공지능프로젝트,박호건,22년 2학기 수강자,2,제발 인공지능 과목 다 듣고 들으세요.. 노베로 가면 힘듦,,,
2377031-030,https://everytime.kr/lecture/view/2377031,2377031,인공지능프로젝트,박호건,22년 2학기 수강자,1,별로야… 수업에서 얻어가는것도 없고 최종 플젝도 무슨 기준으로 시상하는지 모르겠음,,,
2377031-031,https://everytime.kr/lecture/view/2377031,2377031,인공지능프로젝트,박호건,22년 2학기 수강자,5,"교수님 조교님 너무너무 좋으십니다! 저는 인공지능 관심도 없고 흥미도 없어서 수업 초반이 정말 힘들었는데 끝까지 남아서 조교님들께 질문하면 정말 친절하게 답변해주시고 알려주십니다 너무 겁먹지 마세요! 다만 팀플 관련해서는 저는 독강이어서 팀을 따로 꾸려야했고, 인공지능 쪽을 잘 모르다보니 어려움이 조금 있었습니다. 그래도 많이 배우는 수업이었고, 과제 감점도 많고 프로젝트 수준도 높지않았는데 학점 나쁘지않게 받았습니다!",,,
2377031-032,https://everytime.kr/lecture/view/2377031,2377031,인공지능프로젝트,박호건,22년 2학기 수강자,3,8학점쯤 되는듯 강의 내용에 비해 수강생들 수준이 높아서 팀플도 힘들고 그냥 다른 실습 들을걸 하고 후회함,,,
2377031-033,https://everytime.kr/lecture/view/2377031,2377031,인공지능프로젝트,박호건,22년 2학기 수강자,3,인공지능에 관심있고 인공지능 프로젝트를 해보고 싶은 게 있다면 추천할만한데... 인공지능 잘 모르고 수강신청 망해서 신청한 사람 입장에서는 너무 힘들었음 프로젝트 주제도 novelty를 제일 강조하셔서 주제 고민이 어려웠음 중간고사 이후에는 매주 프로젝트 진행상황 발표만 있고 수업이랑 과제도 없긴 함... 그래도 힘듬 인공지능 잘 모르면 도망쳐야함ㅠ,,,
2377031-034,https://everytime.kr/lecture/view/2377031,2377031,인공지능프로젝트,박호건,22년 2학기 수강자,2,과제가 은근 감점이 많이 당함 이정도면 되겠지 하고 내지말고 보고 또보고 해서 감점 줄여야됨 최종 프로젝트는 할많하않,,,
2377031-035,https://everytime.kr/lecture/view/2377031,2377031,인공지능프로젝트,박호건,22년 2학기 수강자,4,"중간, 과제 최상위권 유지했지만 팀원 잘못만나 팀플 망한탓에 성적이 고꾸라짐.. 팀원 운이 무엇보다 중요한 것 같다.... 조교님과 교수님 너무너무 친절하시다",,,
2377031-036,https://everytime.kr/lecture/view/2377031,2377031,인공지능프로젝트,박호건,22년 2학기 수강자,3,중간고사 끝나고 정말 폭풍같은 시간들을 보내게됩니다… 매주 발표가 있고 조교들이 피드백을 줍니다 근데 처음에 주제 선정 시 우린 학부생인데 너무 심하게 novelty를 강요한다는 느낌을 받았습니다. 그 정도 novelty를 원하신다면 아예 프로젝트를 학기 초부터 시작했으면 모를까.. 짧은 시간안에 주제를 선정하고 프로젝트를 수행해 최종발표를 하기까지는 힘들었던 것 같아요 그리고 팀플 본인이 팀 짤 순 있는데 그래도 진짜 개같음 ㅋㅋ,,,
2377031-037,https://everytime.kr/lecture/view/2377031,2377031,인공지능프로젝트,박호건,22년 1학기 수강자,3,상당히 신경을 많이써야만하는 과목이었음..,,,
2377031-038,https://everytime.kr/lecture/view/2377031,2377031,인공지능프로젝트,박호건,22년 2학기 수강자,2,고인물이 너무 많다 중간 이후에는 팀플 진행하는데 매주 모든 팀이 발표해야하는게 스트레스임,,,
2377031-039,https://everytime.kr/lecture/view/2377031,2377031,인공지능프로젝트,박호건,22년 2학기 수강자,5,처음 접해서 그런지 너무 어렵네요… 실습은 일찍 끝나는 편이고 베이스 있으시면 듣는거 추천…,,,
2377031-040,https://everytime.kr/lecture/view/2377031,2377031,인공지능프로젝트,박호건,22년 1학기 수강자,4,인공지능을 원래 잘 다루는 사람들에 한해서는 개꿀 과목. 그치만 본인이 인공지능을 이 과목으로 처음 배우려 한다? 절대 들으면 안되는 과목.,,,
2377031-041,https://everytime.kr/lecture/view/2377031,2377031,인공지능프로젝트,박호건,22년 1학기 수강자,1,개별로임 시험 부정행위 막을 수 없는 방향으로 치고 과제도 ㅋㅋ 실습도 ㅋㅋ 그냥 자 이런 거 할 거니까 해봐! 식임 듣지마,,,
2377031-042,https://everytime.kr/lecture/view/2377031,2377031,인공지능프로젝트,박호건,22년 1학기 수강자,5,주차과제를 제외한 개인과제는 따로 없었음. 주차과제는 매우 쉬운데 이것도 중간고사 이후기간에는 매주 팀플 진행상황 발표라 후반엔 없었음. 중간고사는 타과목처럼 8주차에 보는 것이 아니라 10주차에 따로 봐서 타과목이랑 공부 기간이 안겹쳐서 좋았음. 시험문제는 보통 개념을 묻는편. 팀플이나 주차과제는 다들 하는 것이기 때문에 점수에서 큰 차이는 없을 것 같고 시험에서 학점이 좀 갈리는듯?,,,
2377031-043,https://everytime.kr/lecture/view/2377031,2377031,인공지능프로젝트,박호건,22년 1학기 수강자,5,실습이나 발표는 다들 잘해낼거고 잘하셔서 중간고사 잘 보는게 정말 중요합니다. 이론을 잘 보셔야해요!,,,
2377031-044,https://everytime.kr/lecture/view/2377031,2377031,인공지능프로젝트,박호건,22년 2학기 수강자,5,"프로젝트 수업인만큼 실습+팀플이 주를 이룹니다 실습은 인공지능 기초적인 내용들이라 처음 하는 분들도 쉽게 따라갈 수 있게 구성되어 있습니다 시험은 기본적인 내용, 코드들만 잘 이해하고 있으면 풀 수 있도록 출제되어 기초에 충실히 배운 거 복습하면 됩니다 팀플은 기존에 인공지능을 어느 정도 학습해본 친구들이나, 열심히 하는 친구들이랑 같이 모아서 하면 좋은 결과를 낼 수 있을 것 같습니다. 기말 시험은 없지만 중후반에 매주 팀플 과제가 있기에 자주 모여서 토의하고 실험해야 하므로 팀을 미리 구성하던지 팀운이 좋아야할 듯 합니다.",,,
2377031-045,https://everytime.kr/lecture/view/2377031,2377031,인공지능프로젝트,박호건,22년 1학기 수강자,4,한번 미끄러지면 에이쁠 날아감 시험은 중간고사 한번 보는데 별로 안중요하고 팀 프로젝트가 젤 크니가 잘하는 사람과 같이하는게 좋음,,,
2377031-046,https://everytime.kr/lecture/view/2377031,2377031,인공지능프로젝트,박호건,22년 1학기 수강자,2,"중간고사 이론 위주로 공부하세요, 코드 별로 안 나옴, 그리고 프로젝트는 혼자 한다는 각오로 듣는 것이 좋습니다",,,
2377031-047,https://everytime.kr/lecture/view/2377031,2377031,인공지능프로젝트,박호건,22년 1학기 수강자,4,중간고사에서 변별력이 큽니다. 팀플은 변별을 엄청 주는것 같진 않아요,,,
2377031-048,https://everytime.kr/lecture/view/2377031,2377031,인공지능프로젝트,박호건,22년 1학기 수강자,3,"팀플하는게 어려울 수 있으나, 시험도 팀플 점수도 평균보다 낮은데 B+을 주심",,,
2377031-049,https://everytime.kr/lecture/view/2377031,2377031,인공지능프로젝트,박호건,22년 1학기 수강자,2,프로젝트 주제선정을 어려운 것을 잡아서 결국에 해내는 모습을 보여줘야 좋은 점수를 얻을 듯. 팀에 인공지능 고인물이 없으면 학점 받기 어려움,,,
2377031-050,https://everytime.kr/lecture/view/2377031,2377031,인공지능프로젝트,박호건,22년 1학기 수강자,1,"인공지능 모르면 듣지말고 알아도 기도하면서 들어요. 55퍼를 차지하는 팀플은 어떤 기준으로 채점됐는지 모르자만 그냥 딱 보면 '프로젝트가 얼마나 복잡하고 어려웠는가 + 완성도' 인거같네요 아무리 잘한다고해도 인공지능 랩 다니는 사람, 여러 대회 나가본 사람들 못이겨요. 고인물들 학점파티에 짓밟히는 카펫되기 싫으면 다른 플젝 들읍시다.",,,
2377031-051,https://everytime.kr/lecture/view/2377031,2377031,인공지능프로젝트,박호건,22년 1학기 수강자,3,"강의력 : 교수님께서 준비 없이 즉석에서 강의하시는 느낌이 납니다. 강의는 처음 몇개 듣고 하나도 안 들었습니다. 실습 : 너무 쉽습니다. 분야가 분야인지라 고인물들이 학살할 것 같습니다. 저도 고인물ㅎㅎ 시험 : 시험 내용은 정말 좋았습니다. 약간 공부한다는 생각으로 풀었는데 생각보다 헷갈리는 부분들이 있더라구요. 27점 만점에 평균이 16점 언저리였으니 변별이 잘 되는 시험으로 잘 내주신 것 같습니다. 팀플 : 이게 문제인데, 교수님 첫 수업이라 별다른 정보가 없어 아마 이 참에 인공지능 찍먹해봐야겠다 하고 들으신 분들이 많으실 것 같습니다. 인공지능에 대한 배경지식이 없으면 아마 엄청 고생하실 겁니다. 본인과 팀원 모두. 그리고 인공지능프로젝트라는 과목이름과 무색하게 팀플을 3주동안 진행해야합니다. 강의는 인공지능개론 수준인데 교수님께서 올려주시는 팀플 예시들은 해외 유명 대학 학생들이 한학기 동안 진행한 주제들... 그리고 매주 교수님께서 팀 프로젝트에 요구하시는 사항이 많아서 그 부분만을 위한 팀프로젝트가 되어버립니다. 진행이 매우 타이트하고, 팀에 인공지능 고인물이 없으면 필망합니다. 교수님은 되게 좋으십니다. 학생들 생각 많이 해주시고, 매번 친절한 공지, 물어보면 잘 알려주심 등등 근데 첫수업이라 이런 방식으로 진행하면 그림이 조금 이상할 거란 생각은 못하신 것 같습니다. 아예 팀프로젝트를 없애고 인공지능실습이란 과목으로 바꿔서 실습만 하던가, 아니면 실습을 없애고 인공지능프로젝트라는 일반과목으로 만들어야할 것 같습니다. 실습 수업인데 결국 실습 수업에서 한 번도 모든 코드를 작성해본적이 없고, 프로젝트인데 시간에 쫓기면서 요구사항에 맞게 실험을 해야해서 자유프로젝트 느낌이 아니라 내가 문제를 내고 내가 문제를 푸는 느낌입니다.",,,
2377031-052,https://everytime.kr/lecture/view/2377031,2377031,인공지능프로젝트,박호건,22년 1학기 수강자,5,거의 팀플이 전부다. 재밌고 배우는게 많은 수업. 하지만 수업에서 배운내용으로만 프로젝트를 하기엔 빡셀수 있어서 스트레스를 받을 수도 있음. 하지만 교수님과 조교님이 배려를 많이 해주심.,,,
2377031-053,https://everytime.kr/lecture/view/2377031,2377031,인공지능프로젝트,박호건,22년 1학기 수강자,5,배우는게 많다. 팀플만 잘하면 성적은 잘 나오는거 같습니다. 교수님이 친절하시고 학생들 프로젝트에 관심을 가지시는 것 같습니다.,,,
2377031-054,https://everytime.kr/lecture/view/2377031,2377031,인공지능프로젝트,박호건,22년 1학기 수강자,4,"중간 시험, 기말 팀플 중간 전까지는 걍 무난 중간 이후 팀플 수업. 매주 진행도를 보여 주어야 됨. (교수님이 제시한 기준을 만족하면서) 다행히 팀짜는건 가능, 꼭!!! 제발 친구들이랑 들으세요",,,
2377031-055,https://everytime.kr/lecture/view/2377031,2377031,인공지능프로젝트,박호건,22년 1학기 수강자,3,실습은 좋았는데 퀴즈는 잘 모르겠습니다. 성적을 받아봐야알 것 같습니다,,,
2377031-056,https://everytime.kr/lecture/view/2377031,2377031,인공지능프로젝트,박호건,22년 1학기 수강자,4,나름 재밌는 수업이였음. 팀프로젝트이자 텀 프로젝트가 자유주제여서 좀 하는 사람이 들어야할듯해요,,,
2377031-057,https://everytime.kr/lecture/view/2377031,2377031,인공지능프로젝트,박호건,22년 1학기 수강자,3,"학점 받아봐야 알겠지만, 나쁘지 않은듯. 중간고사 이후부터는 팀 프로젝트 수업. 팀플이 많다",,,
2087320-001,https://everytime.kr/lecture/view/2087320,2087320,모바일앱프로그래밍실습,염익준,26년 1학기 수강자,5,"주차 과제는 부담될 게 없고, 시험은 교안에서 배운 것 위주로 나와서 크게 어렵진 않았습니다.",,,
2087320-002,https://everytime.kr/lecture/view/2087320,2087320,모바일앱프로그래밍실습,염익준,26년 1학기 수강자,3,공부는 혼자해야되고 실습 위주입니다. 중간만 보고 안드로이드 관심있으시면 들으세요,,,
2087320-003,https://everytime.kr/lecture/view/2087320,2087320,모바일앱프로그래밍실습,염익준,26년 1학기 수강자,2,혼자 공부해야 합니다. 하루 수업에 내용이 너무 많아서 사실 배우는 느낌이 없고 그냥 개념 나열 느낌입니다. 시험은 막 지엽적을 나오진 않았어요. 중간만 칩니다. 조교님 2분에서 진행하시는데 친절해요,,,
2087320-004,https://everytime.kr/lecture/view/2087320,2087320,모바일앱프로그래밍실습,염익준,26년 1학기 수강자,5,실습 위주라서 좋아요. 코틀린 배울 수 있습니다,,,
2087320-005,https://everytime.kr/lecture/view/2087320,2087320,모바일앱프로그래밍실습,염익준,26년 1학기 수강자,5,아직가지는 무난한듯. 일단 완전 독학이니 알아서들 해야합니다.,,,
2087320-006,https://everytime.kr/lecture/view/2087320,2087320,모바일앱프로그래밍실습,염익준,25년 1학기 수강자,5,조교님이 수업 잘 해주시고 과제에서도 바이브코딩 적극 권장하셔서 편하게 수강했습니다,,,
2087320-007,https://everytime.kr/lecture/view/2087320,2087320,모바일앱프로그래밍실습,염익준,26년 1학기 수강자,3,수업때 설명 오래 걸립니다. 그런데 코딩 하는 부분 잼있습니다,,,
2087320-008,https://everytime.kr/lecture/view/2087320,2087320,모바일앱프로그래밍실습,염익준,25년 1학기 수강자,5,친절하고 좋아용 뭐 아는거 없어도 잘 따라가면 수강가능해요,,,
2087320-009,https://everytime.kr/lecture/view/2087320,2087320,모바일앱프로그래밍실습,염익준,25년 1학기 수강자,5,조교분들 매우 친절하심. 매주 주차과제 있지만 gpt활용하면 괜찮음. 중간 퀴즈있고 과제 하나 기말 플젝있는데 퀴즈는 생각보다 어려움. 과제는 무난하고 기말 플젝은 추가로 구현해야 하는게 있어서 시간이 많이 필요함. 과제랑 플젝을 성적반영할때 비중을 좀더 높였으면 좋겠음.,,,
2087320-010,https://everytime.kr/lecture/view/2087320,2087320,모바일앱프로그래밍실습,염익준,25년 1학기 수강자,5,조교님들이 친철하시고 하는 내용이 조금 빡세서 gpt활용 잘하시면 괜찮을거같습니다.,,,
2087320-011,https://everytime.kr/lecture/view/2087320,2087320,모바일앱프로그래밍실습,염익준,25년 1학기 수강자,5,조교님들 친절하게 잘 알려주세요. 꽤나 유익했습니다 추후 팀프로젝트에 잘 써먹었어요.,,,
2087320-012,https://everytime.kr/lecture/view/2087320,2087320,모바일앱프로그래밍실습,염익준,25년 1학기 수강자,5,중간 퀴즈 1번 과제 2개 이걸로만 평가하는데 나름 재밌고 얻어갈 게 많았던 과목인 것 같음. 성적도 잘 주는 편,,,
2087320-013,https://everytime.kr/lecture/view/2087320,2087320,모바일앱프로그래밍실습,염익준,25년 1학기 수강자,4,조교님들 너무 좋으시고 할 것도 많지 않은 편입니다. 다만 코딩 경험 많으신 분들이 하기를 추천합니다. 저는 좀 힘들었어요...,,,
2087320-014,https://everytime.kr/lecture/view/2087320,2087320,모바일앱프로그래밍실습,염익준,25년 1학기 수강자,5,조교님깨서 설명도 잘해주시고 주차과제도 그렇게 부담스럽지 않다. 중간고사 한번과 과제 두개가 있다. Gpt를 사용해도 되기 때문에 미리미리 한다면 쉽게 끝낼 수 있다. 모바일 앱을 직접 만들어봐서 되게 흥미로웠던 수업.,,,
2087320-015,https://everytime.kr/lecture/view/2087320,2087320,모바일앱프로그래밍실습,염익준,25년 1학기 수강자,5,"수업 후반부부터 엄청 편해짐. 코틀린 & 안드로이드 스튜디오로 진행. 앱개발 말고도 여러모로 배워갈 것 많음. 중간 퀴즈, 과제1, 과제2 & final project(사실상 둘이서 하나), 매주 하는 weekly assignment(출석 역할)로 점수 매겨짐. 과제2 & final project에서 추가로 구현하는 부분은 오히려 조교님께서 LLM사용 권장하셨는데, ai쓰면서 이것저것 과제로 만들어보니까 재밌었음.",,,
2087320-016,https://everytime.kr/lecture/view/2087320,2087320,모바일앱프로그래밍실습,염익준,25년 1학기 수강자,5,조교님들이 엄청 친절하세 해주시고 얻어가는 것도 많은 수업이었다. 앱을 만들어보는게 재밌었다,,,
2087320-017,https://everytime.kr/lecture/view/2087320,2087320,모바일앱프로그래밍실습,염익준,24년 2학기 수강자,5,얻어갈 게 많은 수업이다. 과제가 시험기간이랑 겹쳐서 시간이 좀 부족했다.,,,
2087320-018,https://everytime.kr/lecture/view/2087320,2087320,모바일앱프로그래밍실습,염익준,23년 1학기 수강자,5,"조교님들이 질문 열심히 받아주시고, 과제도 학기 중 총 3개 나쁘지 않은 수업이었습니다. 시험은 1번 있어요",,,
2087320-019,https://everytime.kr/lecture/view/2087320,2087320,모바일앱프로그래밍실습,염익준,23년 1학기 수강자,1,조교 수업 대충하고 빈정거림 별로였음 학점도 짜고,,,
2087320-020,https://everytime.kr/lecture/view/2087320,2087320,모바일앱프로그래밍실습,염익준,23년 1학기 수강자,5,조교님들이 잘 가르쳐주십니다. 한국어 수업이라 이해하기 쉬웠고 모르면 다시 알려주시고 해서 좋았어 중간때 퀴즈 한번 보는데 중간이라고 생각하고 공부하면 될 것 같아요. 출석은 주차과제 확인하면서 출석체크까지 합니다 그리고 파이널 프로젝트 하나 진행하는데 만들고 싶은 앱 만들면 됩니다.,,,
2087320-021,https://everytime.kr/lecture/view/2087320,2087320,모바일앱프로그래밍실습,염익준,23년 1학기 수강자,5,조교님 강의력이 goat 친절하시고 실력좋으신 분들입니다 어플개발에 관심있으시면 꼭 들으세요 정말 유익합니다,,,
2087320-022,https://everytime.kr/lecture/view/2087320,2087320,모바일앱프로그래밍실습,염익준,23년 1학기 수강자,5,"이번 학기부터 코틀린으로 수업을 진행했는데, 이외에도 최신 기술 동향을 반영하려는 모습이 많아서 좋았습니다.",,,
2087320-023,https://everytime.kr/lecture/view/2087320,2087320,모바일앱프로그래밍실습,염익준,23년 1학기 수강자,5,"한국어 강의에 조교님들이 하나하나 친절히 알려주셔서 코틀린이나 자바 노베이스도 따라가기 쉽습니다. 과제 2번에 플젝 1개, 퀴즈 1번 있는데, 과제는 배운거 활용 + 시간만 어느정도 쏟아붓는다면 할만한 내용입니다. 플젝은 시간이 조금 많이 투자되지만 직접 어플을 만들어보는거라 앱 개발쪽에 흥미가 있으시다면 충분히 재밌는 강의입니다. 학점도 채워주시는듯..?",,,
2087320-024,https://everytime.kr/lecture/view/2087320,2087320,모바일앱프로그래밍실습,염익준,23년 1학기 수강자,4,조교님 강의가 거의 입 벌리고 떠먹여 주는 수준입니다. 그정도로 정말 친절하게 강의하시고 솔직히 수업 안듣고 위클리 과제만 해도 따라갈 수 있는데 수업 듣는게 이해가 더 잘 됩니다. 과제랑 파이널 프로젝트가 좀 빡시긴 한데 사실 파이널은 본인 하기 나름이라..,,,
2087320-025,https://everytime.kr/lecture/view/2087320,2087320,모바일앱프로그래밍실습,염익준,23년 1학기 수강자,5,과목 자체가 재밌어서 좋았어요! 복전생이라 과제가 좀 어려웠지만 조교님들도 친절하셔서 강의 잘 따라갈 수 있었습니다 다만 이번 학기는 백엔드에 대해서 너무 조금 다뤄서 아쉬웠습니다!,,,
2087320-026,https://everytime.kr/lecture/view/2087320,2087320,모바일앱프로그래밍실습,염익준,23년 1학기 수강자,4,강의 녹화도 항상 올려주시는 좋은 교수님입니다,,,
2087320-027,https://everytime.kr/lecture/view/2087320,2087320,모바일앱프로그래밍실습,염익준,20년 2학기 수강자,5,적당한 과제와 적당한 학점 어차피 들어야하는 실험수업 도움되는 이걸 듣자,,,
2087320-028,https://everytime.kr/lecture/view/2087320,2087320,모바일앱프로그래밍실습,염익준,22년 1학기 수강자,5,솔직히 조교님들이 친절하고 열정이 있어서 좋았습니다! 마지막 텀프에서 좀 논란이 있긴했지만 학점도 잘주시고 많은걸 배울 수 있습니다.,,,
2087320-029,https://everytime.kr/lecture/view/2087320,2087320,모바일앱프로그래밍실습,염익준,22년 1학기 수강자,5,말그래로 모바일 앱개발에 대해 배우는 과목. 추가적으로 디자인 패턴과 aws를 이용한 데이터베이스 관리를 살짝 배우는데 모바일 앱과 상당히 관련이 있는 개념들로서 찍먹하기 좋았다. 하지만 과제도 좀 있고 난이도도 있는 편이지만 실습이 원래 그러니깐,,,
2087320-030,https://everytime.kr/lecture/view/2087320,2087320,모바일앱프로그래밍실습,염익준,22년 1학기 수강자,5,조교님들 너무 친절하시고 고생하시는게 보임. 답변 친절하시고 프론트 개발에 대한 지식이 조금이라도 있으면 아주 날로 먹을수 있는 수업임 . 복전생들도 있어서 조금 진도가 느린 감이 있는데 그래도 다룰 부분은 다 다루고 이번학기에 aws랑 백엔드도 다뤄서 좋았음. 파이널 프젝은 요구사항만 맞춰가면 되고 필기고사가 은근 까다로우니 준비하긴해야함,,,
2087320-031,https://everytime.kr/lecture/view/2087320,2087320,모바일앱프로그래밍실습,염익준,22년 1학기 수강자,5,퀴즈: 내용 + 코드 + 잘못된 코드잡기 교재내용은 별로 없어서 할만 함 과제: 매 수업 실습끝마다 PA가 있음 PA: 빡세긴 한데 다 교재안의 내용으로 커버가능 텀프: 적당히만 내고 A맞는게 좋음 풀스택 너무 힘듬,,,
2087320-032,https://everytime.kr/lecture/view/2087320,2087320,모바일앱프로그래밍실습,염익준,22년 1학기 수강자,4,마지막 과제 시간만 1주일 쓰고 성적은 망했다 디자인패턴 시간 너무 잡아먹었나,,,
2087320-033,https://everytime.kr/lecture/view/2087320,2087320,모바일앱프로그래밍실습,염익준,22년 1학기 수강자,5,4년동안 들은 수업 중 실무에서 가장 도움된 것 같아요. AWS랑 안드로이드 배워가서 인턴에서 유용하게 써먹고 있습니다. 감사합니다^^ 학점도 잘 주신거 같아요~~,,,
2087320-034,https://everytime.kr/lecture/view/2087320,2087320,모바일앱프로그래밍실습,염익준,22년 1학기 수강자,5,"퀴즈 + 주차과제 + 프로젝트 3번 있었습니다. 퀴즈는 예상보다 훨씬 어렵게 나왔는데(시험 수준) 다들 못 봐서 괜찮았어요. 주차과제는 조교님들이 너무너무 친절하셔서 그냥 물어보면 다 알려주시기 때문에 점수를 못 받아갈 이유가 없습니다! PA1/2는 안드로이드를 처음 써봐서 시작하기 어려웠지만 막상 들어가면 무난하게 해갈 수 있습니다. 그런데 PP는 확실히 주제도 결정해야 하고 기능 구현과 테스트, 보고서, 발표까지 준비해야 해서 정말 미리미리 하는 걸 추천드려요. 개인적으로 아무것도 모르던 분야에서 많은 걸 배워간 수업이라고 생각해서 만족합니다!",,,
2087320-035,https://everytime.kr/lecture/view/2087320,2087320,모바일앱프로그래밍실습,염익준,22년 1학기 수강자,5,조교님들이 질문도 적극적으로 받아주시고 교안과 수업도 정말 설명이 잘 되어있어서 앱 처음 만져보는 나도 전혀 어려움이 없었음. 성적도 혜자로 줌. 근데 마지막 개인 프로젝트에 디자인 패턴 적용은 ㄹㅇ 개에바였음. 제대로 가르쳐주지도 않고 바로 적용하라 시키는게 맞나? 그래서 난 어쩌라고 안해란 마인드로 그냥 구현안했는데 성적에는 별 영향없었음. 하지만 전반적으로 굉장히 재밌고 만족스러운 수업이었음.,,,
2087320-036,https://everytime.kr/lecture/view/2087320,2087320,모바일앱프로그래밍실습,염익준,22년 1학기 수강자,5,"안드로이드 스튜디오를 사용해서 모바일 앱을 개발하는 수업입니다. 주차과제, 과제 3번, 퀴즈 1번에 마지막 과제는 자유주제로 지금까지 배운 내용을 적용시킨 앱 하나 개발하는 거였는데 후반부에 aws, rds, 디자인 패턴 같은 걸 배우는데 생소하기도 하고 수업에서 엄청 자세하게 다룬건 아니라서 마지막 과제에 이런 거를 적용시키는게 조금 어려웠습니다. 특히 마지막 과제는 추가적으로 발표 영상하고 보고서까지 작성해야 해서 좀 빡셌습니다.. aws나 디자인 패턴을 사용하는 게 어렵긴 해도 적용하면서 많이 배웠고, 그냥 xml하고 자바 코드 작성해서 앱 만드는 것보다 훨씬 의미있다고 느꼈습니다. 퀴즈는 꽤 자세한 내용이 나와서 교안이나 수업에서 다룬 내용을 꼼꼼하게 보는 걸 추천하고 과제 1, 2는 수업에서 사용한 코드나 주차과제 코드를 참고하면서 구글링하면 해결할 수 있습니다.",,,
2087320-037,https://everytime.kr/lecture/view/2087320,2087320,모바일앱프로그래밍실습,염익준,22년 1학기 수강자,5,조교님들이 친절하고 역시 실습은 조교님들을 잘만나야한다는걸 다시 느꼈습니다.. 배우는 것도 재밌는데 뒤에 새로운걸 시도하셔서 그런지 안가르쳐주신 부분이 프젝에서 적용돼서 조금 그랬지만 전체적으로 수업은 좋습니다,,,
2087320-038,https://everytime.kr/lecture/view/2087320,2087320,모바일앱프로그래밍실습,염익준,22년 1학기 수강자,5,"내용도 강의도 정말 좋았고, 앱 프로그래밍 경험은 잘 쌓아서 간다고 생각합니다. AWS와 RDS 쓰는 부분들은 뜬금없다고 느낄 수도 있는데 앱 개발에 필수적이고 중요한 내용이라고 생각합니다. 다만 프로젝트나 pa에 시간을 좀 써야 되니 이 부분만 주의하면 재밌게 들을 수 있을 것 같습니다. 보통 하루이틀로는 부족하니 미리 시간배분 잘 해서 꾸준히 해야 될 것 같습니다.",,,
2087320-039,https://everytime.kr/lecture/view/2087320,2087320,모바일앱프로그래밍실습,염익준,22년 1학기 수강자,5,"죠교님들이 친절하시고 학점도 잘 채워주십니다. 주차과제는 나오는 날 바로 할 정도로 간단하고, PA에서 학점이 갈리는 것 같으니 기준 확인해가시면서 만드시면 됩니다. 퀴즈도 있긴 한데 PA가 훨씬 비중이 크니 퀴즈에서 실수하셔도 과제만 잘 하시면 좋은 학점 받을 수 있습니다.",,,
2087320-040,https://everytime.kr/lecture/view/2087320,2087320,모바일앱프로그래밍실습,염익준,22년 1학기 수강자,3,조교님들 정말 잘 가르쳐주시려고 하지만 aws이후 수업이 좀 별로였습니다. 주차과제는 쉬운데 과제3 난이도는 너무 어려운 느낌... 이번 과제3에서 시간을 정말 많이 빼았겼는데 시험기간이어서 두배로 힘들었습니다.,,,
2087320-041,https://everytime.kr/lecture/view/2087320,2087320,모바일앱프로그래밍실습,염익준,22년 1학기 수강자,5,#중요: 노트북 필수 & 해외 결제 되는 카드 보유할 것 본인 컴퓨터 성능이 별로 && 아이폰이라면... 공기계 정도는 준비,,,
2087320-042,https://everytime.kr/lecture/view/2087320,2087320,모바일앱프로그래밍실습,염익준,22년 1학기 수강자,4,중간고사 이전 수업은 개인적으로 만족 중간고사 이후로는 조금 뭔가 싶은 부분이 많았다 중간고사 문제가 알 필요 없는 질문이 많었았다 과제들은 깔끔하고 할만하다,,,
2087320-043,https://everytime.kr/lecture/view/2087320,2087320,모바일앱프로그래밍실습,염익준,22년 1학기 수강자,5,"중간때 퀴즈 하나 빼고는 다른 시험은 없었습니다. 근데 퀴즈가 이번 학기에는 전체 성적 중 20프로고, 수업 열심히 듣고 교안을 좀 꼼꼼히 봐야할겁니다. 과제는 총 3번 있었는데 마지막 3번째 과제가 기말 프로젝트 입니다. 개인 프로젝트였고 주제는 자유였습니다. 지난 학기 수업과 다른점이 있다면, 중간 끝나고부터는 플러터를 배우는거였는데 이번엔 aws랑 rds 위주로 배웠습니다. 과제는 나왔을때 빨리 해치우는게 좋습니다. 조교님들이 잘 알려주셨고, 수업 내용도 재밌어서 전 만족스럽게 들었습니다. 물론 기말 프로젝트는 디자인 패턴을 적용해야했는데 좀 빡셌습니다 ㅎㅎ.. 실습 수업 특성상 다음 학기에는 시험 횟수나 과제는 변경될 수 있습니다!",,,
2087320-044,https://everytime.kr/lecture/view/2087320,2087320,모바일앱프로그래밍실습,염익준,22년 1학기 수강자,2,"12주차정도까지는 정말 좋은 수업. 잘 알려주시고 하는 것도 재밌고 따라가기가 어렵지 않아요. 문제는 변별력을 갖추려고 안알려주고 시키는 내용들이 굉장히 지엽적이거나 시간을 많이 필요로 합니다. 예를 들어 디바이스의 dpi 가져오는 함수(이걸 안알려주고 찾아보세요~ 하는 의도를 모르겠음), nested json 처리하는거(굉장히 실망스러웠습니다), 여러 액티비티를 MVVM이나 MVP에서 구현하는 방식, AWS 코딩 및 디버깅하는 방식(아니 사용법도 안알려주시면 어떡해요) 1을 알려주고 10을 해오길 바라는 수업입니다. 성적이야 아직 안나와서 모르겠지만 F만 안나온다면 다시는 안들을 수업입니다. 시험은 중간고사 기간에 퀴즈 한번, 시간 빠듯하지만 지엽적이라기보단 수업시간에 집어주신 내용을 어렵게 물어보는 느낌 출석은 매번 수업 시작 15분후 직접 호명 주차 실습은 매주, 중요 과제는 총 3개(Wordle 만들기, 미로 찾기 만들기) , MVP 혹은 MVVM 적용 자유주제. 미리미리 하시는게 중요합니다 시간이 매우 부족합니다.. 이번 학기 남는거에 비해 시간이 가장 아까웠던 수업. 남는게 없다는것은 아니지만 시간이 지나치게 많이 갈려나간다. 안바쁜 학기에 들으시는 것을 추천.",,,
2087320-045,https://everytime.kr/lecture/view/2087320,2087320,모바일앱프로그래밍실습,염익준,22년 1학기 수강자,5,"강의 자체는 재미있고 앱 만드는 것도 신기했는데 기말 프로젝트에서 디자인 패턴 땜에 어려웠습니다,,,기말 프로젝트를 mvp랑 mvvm 패턴으로 만들어야 감점 없다고 하셔서 디자인 패턴에 대한 설명을 좀 더 많이 해주셨으면 좋았을 것 같아요. 설명도 잘해주시고 조교님들도 많이 도와주셔서 어려움 없었을 것 같아요",,,
2087320-046,https://everytime.kr/lecture/view/2087320,2087320,모바일앱프로그래밍실습,염익준,20년 1학기 수강자,5,매주 배우는 내용들이 다 흥미로움. UI를 배우고 실습하는 거라 재미도 있음. 과제는 2개인데 하나는 주어진 디자인과 기능의 앱을 만드는 것이고 다른 하나는 원하는 앱을 만들고 발표하는 거임. 참신하거나 다양한 기능의 앱을 만든다면 당신은 A+,,,
2087320-047,https://everytime.kr/lecture/view/2087320,2087320,모바일앱프로그래밍실습,염익준,21년 1학기 수강자,5,주차과제는 재밌고 따라갈만한데 PA들이 좀 어렵습니다 수업때 안배워서 구글링도 좀 해야하고..,,,
2087320-048,https://everytime.kr/lecture/view/2087320,2087320,모바일앱프로그래밍실습,염익준,21년 1학기 수강자,4,마지막 과제 그래프 그리는 수치에 너무 연연하지 않아도 학점 잘 주셨었습니다. 뭔가 그런 정확한 기준이 없어서 혼선이 있던거 같아요,,,
2087320-049,https://everytime.kr/lecture/view/2087320,2087320,모바일앱프로그래밍실습,염익준,21년 1학기 수강자,4,앞까지는 매우 좋았으나 플러터 넘어가면서부터 뭔가 교안 준비가 잘 되어있지 않은 느낌이 많이 들었음. 그것 빼고는 괜찮은 실습,,,
2087320-050,https://everytime.kr/lecture/view/2087320,2087320,모바일앱프로그래밍실습,염익준,21년 1학기 수강자,4,"전반적으로 실습다운 실습?입니다. 과목자체가 엄청 쉬운 것은 아니나, 모두들 열심히 해서 학점따기는 매우 어려운 과목. 그래도 열심히 하면 B+은 주시려고 하심.",,,
2087320-051,https://everytime.kr/lecture/view/2087320,2087320,모바일앱프로그래밍실습,염익준,21년 1학기 수강자,5,재밌다. 구글링을 엄청나게 하게 되겠지만 아무래도 실무와 가까운 툴을 쓰다보니 과제 하다보면 엄청 즐겁다. 주차과제는 그냥 따라만하세요 느낌으로 안드로이드 아무것도 몰라도 ㅆㄱㄴ임. 중간에 PA가 3개 나가는데 이게 몹시 맵다. 주차과제에서 배우지 않은 새로운 기능을 찾아서 써야해서 구글과 친구가 되야한다. 하지만 절대 못한다는 느낌은 아닌듯. 마지막에 Quiz 이슈가 있었다. 하지만 사고 대처가 확실했었고 조교분들이 소통을 잘 해주셔서 난 그렇게 부정적인 느낌을 받지는 않았다. 이론수업은 잘 이해가 안된다.. 그래서 Quiz 준비할때 좀 어려웠다.,,,
2087320-052,https://everytime.kr/lecture/view/2087320,2087320,모바일앱프로그래밍실습,염익준,21년 1학기 수강자,4,실습 중에 재밌는 편이었어요 뭔가 직접 어플을 만든다는게 신기하기도 했고 재밌었습니다! 근데 사람들이 다 너무 잘하시네요 전 친구들이랑 서로 도와가면서 해서 에이쁠 받긴 했는데 독강이었으면 힘들었을거 같습니다! 마지막 퀴즈 이슈가 있긴 했지만 전체적으로 만족스러웠어요 과제도 재밌었고 다만 강의가 살짝 아쉬웠어서 1점 깠습니다,,,
2087320-053,https://everytime.kr/lecture/view/2087320,2087320,모바일앱프로그래밍실습,염익준,21년 1학기 수강자,5,수업만 제대로 따라가면 노력한다는 가정하에 과제 잘할 수 있음. 내용도 나쁘지 않고 개인적으로는 좋았음,,,
2087320-054,https://everytime.kr/lecture/view/2087320,2087320,모바일앱프로그래밍실습,염익준,21년 1학기 수강자,5,저는 개인적으로 많이 얻어갔습니다 실수 안하려고 노력 하셔야해여 충분히 에쁠 받으실 수 있습니다 빠이팅!!,,,
2087320-055,https://everytime.kr/lecture/view/2087320,2087320,모바일앱프로그래밍실습,염익준,21년 1학기 수강자,5,"본인은 과제 다 만점이고 출첵 실습 다 만점으로 에이쁠 맞앗음. 근데 진짜 에이쁠 맞으려면 다맞는다는 각오로 해야할듯. 마지막 퀴즈 이슈도 있었지만, 조교님들은 항상 열심히 하려고 노력하신듯 마지막 플러터 빼고는 매우 나이스한 수업.",,,
2087320-056,https://everytime.kr/lecture/view/2087320,2087320,모바일앱프로그래밍실습,염익준,21년 1학기 수강자,5,개인적으로는 과제도 그렇고 재미있었어요 과제 난이도가 높은 편임에도 불구하고 사람들이 다들 잘해서 점수 분포가 매우 촘촘했습니다 그래서 과제 출석 뭐 다 열심히 챙겨야할 것 같아요ㅜ 저희 분반은 무슨 일이 생겨서 퀴즈가 무효됐는데 퀴즈도 생각보다 어렵고 비율이 커서 잘 보셔야할 것 같습니다.. 그래도 팀플이나 프로젝트 발표 같은 것이 없어서 좋았습니다,,,
2087320-057,https://everytime.kr/lecture/view/2087320,2087320,모바일앱프로그래밍실습,염익준,21년 1학기 수강자,4,"1,2번 개인 과제까지는 좋았는데 갑자기 마지막 과제가 플러터로 바뀌면서 뭔가 확 바뀐느낌… 마지막 과제 망해서 B+",,,
2087320-058,https://everytime.kr/lecture/view/2087320,2087320,모바일앱프로그래밍실습,염익준,21년 1학기 수강자,4,퀴즈나 과제나 이런저런 많은 일이 있었지만… 플러터도 새로 배워보고 저는 나름 만족 했습니다.. 과제가 3번 있긴 했다만 프로젝이 없어서 좋았어요,,,
2087320-059,https://everytime.kr/lecture/view/2087320,2087320,모바일앱프로그래밍실습,염익준,20년 1학기 수강자,5,개꿀과목 프로젝트 구실만갖춰서 냈더니 A+,,,
2087320-060,https://everytime.kr/lecture/view/2087320,2087320,모바일앱프로그래밍실습,염익준,20년 1학기 수강자,5,"미리 과제 다 하면 실시간 강의 들을 필요 없이 저장강의만 들어도 되어서 부담이 없었고, 실습 영항도 잘 찍어주셔서 수업 따라가는데 크게 지정이 없었습니다!!",,,
2087320-061,https://everytime.kr/lecture/view/2087320,2087320,모바일앱프로그래밍실습,염익준,20년 1학기 수강자,5,자바 하나도 모르고 c만 알고 들었지만 할만했음 나름 재미있었고 마지막 프로젝트는 개인과제에 응용시켜서 하니 A+은 나옴,,,
2087320-062,https://everytime.kr/lecture/view/2087320,2087320,모바일앱프로그래밍실습,염익준,20년 1학기 수강자,4,학점에 전부 쁠을 달아주는 정도는 아니고 딱 25%씩 준듯하다. 배운건 많지만 그만큼 고통스러웠다.. 귀여운조교님이 한몫했다!,,,
2087320-063,https://everytime.kr/lecture/view/2087320,2087320,모바일앱프로그래밍실습,염익준,20년 1학기 수강자,5,"열심히 안해서 B+을 맞기는 했지만 그래도 얻어갈게 많은 수업이였다. 안드로이드 자체가 워낙 변화도 많고, 이상한 제약같은게 많아서 많이 화나긴 했지만.... 수업자체는 훌룡했다고 본다.",,,
2087320-064,https://everytime.kr/lecture/view/2087320,2087320,모바일앱프로그래밍실습,염익준,20년 1학기 수강자,5,안드로이드 하나도 모르고 들은 수업이었는데 조교님들이 수업을 잘 해주셔서 많이 얻어가는 것 같습니다. 3.4학년 전공과제로 힘들때 모바일앱 과제하면서 힐링하세요!!^^,,,
2087320-065,https://everytime.kr/lecture/view/2087320,2087320,모바일앱프로그래밍실습,염익준,20년 1학기 수강자,5,조교님들이 너무 스윗하고 귀여우시다 ㅎㅎㅎ 재밌게 들은 수업!,,,
3058335-001,https://everytime.kr/lecture/view/3058335,3058335,기계학습원론,아에스아부하메드타메르,26년 1학기 수강자,5,중간은 안보고 과제3 + 파이널 프로젝트 싹 다 ai 딸깍,,,
3058335-002,https://everytime.kr/lecture/view/3058335,3058335,기계학습원론,아에스아부하메드타메르,26년 1학기 수강자,1,"처음 개설 과목이라 그런지 공지와 다르게 과제가 바뀌고, last assignment 다음에 final Project가 새로 생겼더라고요.. 영상도 찍어야 됩니다. 또 캐글도 은근 스트레스 받습니다. 내용 자체는 쉽게 설명해주시려고 하시는 것 같은데, 그래서 오히려 힘듭니다. 시험은 기말 한번만 봤습니다.",,,
3058335-003,https://everytime.kr/lecture/view/3058335,3058335,기계학습원론,아에스아부하메드타메르,26년 1학기 수강자,4,"매주 교수님께서 온라인 강의 올려주시고, 오프라인에서는 조교님이 실습 설명해주세요. 실습이 3~40분만에 끝날 때도 많아서 기학원 하나 들으러 학교 가는 게 조금 아쉬웠어요... (온라인으로 해도 될 것 같은 내용) 과제는 적지 않은 편인데, 다른 학생들이랑 점수 경쟁하는 대회 2개랑 개인 과제 1개, 그리고 2주에 한 번 내는 간단한 보고서 있어요.",,,
3058335-004,https://everytime.kr/lecture/view/3058335,3058335,기계학습원론,아에스아부하메드타메르,26년 1학기 수강자,5,과제는 간단한 코드 변경+보고서 (매우 간단하게) 혹은 캐글 경쟁. 교수님스럽게 별로 어려운 건 없음. 조교분들 질문 잘 받아주심. 중간시험 없음. 대체과제 수업 내용은 평범한 기계학습원론 내용 갓메르,,,
3058335-005,https://everytime.kr/lecture/view/3058335,3058335,기계학습원론,아에스아부하메드타메르,26년 1학기 수강자,5,캐글 지옥. 무한으로 돌려도 캐글.... 성적은 늘 타메르라 잘 받습니다,,,
3058335-006,https://everytime.kr/lecture/view/3058335,3058335,기계학습원론,아에스아부하메드타메르,26년 1학기 수강자,5,"교수님의 성향상 우리가 과제를 직접 수행하면서 배우는 것을 강조하신다. 대신 학생들의 부담을 줄이기 위해 중간고사 없이 기말 퀴즈와 기말 프로젝트, 머신러닝 과제가 주어지고 캐글을 통해 Public Score와 Private Score를 높이는 과제가 두 번 포함된다. 이론 강의는 온라인으로 올라오고 오프라인 때는 그걸 코드로 구현해 보는 랩 세션이 진행된다. 이론 수업인데도 교수님께서 진행하시는 자바 프로그래밍 실습 수업과 유사하게 강의가 진행되기에 사이킷런을 직접 다뤄보는 경험을 쌓기는 좋을듯.",,,
2168927-001,https://everytime.kr/lecture/view/2168927,2168927,기계학습원론,이지형,26년 1학기 수강자,5,"강의를 정말 잘하셔서 ML 베이스가 없다면 들으면 정말 좋을 것 같습니다. 그리고 심신개, 인지개 이런거 선이수과목 아니니까 그냥 1학년 상태에서도 바로 들어도 해당 과목은 문제 없습니다. 그냥 최대한 빨리 듣는게 베이스 쌓고 여러분의 진로를 설정하는 데 도움이 될 것 같아요. 주마다 푸는 연습 문제가 있는데 이해에 도움을 많이 줍니다. 따로 과제는 없어서 부담 없는 과목이고, 시험 범위도 그렇게 많지 않아서, 이해를 충분히 하면 고득점 노릴 수 있어요",,,
2168927-002,https://everytime.kr/lecture/view/2168927,2168927,기계학습원론,이지형,26년 1학기 수강자,2,교수님 유명하신건 알겠는데 기계학습 어느정도 아는 사람은 얻어가는거 딱히 없는듯 교수님이 학부생 수준에 맞춰서 강의 난이도를 확 줄여서 교수님의 명성을 체감할 수업은 아님 과제 매주있음 ㅈㄴ많아 질문도 맨날 해야 점수 잘준다고함 아니 그리고 시험은 왜 계산을 그렇게 많이 내는건지;;,,,
2168927-003,https://everytime.kr/lecture/view/2168927,2168927,기계학습원론,이지형,26년 1학기 수강자,5,교수님의 강의력아 정말 좋으심 근데 시험은 좀 많이 어렵고 계산이 복잡함,,,
2168927-004,https://everytime.kr/lecture/view/2168927,2168927,기계학습원론,이지형,26년 1학기 수강자,5,"교수님이 정말 착하시고, 수업도 너무 좋습니다.",,,
2168927-005,https://everytime.kr/lecture/view/2168927,2168927,기계학습원론,이지형,26년 1학기 수강자,5,국제어 수업임에도 전달력이 좋습니다. 교수님께서 유쾌하십니다.,,,
2168927-006,https://everytime.kr/lecture/view/2168927,2168927,기계학습원론,이지형,26년 1학기 수강자,5,교수님께서 굉정히 쉽게 설명해주시고 이해가 잘 됩니다.,,,
2168927-007,https://everytime.kr/lecture/view/2168927,2168927,기계학습원론,이지형,26년 1학기 수강자,5,한국어처럼 들리는 영어 강의 교수님 최고 좋습니다,,,
2168927-008,https://everytime.kr/lecture/view/2168927,2168927,기계학습원론,이지형,26년 1학기 수강자,5,딕션도 좋으시고 강의자료도 좋아요. 인지개 심신개같은 인공지능 과목이랑 같이 수강하면 더 좋은듯,,,
2168927-009,https://everytime.kr/lecture/view/2168927,2168927,기계학습원론,이지형,25년 1학기 수강자,4,강의는 교양 수준인거 같고 시험 성적 분포가 조밀해서 성적을 잘 받기 위해서는 꼼꼼하게 준비하셔야 됩니다,,,
2168927-010,https://everytime.kr/lecture/view/2168927,2168927,기계학습원론,이지형,26년 1학기 수강자,5,강의 좋은데 너무 쉬워서.. 머신러닝 조금이라도 공부하신 분들은 재미없을거애여,,,
2168927-011,https://everytime.kr/lecture/view/2168927,2168927,기계학습원론,이지형,26년 1학기 수강자,5,영어가 정말 이해하기 쉽습니다 쉽게설명해주세요,,,
2168927-012,https://everytime.kr/lecture/view/2168927,2168927,기계학습원론,이지형,26년 1학기 수강자,5,강의력이 좋으시고 영어로 수업해도 듣는데 크게 무리가 없이 잘 들린다는 점이 정말 좋습니다,,,
2168927-013,https://everytime.kr/lecture/view/2168927,2168927,기계학습원론,이지형,26년 1학기 수강자,5,제가 들었던 국제어 수업중에 영어를 가장 잘하십니다 수업 때 얻어가는 내용 많아요,,,
2168927-014,https://everytime.kr/lecture/view/2168927,2168927,기계학습원론,이지형,26년 1학기 수강자,5,교수님 강의력 좋으시고 영어수업이지만 쉽게 설명해주셔서 잘 들립니다. 매주 과제가 있지만 어렵지는 않습니다.,,,
2168927-015,https://everytime.kr/lecture/view/2168927,2168927,기계학습원론,이지형,25년 1학기 수강자,3,"우리 학과 머신러닝 수업 중에 최고이긴 한데 성적은 짜게 주심. 강의력이 좋다는 말 많이 들었는데, 정작 수업 시간엔 무슨 말씀 하시는지 잘 모르겠음. 걍 영어만 잘하시는 분 아닌가 싶었음. 질문은 자주 받아주시긴 했는데, 기억이 잘 안 나셔서 대답이 항 상 좀 그랬음. 원론 위주로 설명하시다 보니까 숙제는 해도 시험 에 나오는 계산 문제들이 더 어려워서 플기가 쉽지 않음. 교안에 오타가 많아서 헷갈릴 때가 많고 이해도 잘 안 됨. 들어야 되는 수업이라 참고해서 수강하세요.",,,
2168927-016,https://everytime.kr/lecture/view/2168927,2168927,기계학습원론,이지형,25년 1학기 수강자,5,기초부터 쉽게 반복적으로 알려주시고 강의력도 좋으셔서 만족하면서 들었던 수업입니다! 그동안 인공지능 개념을 대충 알고 있었던 게 이 강의를 통해 잘 정리되었습니다. 과제도 간단한 문제 풀어서 올리는 게 10번 정도 있는 게 전부라 부담이 없습니다. 다만 이번 학기 기준 학점이 짰던 것 같습니다. 그러나 내용이 어렵진 않기 때문에 공부하는 게 수월하고 시험도 크게 어렵지 않습니다,,,
2168927-017,https://everytime.kr/lecture/view/2168927,2168927,기계학습원론,이지형,25년 1학기 수강자,5,"전달력이 정말 좋으시고, 여태 들은 전공과목중에서 제일 재밌었던 것 같음. 가끔씩 장난도 치시고 노베이스도 쉽게 잘 들을 수 있게 설명해주심. 중간, 기말은 계산이 정말 많은데 실수하지 않는게 제일 중여힌 것 같음. 짜잘한 복습용 과제 10개 정도 내주셨는데 빼먹지말고 꼭 하시고 ! 성적은 잘 주시는진 모르겠지만 열심히 하는 만큼 나오는 것 같음.",,,
2168927-018,https://everytime.kr/lecture/view/2168927,2168927,기계학습원론,이지형,25년 1학기 수강자,5,전공수업 들은 것 중에 국제어아닌 수업들도 포함해서 가장 전달력이 좋다고 느껴지는 교수님. 시험 난이도도 주차과제 GPT안쓰고 해결했으면 대부분 해결가능한 계산문제들임. 기학원 이걸로 들으세요,,,
2168927-019,https://everytime.kr/lecture/view/2168927,2168927,기계학습원론,이지형,25년 1학기 수강자,3,이번학기부터 학점 정상화 들어가신듯... 중기말 평균 정도인데 b0 나왔습니다...,,,
2168927-020,https://everytime.kr/lecture/view/2168927,2168927,기계학습원론,이지형,25년 1학기 수강자,5,범위가 너무너무 많아서 힘들게 느껴질 수는 있지만 막상 내용이 크게 어렵진 않고 몇 문제 못 풀어도 높은 순위 받을 수 있으니 기출 위주로 근처 범위 내용에서 나올 만한 내용 찾아서 공부하면 좋은 성적 받으실 수 있을 겁니다. 과제는 귀찮지만 쉬운 과제들입니다. 일찍 시작하세요,,,
2168927-021,https://everytime.kr/lecture/view/2168927,2168927,기계학습원론,이지형,25년 1학기 수강자,5,학점 짜다는 평이 종종 있는데 아마 성적이 양극화가 심한 것 같습니다 기존 머신러닝을 공부했거나 계산에 강한 분들한테는 시험도 쉽게 느껴졌던 것 같습니다 그렇다고 노베여도 이해하는 데엔 전혀 지장없이 교수님께서 매우 친절하게 설명해주셔서 덕분에 많은걸 배워갔던 수업 같습니다 과제같은 경우는 거의 매주 1번씩 문풀 과제가 있는데 전혀 어렵지 않고 이 과제들 반복해서 풀다보면 시험에도 비슷한 계산들이 나와서 꼭 시험 전에 많이 풀어보시는걸 추천드립니다 중기합 +30 나오고 에이쁠 받았습니다,,,
2168927-022,https://everytime.kr/lecture/view/2168927,2168927,기계학습원론,이지형,25년 1학기 수강자,4,강의력은 좋음 그외는 잘모르겠음 솔직히 교수님이 친근하심,,,
2168927-023,https://everytime.kr/lecture/view/2168927,2168927,기계학습원론,이지형,25년 1학기 수강자,5,머신러닝을 하나도 모르는 사람을 위한 수업인 것 같습니다. 배우는 내용 어렵지 않고 수업에만 잘 집중하면서 따라가면 좋운 성적 얻을 수 있습니다. 시험 계산 문제는 과제랑 유사하게 나오고 T/F문재는 수업 때 강조하시는 부분에서 나오는 것 같아요. 중기합 +50 A+나왔어요.,,,
2168927-024,https://everytime.kr/lecture/view/2168927,2168927,기계학습원론,이지형,25년 1학기 수강자,5,"배우는 내용에 대해 사전지식이 있어서 공부할 때 편했습니다 기계학습에 대한 베이스가 아예 없으면 조금 힘들 수도 있을거 같아요 교수님께서 영어로 설명해주시는데 쉬운 단어로 반복 많이 해주셔서 영어 못해도 다 이해됩니다 과제 10개랑 중간 기말 있는데 과제는 그냥 풀어서 내면 다 만점 주시는거 같아요 시험은 계산 문제 + TF 로 구성되고 계산 문제는 교안이랑 과제에 나와있는 정도 난이도로만 풀 수 있으면 됩니다 그리고 소수점이나 복잡한 숫자는 다 절삭하거나 간단한 숫자로 대체해주셔서 그렇게 계산 더럽지는 않아요 TF는 안배운 내용이나 좀 생각 필요한 애매한 내용들로 나옵니다 근데 배점이 그리 크지 않아서 일단 풀어놓고 시간 남으면 검토하는게 좋습니다 또 미분 식이나 전개 식 등 식 쓰는 문제도 2-3문제씩 꼭 나옵니다 식은 다 외워가세요 성적은 중기합 평균 +40 정도로 에이쁠 받았습니다 강평에 수학으로 조진다고 해서 문돌이 출신인 저는 겁 많이 먹었는데 교안, 과제 문제로 수련 거쳐서 괜찮았습니다 할 만 해요",,,
2168927-025,https://everytime.kr/lecture/view/2168927,2168927,기계학습원론,이지형,25년 1학기 수강자,5,강의력이 정말 좋다 영어수업이지만 한국어로 듣고 있는 기분 (실제로 한국어를 많이 쓰기도 하신다) 과제는 거의 매주 있지만 과제 총 10개 합쳐도 다른 코딩 과제 1번보다 시간 덜 걸리고 복습과 시험준비에도 도움이 되니 나쁘지 않음 아쉬운건 시험 성적을 종강한 뒤까지도 안알려주고 성적공시 직전에야 중간 기말 과제 점수를 한번에 공지한다는거?,,,
2168927-026,https://everytime.kr/lecture/view/2168927,2168927,기계학습원론,이지형,25년 1학기 수강자,3,강의력 최고는 맞습니다.. 근데 학점 잘 준다는 말은 동의 못함..,,,
2168927-027,https://everytime.kr/lecture/view/2168927,2168927,기계학습원론,이지형,25년 1학기 수강자,2,강의는 좋은데 힉점이 너무 짜요 ㅠㅠ 근데 뭐.... 강의는 최고입니다,,,
2168927-028,https://everytime.kr/lecture/view/2168927,2168927,기계학습원론,이지형,25년 1학기 수강자,5,강의력 좋으셔서 인공지능 입문에 좋은 수업이었습니다 학생들 잘 따라오고 있는지 확인도 많이 하시고 과제도 매주 나오는데 어렵지않고 그 주에 배운거 복습하는 용입니다 시험은 교안 + 과제에서 대부분 나오고 추가적으로 수업시간에 직접적으로 배운적은 없지만 배운 내용 바탕으로 추론해서 푸는 TF 문제나옵니다. 그리고 초반에 2주정도는 호명출석 하시는데 그 이후로는 한번도 하신적 없어요,,,
2168927-029,https://everytime.kr/lecture/view/2168927,2168927,기계학습원론,이지형,25년 1학기 수강자,5,"수학 과목 하나 듣는 느낌. 영어로 진행하는데도 단계 별로 꼼꼼하게 잘 설명해주셔서 듣는데 불편한 점 없음. 시험도 교안, homework 보고 한 두 번 더 따라 풀어보면 준비 웬만큼 잘 되는 듯.",,,
2168927-030,https://everytime.kr/lecture/view/2168927,2168927,기계학습원론,이지형,25년 1학기 수강자,5,그래도 학점 잘 주시고 수업 잘 하셔서 추천합니다.,,,
2168927-031,https://everytime.kr/lecture/view/2168927,2168927,기계학습원론,이지형,24년 1학기 수강자,2,시험이 너무너무 어려웠음 수학을 못하면 그냥 망하는 시험 과제도 은근 매주 있어서 할게 은근히 많은 늨김,,,
2168927-032,https://everytime.kr/lecture/view/2168927,2168927,기계학습원론,이지형,25년 1학기 수강자,5,교수님 강의력 매우 좋으시고 과제는 매주 수업 열심히 들으면 어렵지 않게 해결 가능한 수준,,,
2168927-033,https://everytime.kr/lecture/view/2168927,2168927,기계학습원론,이지형,24년 1학기 수강자,5,교수님 친절하십니다 수업잘하십니다 영어잘하셔서 부담없이 들었습니다,,,
2168927-034,https://everytime.kr/lecture/view/2168927,2168927,기계학습원론,이지형,24년 1학기 수강자,5,"올타임 고트 강의력 좋으시고 학점 잘 주심. 인공지능 기초를 쉽게 배우고 싶으면 들으시면 됨. 중간 기말 - 계산 많음. 과제 매주 or 격주로 나오는데, 계산 관련은 시험이랑 연관되는 거 같아서 잘 보면 좋음. 마지막으로, 교수님 바쁘셔서 가끔 수업 없거나 온라인 강의라서 좋음.",,,
2168927-035,https://everytime.kr/lecture/view/2168927,2168927,기계학습원론,이지형,25년 1학기 수강자,5,매주 과제 있습니다. 교수님께서 정말 친절하십니다.,,,
2168927-036,https://everytime.kr/lecture/view/2168927,2168927,기계학습원론,이지형,25년 1학기 수강자,5,인공지능 입문. 교수님이 강의력 정말 좋음. 과제가 많지만 추천합니다.,,,
2168927-037,https://everytime.kr/lecture/view/2168927,2168927,기계학습원론,이지형,25년 1학기 수강자,5,인공지능 입문하기에 적합합니다. 교수님께서 핵심만 짚어주시기에 많은 생각 없이 쉽게 수업을 따라갈 수 있습니다.,,,
2168927-038,https://everytime.kr/lecture/view/2168927,2168927,기계학습원론,이지형,25년 1학기 수강자,5,매주 과제가 있지만 강의력 좋으셔서 추천드립니다,,,
2168927-039,https://everytime.kr/lecture/view/2168927,2168927,기계학습원론,이지형,25년 1학기 수강자,5,과제가 매주있고 교수님 강의력이 좋으시다 영어로 수업이 진행되는데 불편함이 없었다,,,
2168927-040,https://everytime.kr/lecture/view/2168927,2168927,기계학습원론,이지형,24년 1학기 수강자,3,이해가안돼는수업 ㅠㅠ 시험도 어려워요 ㅠㅠㅠㅠㅠㅠㅠㅠㅠㅠ,,,
2168927-041,https://everytime.kr/lecture/view/2168927,2168927,기계학습원론,이지형,24년 1학기 수강자,5,"일단 교수님이 복습도 해주시고 쉽게 설명해주셔서 수월하게 강의 내용 따라갈 수 있어요! 그러나 내용 자체가 쉬워서 시험으로 변별이 될까 싶었는데, 그만큼 시험은 양많은 계산 문제가 나옵니다! 다들 잘 보기 때문에 빠르게 접근 방법 찾고 실수 안 하는 게 중요한 것 같아요",,,
2168927-042,https://everytime.kr/lecture/view/2168927,2168927,기계학습원론,이지형,24년 1학기 수강자,5,"강의력 정망 좋음, 영어인데도 한국어류 듣는느낌 시함은 계산위주",,,
2168927-043,https://everytime.kr/lecture/view/2168927,2168927,기계학습원론,이지형,24년 1학기 수강자,4,"강의력은 정말 잘 듣기만 하면 정말 이해가 잘 될 정도로 좋았지만, 시험에 까다로운 계산문제가 많아 힘들었습니다ㅜ",,,
2168927-044,https://everytime.kr/lecture/view/2168927,2168927,기계학습원론,이지형,23년 2학기 수강자,5,강의력이 굉장히 좋고 코딩도 별로안합니다. 시험은 계산이 중점이고 학점은 아주 잘주는것 같지는 않습니다.,,,
2168927-045,https://everytime.kr/lecture/view/2168927,2168927,기계학습원론,이지형,24년 1학기 수강자,4,강의력이 굉장히 좋으시고 과제는 꽤 많습니다 -> 모범 답안을 주면 좋겠다... 시험은 2번이고 어려웠는데 점수 분포가 굉장히 넓더군요 시험은 정말 전체적인 내용을 폭넓고 깊게 알고 유기적으로 연결해야 수월하게 풀 수 있을 것 같다는 느낌을 받았습니다. 예를 들어 어떤 파라미터가 나오더라도 그냥 그렇구나 하지 말고 이게 커지면 어떻게 될까? 작아지면 어떻게 될까? 하나하나 태클 걸면서 공부하시길 추천드려요 영어를 굉장히 잘하셔서 영어 수업 듣기를 어려워하시는 분들도 편하게 들을 수 있으리라 생각합니다 학점은 생각보다 잘 주셨습니다,,,
2168927-046,https://everytime.kr/lecture/view/2168927,2168927,기계학습원론,이지형,24년 1학기 수강자,5,마지막에 성적 갑자기 변경하신거말고는 무난했습니다.,,,
2168927-047,https://everytime.kr/lecture/view/2168927,2168927,기계학습원론,이지형,24년 1학기 수강자,5,과제양은 많지만 어렵지는 않아서 부담은 없음. 시험은 계산량이 많아서 계산실수 정말 주의해야함. 전반적으로 만족스러운 수업,,,
2168927-048,https://everytime.kr/lecture/view/2168927,2168927,기계학습원론,이지형,24년 1학기 수강자,4,일 주마다 과제가 있었는데 교수님께서 설명하는 걸 너무 잘 하셨으니까 쉽게 이해할 수 있었요. 그런데 시험이 좀 어렵다.,,,
2168927-049,https://everytime.kr/lecture/view/2168927,2168927,기계학습원론,이지형,24년 1학기 수강자,5,일단 교수님의 강의력이 매우 좋습니다. 과제가 여러개 나오기는 하지만 복습 수준의 과제라서 시간이 오래 걸리지는 않습니다. 시험은 계산해야 되는 부분이 많아 실수를 조심해야 하고 전반적인 난이도가 쉽지는 않은 것 같습니다.,,,
2168927-050,https://everytime.kr/lecture/view/2168927,2168927,기계학습원론,이지형,24년 1학기 수강자,5,"일단 국제어 과목이지만 교수님의 영어는 한국어처럼 굉장히 잘 들린다. 그리고 하나의 개념이 나올 때마다 예를 들어서 굉장히 자세하게 설명해 주시고, 따라서 개념을 이해하지 못할 염려는 거의 없다고 봐도 된다. 과제는 배운 것을 이해하는 용도의 해봤자 1~2시간 정도 걸리는 간단한 과제가 학기에 10개 정도 나온다. 이 과목의 딱 하나의 단점은 바로 시험인데, 오류도 많고 뭔가 굉장히 애매한 문제들이 많다. 실제로 내가 수강할 때도 중간/기말고사의 점수가 자주 변경되는 경우가 있었다.",,,
2168927-051,https://everytime.kr/lecture/view/2168927,2168927,기계학습원론,이지형,24년 1학기 수강자,5,"수업은 영어 수업임에도 매우 알아듣기 편했고, 교수님께서도 AI 초심자도 어렵지 않게 매우 친절하게 알려주시고, 얼마든지 질문할 수 있는 분위기를 조성해주셔서 누구나 듣기 좋을 강의인 것 같습니다. AI의 실전보다는 개념 위주를 다루고 있기 때문에 시험도 그에 맞추어 출제되는데, 시험 문제가 좀 모호하거나 오류가 있는 경우도 있어서 수업에서의 만족도에 비해 다소 아쉬운 시험이었다고 생각합니다. 그래서 실제로 저는 이의제기를 하고, 점수가 꽤나 달라지게 되었습니다. 성적은 잘 주시는 것 같고, 과제는 매우 쉬운 것들로만 매주 진행하여 약 10개 정도를 진행하게 됩니다. 중요한 것은 시험인 것 같습니다.",,,
2168927-052,https://everytime.kr/lecture/view/2168927,2168927,기계학습원론,이지형,24년 1학기 수강자,3,계산으로 조지는 시험. 실수 한 번에 나락 갈 수 있음. 성적 짜게 주시는 것 같음. 과제가 거의 매주 나오는데 수업시간 복습 정도의 난이도임.,,,
2168927-053,https://everytime.kr/lecture/view/2168927,2168927,기계학습원론,이지형,24년 1학기 수강자,4,시험이 어렵진 않은데 계산으로 조짐 전 계산실수 많이 해서 예상점수보다 반토막된 점수가 나왔네요... 그래도 수업은 좋습니다 강의력 성대 1티어이심 교수님이 다른 수업 여신다면(시험때 계산기 허용이라는 전제 하) 들을 의향있어요,,,
2168927-054,https://everytime.kr/lecture/view/2168927,2168927,기계학습원론,이지형,24년 1학기 수강자,5,2주에 한번 꼴로 간단한 퀴즈 과제가 나옴 강의는 노베도 전부 이해할 수 있을 정도로 친절하고 자세하지만 시험 난이도는 좀 있는 편 성적도 그럭저럭 잘 주시는 듯,,,
2168927-055,https://everytime.kr/lecture/view/2168927,2168927,기계학습원론,이지형,24년 1학기 수강자,5,"인공지능 노베였는데, 교수님께서 귀에 박히도록 수업을 잘하십니다. 머신 러닝에 대해 많은 것을 배운 아주 유익한 수업이었습니다. 강추합니다. 사실상 시험 두 번으로 성적이 갈립니다. (과제는 연습문제 풀기 9번 정도 나옵니다. 금방 하는 문제들입니다.) 고학번 고인물들이 많아 변별을 위해 시험이 까다롭게 출제됩니다. 시험에는 TF로 깊게 고민해야 하는 문제, 어지러운 계산 문제들만 출제됩니다. 그럼에도 점수 분포가 엄청 빼곡합니다. 과제 연습 문제와 출제 예상 계산 문제를 충분히 연습하는 것을 권장합니다. 기말은 더더욱 계산 문제를 신경써야 합니다. TF도 정말 지엽적인 부분까지 고민하는 것도 도움이 될 것입니다. 성적은 그럭 저럭 잘 주는 것 같아요.",,,
2168927-056,https://everytime.kr/lecture/view/2168927,2168927,기계학습원론,이지형,24년 1학기 수강자,5,중간 기말로 갈립니다 예상외로 계산 문제가 생각보다 많이 나왔어요,,,
2168927-057,https://everytime.kr/lecture/view/2168927,2168927,기계학습원론,이지형,24년 1학기 수강자,5,거의 매주 문제 푸는 듯한 과제가 나오지만 쉬움 중간 기말로 갈리는 듯함,,,
2168927-058,https://everytime.kr/lecture/view/2168927,2168927,기계학습원론,이지형,24년 1학기 수강자,5,"머신러닝 노베가 들었는데 초반에 빼면 후반 갈 수록 이해가 잘돼서 놀람 교수님 강의력이 좋다고 느낌 많이 배워가는 과목, 이번학기 제일 재밌었던 수업임",,,
2168927-059,https://everytime.kr/lecture/view/2168927,2168927,기계학습원론,이지형,24년 1학기 수강자,4,교수 말투가 거슬릴 때 있음. 그래서 별 하나 깎았고 강의력은 괜찮은 편이지만 과제 채점이 배우 늦음. 전반적으로 좋은 수업이라고 생각함.,,,
2168927-060,https://everytime.kr/lecture/view/2168927,2168927,기계학습원론,이지형,24년 1학기 수강자,5,강의력 좋으시고 교수님 정말 친절하십니다 과제덕분에 공부를 밀리지 않을 수 있다는 장점이 있지만 취준과 병행하면 많이 힘들것 같습니다 과제 비중이 은근 커요,,,
2168927-061,https://everytime.kr/lecture/view/2168927,2168927,기계학습원론,이지형,24년 1학기 수강자,5,과제도 부담없는 수준이고 설명도 잘해주심 시험두번에 성적 갈릴듯,,,
2168927-062,https://everytime.kr/lecture/view/2168927,2168927,기계학습원론,이지형,24년 1학기 수강자,5,The GOAT 인공지능 노베이스도 듣기 좋음 기학원은 무조건 이거,,,
2168927-063,https://everytime.kr/lecture/view/2168927,2168927,기계학습원론,이지형,24년 1학기 수강자,5,강의력이 정말 좋습니다 기계학습에 대해 잘 이해할 수 있어요 다만 학점은 잘 받을수있을지 의문입니다,,,
2168927-064,https://everytime.kr/lecture/view/2168927,2168927,기계학습원론,이지형,24년 1학기 수강자,5,과제는 매주 있지만 복습용으로 좋아요. 시험기간에는 과제없어요. 교수님 영어로 수업하시지만 한국어 듣는 것 같은 편안함 아주 좋아요. 노베여도 이 수업은 따라갈수있을거에요,,,
2168927-065,https://everytime.kr/lecture/view/2168927,2168927,기계학습원론,이지형,24년 1학기 수강자,5,강의 정말 잘하십니다. 베이스 있는 상태로 들었는데도 나름대로 얻어가는게 크네요. 과제도 수강 내용을 이해할 수 있도록 도움주는 면이 컸어요,,,
2168927-066,https://everytime.kr/lecture/view/2168927,2168927,기계학습원론,이지형,24년 1학기 수강자,5,강의력이 너무 좋으십니다. 영어로 해도 다 전달이 되고 설명을 반복해서 해주셔서 좋네용,,,
2168927-067,https://everytime.kr/lecture/view/2168927,2168927,기계학습원론,이지형,24년 1학기 수강자,5,강의력 좋으시고 기계학습을 처음 배울 때 들으면 도움될것같아요,,,
2168927-068,https://everytime.kr/lecture/view/2168927,2168927,기계학습원론,이지형,20년 2학기 수강자,5,이해가 너무 잘됐다. 다른 머신러닝 수업을 듣다가도 이해가 안되는 부분을 이 수업에서 한번씩 다시 돌려봤다.,,,
2168927-069,https://everytime.kr/lecture/view/2168927,2168927,기계학습원론,이지형,20년 2학기 수강자,5,학점은 어떻게 주실지 모르겠는데 강의가 집중이 너무 잘됨. 과제가 거의 없어서 약간 아쉬움. 이론 내용을 코드로 만들어보는 과제들이 더 많았다면 좋았을 것 같음. 시험은 평이한 느낌인데 점수가 낮음 짜증ㅎㅎ..,,,
2827360-001,https://everytime.kr/lecture/view/2827360,2827360,기계학습원론,조재민,26년 1학기 수강자,5,"수업 잘하시긴 하는데, 플립으로 진행되지만 온라인과 오프라인 진도가 좀 차이가 난다..",,,
2827360-002,https://everytime.kr/lecture/view/2827360,2827360,기계학습원론,조재민,26년 1학기 수강자,5,강의력 goat 수업 다 영상으로 남겨주셔서 공부하기 편함,,,
2827360-003,https://everytime.kr/lecture/view/2827360,2827360,기계학습원론,조재민,25년 2학기 수강자,5,"저는 수학을 잘 못해서 어려웠지만 교수님은 정말 수업 잘 해주셨다고 생각합니다... 과제는 2번 있는데 그렇게 어렵지 않게 풀 수 있는 문제였고 시험은 분포가 정규분포에 가까운 것을 보면 난이도 조절을 잘 하시는 것 같습니다. 최근엔 OX 비중을 늘려서 변별을 시도하시는 것 같습니다. 틀리면 감점이 있으니 개념을 정확하게 알고 있는 것도 중요합니다. 출석 비중이 크고, 출튀 잡으실때도 있으니 출석에 유의하시면 좋을 것 같습니다.",,,
2827360-004,https://everytime.kr/lecture/view/2827360,2827360,기계학습원론,조재민,25년 2학기 수강자,5,고인물들이 많기 때문에 실수하면 큰일납니다...,,,
2827360-005,https://everytime.kr/lecture/view/2827360,2827360,기계학습원론,조재민,25년 2학기 수강자,4,수업이 깔끔하고 좋습니다. 시험은 99%가 손계산 문제로 나옵니다. 과제랑 비슷하게 출제돼요.,,,
2827360-006,https://everytime.kr/lecture/view/2827360,2827360,기계학습원론,조재민,25년 1학기 수강자,5,전전에서 비전공 티오로 들었습니다. 강의가 고봉밥 수준으로 정말 많은 내용을 알려주시는데 강의력이 정말 좋으셔서 기계학습에 대해 이해하는데 정말 많은 도움이 되었습니다.,,,
2827360-007,https://everytime.kr/lecture/view/2827360,2827360,기계학습원론,조재민,25년 2학기 수강자,5,설명도 꼼꼼하게 해주시고 강의력도 너무 좋아요,,,
2827360-008,https://everytime.kr/lecture/view/2827360,2827360,기계학습원론,조재민,25년 2학기 수강자,5,조재민 교수님 설명 깔끔하시고 문제도 진짜 깔끔하게 나옵니다. 과제로 나오는 문제랑 교수님께서 올려주시는 기출 문제 풀고 가시면 그래도 커버 되는 느낌입니다. 학점 느님이십니다,,,
2827360-009,https://everytime.kr/lecture/view/2827360,2827360,기계학습원론,조재민,25년 2학기 수강자,5,"내용이 정말 알차고, 머신러닝 수학의 기본을 다지고 싶다면 필수적임. abstract하게 이해됐던 것들이 더 직관적이게 만들어줌.",,,
2827360-010,https://everytime.kr/lecture/view/2827360,2827360,기계학습원론,조재민,25년 2학기 수강자,5,시험 두 번에 시험직전에 시험과 유사한 유형의 과제 두 번입니다. 짜증나는 걸로 부담 안주시고 분량과 난이도로만 부하를 줍니다,,,
2827360-011,https://everytime.kr/lecture/view/2827360,2827360,기계학습원론,조재민,25년 2학기 수강자,5,기계학습의 근본을 이 수업을 통해 확실히 알아갈 수 있습니다. 기계학습의 내용을 수학으로 푸는 게 굉장히 많기 때문에 선형대수학을 알고 계신 채로 들으시면 수월할 것 같습니다. 하지만 수식 전개에 있어서 교수님이 설명을 잘 해주시기 때문에 이해하기에 너무 어렵지는 않았던 것 같습니다. 시험은 중간과 기말이 있고요 기출문제와 과제에서 나왔던 것들이 주로 나왔던 것 같습니다.,,,
2827360-012,https://everytime.kr/lecture/view/2827360,2827360,기계학습원론,조재민,25년 2학기 수강자,5,"내용 알차고, 과제 적고, 시험 깔끔하고 강의력 좋은 갓강의. 나는 선대를 안 듣고 들어서 초반에 좀 따라가기 힘들었지만 그것도 수업 열심히 듣고 좀 연습하면 따라갈만 함. 기계학습의 기초적인 개념들을 수학적으로 풀어내는 데 집중하는 강의인데 그 내용의 구성이 너무 알차서 좋았음.",,,
2827360-013,https://everytime.kr/lecture/view/2827360,2827360,기계학습원론,조재민,25년 2학기 수강자,5,"선형대수학 필수 군 입대 전에 BSM 들은 게 전부라 초반에 따라가는데 좀 애먹었네요 초반에 notation 관련해서 헷갈리는 요소들이 많습니다. 굉장히 내용의 밀도가 높은 강의인데 소프트 수업 중 가장 퀄리티 높은 교안과 교수님의 강의력이 다 캐리함 특히 온라인 녹강에서 차근 차근 풀어서 그 의미를 곱씹을 수 있게 설명해주셔서 너무 좋았습니다. 시험은 시간 압박이 심하고 계산이 많은 수능형인데, 기출 문제를 그냥 다 공개하셔서 점수가 상향평준화 된다는 것에 주의하세요. 그 점만 빼면 들을 수 있으면 무조건 들으라고 하고 싶습니다. 맞는 사람은 확실히 기계학습에 흥미를 붙여줄 수업입니다.",,,
2827360-014,https://everytime.kr/lecture/view/2827360,2827360,기계학습원론,조재민,25년 2학기 수강자,5,교수님 진짜 설명 잘하심 최고의 갓 교수님 귀여우심,,,
2827360-015,https://everytime.kr/lecture/view/2827360,2827360,기계학습원론,조재민,25년 2학기 수강자,5,"교수님의 말도 안되는 강의 차력쇼 시험문제 구성, 난이도 조절까지 그냥 완벽함",,,
2827360-016,https://everytime.kr/lecture/view/2827360,2827360,기계학습원론,조재민,25년 2학기 수강자,5,"강의력은 굉장히 좋으시고, 처음엔 좀 어렵긴 한데 학기 마지막쯤 가니 어느 정도 흐름을 알 수 있었습니다. 시험은 tf와 개념 문제가 헷갈리는 편이고 계산 문제들은 족보에서 많이 나오는 편입니다. 배워가는 건 정말 많았습니다. 근데 저는 괜히 오기 부렸다가 좀 망쳐서...3-4학년 과목인 이유가 있는 것 같아요.",,,
2827360-017,https://everytime.kr/lecture/view/2827360,2827360,기계학습원론,조재민,25년 2학기 수강자,4,양이 많고 기본적인 난이도가 있는 수업이라서 미리미리 하는 게 좋습니다 따라가다 보면 그래도 좀 흐름이 잡히는 한 학기였습니다,,,
2827360-018,https://everytime.kr/lecture/view/2827360,2827360,기계학습원론,조재민,25년 2학기 수강자,5,강의력 goat 출튀는 한학기에 2번정도 잡습니다,,,
2827360-019,https://everytime.kr/lecture/view/2827360,2827360,기계학습원론,조재민,25년 2학기 수강자,5,이 과목을 들어야 AI base 지식을 가졌다라고 자부할 수 있는 명강의,,,
2827360-020,https://everytime.kr/lecture/view/2827360,2827360,기계학습원론,조재민,24년 2학기 수강자,5,교수님 강의력이 좋으십니다 이해도 잘되게 설명해주셔서 수업 따라가는 거 자체에 큰 어려움이 없어요,,,
2827360-021,https://everytime.kr/lecture/view/2827360,2827360,기계학습원론,조재민,25년 2학기 수강자,5,"기계학습의 수학적 측면을 꽤나 자세하고 파고드는 수업입니다. 교안도 좋고 수업도 자세한 편이라서 정리하는 내내 뭔가 쌓아간다는 느낌을 받았습니다. 저번학기까지는 플젝 과제가 있었다고 하는데 이번에는 그냥 문풀 2회로 줄어들었습니다. 기본적으로 선형대수 많이, 미적분학 조금, 확률 밑 통계 또 조금의 지식이 있다면 계산 고민 없이 기계학습 방법론에 집중할 수 있으니 수업이 전반적으로 수월할 것으로 생각됩니다. 저는 생명계열 학생이라서 비전공으로 낑겨들었는데, 좀 불안해서 방학에 MML 2-6챕을 공부하고 갔더니 수식 측면에서 벽을 느낀 경험은 없네요. 시험문제는 지나고보면 예술적으로 잘 내시는 것 같습니다. 시험장에서는 어렵지만 한번 호들갑 떨고 나면 어 왜 풀 수 있을 것 같지 싶은 문제들. 시험은 기출문제를 공개하십니다. 문재는 기출과 좀 다른 변별용 문제와 유사한 문제를 함께 출제하시고, TF는 종종 헷갈리게 잘 만드십니다. 저는 이번 학기 기계학습에 관련된 과목을 4개를 수강합니다. 나머지 3개 괴목을 공부하는데 항상 기학원 내용를 참고할 정도로 원론다운 수업입니다. 어떤 과목이든 제대로 배워보고 싶다면 이걸 들어라 하는 과목이 있기 마련입니다. 저한테는 솦 수업 기준 형고개가 그러했는데, 조재민 교수님의 기학원도 충분히 그렇게 부를 수 있지 않을까 싶네요.",,,
2827360-022,https://everytime.kr/lecture/view/2827360,2827360,기계학습원론,조재민,25년 1학기 수강자,5,인공지능에 대한 심층적인 부분을 배워갈 수 있는 수업이었습니다. 교수님 강의력이 좋으십니다.,,,
2827360-023,https://everytime.kr/lecture/view/2827360,2827360,기계학습원론,조재민,25년 2학기 수강자,4,선대를 듣고 들으시는 것을 추천드립니다. 강의력이 좋으세요,,,
2827360-024,https://everytime.kr/lecture/view/2827360,2827360,기계학습원론,조재민,25년 2학기 수강자,5,강의력 뛰어난 교수님 중 한분이십니다...! 직접 예제를 같이 풀면서 이해를 해주려고 노력해주십니다 :),,,
2827360-025,https://everytime.kr/lecture/view/2827360,2827360,기계학습원론,조재민,25년 2학기 수강자,5,선대를 가능하면 꼭 들으시고 수업 들으시면 좋을것 같습니다 수학적인 내용이 많습니다 인지개를 들으셨으면 약간 인지개에서 수학쪽으로 깊이 들어가는 느낌입니다,,,
2827360-026,https://everytime.kr/lecture/view/2827360,2827360,기계학습원론,조재민,25년 2학기 수강자,5,수학적인 부분은 많지만 들을만합니다. 시험은 아직 안봐서 모르겠네요,,,
2827360-027,https://everytime.kr/lecture/view/2827360,2827360,기계학습원론,조재민,24년 2학기 수강자,5,강의력 진짜 좋으심. 얻어갈 것도 많고 이거 하나만 들어도 머신러닝에 대한 이해도가 잘 잡히는 것 같음. 과제도 부담 없고 유익한 수업인듯,,,
2827360-028,https://everytime.kr/lecture/view/2827360,2827360,기계학습원론,조재민,24년 2학기 수강자,5,마지막 프로젝트 아이디어 내는게 좀 어려웠지만 기계학습에 대해 제대로 알 수 있고 시험 과제 난이도도 좋습니다,,,
2827360-029,https://everytime.kr/lecture/view/2827360,2827360,기계학습원론,조재민,25년 1학기 수강자,5,기계학습원론의 정석 강의라고 생각. 선형대수학 무조건 듣고 수강하는 것을 추천함. 시험문제를 적절히 잘 내시는 것 같았는데 문제 스타일이 안 맞으면 고생할 수 있음. 마지막 프로젝트 과제는 좀 추상적임. 강의영상은 매번 길게 올라오는데 과목 특성상 어쩔 수 없는 거라 생각함. 수학에서 벽을 느낄 수 있음. 플립러닝이라 강의를 안 듣고 가면 오프라인에서 정말 하나도 이해가 안 되니 강의 무조건 먼저 듣고 가는 걸 추천. 기말고사는 중간고사 범위 포함한 전범위임.,,,
2827360-030,https://everytime.kr/lecture/view/2827360,2827360,기계학습원론,조재민,25년 1학기 수강자,4,설명 진짜 잘하심 근데 시험이 좀 어렵고 지엽적이라 안맞는 유형의 사람들이 있음,,,
2827360-031,https://everytime.kr/lecture/view/2827360,2827360,기계학습원론,조재민,25년 1학기 수강자,5,시험 문제 정말 적당하게 변별되게끔 문제 잘 내주시고 좋아요. 그리고 기출만 잘 풀어놔도 도움 많이 되니까 그것만 잘해두셔도 평균 이상 받을 수 있어요. 과제는 문제 풀이 두번이랑 데이터 학습하는 거 리포트 하나 있어요,,,
2827360-032,https://everytime.kr/lecture/view/2827360,2827360,기계학습원론,조재민,25년 1학기 수강자,5,교수님이 귀여우시고 수업도 재밌습니다 시험문제는 다른분들도 많이 말씀하셔서 또 말하기 그렇지만 수능에 기계학습이라는 과목이 있다면 딱 이렇게 내면 될 것 같습니다 기출문제도 다 공개하셔서 공부가 많이 됩니다 옆동네는 논란이 많던데.. 조재민교수님은 과제로 스트레스 크게 안받으면서 많이 배워가는 최고의 과목입니다!,,,
2827360-033,https://everytime.kr/lecture/view/2827360,2827360,기계학습원론,조재민,25년 1학기 수강자,5,선대 알고가면 편하고 수학적으로 많이 하십니다 강의력 좋지만 출결한번만 안해도 점수 많이 나가니까 조심하세요,,,
2827360-034,https://everytime.kr/lecture/view/2827360,2827360,기계학습원론,조재민,25년 1학기 수강자,4,강의실력이 좋으며 적당한 수업 본인이 기핫원을 제대로 듣고싶으면 추천,,,
2827360-035,https://everytime.kr/lecture/view/2827360,2827360,기계학습원론,조재민,24년 2학기 수강자,4,수학적인 내용이 많아서 다소 어렵게 느껴졌지만 시험 문제의 유형이나 난이도가 정말 잘 잡혀있다는 생각이 들었습니다 다만 마지막 프로젝트는 주제 선정부터 조금 어렵게 느껴졌습니다,,,
2827360-036,https://everytime.kr/lecture/view/2827360,2827360,기계학습원론,조재민,24년 2학기 수강자,4,선형대수 모르면 선형대수 듣고오거나 최소 인지개 듣고오세요 둘다 노베였는데 아예 따라갈수가 없음 설명은 잘해주시는데 양이 개많고 이걸 소화하려면 기본기는 있어야해요,,,
2827360-037,https://everytime.kr/lecture/view/2827360,2827360,기계학습원론,조재민,25년 1학기 수강자,5,너무좋아요 대한민국 국가대표 강의 ㅎㅎ 또 듣고싶어요,,,
2827360-038,https://everytime.kr/lecture/view/2827360,2827360,기계학습원론,조재민,25년 1학기 수강자,5,어려운 내용을 수학적으로 풀어서 설명해 주십니다. 문제풀이를 중요하게 생각하신듯 합니다,,,
2827360-039,https://everytime.kr/lecture/view/2827360,2827360,기계학습원론,조재민,24년 2학기 수강자,5,조재민 교수님 기학원 꼭 들으세요. 과제가 약간 추상적이긴 하나 인공지능의 기초를 다지는데 필수 수업이라고 생각합니다.,,,
2827360-040,https://everytime.kr/lecture/view/2827360,2827360,기계학습원론,조재민,24년 2학기 수강자,4,기학원 수업 중에 과제 부담 없고 시험도 정규분포로 나와서 공부하면 할만해요. 전범위 인건 슬픔,,,
2827360-041,https://everytime.kr/lecture/view/2827360,2827360,기계학습원론,조재민,24년 2학기 수강자,5,"중간 기말 둘다 1등한 사람입니다. 이때까지 수강했던 과목 중 가장 유익했고 재밌었던 수업이었습니다. 중간고사 전까지는 머신러닝의 지도학습 중 분류와 회귀문제에 대한 배웠고, 이후에는 비지도학습 문제와 ensemble, 차원측소, svm 등에 대해 배웠습니다. 행렬과 확률 등 기초적인 수학개념을 베이스로 각 개념에 대해 크게 어렵지 않은 수준으로 수업이 진행되었던 것 같습니다. 인공지능에 관심이 많았고, 수학 베이스가 있어서 수업 내용을 이해하기가 쉬웠고 덕분에 많이 공부하지 않고도 중간기말에서 모두 1등을 했습니다. 강추합니다!!",,,
2827360-042,https://everytime.kr/lecture/view/2827360,2827360,기계학습원론,조재민,24년 2학기 수강자,5,"정말 기계학습원론 수업에 맞는 과목이었습니다 수학적인 내용이 많아서 더 재미있게 들었습니다 교수님께서 기학원 첫 수업이신데도 너무 잘 가르쳐주셔서 이번 학기 수강했던 과목중에 많이 배워간 것 같습니다 과제는 총 3개가 있고 2개는 문제풀이, 하나는 개인 프로젝트인데 문제풀이같은 경우에는 강의 들으시고 교안 보면서 풀면 쉽게 하실수 있을 것 같고 개인 프로젝트는 수업시간에 다룬 범위 내에서 본인이 연구하고자 하는 주제 정하셔서 제안서 작성하시고 진행하시면 됩니다 선형대수 잘 아셔야 하고 미적분같은 경우는 약간만 아시면 수업듣는데 도움이 될 것 같습니다 문제풀이 과제 2개 만점(각각 평균은 5점 만점레 4점대 후반입니다) 개인 프로젝트는 점수 공개x에 시험은 중기합 평균, 중앙값은 100점정도로 나오고 저는 150점 정도 맞아서 a+ 받았습니다",,,
2827360-043,https://everytime.kr/lecture/view/2827360,2827360,기계학습원론,조재민,24년 2학기 수강자,5,"기학원 평은 보통 다 좋긴 한데, 그냥 goat과목입니다. 시험? 예술입니다. 일반적으로 딱 1시간 동안 다풀 수 있을 정도의 난이도입니다. 과목 목적이 수학으로 이해하는 기계학습인데, 핵심 개념을 알면 굳이 개념을 알 필요도 없고, 있는 계산도 최대한 깔끔하게 진행되도록 문제를 설계하셨습니다. 결론적으로 평균 50점으로 가우시간 분포가 양엎에 2개 있는 형태로 시험 점수가 분포합니다... 과제는 문제 풀이 과제 2회, 파이널 자유주제 과제 1회 나갑니다. 문제 풀이과제는 시험공부 하신다고 이해하시면됩니다. 파이널 자유주제 과제는 수업에서 다루는 이론들을 활용해서 자유롭게 발전시키거나, kaggle 등에서 분석하는 등으로 진행하면 됩니다. 결과의 유의미성보다는 분석 과정에 집중해서 평가하시기에 노력을 했음만 보이면 됩니다. 결론적으로 정말 많은 것을 배울 수 있었던 과목입니다. 인공지능에 관심있다면 한번쯤 들어볼만 합니다. 오히려 인공지능개론보다 추천합니다.",,,
2827360-044,https://everytime.kr/lecture/view/2827360,2827360,기계학습원론,조재민,24년 2학기 수강자,5,선형대수 필수. 인지개는 안들어도 돼요. 강의력 훌륭. 특히 SVM 현장강의는 명강이었습니다. 시험문제가 지엽적이냐? ㄴㄴ 어려워보여도 평균치 그려보면 표준편차 괜찮은 정규분포 나옵니다. 진지하게 훌륭한 수업입니다 과제도 학기중 2개 + 파이널과제 1개 끝. 과제도 파이널과제 제외하면 쉬워요,,,
2827360-045,https://everytime.kr/lecture/view/2827360,2827360,기계학습원론,조재민,24년 2학기 수강자,5,"선대는 필수, 강의도 이해하기 쉽고 정리가 잘 되어 있다 내용은 수학이 진짜 큰 비중을 차지해서 시험도 계산같은거 잘해야 점수 잘 받을 수 있다 배우는 것 자체가 쉽지는 않아서 여러번 봐야 하긴 하지만 그래도 깔끔하게 배울 수 있어서 좋았다 과제는 단순 문제풀이 2번 + 개인 프로젝트 하나 있는데 프로젝트가 약간 난감하긴 하다 진짜 생 자유주제라 뭘 어떻게 얼마나 해야할지 감이 안왔다... 시험은 진짜 난이도 조절 잘하시는듯 시험볼땐 분명 어려웠는데 나중에 돌아보면 쉬웠고 다 풀 수 있는 문제들이었다 중간고사 점수 분포도 50점 평균에 정규분포 형태였다 아 그리고 중간고사 해설을 해주시는게 참 좋았다 기말고사는 누적이긴 한데 이번 학기에는 중간범위 문제가 중간고사 문제에서 숫자만 바뀌어서 그대로 나왔다",,,
2827360-046,https://everytime.kr/lecture/view/2827360,2827360,기계학습원론,조재민,24년 2학기 수강자,5,노베이스로 인지개 안듣고 바로 기학원 들었는데 괜찮았습니다. 다만 선형대수학은 들어야 수업을 다 이해할 수 있을거 같아요. 아래 쉽다는 강평 있는데 노베이스 기준 절대 쉽지는 않습니다. 다만 교안도 친절하고 교수님 설명도 잘하셔서 시간 투자한만큼 얻어갈 수 있습니다. 근데 기말 전범위는 좀... 아무튼 조학원 lets go,,,
2827360-047,https://everytime.kr/lecture/view/2827360,2827360,기계학습원론,조재민,24년 2학기 수강자,5,내용이 엄청 쉽고 수학적인 것도 정말 기초만 알아도 이해할 수 있어요. 시험도 무난무난하게 나오는듯,,,
2827360-048,https://everytime.kr/lecture/view/2827360,2827360,기계학습원론,조재민,24년 2학기 수강자,4,선형대수학 꼭 듣고 오세요... 선형대수학 꼭 듣고 오세요... 선형대수학...선형대수..,,,
2827360-049,https://everytime.kr/lecture/view/2827360,2827360,기계학습원론,조재민,24년 2학기 수강자,4,머신러닝 기법들 수식까지 이해할 수 있도록 자세히 알려주십니다 저는 머신러닝 전반적으로 아는 상태에서 들어서 좋았어요 근데 깊게 자세히 알고싶지 않으시면 비추긴 합니다 설명력은 너무 좋지도 너무 나쁘지도 않고 무난해서 아예 기계학습 모르고 들으시는거면 이해가 잘 안 될 수도 있을 것 같습니다,,,
2827360-050,https://everytime.kr/lecture/view/2827360,2827360,기계학습원론,조재민,24년 2학기 수강자,5,플립드여서 좋고 과제도 할만해요 시험문제는 어렵지만 수능문제처럼 깔끔하게 나오고 평균 50점 정도에 정규분포여서 열심히 하세요,,,
2827360-051,https://everytime.kr/lecture/view/2827360,2827360,기계학습원론,조재민,24년 2학기 수강자,5,수업 정말 잘하시고 문제를 정말 깔끔하게 내신다!,,,
2315490-001,https://everytime.kr/lecture/view/2315490,2315490,심층신경망개론,박호건,26년 1학기 수강자,4,영어는 솦 교수님들 중에서는 잘하는 편이라고 생각. 그러나 띄엄띄엄 말씀하셔서 강의력이 좋은지는 잘... 수업보다도 과제 하면서 얻어가는 게 정말 많은 것 같음. 딥러닝 알고리즘과 모델들을 실제로 구현해보고 분석하면서 공부 되는 게 많다. 딥러닝 연구에 관심 있다면 언젠가 반드시 해야할 것을 과제로 하는 느낌,,,
2315490-002,https://everytime.kr/lecture/view/2315490,2315490,심층신경망개론,박호건,26년 1학기 수강자,4,참여만 한다면 전 좋은 수업이라고 생각합니다 영어라서 힘들긴 한데 질문도 잘 받아주시고 수식을 이해하는건 솔직히 강의만으로 힘들지만 알고있다면 정말 꿀강 과제 후 오랄디펜스가 있는데 랜덤 디펜스라 좀 심리적으로 힘듭니댜,,,
2315490-003,https://everytime.kr/lecture/view/2315490,2315490,심층신경망개론,박호건,26년 1학기 수강자,3,"교안에는 수식 적어두시고 설명은 정말 조금 하심. 기본만 알려주시고 알아서 제미나이랑 공부해야하는 과목. 과제도 수업에서 배운것보다 많은 것을 요구해서 그냥 제미나이랑 살아야합니다. 과제마다 보고서 써야하는데 이것도 꽤 시간 잡아먹고, 명확한 답이 있는 과제들이 아니라 자기 자신만의 실험을 하고 해석을 해야해서 어렵습니다. 학연생 하다가 온 사람들은 날먹할 수 있을지도요",,,
2315490-004,https://everytime.kr/lecture/view/2315490,2315490,심층신경망개론,박호건,26년 1학기 수강자,3,솔직히 과제도 엄청 귀찮고 모든걸 영어로 해야한다는게 힘듭니다. 교수님 영어 수업은 그렇게까지 어렵진 않지만 딱히 강의력이 뛰어나시진 않아여,,,
2315490-005,https://everytime.kr/lecture/view/2315490,2315490,심층신경망개론,박호건,26년 1학기 수강자,3,교안이랑 강의 퀄리티가 그닥입니다 그리고 일주일에 한 번 있는 오프라인 플립러닝은 참여형 수업인데 내용은 별 거 없어서 솔직히 시간이 아까워요 과제도 무거운 편입니다,,,
2315490-006,https://everytime.kr/lecture/view/2315490,2315490,심층신경망개론,박호건,26년 1학기 수강자,3,교안에 수식이 많은데 인덱스들이 통일이 안돼있고 여기저기서 긁어오신 것 같아서 공부하기 힘들어요,,,
2315490-007,https://everytime.kr/lecture/view/2315490,2315490,심층신경망개론,박호건,25년 1학기 수강자,4,교수님 좋으십니다. 그리고 과제가 조금 빡세긴 하네요,,,
2315490-008,https://everytime.kr/lecture/view/2315490,2315490,심층신경망개론,박호건,25년 2학기 수강자,3,"교수님 정말 착하신 분이세요. 다만 영어라 한계가 느껴지고…과제 때문에 굉장히 힘들었습니다. 쉬는 텀 없이 학기 내내 5개?정도의 과제가 있었고, 코드 구현 및 실행과 보고서를 써야하는데 보고서를 굉장히 자세히 써야했어서 힘들었습니다. 물론 영어로. 코드 한번 돌리는데도 시간이 오래걸려서 어쩔 수 없이 빡빡했습니다.",,,
2315490-009,https://everytime.kr/lecture/view/2315490,2315490,심층신경망개론,박호건,25년 2학기 수강자,5,영어라 힘들었지만 도움이 많이 됩니다. 시험 지엽적인거는 안나와요. 과제는 추가점수 받는거보다 보고서 자세히 적는거 신경쓰면 좋습니다.,,,
2315490-010,https://everytime.kr/lecture/view/2315490,2315490,심층신경망개론,박호건,25년 2학기 수강자,4,강의력 호불호있는것같은데 저는 이해하기 쉬웠음 과제가 진짜 더럽게많고 보고서 매번 써야하긴 하는데 지나고나니 할만했던것같음 시험 지엽적이지 않게 깔끔함,,,
2315490-011,https://everytime.kr/lecture/view/2315490,2315490,심층신경망개론,박호건,25년 2학기 수강자,3,교수님은 진짜 좋아요. 근데 과제 좀 빡센편이고 모든게 영어로 진행됩니다,,,
2315490-012,https://everytime.kr/lecture/view/2315490,2315490,심층신경망개론,박호건,24년 1학기 수강자,4,과제에 들여야하는 시간이 너무 길어요 영어에 자신 있는분들이 들으면 좋을 거 같아요,,,
2315490-013,https://everytime.kr/lecture/view/2315490,2315490,심층신경망개론,박호건,25년 2학기 수강자,5,교수님은 진짜 좋아요. 근데 과제 좀 빡센편이고 모든게 영어로 진행됩니다,,,
2315490-014,https://everytime.kr/lecture/view/2315490,2315490,심층신경망개론,박호건,25년 2학기 수강자,4,교수님은 참 좋으신분입니다 수업시간에 모든과정이 영어로 이루어 지는데 이것에 자신있으신 분들만 들으세요,,,
2315490-015,https://everytime.kr/lecture/view/2315490,2315490,심층신경망개론,박호건,25년 2학기 수강자,4,교수님은 정말 좋으신데 언어의 한계가 없지않아 있는것 같음,,,
2315490-016,https://everytime.kr/lecture/view/2315490,2315490,심층신경망개론,박호건,25년 2학기 수강자,3,"강의력이 좋다하면 거짓이나 교수님이 좋아 약간 애매한 수업, 잘 맞는 교수님이라고 생각하면 잘 어울리는 수업이나 아니면 비추하는 수업, 영어로 하기에 자신있는 사람만 오면 좋겠다",,,
2315490-017,https://everytime.kr/lecture/view/2315490,2315490,심층신경망개론,박호건,25년 1학기 수강자,4,"노베라면 인지프, 기학원 같은 머신러닝 입문 과목들 먼저 듣고 듣는 것을 추천. 베이스가 있다면 강의는 그렇게 어렵지 않고 과제도 무난무난함. (과제는 총 두 개) 시험도 딱히 어렵다는 느낌을 받지는 않았음.",,,
2315490-018,https://everytime.kr/lecture/view/2315490,2315490,심층신경망개론,박호건,25년 1학기 수강자,3,"개인적으로 강의 자체는 교수님이 중간중간에 퍼즈도 하시고 수식 관련 부분은 다 날리셔서 유익하지는 않은 것 같습니다. 교안은 베이스라고 생각하시고 추가적으로 인터넷 통해서 공부하시는 걸 추천드립니다. 과제의 경우에는 난이도 자체는 어렵지 않으나, 구현할 때 요구사항이 꽤 있어서 그 부분 유념해서 작성해야합니다. 몇 개 빼먹으면 점수가 확 내려갑니다. 중간이랑 기말 난이도가 조금 차이나는 점에서 약간 당황스러웠던 수업이었습니다. 중간은 하이레벨의 질문만 좀 나왔던 것 같은 반면 기말의 경우에는 코드까지는 안봐도 되지만 로우 레벨의 문제가 나왔으니 A+ 받으려고 하면 조금 더 딥하게 파시는걸 추천드립니다.",,,
2315490-019,https://everytime.kr/lecture/view/2315490,2315490,심층신경망개론,박호건,25년 1학기 수강자,3,과제는 거의 만점이고 중간기말은 평균 정도 나왔더니 A 나왔습니다. 그냥 적당히 성적 주시는 듯. 강의력은 솔직히 좋진 않으시고 갈수록 학생 참여형 프로젝트를 많이 하셔서 당황스러울 때가 있지만 교수님 인품이 좋으심.,,,
2315490-020,https://everytime.kr/lecture/view/2315490,2315490,심층신경망개론,박호건,25년 1학기 수강자,3,장점 : 교수님께서 오프라인에서 질문도 정말 잘 받아주시고 좋은 분이라는 게 느껴집니다. 플립 러닝의 일환으로 발표와 학우들과 함께 실습하는 수업도 재밌어요. 단점 : flip-learning인 것과 관계없이 교수님께서 제대로 온라인 강의(녹강)를 할 생각이 없으십니다. 준비를 안하고 찍으셔서 슬라이드 넘어갈 때마다 버퍼링 걸리시곤 해요. 과목 특성상 넓은 범위를 다루기 때문에 디테일한 설명이 불가능한 건 사실입니다만 그걸 감안하더라도 정도를 넘어선 강의력입니다.👎 저는 개인적으로 온라인 강의는 출석만 하고 개인적으로 논문보고 공부하는 게 훨씬 효율적이었어요. 그래도 여러 토픽들의 fundamental을 다뤄서 재밌는 과목입니다. 과목은 추천드립니다~😝,,,
2315490-021,https://everytime.kr/lecture/view/2315490,2315490,심층신경망개론,박호건,25년 1학기 수강자,5,ML의 다양한 카테고리에 대해서 다 어느 정도 이해를 쌓을 수 있다는 부분이 만족스럽고 아래 강평들만큼 나쁜 과목은 아닌 것 같아요. 교수가 강의를 잘하면 좋겠지만 스스로 공부하는 부분도 중요하다고 생각합니다. 그래서 flip-learning 방식인 것 같아요~,,,
2315490-022,https://everytime.kr/lecture/view/2315490,2315490,심층신경망개론,박호건,24년 1학기 수강자,5,"과제 중에 모델 학습 시간이 좀 길어서 불편했던 건 있지만 난이도가 어렵진 않았고, 시험도 중간고사 한 번이라 전체적으로 바쁜 학기 중 상대적으로 편하게 들을 수 있었어서 좋았습니다.",,,
2315490-023,https://everytime.kr/lecture/view/2315490,2315490,심층신경망개론,박호건,24년 1학기 수강자,5,과제 관련하여 수정이 생각보다 많아서 많이 불편했습니다. 그래도 딥러닝 전반을 다뤄주기에 혼자 공부할 시간 많으시면 추천합니다,,,
2315490-024,https://everytime.kr/lecture/view/2315490,2315490,심층신경망개론,박호건,24년 1학기 수강자,3,중간 29(만점30) 과제 만점/2점감점 에쁠 뭐 성적은 잘 받아가는데 애초에 그렇게 너그럽게 주시진 않는 것 같긴하네요 강의력은 별로고 ML 베이스가 있어야하긴합니다 다만 타 수업에서 잘 다루지 않는 최근 논문이나 각종 모델에 대해서 다루는 것은 좋았다고 생각합니다 당연히 4학년 과목이니 인공지능 베이스는 있어야하고요 그냥.. 수업시간에 질문 대답 모두 영어로 해야하는건 좀 짜증나긴 했는데 막 욕먹을정도로 최악까진 아니었어요 교수님이 착하시긴해서 열심히 물어보고 요청하면 들어주시는 편입니다,,,
2315490-025,https://everytime.kr/lecture/view/2315490,2315490,심층신경망개론,박호건,24년 1학기 수강자,1,학점 미화 다 빼고 성적을 잘 안줄거면 누구처럼 강의를 잘하고 과제가 어려워야하는데 이건 뭐 이도저도 아니면서 체면만 세우는 느낌이네요.,,,
2315490-026,https://everytime.kr/lecture/view/2315490,2315490,심층신경망개론,박호건,24년 1학기 수강자,5,"머신러닝 베이스 있는 상태에서 들었는데 생각보다 괜찮았음 특징으로는 1. 시험이 한 번 뿐이다 중간고사만 봄. 중간고사 범위가 NN, Optimization, CNN, RNN, GNN까지임. 중간 이후 부분이 더 어렵긴 한데 그 부분은 시험으로 볼 일이 없음 2. 과제가 어렵지 않다 일단 구현은 어렵지 않았음. 마지막 과제가 학습이 너무 오래걸리긴 한데 그것만 빼면 무난함. 과제는 시키는 것만 다 하면 점수 만점 받는 듯. 과제 5개 중 2개는 아캠에 퀴즈로 나오는데 시도횟수 무제한이라 부담 별로 없음. 일단 성능에 따라 등수 매겨서 과제점수 나오는 것보다 나은 듯 3. 교수님이 친절하심 학생들 편의도 꽤 많이 봐주시고 친절하심 4. 강의력은 별로 기대하진 마시길 특히 영어수업이라 그랬는지 강의가 듣고서 이해하기는 쉽지 않았음. 차라리 걍 교안보고 공부하고 모르는 건 수업 끝나고 교수님께 질문하는 게 더 빠를 겁니다. 강평 박살날 만한 이유가 이게 제일 크지 않나 싶습니다 내용은 기말시험 안 보니까 중간고사 범위만 보면 크게 어렵지 않았어요. 솔직히 중간고사에 본 거 다 인지개에서 다뤘던 거라...",,,
2315490-027,https://everytime.kr/lecture/view/2315490,2315490,심층신경망개론,박호건,24년 1학기 수강자,1,"정말 교수님께서 정말 친절하시다는 점 말고는 좋을게 없는 수업 과제 1. numpy와 pytorch로 간단한 neural network 구현 2. CNN 3. SVD 4. LIME 5. LLM 3, 4번은 1시간도 안 걸리는 간단한 과제였고 나머지 1, 2, 5번은 시간을 좀 투자해야하는 과제였습니다. 과제 가이드라인이 애매모호하여 계속 수정되는 점이 별로였습니다.",,,
2315490-028,https://everytime.kr/lecture/view/2315490,2315490,심층신경망개론,박호건,24년 1학기 수강자,2,"중간고사 딱 한 번 시험보고, 교수님이 친절한거 외에 장점이랄게 없는 수업 1. 강의실 내에서 수업은 물론 질의응답 모두 영어로 해야함. 2. 과제는 두루뭉술하게 나오고 그마저도 여러번 수정해서 미리 끝내놓을 수가 없음. 3. 강의력 이슈로 그냥 독학하는 느낌 4. 불친절한 교안 5. 갑자기 추가된 참여점수 6. 앉은 자리에서 팀짜서 하는 그룹 활동, 빌런들의 자리 옮김으로 팀 빌딩 자체가 와해됨. 근데 이정도는 예상하고 그룹 활동을 준비하셨어야 하지 않나. 7. 강평 보니 성적도 넉넉하게 주진 않는듯 그냥 인공지능은 인지개만 듣고 더 배우고 싶음 대학원 가서 들으세요. 여러모로 불쾌한 경험이었음",,,
2315490-029,https://everytime.kr/lecture/view/2315490,2315490,심층신경망개론,박호건,24년 1학기 수강자,4,교수님의 강의력은 살짝아쉽다. 국제어수업이라서 발음이슈 하지만 인성은 정말 좋으신 교수님,,,
2315490-030,https://everytime.kr/lecture/view/2315490,2315490,심층신경망개론,박호건,24년 1학기 수강자,4,심신개는 당연히 머신러닝 베이스 있는 사람이 듣는 거 아닌가요... 밑 강평들이 쌩노베 상태로 이 강의 듣는 거 같은데 그럼 당연히 힘들고요 머신러닝 조금 찍먹 해 봤으면 들을 만 합니다. 그리고 이 분야는 직접 찾아보는 게 8할인데 교수가 안 떠먹여준다고 강평 테러하는 건 좀..ㅋㅋ 시험은 무난무난하고 과제도 할 만합니다 다만 과제 가이드라인이 너무 모호해서 과제 direction이 계속 업데이트 되는데 이건 좀 킹받았네요 & 시험 문제에도 오류 있었음,,,
2315490-031,https://everytime.kr/lecture/view/2315490,2315490,심층신경망개론,박호건,24년 1학기 수강자,4,교수님 너무 친절하시고 좋으십니다. 다만 교안만 따라가기엔 무리가 있어요. 배우는 내용 특성상 강의 하나 교안 하나로 이해시키기엔 무리라는 생각을 하긴 합니당.. 만약 수강하실 거라면 인공지능 선수지식을 쌓으시는게 도움될 거에요.. 저는 에기활 베이스 뿐이라 조금 빠듯하지만 못 따라갈 정도는 아닙니다!,,,
2315490-032,https://everytime.kr/lecture/view/2315490,2315490,심층신경망개론,박호건,24년 1학기 수강자,1,일단 교안부터 쓰레기임. 수식만 잔뜩 적어놓고 이해못했으면 알아서 구글 서핑해서 찾아봐~ 식임. 그리고 강의 전달력도 쓰레기인게 영어로 막 말하다가 아 이거 아니었습니다 하고 돌아가질않나 어떤 개념을 설명할때 base는 하나도 설명안하고 수식 읽기만함. 진짜 이 개념을 처음 듣는다면 수업시간동안 강의만 듣고는 너무 이해하기가 힘듦. 과제는 pytorch로 나오는데 그냥 구글 박치기임.,,,
2315490-033,https://everytime.kr/lecture/view/2315490,2315490,심층신경망개론,박호건,23년 1학기 수강자,4,중간 하나랑 과제 5개 있었음. 알파벳은 모르겠는데 +은 상당히 짠것 같다. A0 받음 빡센 학기 중에 그나마 할걸 좀 덜어준 편이라 그나마 만족함.,,,
2315490-034,https://everytime.kr/lecture/view/2315490,2315490,심층신경망개론,박호건,23년 1학기 수강자,3,"첫 강평 작성이라 3점으로 올립니다. 다른 학생들이 어느 정도 성적이 나왔는지는 잘 모르겠지만 + 달아주시는건 너그럽지는 않으신 듯 합니다. 중간은 평균에서 5점 높고, 과제 기말 프로젝트 합쳐서 2점 깎였더니 A+ 주셨습니다. 앞으로도 열릴지는 모르지만, 중간고사 1번, 자잘한 코딩과제 3번, 기말 대체 프로젝트 1번으로 평가합니다. 코딩과제는 파이토치, 넘파이로 간단한 신경망 짜보기, CNN 구현 및 데이터 증강, GCN으로 link prediction이 나왔습니다. 기말 프로젝트는 GPT2로 영화리뷰 생성 후 BERT로 감정분석하기가 나왔는데 전반적으로 코딩과제와 프로젝트에 대한 채점은 후한 편 같습니다. 다만 수업이 연속성이 없고 다양한 내용을 대충 이런게 있다 정도로 다루기엔 어려운 것들이라 깊게 뭔가를 배워가기엔 아쉽다 생각합니다.",,,
